asset,date,open,max,min,close,volume_usd,quantity
ICFFUT,07/10/2024 09:12:00,243.52,243.52,243.52,243.52,48703.66,2
ICFFUT,07/10/2024 09:36:00,242.71,242.71,242.35,242.35,96996.07,4
ICFFUT,07/10/2024 10:27:00,240.37,240.37,240.33,240.33,120182.72,5
ICFFUT,07/10/2024 10:28:00,240.94,240.94,240.94,240.94,24093.8,1
ICFFUT,07/10/2024 10:36:00,239.65,239.65,239.49,239.49,95822.83,4
ICFFUT,07/10/2024 10:38:00,239.85,239.85,239.85,239.85,23984.94,1
ICFFUT,07/10/2024 10:57:00,239.08,239.69,239.08,239.69,95814.77,4
ICFFUT,07/10/2024 11:00:00,238.92,239.89,238.92,239.89,167604.28,7
ICFFUT,07/10/2024 11:21:00,240.7,241.1,240.7,241.1,96355.02,4
ICFFUT,07/10/2024 11:56:00,241.91,241.91,241.7,241.7,48360.96,2
ICFFUT,07/10/2024 12:19:00,241.5,241.5,241.5,241.5,24150.24,1
ICFFUT,07/10/2024 13:54:00,240.05,240.05,240.05,240.05,24005.1,1
ICFFUT,07/10/2024 14:24:00,240.53,240.53,240.13,240.13,96092.96,4
ICFFUT,07/10/2024 14:26:00,240.7,241.02,240.7,241.02,96367.12,4
ICFFUT,07/10/2024 14:58:00,241.1,241.1,241.1,241.1,24109.92,1
ICFFUT,07/11/2024 09:04:00,248.2,248.2,247.75,248.03,99201.45,4
ICFFUT,07/11/2024 09:05:00,248.2,248.2,247.63,247.63,148731.61,6
ICFFUT,07/11/2024 09:10:00,246.34,246.34,245.49,245.49,73732.82,3
ICFFUT,07/11/2024 09:22:00,245.53,245.94,245.53,245.9,245735.75,10
ICFFUT,07/11/2024 09:25:00,245.94,245.94,245.94,245.94,49187.47,2
ICFFUT,07/11/2024 09:26:00,245.86,245.94,245.29,245.29,196568.44,8
ICFFUT,07/11/2024 09:30:00,244.93,245.53,244.93,245.53,49046.36,2
ICFFUT,07/11/2024 09:34:00,245.53,245.53,245.13,245.53,171672.32,7
ICFFUT,07/11/2024 10:47:00,244.69,244.69,244.69,244.69,73406.25,3
ICFFUT,07/11/2024 10:49:00,244.32,244.32,244.2,244.2,97709.69,4
ICFFUT,07/12/2024 10:45:00,240.45,240.45,240.45,240.45,96181.66,4
ICFFUT,07/12/2024 10:47:00,240.7,240.7,240.7,240.7,72208.81,3
ICFFUT,07/12/2024 10:52:00,240.49,240.49,240.49,240.49,24049.45,1
ICFFUT,07/12/2024 10:57:00,241.02,241.1,241.02,241.1,120541.55,5
ICFFUT,07/12/2024 11:07:00,241.42,241.42,241.38,241.38,72418.47,3
ICFFUT,07/12/2024 11:20:00,242.51,242.51,242.51,242.51,24251.03,1
ICFFUT,07/12/2024 11:33:00,242.75,242.75,242.75,242.75,24275.22,1
ICFFUT,07/12/2024 12:48:00,244.12,244.12,244.08,244.08,146453.67,6
ICFFUT,07/12/2024 13:08:00,244.69,244.69,244.69,244.69,24468.75,1
ICFFUT,07/12/2024 13:13:00,245.13,245.13,245.13,245.13,24513.1,1
ICFFUT,07/12/2024 13:14:00,244.61,244.61,244.61,244.61,24460.69,1
ICFFUT,07/12/2024 13:41:00,244.73,244.73,244.73,244.73,48945.56,2
ICFFUT,07/12/2024 14:19:00,245.29,245.29,245.29,245.29,49058.45,2
ICFFUT,07/12/2024 14:31:00,245.45,245.53,245.45,245.53,122750.95,5
ICFFUT,07/15/2024 09:07:00,243.03,243.12,243.03,243.12,291701.84,12
ICFFUT,07/15/2024 09:10:00,242.83,242.83,242.71,242.71,48554.48,2
ICFFUT,07/15/2024 09:31:00,243.44,243.44,242.71,242.99,170176.54,7
ICFFUT,07/15/2024 09:32:00,242.35,242.35,242.31,242.31,48465.78,2
ICFFUT,07/15/2024 09:34:00,241.95,241.95,241.91,241.91,241913.64,10
ICFFUT,07/15/2024 09:50:00,241.91,241.91,241.91,241.91,48381.12,2
ICFFUT,07/15/2024 10:24:00,241.78,241.78,241.78,241.78,48356.92,2
ICFFUT,07/15/2024 10:30:00,241.22,241.22,241.1,241.1,168793.65,7
ICFFUT,07/15/2024 10:31:00,241.3,241.3,241.3,241.3,24130.08,1
ICFFUT,07/15/2024 10:34:00,240.66,240.66,240.66,240.66,24065.57,1
ICFFUT,07/15/2024 10:44:00,240.94,240.94,240.9,240.9,72273.32,3
ICFFUT,07/15/2024 10:48:00,240.58,240.58,240.58,240.58,24057.51,1
ICFFUT,07/15/2024 10:56:00,240.09,240.09,238.92,238.92,766747.95,32
ICFFUT,07/15/2024 11:11:00,239.41,239.41,239.41,239.41,23940.59,1
ICFFUT,07/15/2024 11:12:00,238.92,238.92,238.84,238.84,71664.53,3
ICFFUT,07/15/2024 11:21:00,239.16,239.16,239.08,239.08,286908.08,12
ICFFUT,07/15/2024 11:33:00,238.52,238.52,238.28,238.28,476618.5,20
ICFFUT,07/15/2024 11:41:00,238.48,238.48,238.48,238.48,23847.86,1
ICFFUT,07/15/2024 13:15:00,239.53,239.53,239.49,239.49,71849.99,3
ICFFUT,07/15/2024 13:57:00,239.2,239.2,239.16,239.16,47836.83,2
ICFFUT,07/15/2024 14:23:00,239.85,240.01,239.85,240.01,71974.97,3
ICFFUT,07/16/2024 09:03:00,241.46,241.5,241.46,241.5,48296.45,2
ICFFUT,07/16/2024 09:06:00,241.1,241.1,241.1,241.1,24109.92,1
ICFFUT,07/16/2024 09:07:00,241.34,241.34,241.34,241.34,48268.23,2
ICFFUT,07/16/2024 09:13:00,241.91,241.91,241.74,241.74,48364.99,2
ICFFUT,07/16/2024 09:15:00,241.91,241.91,241.91,241.91,24190.56,1
ICFFUT,07/16/2024 09:20:00,242.67,242.71,242.67,242.71,169890.29,7
ICFFUT,07/16/2024 10:34:00,242.71,243.52,242.71,243.2,340381.31,14
ICFFUT,07/16/2024 10:35:00,242.79,242.79,242.79,242.79,24279.26,1
ICFFUT,07/16/2024 10:39:00,241.66,241.66,241.66,241.66,24166.37,1
ICFFUT,07/16/2024 10:40:00,241.62,241.82,241.62,241.82,48344.83,2
ICFFUT,07/16/2024 10:45:00,242.67,242.75,242.67,242.75,121364.03,5
ICFFUT,07/16/2024 10:46:00,242.75,242.75,242.75,242.75,24275.22,1
ICFFUT,07/16/2024 10:48:00,243.4,243.64,243.4,243.64,121759.14,5
ICFFUT,07/16/2024 10:55:00,242.87,242.87,242.87,242.87,97149.28,4
ICFFUT,07/16/2024 10:57:00,242.71,242.71,242.71,242.71,72813.58,3
ICFFUT,07/16/2024 11:00:00,242.39,242.39,242.39,242.39,24238.94,1
ICFFUT,07/16/2024 11:06:00,242.71,242.71,242.71,242.71,121355.96,5
ICFFUT,07/16/2024 11:09:00,243.16,243.36,243.16,243.36,72970.82,3
ICFFUT,07/16/2024 11:14:00,242.75,242.75,242.67,242.67,48542.39,2
ICFFUT,07/16/2024 11:17:00,243.28,243.44,243.28,243.44,48671.4,2
ICFFUT,07/16/2024 11:21:00,242.71,242.71,242.71,242.71,121355.96,5
ICFFUT,07/16/2024 11:25:00,243.12,243.12,243.12,243.12,48623.02,2
ICFFUT,07/16/2024 11:30:00,242.27,242.27,241.95,241.95,96810.61,4
ICFFUT,07/16/2024 11:32:00,242.59,242.59,242.59,242.59,24259.1,1
ICFFUT,07/16/2024 11:41:00,242.47,242.47,242.47,242.47,24247.0,1
ICFFUT,07/16/2024 11:45:00,243.52,243.52,243.52,243.52,146110.97,6
ICFFUT,07/16/2024 11:48:00,243.16,243.16,243.16,243.16,24315.54,1
ICFFUT,07/16/2024 11:54:00,242.95,242.95,242.95,242.95,24295.38,1
ICFFUT,07/16/2024 11:59:00,242.95,242.95,242.95,242.95,24295.38,1
ICFFUT,07/16/2024 12:06:00,243.44,243.48,243.36,243.48,267741.09,11
ICFFUT,07/16/2024 12:18:00,242.51,242.51,242.51,242.51,24251.03,1
ICFFUT,07/16/2024 12:21:00,242.43,242.43,242.43,242.43,96971.88,4
ICFFUT,07/16/2024 12:24:00,242.31,242.35,242.23,242.23,145381.22,6
ICFFUT,07/16/2024 12:33:00,241.91,241.91,241.82,241.82,72563.61,3
ICFFUT,07/16/2024 12:39:00,241.7,241.7,241.7,241.7,24170.4,1
ICFFUT,07/16/2024 12:45:00,241.22,241.3,240.7,241.3,337438.12,14
ICFFUT,07/16/2024 13:06:00,241.5,241.5,241.5,241.5,700356.96,29
ICFFUT,07/16/2024 13:15:00,241.66,241.66,241.66,241.66,24166.37,1
ICFFUT,07/16/2024 13:18:00,241.34,241.34,241.34,241.34,24134.11,1
ICFFUT,07/16/2024 13:24:00,241.58,241.58,241.18,241.18,48276.29,2
ICFFUT,07/16/2024 14:12:00,242.47,242.47,242.47,242.47,24247.0,1
ICFFUT,07/17/2024 10:39:00,241.82,241.82,241.82,241.82,24182.49,1
ICFFUT,07/17/2024 10:41:00,241.62,241.62,241.62,241.62,24162.34,1
ICFFUT,07/17/2024 11:39:00,240.94,240.94,240.94,240.94,72281.39,3
ICFFUT,07/17/2024 11:41:00,240.86,240.86,240.82,240.82,48167.43,2
ICFFUT,07/17/2024 13:13:00,240.13,240.13,240.13,240.13,24013.16,1
ICFFUT,07/17/2024 13:16:00,240.33,240.33,240.29,240.29,48062.61,2
ICFFUT,07/17/2024 13:20:00,240.29,240.29,240.29,240.29,24029.29,1
ICFFUT,07/18/2024 09:07:00,241.34,241.34,241.34,241.34,24134.11,1
ICFFUT,07/18/2024 09:08:00,241.34,241.34,241.34,241.34,24134.11,1
ICFFUT,07/18/2024 10:55:00,239.97,239.97,239.85,239.85,143929.79,6
ICFFUT,07/18/2024 11:18:00,239.49,239.49,239.49,239.49,143691.91,6
ICFFUT,07/18/2024 11:30:00,239.33,239.33,239.16,239.24,119618.28,5
ICFFUT,07/18/2024 11:33:00,239.24,239.24,239.24,239.24,23924.46,1
ICFFUT,07/18/2024 12:43:00,240.7,240.7,240.7,240.7,120348.02,5
ICFFUT,07/18/2024 13:14:00,240.09,240.09,240.01,240.01,72015.29,3
ICFFUT,07/18/2024 13:16:00,239.97,239.97,239.89,239.89,47986.0,2
ICFFUT,07/18/2024 13:30:00,239.33,239.33,239.33,239.33,23932.53,1
ICFFUT,07/19/2024 09:05:00,233.84,233.84,233.56,233.56,186997.04,8
ICFFUT,07/19/2024 11:08:00,236.62,236.62,236.62,236.62,47324.79,2
ICFFUT,07/19/2024 12:40:00,236.54,236.58,236.54,236.58,449504.91,19
ICFFUT,07/19/2024 13:35:00,236.95,236.95,236.95,236.95,23694.65,1
ICFFUT,07/19/2024 13:40:00,237.51,237.63,237.51,237.63,47514.29,2
ICFFUT,07/19/2024 14:15:00,236.66,236.66,236.66,236.66,118332.14,5
ICFFUT,07/19/2024 14:17:00,236.58,236.58,236.42,236.42,212804.34,9
ICFFUT,07/19/2024 14:18:00,236.54,236.54,236.42,236.42,118247.48,5
ICFFUT,07/22/2024 09:09:00,235.78,236.22,235.78,236.22,70821.89,3
ICFFUT,07/22/2024 09:34:00,235.45,235.45,235.45,235.45,47090.95,2
ICFFUT,07/22/2024 09:38:00,236.02,236.02,236.02,236.02,47203.84,2
ICFFUT,07/22/2024 09:39:00,236.02,236.02,236.02,236.02,47203.84,2
ICFFUT,07/22/2024 09:48:00,236.26,236.26,236.26,236.26,23626.11,1
ICFFUT,07/22/2024 10:02:00,236.1,236.1,236.1,236.1,23609.98,1
ICFFUT,07/22/2024 10:30:00,236.14,236.14,236.14,236.14,118070.08,5
ICFFUT,07/22/2024 10:32:00,235.86,235.86,235.86,235.86,23585.79,1
ICFFUT,07/22/2024 10:46:00,236.26,236.26,236.26,236.26,23626.11,1
ICFFUT,07/22/2024 10:49:00,237.07,237.07,237.07,237.07,23706.75,1
ICFFUT,07/22/2024 10:53:00,237.87,237.87,237.87,237.87,142724.29,6
ICFFUT,07/22/2024 10:54:00,237.87,237.87,237.87,237.87,71362.15,3
ICFFUT,07/22/2024 11:00:00,237.83,237.87,237.83,237.87,47570.73,2
ICFFUT,07/22/2024 11:02:00,237.87,238.16,237.87,238.16,47602.99,2
ICFFUT,07/22/2024 11:08:00,237.31,237.31,237.31,237.31,23730.94,1
ICFFUT,07/22/2024 11:23:00,237.87,237.87,237.87,237.87,47574.76,2
ICFFUT,07/22/2024 12:03:00,237.87,237.87,237.87,237.87,1712691.49,72
ICFFUT,07/22/2024 12:06:00,238.36,238.36,238.36,238.36,23835.76,1
ICFFUT,07/22/2024 12:09:00,237.95,237.95,237.95,237.95,23795.45,1
ICFFUT,07/22/2024 12:22:00,240.66,241.1,240.66,240.86,120456.88,5
ICFFUT,07/22/2024 12:31:00,242.43,242.43,242.43,242.43,48485.94,2
ICFFUT,07/22/2024 12:33:00,242.47,242.55,242.47,242.55,121259.2,5
ICFFUT,07/22/2024 12:34:00,242.23,242.23,242.23,242.23,48445.62,2
ICFFUT,07/22/2024 12:35:00,242.23,242.71,242.15,242.71,315247.32,13
ICFFUT,07/22/2024 13:22:00,241.91,242.35,241.91,242.35,121081.81,5
ICFFUT,07/22/2024 13:23:00,241.5,241.5,241.5,241.5,24150.24,1
ICFFUT,07/22/2024 14:44:00,241.91,241.91,241.91,241.91,96762.23,4
ICFFUT,07/22/2024 14:59:00,241.87,241.91,241.87,241.91,290274.6,12
ICFFUT,07/23/2024 09:02:00,240.01,240.17,240.01,240.13,384109.77,16
ICFFUT,07/23/2024 09:06:00,240.7,240.7,240.29,240.29,144220.07,6
ICFFUT,07/23/2024 09:09:00,240.7,240.7,240.7,240.7,24069.6,1
ICFFUT,07/23/2024 09:10:00,240.53,240.53,240.49,240.53,240522.68,10
ICFFUT,07/23/2024 09:15:00,240.21,240.21,240.13,240.13,48034.38,2
ICFFUT,07/23/2024 09:21:00,240.25,240.25,240.25,240.25,48050.51,2
ICFFUT,07/23/2024 09:32:00,241.22,241.22,241.22,241.22,24122.02,1
ICFFUT,07/23/2024 09:34:00,241.1,241.1,241.1,241.1,168769.46,7
ICFFUT,07/23/2024 09:35:00,241.1,241.1,241.02,241.02,96431.63,4
ICFFUT,07/23/2024 09:37:00,240.94,240.94,240.94,240.94,24093.8,1
ICFFUT,07/23/2024 09:43:00,241.1,241.1,241.1,241.1,24109.92,1
ICFFUT,07/23/2024 09:44:00,240.9,240.94,240.9,240.9,216811.91,9
ICFFUT,07/23/2024 09:54:00,240.53,240.53,240.29,240.33,96153.44,4
ICFFUT,07/23/2024 09:58:00,240.37,240.45,240.37,240.45,120219.01,5
ICFFUT,07/23/2024 10:43:00,239.89,239.89,239.89,239.89,23988.97,1
ICFFUT,07/23/2024 10:51:00,239.24,239.24,239.12,239.12,95677.69,4
ICFFUT,07/23/2024 11:00:00,238.76,238.76,238.76,238.76,23876.08,1
ICFFUT,07/23/2024 11:19:00,239.0,239.0,239.0,239.0,47800.54,2
ICFFUT,07/23/2024 11:39:00,239.0,239.0,239.0,239.0,47800.54,2
ICFFUT,07/23/2024 11:46:00,239.45,239.45,239.45,239.45,23944.62,1
ICFFUT,07/23/2024 11:49:00,239.08,239.08,239.08,239.08,23908.33,1
ICFFUT,07/23/2024 11:50:00,239.41,240.05,239.41,240.05,239861.48,10
ICFFUT,07/23/2024 11:54:00,239.08,239.08,239.08,239.08,23908.33,1
ICFFUT,07/23/2024 11:58:00,239.08,239.08,239.08,239.08,23908.33,1
ICFFUT,07/23/2024 13:50:00,238.68,238.68,238.68,238.68,71604.05,3
ICFFUT,07/23/2024 13:55:00,239.0,239.45,239.0,239.45,95689.78,4
ICFFUT,07/23/2024 14:21:00,238.96,238.96,238.96,238.96,191169.91,8
ICFFUT,07/24/2024 09:05:00,236.79,236.79,236.79,236.79,23678.52,1
ICFFUT,07/24/2024 09:15:00,236.26,236.38,236.26,236.26,94528.64,4
ICFFUT,07/24/2024 09:16:00,236.26,236.26,234.65,234.65,848153.21,36
ICFFUT,07/24/2024 09:19:00,234.16,234.49,234.16,234.49,46865.17,2
ICFFUT,07/24/2024 09:23:00,234.45,234.45,234.45,234.45,23444.68,1
ICFFUT,07/24/2024 09:30:00,233.96,233.96,232.63,232.63,910395.51,39
ICFFUT,07/24/2024 09:47:00,232.87,232.87,232.79,232.79,395866.38,17
ICFFUT,07/24/2024 10:13:00,233.08,233.08,233.04,233.04,69914.74,3
ICFFUT,07/24/2024 10:23:00,233.04,233.04,233.04,233.04,23303.57,1
ICFFUT,07/24/2024 10:32:00,233.16,233.16,233.16,233.16,23315.67,1
ICFFUT,07/24/2024 10:33:00,233.04,233.04,233.04,233.04,69910.71,3
ICFFUT,07/24/2024 10:34:00,233.28,233.28,233.28,233.28,23327.76,1
ICFFUT,07/24/2024 11:06:00,234.2,234.29,234.2,234.29,210820.71,9
ICFFUT,07/24/2024 11:24:00,233.92,233.92,233.92,233.92,23392.27,1
ICFFUT,07/24/2024 11:25:00,233.76,233.84,233.72,233.84,70132.46,3
ICFFUT,07/24/2024 11:54:00,233.32,233.32,233.32,233.32,46663.59,2
ICFFUT,07/24/2024 12:21:00,233.92,233.92,233.92,233.92,23392.27,1
ICFFUT,07/24/2024 12:34:00,233.92,233.92,233.92,233.92,23392.27,1
ICFFUT,07/24/2024 12:37:00,233.84,234.08,233.84,234.08,46792.6,2
ICFFUT,07/24/2024 13:40:00,232.39,232.39,232.39,232.39,46478.12,2
ICFFUT,07/24/2024 13:48:00,232.35,232.35,232.35,232.35,23235.03,1
ICFFUT,07/24/2024 14:03:00,232.03,232.03,232.03,232.03,46405.55,2
ICFFUT,07/24/2024 14:26:00,232.23,232.23,232.23,232.23,139337.61,6
ICFFUT,07/24/2024 14:38:00,231.83,231.83,231.83,231.83,324556.65,14
ICFFUT,07/24/2024 14:58:00,231.54,231.66,231.54,231.66,46320.89,2
ICFFUT,07/25/2024 09:10:00,232.39,232.39,232.23,232.23,116179.19,5
ICFFUT,07/25/2024 09:18:00,232.47,232.47,232.15,232.23,116154.99,5
ICFFUT,07/25/2024 09:32:00,231.58,231.87,231.54,231.87,185311.77,8
ICFFUT,07/25/2024 09:33:00,232.19,232.23,232.19,232.23,116110.65,5
ICFFUT,07/25/2024 09:34:00,231.83,232.23,231.75,232.23,440941.45,19
ICFFUT,07/25/2024 09:35:00,232.23,232.23,232.23,232.23,69668.81,3
ICFFUT,07/25/2024 09:39:00,232.31,232.31,232.07,232.07,69644.62,3
ICFFUT,07/25/2024 09:40:00,231.99,231.99,231.99,231.99,115993.72,5
ICFFUT,07/25/2024 09:42:00,231.95,231.95,231.95,231.95,23194.71,1
ICFFUT,07/25/2024 10:45:00,232.15,232.23,232.15,232.23,46437.81,2
ICFFUT,07/25/2024 10:48:00,232.23,232.23,232.23,232.23,23222.94,1
ICFFUT,07/25/2024 10:51:00,233.0,233.0,233.0,233.0,23299.54,1
ICFFUT,07/25/2024 10:53:00,232.31,232.31,232.23,232.23,69676.87,3
ICFFUT,07/25/2024 10:54:00,232.23,232.23,232.23,232.23,23222.94,1
ICFFUT,07/25/2024 10:59:00,233.04,233.04,233.04,233.04,46607.14,2
ICFFUT,07/25/2024 11:05:00,233.4,233.96,233.4,233.48,303918.07,13
ICFFUT,07/25/2024 11:18:00,233.56,233.56,233.56,233.56,23355.98,1
ICFFUT,07/25/2024 11:28:00,232.71,232.71,232.71,232.71,23271.32,1
ICFFUT,07/25/2024 11:32:00,232.63,232.63,232.63,232.63,23263.25,1
ICFFUT,07/25/2024 11:53:00,233.92,233.92,233.92,233.92,46784.54,2
ICFFUT,07/25/2024 12:18:00,235.17,235.17,235.17,235.17,70551.76,3
ICFFUT,07/25/2024 12:19:00,235.33,235.45,235.33,235.45,164786.08,7
ICFFUT,07/25/2024 12:36:00,234.97,234.97,234.97,234.97,23497.1,1
ICFFUT,07/25/2024 12:40:00,235.45,235.45,235.45,235.45,47090.95,2
ICFFUT,07/25/2024 13:01:00,235.78,235.86,235.78,235.86,400910.11,17
ICFFUT,07/25/2024 13:18:00,236.06,237.31,236.06,237.27,497676.38,21
ICFFUT,07/25/2024 13:38:00,235.78,235.78,235.78,235.78,23577.73,1
ICFFUT,07/25/2024 13:45:00,235.82,235.82,235.7,235.7,70721.1,3
ICFFUT,07/25/2024 13:47:00,235.45,235.45,235.45,235.45,70636.43,3
ICFFUT,07/26/2024 09:06:00,233.36,233.36,233.36,233.36,46671.65,2
ICFFUT,07/26/2024 09:21:00,232.67,233.04,232.63,233.04,162895.18,7
ICFFUT,07/26/2024 09:23:00,233.24,233.24,233.24,233.24,116618.65,5
ICFFUT,07/26/2024 09:24:00,232.83,232.83,232.79,232.79,139684.34,6
ICFFUT,07/26/2024 09:26:00,233.04,233.04,233.04,233.04,23303.57,1
ICFFUT,07/26/2024 09:30:00,232.67,232.67,232.63,232.63,93065.11,4
ICFFUT,07/26/2024 09:34:00,232.83,232.83,232.83,232.83,23283.41,1
ICFFUT,07/26/2024 09:39:00,233.4,233.76,233.4,233.76,93468.28,4
ICFFUT,07/26/2024 10:28:00,233.84,233.84,233.84,233.84,23384.21,1
ICFFUT,07/26/2024 10:35:00,233.24,233.24,233.24,233.24,23323.73,1
ICFFUT,07/26/2024 10:41:00,233.52,233.52,233.52,233.52,116759.76,5
ICFFUT,07/26/2024 10:47:00,231.99,232.03,231.95,231.99,115993.72,5
ICFFUT,07/26/2024 10:48:00,232.07,232.07,231.99,231.99,69604.3,3
ICFFUT,07/26/2024 10:50:00,231.99,232.23,231.99,232.23,92843.36,4
ICFFUT,07/26/2024 11:19:00,232.43,232.43,232.43,232.43,23243.09,1
ICFFUT,07/26/2024 11:27:00,231.71,231.71,231.62,231.62,46332.98,2
ICFFUT,07/26/2024 11:28:00,231.83,231.83,231.83,231.83,23182.62,1
ICFFUT,07/26/2024 11:31:00,232.43,232.47,232.43,232.47,69733.31,3
ICFFUT,07/26/2024 11:32:00,232.43,232.43,232.43,232.43,23243.09,1
ICFFUT,07/26/2024 12:24:00,232.23,232.23,232.23,232.23,116114.68,5
ICFFUT,07/26/2024 12:25:00,232.23,232.23,232.23,232.23,116114.68,5
ICFFUT,07/26/2024 13:47:00,232.39,232.39,232.39,232.39,23239.06,1
ICFFUT,07/26/2024 14:19:00,232.31,232.31,232.23,232.23,139365.83,6
ICFFUT,07/26/2024 14:34:00,231.83,231.83,231.83,231.83,23182.62,1
ICFFUT,07/26/2024 14:50:00,231.83,231.83,231.62,231.62,347658.63,15
ICFFUT,07/26/2024 14:53:00,231.42,231.42,231.02,231.02,92448.25,4
ICFFUT,07/26/2024 14:58:00,231.38,231.42,231.02,231.02,161947.72,7
ICFFUT,07/26/2024 14:59:00,231.02,231.02,231.02,231.02,115509.91,5
ICFFUT,07/29/2024 09:06:00,230.66,230.66,230.21,230.21,161193.78,7
ICFFUT,07/29/2024 09:07:00,230.25,230.25,230.25,230.25,69076.14,3
ICFFUT,07/29/2024 09:09:00,230.54,230.54,230.54,230.54,23053.6,1
ICFFUT,07/29/2024 09:16:00,230.29,230.29,230.29,230.29,46058.82,2
ICFFUT,07/29/2024 09:20:00,230.74,230.74,230.74,230.74,69221.28,3
ICFFUT,07/29/2024 09:39:00,231.42,231.42,231.42,231.42,23142.3,1
ICFFUT,07/29/2024 09:44:00,231.26,231.26,231.1,231.1,92488.57,4
ICFFUT,07/29/2024 10:30:00,232.63,232.63,232.63,232.63,255895.78,11
ICFFUT,07/29/2024 10:31:00,232.63,232.63,232.63,232.63,116316.27,5
ICFFUT,07/29/2024 10:32:00,232.75,232.75,232.75,232.75,46550.7,2
ICFFUT,07/29/2024 10:35:00,232.67,232.67,232.63,232.63,93061.08,4
ICFFUT,07/29/2024 10:42:00,233.48,233.56,233.48,233.48,140095.58,6
ICFFUT,07/29/2024 10:46:00,232.63,232.63,232.63,232.63,69789.76,3
ICFFUT,07/29/2024 11:02:00,232.23,232.23,232.23,232.23,23222.94,1
ICFFUT,07/29/2024 11:08:00,231.5,231.5,231.5,231.5,46300.73,2
ICFFUT,07/29/2024 11:14:00,231.26,231.26,231.22,231.22,46248.31,2
ICFFUT,07/29/2024 11:18:00,231.62,231.62,231.62,231.62,23162.46,1
ICFFUT,07/29/2024 11:19:00,231.5,231.91,231.5,231.91,46341.05,2
ICFFUT,07/29/2024 11:20:00,232.23,232.23,232.23,232.23,23222.94,1
ICFFUT,07/29/2024 11:26:00,231.83,231.83,231.83,231.83,92730.47,4
ICFFUT,07/29/2024 11:33:00,231.91,231.91,231.83,231.83,185485.13,8
ICFFUT,07/29/2024 11:54:00,230.37,230.37,230.37,230.37,23037.47,1
ICFFUT,07/29/2024 12:07:00,231.02,231.02,231.02,231.02,23101.98,1
ICFFUT,07/29/2024 12:08:00,231.02,231.02,231.02,231.02,92407.93,4
ICFFUT,07/29/2024 12:19:00,230.62,230.62,230.62,230.62,23061.67,1
ICFFUT,07/29/2024 12:55:00,231.83,231.83,231.83,231.83,23182.62,1
ICFFUT,07/29/2024 13:06:00,231.42,231.42,231.42,231.42,23142.3,1
ICFFUT,07/30/2024 09:04:00,231.42,231.42,231.42,231.42,23142.3,1
ICFFUT,07/30/2024 09:11:00,231.06,231.06,231.02,231.02,161717.91,7
ICFFUT,07/30/2024 09:12:00,231.38,231.38,230.82,230.82,46220.09,2
ICFFUT,07/30/2024 09:13:00,231.02,231.02,231.02,231.02,138611.9,6
ICFFUT,07/30/2024 09:15:00,231.06,231.06,231.02,231.02,115513.94,5
ICFFUT,07/30/2024 09:38:00,232.79,233.04,232.71,233.04,256117.53,11
ICFFUT,07/30/2024 09:59:00,233.36,233.36,233.32,233.32,46667.62,2
ICFFUT,07/30/2024 10:30:00,233.44,233.44,233.44,233.44,23343.89,1
ICFFUT,07/30/2024 10:31:00,233.68,233.68,233.68,233.68,46736.16,2
ICFFUT,07/30/2024 10:35:00,233.84,233.92,233.84,233.88,93548.92,4
ICFFUT,07/30/2024 10:39:00,233.52,233.52,233.52,233.52,23351.95,1
ICFFUT,07/30/2024 10:58:00,232.47,232.55,232.47,232.55,93004.63,4
ICFFUT,07/30/2024 11:01:00,232.35,232.35,232.31,232.31,69697.03,3
ICFFUT,07/30/2024 11:03:00,232.23,232.23,232.07,232.07,162479.91,7
ICFFUT,07/30/2024 11:06:00,232.51,232.51,232.51,232.51,23251.16,1
ICFFUT,07/30/2024 11:20:00,231.66,231.66,231.66,231.66,23166.49,1
ICFFUT,07/30/2024 12:05:00,232.91,233.04,232.91,233.04,46595.05,2
ICFFUT,07/30/2024 14:17:00,232.51,232.51,232.51,232.51,46502.32,2
ICFFUT,07/31/2024 09:02:00,236.22,236.26,235.66,235.66,70813.83,3
ICFFUT,07/31/2024 09:04:00,235.45,235.45,235.45,235.45,23545.48,1
ICFFUT,07/31/2024 09:13:00,234.81,234.81,234.61,234.61,46941.78,2
ICFFUT,07/31/2024 09:39:00,233.92,233.92,233.88,233.88,46780.51,2
ICFFUT,07/31/2024 10:32:00,233.4,233.4,233.36,233.36,46675.68,2
ICFFUT,07/31/2024 10:36:00,233.44,233.44,233.44,233.44,46687.78,2
ICFFUT,07/31/2024 10:39:00,232.71,232.71,232.31,232.31,162709.72,7
ICFFUT,07/31/2024 10:41:00,232.55,232.55,232.55,232.55,23255.19,1
ICFFUT,07/31/2024 10:45:00,231.42,231.42,231.42,231.42,161996.1,7
ICFFUT,07/31/2024 10:48:00,231.02,231.02,230.9,230.9,46191.87,2
ICFFUT,07/31/2024 10:54:00,230.78,230.78,230.78,230.78,23077.79,1
ICFFUT,07/31/2024 11:09:00,230.5,230.5,229.69,229.81,459979.42,20
ICFFUT,07/31/2024 11:10:00,229.93,229.93,229.93,229.93,22993.13,1
ICFFUT,07/31/2024 12:09:00,230.17,230.17,230.17,230.17,23017.32,1
ICFFUT,07/31/2024 12:10:00,229.85,229.85,229.61,229.61,275683.66,12
ICFFUT,08/01/2024 09:05:00,228.96,228.96,228.96,228.96,91585.45,4
ICFFUT,08/01/2024 09:06:00,228.96,229.0,228.96,229.0,45796.76,2
ICFFUT,08/01/2024 09:09:00,228.68,228.68,228.68,228.68,22868.14,1
ICFFUT,08/01/2024 09:13:00,228.88,228.88,228.6,228.6,137265.29,6
ICFFUT,08/01/2024 09:39:00,228.84,229.08,228.84,229.08,251932.56,11
ICFFUT,08/01/2024 10:30:00,230.29,230.29,230.29,230.29,23029.41,1
ICFFUT,08/01/2024 10:36:00,230.13,230.13,230.13,230.13,115066.42,5
ICFFUT,08/01/2024 10:38:00,230.62,230.62,230.62,230.62,46123.33,2
ICFFUT,08/01/2024 10:41:00,231.22,231.42,231.22,231.42,92532.92,4
ICFFUT,08/01/2024 10:44:00,231.66,231.66,231.62,231.62,115824.39,5
ICFFUT,08/01/2024 11:11:00,230.94,230.94,230.62,230.62,115348.64,5
ICFFUT,08/01/2024 11:18:00,230.25,230.25,230.25,230.25,23025.38,1
ICFFUT,08/01/2024 11:25:00,230.7,230.7,230.7,230.7,23069.73,1
ICFFUT,08/01/2024 11:31:00,230.62,230.62,230.42,230.42,322766.55,14
ICFFUT,08/01/2024 11:35:00,230.29,230.29,230.21,230.21,138136.15,6
ICFFUT,08/01/2024 11:41:00,230.62,230.62,230.62,230.62,253678.32,11
ICFFUT,08/01/2024 12:18:00,231.26,231.26,231.26,231.26,69378.52,3
ICFFUT,08/01/2024 13:26:00,230.13,230.13,230.13,230.13,161092.99,7
ICFFUT,08/01/2024 13:48:00,230.5,230.5,230.5,230.5,23049.57,1
ICFFUT,08/01/2024 14:00:00,230.25,230.25,230.21,230.21,207196.16,9
ICFFUT,08/01/2024 14:05:00,230.13,230.13,230.13,230.13,23013.28,1
ICFFUT,08/01/2024 14:12:00,230.37,230.37,230.37,230.37,23037.47,1
ICFFUT,08/02/2024 10:33:00,231.42,231.42,230.82,230.82,138607.86,6
ICFFUT,08/02/2024 10:56:00,230.7,230.7,230.7,230.7,23069.73,1
ICFFUT,08/02/2024 11:02:00,231.38,231.42,231.38,231.42,46280.57,2
ICFFUT,08/02/2024 12:01:00,231.34,231.34,231.34,231.34,23134.24,1
ICFFUT,08/02/2024 12:42:00,232.63,232.63,232.63,232.63,46526.51,2
ICFFUT,08/05/2024 09:03:00,227.79,228.4,227.71,227.75,341844.84,15
ICFFUT,08/05/2024 09:04:00,227.59,227.96,227.55,227.55,91065.35,4
ICFFUT,08/05/2024 09:07:00,227.71,227.71,227.55,227.55,45526.63,2
ICFFUT,08/05/2024 09:09:00,227.59,227.59,227.47,227.47,68261.72,3
ICFFUT,08/05/2024 09:10:00,227.47,227.47,227.39,227.39,227451.72,10
ICFFUT,08/05/2024 09:21:00,227.55,227.55,226.99,226.99,45454.06,2
ICFFUT,08/05/2024 09:32:00,226.91,226.91,226.58,226.58,113332.76,5
ICFFUT,08/05/2024 09:43:00,225.29,225.29,225.01,225.01,90073.54,4
ICFFUT,08/05/2024 10:37:00,226.06,226.54,226.06,226.54,135781.6,6
ICFFUT,08/05/2024 10:40:00,227.39,227.75,227.39,227.75,45514.53,2
ICFFUT,08/05/2024 10:42:00,227.19,227.19,227.15,227.15,45433.9,2
ICFFUT,08/05/2024 11:03:00,226.99,226.99,226.67,226.67,45365.36,2
ICFFUT,08/05/2024 11:11:00,226.18,226.18,226.18,226.18,45236.34,2
ICFFUT,08/05/2024 11:40:00,228.6,228.6,228.6,228.6,114300.39,5
ICFFUT,08/05/2024 11:43:00,228.6,228.6,228.6,228.6,22860.08,1
ICFFUT,08/05/2024 11:47:00,228.2,228.2,228.2,228.2,114098.8,5
ICFFUT,08/05/2024 11:52:00,228.44,228.44,228.44,228.44,22843.95,1
ICFFUT,08/05/2024 11:55:00,228.96,229.0,228.96,229.0,183195.09,8
ICFFUT,08/05/2024 12:03:00,229.33,229.37,229.33,229.37,68801.98,3
ICFFUT,08/05/2024 12:23:00,229.41,229.41,229.41,229.41,45881.42,2
ICFFUT,08/05/2024 13:35:00,228.52,228.52,228.52,228.52,91408.05,4
ICFFUT,08/05/2024 13:56:00,229.21,229.29,229.21,229.29,114618.89,5
ICFFUT,08/05/2024 14:10:00,229.29,229.33,229.04,229.04,137507.19,6
ICFFUT,08/05/2024 14:14:00,229.33,229.33,229.33,229.33,22932.65,1
ICFFUT,08/05/2024 14:16:00,229.73,229.73,229.73,229.73,22972.97,1
ICFFUT,08/05/2024 14:18:00,230.17,230.42,230.17,230.42,138180.5,6
ICFFUT,08/05/2024 14:27:00,229.81,229.81,229.81,229.81,22981.03,1
ICFFUT,08/05/2024 14:47:00,230.17,230.17,230.17,230.17,23017.32,1
ICFFUT,08/05/2024 14:57:00,230.42,230.42,230.42,230.42,23041.51,1
ICFFUT,08/06/2024 09:00:00,237.75,237.75,236.54,236.58,71087.99,3
ICFFUT,08/06/2024 09:01:00,237.59,237.79,237.07,237.07,166293.96,7
ICFFUT,08/06/2024 09:03:00,237.31,237.83,237.15,237.47,166201.23,7
ICFFUT,08/06/2024 09:04:00,237.87,237.95,237.87,237.87,166519.74,7
ICFFUT,08/06/2024 09:08:00,237.43,237.43,237.43,237.43,23743.03,1
ICFFUT,08/06/2024 09:09:00,237.79,237.87,237.59,237.87,308917.45,13
ICFFUT,08/06/2024 09:11:00,237.75,237.75,237.75,237.75,47550.57,2
ICFFUT,08/06/2024 09:14:00,237.59,237.59,237.59,237.59,23759.16,1
ICFFUT,08/06/2024 09:16:00,237.95,237.95,237.95,237.95,23795.45,1
ICFFUT,08/06/2024 09:22:00,239.49,239.49,239.41,239.41,119711.01,5
ICFFUT,08/06/2024 09:27:00,238.68,238.68,238.68,238.68,23868.02,1
ICFFUT,08/06/2024 09:28:00,238.68,239.08,238.68,239.08,47776.35,2
ICFFUT,08/06/2024 09:31:00,239.41,239.49,239.41,239.49,359205.59,15
ICFFUT,08/06/2024 09:36:00,238.84,238.84,238.84,238.84,23884.14,1
ICFFUT,08/06/2024 09:37:00,238.68,238.68,238.68,238.68,71604.05,3
ICFFUT,08/06/2024 09:43:00,237.95,237.95,237.91,237.91,71378.27,3
ICFFUT,08/06/2024 09:44:00,238.52,238.52,238.52,238.52,23851.89,1
ICFFUT,08/06/2024 10:38:00,235.86,235.86,235.86,235.86,23585.79,1
ICFFUT,08/06/2024 10:43:00,235.78,236.06,235.78,236.06,47183.68,2
ICFFUT,08/06/2024 11:17:00,236.95,236.95,236.95,236.95,23694.65,1
ICFFUT,08/06/2024 11:34:00,237.31,237.55,237.31,237.55,142429.97,6
ICFFUT,08/06/2024 11:50:00,235.74,235.74,235.33,235.33,70676.75,3
ICFFUT,08/06/2024 13:30:00,237.15,237.15,236.74,236.74,284235.02,12
ICFFUT,08/06/2024 14:14:00,237.11,237.11,237.11,237.11,23710.78,1
ICFFUT,08/06/2024 14:26:00,237.27,237.27,237.23,237.23,47449.78,2
ICFFUT,08/07/2024 09:08:00,242.95,243.2,242.87,243.2,121484.98,5
ICFFUT,08/07/2024 09:09:00,243.24,243.52,243.24,243.52,292129.21,12
ICFFUT,08/07/2024 09:10:00,243.48,243.52,243.48,243.52,48699.62,2
ICFFUT,08/07/2024 09:17:00,243.76,244.24,243.76,244.24,292862.99,12
ICFFUT,08/07/2024 09:22:00,242.23,242.23,241.22,241.22,96725.95,4
ICFFUT,08/07/2024 09:27:00,243.03,243.03,243.03,243.03,24303.45,1
ICFFUT,08/07/2024 09:32:00,243.92,243.92,243.92,243.92,121960.73,5
ICFFUT,08/07/2024 09:36:00,244.12,244.36,244.12,244.36,48848.8,2
ICFFUT,08/07/2024 09:37:00,244.28,244.32,244.16,244.32,317585.74,13
ICFFUT,08/07/2024 09:44:00,244.65,244.65,244.65,244.65,24464.72,1
ICFFUT,08/07/2024 09:47:00,245.01,245.05,245.01,245.05,98016.11,4
ICFFUT,08/07/2024 09:57:00,243.68,243.68,243.52,243.52,121779.3,5
ICFFUT,08/07/2024 10:10:00,245.09,245.09,245.09,245.09,24509.07,1
ICFFUT,08/07/2024 10:30:00,244.04,244.16,244.04,244.16,73232.88,3
ICFFUT,08/07/2024 10:31:00,244.0,244.28,243.92,244.28,243977.9,10
ICFFUT,08/07/2024 10:33:00,243.84,243.84,243.84,243.84,24384.08,1
ICFFUT,08/07/2024 10:37:00,244.04,244.04,244.04,244.04,24404.24,1
ICFFUT,08/07/2024 10:39:00,244.16,244.16,244.16,244.16,48832.67,2
ICFFUT,08/07/2024 10:44:00,243.92,243.92,243.92,243.92,24392.15,1
ICFFUT,08/07/2024 10:49:00,243.68,243.68,243.32,243.32,170466.83,7
ICFFUT,08/07/2024 10:52:00,243.32,243.32,243.32,243.32,24331.67,1
ICFFUT,08/07/2024 10:55:00,243.2,243.2,243.12,243.12,72946.63,3
ICFFUT,08/07/2024 10:59:00,243.2,243.2,242.79,242.79,97165.41,4
ICFFUT,08/07/2024 11:02:00,242.55,243.28,242.47,242.51,145643.28,6
ICFFUT,08/07/2024 11:06:00,242.51,242.87,242.51,242.87,48538.35,2
ICFFUT,08/07/2024 11:09:00,243.03,243.03,243.03,243.03,24303.45,1
ICFFUT,08/07/2024 11:31:00,241.22,241.22,241.18,241.18,72357.99,3
ICFFUT,08/07/2024 11:36:00,242.63,242.63,242.63,242.63,48526.26,2
ICFFUT,08/07/2024 13:56:00,242.31,242.31,242.31,242.31,24230.88,1
ICFFUT,08/07/2024 13:58:00,242.31,242.31,242.31,242.31,24230.88,1
ICFFUT,08/07/2024 14:24:00,241.54,241.54,241.54,241.54,24154.27,1
ICFFUT,08/07/2024 14:29:00,242.03,242.03,242.03,242.03,24202.65,1
ICFFUT,08/07/2024 14:56:00,241.91,241.91,241.91,241.91,24190.56,1
ICFFUT,08/08/2024 09:02:00,244.49,245.45,244.45,245.45,269373.96,11
ICFFUT,08/08/2024 09:08:00,245.09,245.09,245.09,245.09,24509.07,1
ICFFUT,08/08/2024 09:11:00,245.13,245.13,245.13,245.13,24513.1,1
ICFFUT,08/08/2024 09:12:00,245.13,245.13,245.13,245.13,49026.2,2
ICFFUT,08/08/2024 09:25:00,245.94,245.94,245.94,245.94,24593.73,1
ICFFUT,08/08/2024 09:56:00,245.78,245.78,245.78,245.78,24577.61,1
ICFFUT,08/08/2024 10:32:00,243.8,243.8,243.8,243.8,24380.05,1
ICFFUT,08/08/2024 10:38:00,243.6,243.6,243.52,243.52,73071.61,3
ICFFUT,08/08/2024 10:58:00,243.36,243.52,243.36,243.52,48687.53,2
ICFFUT,08/08/2024 11:07:00,244.28,244.28,244.28,244.28,24428.43,1
ICFFUT,08/08/2024 11:22:00,244.32,244.32,244.32,244.32,48864.93,2
ICFFUT,08/08/2024 11:23:00,244.32,244.32,244.32,244.32,24432.46,1
ICFFUT,08/08/2024 11:25:00,244.32,244.32,244.32,244.32,24432.46,1
ICFFUT,08/08/2024 11:50:00,244.16,244.16,244.16,244.16,24416.34,1
ICFFUT,08/08/2024 12:54:00,242.71,242.71,242.55,242.55,121331.77,5
ICFFUT,08/08/2024 13:03:00,241.82,241.82,241.82,241.82,24182.49,1
ICFFUT,08/08/2024 13:11:00,241.14,241.14,241.14,241.14,24113.95,1
ICFFUT,08/08/2024 13:54:00,242.23,242.31,242.23,242.31,169591.94,7
ICFFUT,08/09/2024 09:07:00,238.72,238.88,238.72,238.88,167136.6,7
ICFFUT,08/09/2024 09:14:00,239.57,239.61,239.12,239.12,263487.59,11
ICFFUT,08/09/2024 09:22:00,240.49,240.53,240.17,240.21,528773.34,22
ICFFUT,08/09/2024 09:28:00,240.09,240.21,240.09,240.21,480327.71,20
ICFFUT,08/09/2024 09:34:00,238.84,238.84,238.68,238.72,143252.45,6
ICFFUT,08/09/2024 09:44:00,237.63,237.95,237.63,237.87,760720.47,32
ICFFUT,08/09/2024 10:35:00,236.3,236.3,235.62,235.62,683854.97,29
ICFFUT,08/09/2024 10:37:00,235.45,235.74,235.45,235.74,117783.83,5
ICFFUT,08/09/2024 11:03:00,235.13,235.13,235.01,235.01,94028.7,4
ICFFUT,08/09/2024 11:13:00,235.45,235.7,235.45,235.7,47115.14,2
ICFFUT,08/09/2024 11:19:00,235.05,235.05,235.05,235.05,47010.32,2
ICFFUT,08/09/2024 11:39:00,234.33,234.33,234.33,234.33,23432.59,1
ICFFUT,08/09/2024 11:53:00,235.17,235.17,234.89,234.89,117501.6,5
ICFFUT,08/09/2024 13:13:00,234.65,234.65,234.65,234.65,23464.84,1
ICFFUT,08/09/2024 13:21:00,234.41,234.41,234.41,234.41,46881.3,2
ICFFUT,08/09/2024 13:24:00,234.25,234.25,234.04,234.04,46828.89,2
ICFFUT,08/09/2024 14:22:00,232.59,232.59,232.35,232.59,69753.47,3
ICFFUT,08/09/2024 14:35:00,232.23,232.23,232.23,232.23,46445.87,2
ICFFUT,08/12/2024 09:04:00,242.55,242.67,242.43,242.43,121255.17,5
ICFFUT,08/12/2024 09:08:00,241.5,241.5,241.34,241.34,48284.35,2
ICFFUT,08/12/2024 09:11:00,241.1,241.5,241.1,241.5,96540.48,4
ICFFUT,08/12/2024 09:12:00,241.38,241.42,241.38,241.42,48280.32,2
ICFFUT,08/12/2024 09:13:00,241.22,241.82,241.18,241.82,241635.45,10
ICFFUT,08/12/2024 09:18:00,241.87,241.91,241.87,241.91,217710.99,9
ICFFUT,08/12/2024 10:30:00,243.76,243.76,243.76,243.76,24376.02,1
ICFFUT,08/12/2024 10:32:00,244.12,244.32,243.92,243.92,341925.47,14
ICFFUT,08/12/2024 10:34:00,243.84,244.16,243.84,244.16,146441.57,6
ICFFUT,08/12/2024 10:36:00,244.16,244.32,244.16,244.32,390895.22,16
ICFFUT,08/12/2024 11:57:00,243.12,243.12,243.12,243.12,48623.02,2
ICFFUT,08/12/2024 12:00:00,243.12,243.12,243.12,243.12,24311.51,1
ICFFUT,08/12/2024 12:01:00,242.71,242.71,242.71,242.71,24271.19,1
ICFFUT,08/12/2024 12:39:00,243.88,243.88,243.88,243.88,73164.34,3
ICFFUT,08/12/2024 13:03:00,242.31,242.31,242.31,242.31,24230.88,1
ICFFUT,08/12/2024 13:05:00,242.31,242.31,242.31,242.31,24230.88,1
ICFFUT,08/12/2024 13:06:00,241.95,242.11,241.82,241.87,1064694.99,44
ICFFUT,08/12/2024 13:11:00,242.03,242.03,242.03,242.03,24202.65,1
ICFFUT,08/12/2024 13:22:00,242.71,242.71,242.71,242.71,24271.19,1
ICFFUT,08/12/2024 13:24:00,242.71,242.71,242.71,242.71,48542.39,2
ICFFUT,08/12/2024 13:44:00,243.44,243.44,243.44,243.44,24343.76,1
ICFFUT,08/12/2024 13:50:00,243.52,243.52,243.52,243.52,24351.83,1
ICFFUT,08/13/2024 09:11:00,234.89,234.89,234.89,234.89,23489.03,1
ICFFUT,08/13/2024 09:18:00,235.01,235.05,235.01,235.05,282057.87,12
ICFFUT,08/13/2024 09:21:00,235.33,235.33,235.33,235.33,23533.38,1
ICFFUT,08/13/2024 09:22:00,235.45,235.62,235.45,235.45,188379.94,8
ICFFUT,08/13/2024 09:24:00,235.09,235.09,235.05,235.05,47014.35,2
ICFFUT,08/13/2024 09:26:00,235.01,235.01,235.01,235.01,23501.13,1
ICFFUT,08/13/2024 09:31:00,234.33,234.37,234.33,234.37,140611.65,6
ICFFUT,08/13/2024 09:52:00,235.25,235.25,235.25,235.25,23525.32,1
ICFFUT,08/13/2024 10:38:00,235.41,235.45,235.41,235.45,188355.75,8
ICFFUT,08/13/2024 10:40:00,235.45,235.45,235.37,235.37,70628.37,3
ICFFUT,08/13/2024 10:46:00,234.85,234.85,234.85,234.85,23485.0,1
ICFFUT,08/13/2024 11:06:00,235.66,235.82,235.66,235.82,70725.13,3
ICFFUT,08/13/2024 11:26:00,235.05,235.05,235.05,235.05,23505.16,1
ICFFUT,08/13/2024 11:27:00,234.89,234.89,234.89,234.89,23489.03,1
ICFFUT,08/13/2024 11:40:00,236.26,236.38,236.26,236.38,47264.32,2
ICFFUT,08/13/2024 11:42:00,236.14,236.14,236.14,236.14,23614.02,1
ICFFUT,08/13/2024 11:43:00,236.1,236.1,236.1,236.1,23609.98,1
ICFFUT,08/13/2024 12:41:00,235.13,235.13,235.13,235.13,47026.44,2
ICFFUT,08/13/2024 12:53:00,234.65,234.89,234.65,234.89,352065.35,15
ICFFUT,08/13/2024 12:56:00,234.77,234.77,234.77,234.77,70430.81,3
ICFFUT,08/13/2024 13:17:00,234.04,234.04,233.92,233.92,70188.9,3
ICFFUT,08/13/2024 13:19:00,233.88,234.25,233.88,234.2,374623.04,16
ICFFUT,08/13/2024 13:20:00,233.84,233.84,233.84,233.84,23384.21,1
ICFFUT,08/13/2024 14:18:00,233.96,233.96,233.92,233.92,46788.57,2
ICFFUT,08/13/2024 14:45:00,233.84,233.84,233.84,233.84,23384.21,1
ICFFUT,08/14/2024 09:05:00,233.84,233.84,233.84,233.84,46768.41,2
ICFFUT,08/14/2024 09:08:00,234.85,235.05,234.85,235.05,281973.2,12
ICFFUT,08/14/2024 09:10:00,235.13,235.25,235.13,235.13,305700.11,13
ICFFUT,08/14/2024 09:31:00,235.45,235.54,235.45,235.54,47099.02,2
ICFFUT,08/14/2024 10:05:00,235.98,235.98,235.98,235.98,23597.89,1
ICFFUT,08/14/2024 11:10:00,237.99,238.2,237.99,238.2,47619.11,2
ICFFUT,08/14/2024 11:11:00,238.2,238.68,238.2,238.68,1310265.43,55
ICFFUT,08/14/2024 11:28:00,238.08,238.08,238.08,238.08,23807.54,1
ICFFUT,08/14/2024 11:34:00,238.28,238.28,238.28,238.28,357415.49,15
ICFFUT,08/14/2024 11:39:00,237.71,237.71,237.71,237.71,23771.25,1
ICFFUT,08/14/2024 12:00:00,239.49,239.49,239.12,239.12,287109.67,12
ICFFUT,08/14/2024 12:51:00,239.69,239.69,239.69,239.69,47937.62,2
ICFFUT,08/14/2024 13:28:00,238.2,238.2,238.2,238.2,47639.27,2
ICFFUT,08/14/2024 13:49:00,238.48,238.48,238.48,238.48,23847.86,1
ICFFUT,08/14/2024 14:23:00,238.56,238.56,238.56,238.56,23855.92,1
ICFFUT,08/15/2024 09:30:00,240.29,240.29,239.65,239.65,119908.56,5
ICFFUT,08/15/2024 10:58:00,239.89,239.89,239.89,239.89,23988.97,1
ICFFUT,08/15/2024 11:22:00,239.93,239.93,239.93,239.93,23993.0,1
ICFFUT,08/15/2024 12:39:00,239.69,239.69,239.69,239.69,23968.81,1
ICFFUT,08/15/2024 12:40:00,239.53,239.53,239.53,239.53,23952.68,1
ICFFUT,08/15/2024 12:48:00,240.29,240.29,240.29,240.29,120146.44,5
ICFFUT,08/15/2024 14:01:00,241.58,241.87,241.58,241.87,241788.66,10
ICFFUT,08/15/2024 14:07:00,241.66,241.66,241.58,241.58,72491.04,3
ICFFUT,08/16/2024 09:05:00,240.7,240.7,240.7,240.7,24069.6,1
ICFFUT,08/16/2024 09:39:00,241.42,241.42,241.42,241.42,24142.18,1
ICFFUT,08/16/2024 10:30:00,242.23,242.31,242.23,242.31,48453.69,2
ICFFUT,08/16/2024 10:45:00,242.71,242.71,242.71,242.71,24271.19,1
ICFFUT,08/16/2024 12:51:00,244.61,244.61,244.61,244.61,24460.69,1
ICFFUT,08/16/2024 12:52:00,244.73,244.73,244.73,244.73,24472.78,1
ICFFUT,08/16/2024 13:27:00,244.85,244.85,244.85,244.85,24484.88,1
ICFFUT,08/16/2024 13:40:00,245.01,245.21,245.01,245.21,245122.92,10
ICFFUT,08/16/2024 14:24:00,244.89,244.89,244.89,244.89,24488.91,1
ICFFUT,08/16/2024 14:28:00,244.89,244.89,244.89,244.89,24488.91,1
ICFFUT,08/19/2024 09:04:00,245.8,245.8,245.8,245.8,24579.54,1
ICFFUT,08/19/2024 09:05:00,245.96,245.96,245.96,245.96,24595.97,1
ICFFUT,08/19/2024 09:08:00,245.47,245.55,245.14,245.14,98145.71,4
ICFFUT,08/19/2024 09:59:00,247.19,247.19,247.19,247.19,24719.15,1
ICFFUT,08/19/2024 10:30:00,246.0,246.0,245.96,245.96,49196.04,2
ICFFUT,08/19/2024 10:38:00,245.18,245.18,245.18,245.18,49035.9,2
ICFFUT,08/19/2024 10:42:00,245.22,245.22,245.22,245.22,24522.05,1
ICFFUT,08/19/2024 10:46:00,245.51,245.51,245.51,245.51,24550.8,1
ICFFUT,08/19/2024 10:52:00,245.06,245.1,244.73,244.97,244904.37,10
ICFFUT,08/19/2024 10:58:00,244.81,245.43,244.81,245.43,466038.12,19
ICFFUT,08/19/2024 11:03:00,244.32,244.56,243.95,243.95,195273.08,8
ICFFUT,08/19/2024 11:04:00,244.28,244.28,244.24,244.24,48851.12,2
ICFFUT,08/19/2024 11:16:00,244.81,244.81,244.81,244.81,48961.99,2
ICFFUT,08/19/2024 11:17:00,244.73,244.73,244.73,244.73,48945.56,2
ICFFUT,08/19/2024 11:38:00,243.09,243.13,243.09,243.13,97238.24,4
ICFFUT,08/19/2024 11:42:00,243.17,243.17,243.17,243.17,24316.75,1
ICFFUT,08/19/2024 11:49:00,242.67,242.67,242.67,242.67,24267.47,1
ICFFUT,08/19/2024 11:57:00,242.76,242.76,242.76,242.76,48551.37,2
ICFFUT,08/19/2024 12:28:00,244.32,244.32,244.32,244.32,48863.44,2
ICFFUT,08/19/2024 13:45:00,245.14,245.14,245.14,245.14,49027.69,2
ICFFUT,08/19/2024 14:52:00,245.55,245.55,245.55,245.55,49109.81,2
ICFFUT,08/20/2024 09:17:00,246.78,246.78,246.78,246.78,123390.45,5
ICFFUT,08/20/2024 09:23:00,247.52,247.6,247.52,247.6,74272.43,3
ICFFUT,08/20/2024 09:32:00,247.19,247.19,247.19,247.19,24719.15,1
ICFFUT,08/20/2024 10:06:00,247.19,247.19,247.19,247.19,24719.15,1
ICFFUT,08/20/2024 10:30:00,247.27,247.52,247.19,247.52,148372.39,6
ICFFUT,08/20/2024 10:32:00,247.68,248.01,247.68,248.01,198332.18,8
ICFFUT,08/20/2024 10:33:00,248.01,248.09,248.01,248.09,148824.07,6
ICFFUT,08/20/2024 10:34:00,248.01,248.42,248.01,248.42,198582.66,8
ICFFUT,08/20/2024 10:35:00,248.42,248.42,248.22,248.22,49664.14,2
ICFFUT,08/20/2024 10:37:00,248.42,248.63,248.42,248.63,74563.96,3
ICFFUT,08/20/2024 10:44:00,249.45,249.57,249.45,249.57,149719.22,6
ICFFUT,08/20/2024 10:45:00,249.2,249.45,249.2,249.45,99714.26,4
ICFFUT,08/20/2024 10:46:00,248.92,248.92,248.92,248.92,24891.61,1
ICFFUT,08/20/2024 10:49:00,248.26,248.26,248.09,248.09,99279.01,4
ICFFUT,08/20/2024 10:50:00,248.26,248.83,248.26,248.83,49709.31,2
ICFFUT,08/20/2024 10:52:00,248.71,248.71,248.71,248.71,24871.08,1
ICFFUT,08/20/2024 10:55:00,248.26,248.26,248.26,248.26,24825.91,1
ICFFUT,08/20/2024 10:59:00,248.01,248.01,247.81,248.01,99184.57,4
ICFFUT,08/20/2024 11:01:00,248.09,248.38,248.09,248.38,49647.72,2
ICFFUT,08/20/2024 11:19:00,248.22,248.22,248.18,248.18,74461.31,3
ICFFUT,08/20/2024 11:20:00,248.38,248.42,248.38,248.42,49680.57,2
ICFFUT,08/20/2024 11:21:00,248.46,248.46,248.46,248.46,124232.21,5
ICFFUT,08/20/2024 11:24:00,248.83,248.83,248.83,248.83,74650.19,3
ICFFUT,08/20/2024 11:25:00,248.83,248.83,248.83,248.83,49766.8,2
ICFFUT,08/20/2024 11:37:00,248.88,248.88,248.79,248.79,74650.19,3
ICFFUT,08/20/2024 11:52:00,249.08,249.08,249.08,249.08,49816.07,2
ICFFUT,08/20/2024 12:03:00,248.83,248.83,248.83,248.83,24883.4,1
ICFFUT,08/20/2024 12:10:00,248.83,249.0,248.83,249.0,149316.81,6
ICFFUT,08/20/2024 12:46:00,250.8,250.8,250.8,250.8,25080.49,1
ICFFUT,08/20/2024 12:54:00,250.93,250.93,250.93,250.93,50185.63,2
ICFFUT,08/20/2024 13:51:00,248.05,248.05,248.01,248.01,148811.75,6
ICFFUT,08/20/2024 13:57:00,248.42,248.42,248.22,248.22,74506.48,3
ICFFUT,08/21/2024 09:28:00,248.01,248.01,248.01,248.01,148807.65,6
ICFFUT,08/21/2024 10:31:00,247.85,247.85,247.85,247.85,24784.85,1
ICFFUT,08/21/2024 10:32:00,247.89,248.26,247.89,248.26,173682.83,7
ICFFUT,08/21/2024 10:36:00,248.34,248.67,248.34,248.67,149049.91,6
ICFFUT,08/21/2024 10:37:00,248.46,248.46,248.42,248.42,49688.78,2
ICFFUT,08/21/2024 10:38:00,248.83,248.83,248.83,248.83,24883.4,1
ICFFUT,08/21/2024 10:54:00,249.98,250.6,249.98,250.52,250349.16,10
ICFFUT,08/21/2024 11:22:00,250.48,250.48,250.48,250.48,50095.29,2
ICFFUT,08/21/2024 11:37:00,250.64,250.64,250.64,250.64,25064.07,1
ICFFUT,08/21/2024 11:53:00,250.31,250.31,250.31,250.31,25031.22,1
ICFFUT,08/21/2024 11:55:00,249.7,249.7,249.57,249.57,124827.61,5
ICFFUT,08/21/2024 11:58:00,249.57,249.57,249.57,249.57,24957.31,1
ICFFUT,08/21/2024 13:26:00,248.51,248.51,248.46,248.46,49696.99,2
ICFFUT,08/21/2024 14:12:00,249.24,249.24,249.24,249.24,24924.46,1
ICFFUT,08/21/2024 14:19:00,249.41,249.41,249.41,249.41,24940.88,1
ICFFUT,08/21/2024 14:27:00,249.12,249.12,249.12,249.12,24912.14,1
ICFFUT,08/21/2024 14:55:00,248.83,248.96,248.83,248.96,74674.83,3
ICFFUT,08/22/2024 09:15:00,246.78,246.86,246.7,246.7,271463.09,11
ICFFUT,08/22/2024 09:27:00,246.41,246.62,246.37,246.62,98576.85,4
ICFFUT,08/22/2024 09:31:00,246.95,246.95,246.78,246.78,49372.6,2
ICFFUT,08/22/2024 09:34:00,246.7,246.7,246.7,246.7,24669.88,1
ICFFUT,08/22/2024 09:36:00,246.29,246.29,245.96,246.0,639737.38,26
ICFFUT,08/22/2024 09:39:00,245.88,245.88,245.71,245.71,73746.84,3
ICFFUT,08/22/2024 09:40:00,245.67,245.67,245.67,245.67,24567.22,1
ICFFUT,08/22/2024 09:41:00,245.67,245.67,245.55,245.55,171945.92,7
ICFFUT,08/22/2024 09:43:00,245.75,245.75,245.71,245.71,221154.28,9
ICFFUT,08/22/2024 10:30:00,244.32,244.56,244.32,244.56,219934.75,9
ICFFUT,08/22/2024 10:40:00,243.95,243.95,243.95,243.95,48789.53,2
ICFFUT,08/22/2024 11:12:00,243.37,243.37,243.37,243.37,24337.28,1
ICFFUT,08/22/2024 11:13:00,243.25,243.25,243.25,243.25,24324.96,1
ICFFUT,08/22/2024 11:22:00,243.74,243.74,243.74,243.74,73122.7,3
ICFFUT,08/22/2024 11:24:00,243.54,243.54,243.54,243.54,73061.11,3
ICFFUT,08/22/2024 11:41:00,243.0,243.0,243.0,243.0,24300.32,1
ICFFUT,08/22/2024 11:42:00,243.09,243.09,243.09,243.09,24308.53,1
ICFFUT,08/22/2024 11:44:00,243.09,243.09,243.09,243.09,72925.6,3
ICFFUT,08/22/2024 11:45:00,243.04,243.04,242.8,242.96,121468.76,5
ICFFUT,08/22/2024 12:08:00,244.32,244.32,244.32,244.32,48863.44,2
ICFFUT,08/22/2024 12:55:00,243.99,243.99,243.91,243.91,292724.85,12
ICFFUT,08/22/2024 13:05:00,244.73,244.73,244.73,244.73,122363.9,5
ICFFUT,08/22/2024 13:22:00,243.91,243.91,243.91,243.91,48781.31,2
ICFFUT,08/22/2024 14:06:00,244.15,244.15,244.15,244.15,24415.29,1
ICFFUT,08/22/2024 14:15:00,243.99,243.99,243.91,243.91,195133.47,8
ICFFUT,08/23/2024 09:09:00,245.38,245.38,245.38,245.38,24538.48,1
ICFFUT,08/23/2024 09:15:00,245.14,245.47,245.14,245.47,49060.53,2
ICFFUT,08/23/2024 10:40:00,244.44,244.48,244.32,244.32,97755.62,4
ICFFUT,08/23/2024 10:55:00,245.47,245.55,245.47,245.55,171876.12,7
ICFFUT,08/23/2024 11:00:00,245.59,245.67,245.59,245.67,49126.23,2
ICFFUT,08/23/2024 11:20:00,246.12,246.62,246.12,246.37,320371.7,13
ICFFUT,08/23/2024 11:29:00,245.47,245.67,245.47,245.67,49113.91,2
ICFFUT,08/23/2024 11:31:00,245.55,245.55,245.55,245.55,49109.81,2
ICFFUT,08/23/2024 11:32:00,245.71,245.71,245.67,245.67,221129.64,9
ICFFUT,08/23/2024 12:05:00,244.93,244.93,244.93,244.93,48986.62,2
ICFFUT,08/23/2024 12:18:00,245.67,245.71,245.67,245.71,49138.55,2
ICFFUT,08/23/2024 12:19:00,245.51,245.55,245.51,245.55,49105.7,2
ICFFUT,08/23/2024 13:03:00,246.33,246.62,246.25,246.49,517541.83,21
ICFFUT,08/26/2024 09:20:00,246.49,246.49,246.49,246.49,24649.35,1
ICFFUT,08/26/2024 10:19:00,246.45,246.45,246.41,246.41,147859.12,6
ICFFUT,08/26/2024 10:35:00,246.86,246.86,246.86,246.86,24686.3,1
ICFFUT,08/26/2024 10:41:00,247.15,247.15,247.15,247.15,24715.05,1
ICFFUT,08/26/2024 10:42:00,247.19,247.23,247.19,247.23,49442.41,2
ICFFUT,08/26/2024 10:47:00,247.36,247.6,247.36,247.6,123751.79,5
ICFFUT,08/26/2024 11:02:00,247.64,247.64,247.64,247.64,49528.64,2
ICFFUT,08/26/2024 11:07:00,248.01,248.67,248.01,248.67,198648.35,8
ICFFUT,08/26/2024 11:17:00,248.01,248.01,248.01,248.01,124006.37,5
ICFFUT,08/26/2024 11:29:00,247.48,247.48,247.48,247.48,24747.89,1
ICFFUT,08/26/2024 11:41:00,246.66,246.66,246.53,246.53,246596.12,10
ICFFUT,08/26/2024 11:42:00,246.78,246.78,246.78,246.78,98712.36,4
ICFFUT,08/26/2024 12:01:00,247.4,247.4,247.4,247.4,74219.05,3
ICFFUT,08/26/2024 12:11:00,247.4,247.4,247.4,247.4,24739.68,1
ICFFUT,08/26/2024 12:14:00,247.81,247.93,247.81,247.93,148721.42,6
ICFFUT,08/26/2024 12:30:00,247.93,247.93,247.93,247.93,148758.37,6
ICFFUT,08/26/2024 12:43:00,248.26,248.34,248.26,248.34,173789.59,7
ICFFUT,08/26/2024 13:39:00,249.12,249.24,249.12,249.24,149526.23,6
ICFFUT,08/26/2024 14:43:00,248.83,248.83,248.83,248.83,49766.8,2
ICFFUT,08/26/2024 14:51:00,248.83,248.83,248.83,248.83,49766.8,2
ICFFUT,08/26/2024 14:59:00,248.83,248.83,248.83,248.83,49766.8,2
ICFFUT,08/27/2024 09:00:00,250.64,250.64,250.64,250.64,75192.21,3
ICFFUT,08/27/2024 09:02:00,250.39,250.39,250.39,250.39,50078.87,2
ICFFUT,08/27/2024 09:14:00,250.48,250.48,250.48,250.48,50095.29,2
ICFFUT,08/27/2024 09:16:00,250.02,250.02,249.9,249.9,174943.43,7
ICFFUT,08/27/2024 09:25:00,250.8,251.05,250.8,251.05,125447.64,5
ICFFUT,08/27/2024 09:31:00,250.35,250.35,249.78,249.78,200138.9,8
ICFFUT,08/27/2024 09:39:00,249.94,249.94,249.94,249.94,24994.26,1
ICFFUT,08/27/2024 09:40:00,249.86,249.86,249.86,249.86,24986.05,1
ICFFUT,08/27/2024 10:30:00,251.79,252.53,251.79,252.49,958577.48,38
ICFFUT,08/27/2024 10:32:00,252.41,252.41,252.41,252.41,25240.63,1
ICFFUT,08/27/2024 10:33:00,252.12,252.12,251.59,251.59,50370.4,2
ICFFUT,08/27/2024 10:36:00,252.0,252.0,252.0,252.0,25199.57,1
ICFFUT,08/27/2024 10:40:00,253.15,254.17,253.15,253.8,608756.32,24
ICFFUT,08/27/2024 10:42:00,253.76,254.01,253.39,253.39,228311.34,9
ICFFUT,08/27/2024 10:47:00,254.17,254.17,254.17,254.17,101668.8,4
ICFFUT,08/27/2024 10:48:00,254.13,254.3,254.13,254.21,152519.63,6
ICFFUT,08/27/2024 10:54:00,253.76,254.46,253.76,254.46,304842.16,12
ICFFUT,08/27/2024 10:55:00,253.84,253.84,253.84,253.84,25384.35,1
ICFFUT,08/27/2024 11:00:00,253.47,253.47,253.47,253.47,25347.4,1
ICFFUT,08/27/2024 11:03:00,253.35,253.35,253.35,253.35,101340.31,4
ICFFUT,08/27/2024 11:05:00,253.19,253.19,253.19,253.19,126593.26,5
ICFFUT,08/27/2024 11:11:00,253.76,253.76,253.76,253.76,126880.69,5
ICFFUT,08/27/2024 11:19:00,253.68,253.68,253.68,253.68,25367.93,1
ICFFUT,08/27/2024 11:20:00,253.52,253.52,253.52,253.52,25351.5,1
ICFFUT,08/27/2024 11:21:00,253.06,253.06,253.02,253.02,278328.61,11
ICFFUT,08/27/2024 11:23:00,253.52,253.68,253.52,253.68,76087.35,3
ICFFUT,08/27/2024 11:26:00,253.52,253.76,253.52,253.76,177596.01,7
ICFFUT,08/27/2024 11:27:00,253.72,253.76,253.72,253.76,202980.37,8
ICFFUT,08/27/2024 11:29:00,253.8,254.17,253.8,254.17,228504.33,9
ICFFUT,08/27/2024 11:31:00,253.76,254.01,253.76,254.01,330185.45,13
ICFFUT,08/27/2024 11:34:00,253.6,253.6,253.52,253.56,76066.82,3
ICFFUT,08/27/2024 11:46:00,253.15,253.15,253.15,253.15,25314.55,1
ICFFUT,08/27/2024 11:58:00,253.06,253.06,253.06,253.06,25306.33,1
ICFFUT,08/27/2024 12:04:00,252.94,252.94,252.94,252.94,202352.12,8
ICFFUT,08/27/2024 12:12:00,252.61,252.61,252.61,252.61,75783.5,3
ICFFUT,08/27/2024 12:13:00,252.61,252.61,252.49,252.53,126268.87,5
ICFFUT,08/27/2024 12:16:00,252.28,252.28,252.28,252.28,25228.32,1
ICFFUT,08/27/2024 12:20:00,251.83,252.12,251.83,252.12,126001.97,5
ICFFUT,08/27/2024 12:24:00,252.28,252.53,251.79,251.79,756574.38,30
ICFFUT,08/27/2024 12:31:00,252.28,252.28,252.28,252.28,25228.32,1
ICFFUT,08/27/2024 12:35:00,252.12,252.12,252.12,252.12,25211.89,1
ICFFUT,08/27/2024 12:37:00,251.63,251.63,251.63,251.63,25162.62,1
ICFFUT,08/27/2024 12:41:00,252.32,252.32,252.32,252.32,50464.85,2
ICFFUT,08/27/2024 12:55:00,252.12,252.12,251.75,251.75,50386.83,2
ICFFUT,08/27/2024 13:03:00,252.53,252.53,252.53,252.53,25252.95,1
ICFFUT,08/27/2024 13:06:00,252.28,252.28,252.28,252.28,25228.32,1
ICFFUT,08/28/2024 09:08:00,251.3,251.3,251.3,251.3,100519.07,4
ICFFUT,08/28/2024 09:10:00,251.3,251.3,251.3,251.3,50259.54,2
ICFFUT,08/28/2024 09:13:00,251.3,251.3,251.3,251.3,25129.77,1
ICFFUT,08/28/2024 09:23:00,250.56,250.72,250.56,250.72,225634.11,9
ICFFUT,08/28/2024 09:29:00,250.07,250.07,250.07,250.07,50013.17,2
ICFFUT,08/28/2024 09:30:00,250.02,250.15,250.02,250.15,300124.17,12
ICFFUT,08/28/2024 09:33:00,250.07,250.07,250.07,250.07,25006.58,1
ICFFUT,08/28/2024 10:30:00,250.6,250.6,250.31,250.31,125221.8,5
ICFFUT,08/28/2024 10:32:00,250.07,250.07,250.07,250.07,25006.58,1
ICFFUT,08/28/2024 10:34:00,250.23,250.23,250.23,250.23,50046.02,2
ICFFUT,08/28/2024 10:49:00,250.48,250.48,250.48,250.48,50095.29,2
ICFFUT,08/28/2024 10:52:00,250.48,251.26,250.48,251.26,251075.95,10
ICFFUT,08/28/2024 11:01:00,250.8,250.8,250.8,250.8,100321.98,4
ICFFUT,08/28/2024 11:03:00,250.48,250.48,250.48,250.48,25047.64,1
ICFFUT,08/28/2024 11:05:00,250.48,250.48,250.07,250.07,50054.23,2
ICFFUT,08/28/2024 11:07:00,249.66,249.66,249.57,249.57,74888.35,3
ICFFUT,08/28/2024 11:14:00,249.0,249.0,248.75,248.79,547566.15,22
ICFFUT,08/28/2024 11:15:00,248.83,248.83,248.42,248.42,248513.7,10
ICFFUT,08/28/2024 11:18:00,248.38,248.38,248.14,248.14,297980.74,12
ICFFUT,08/28/2024 11:38:00,248.18,248.42,248.18,248.26,322773.81,13
ICFFUT,08/28/2024 11:47:00,248.14,248.67,248.14,248.67,124248.64,5
ICFFUT,08/28/2024 11:53:00,248.38,248.38,248.38,248.38,74514.69,3
ICFFUT,08/28/2024 12:05:00,248.38,248.38,248.38,248.38,24838.23,1
ICFFUT,08/28/2024 12:06:00,248.46,248.46,248.46,248.46,24846.44,1
ICFFUT,08/28/2024 12:07:00,248.55,248.67,248.55,248.67,99439.15,4
ICFFUT,08/28/2024 12:08:00,248.79,249.0,248.79,249.0,74670.72,3
ICFFUT,08/28/2024 12:10:00,248.63,248.63,248.63,248.63,49725.73,2
ICFFUT,08/28/2024 13:58:00,252.73,252.94,252.73,252.94,202311.06,8
ICFFUT,08/28/2024 14:10:00,252.53,252.53,252.53,252.53,50505.91,2
ICFFUT,08/28/2024 14:30:00,252.12,252.12,252.12,252.12,25211.89,1
ICFFUT,08/28/2024 14:45:00,252.08,252.12,252.08,252.12,201691.03,8
ICFFUT,08/29/2024 09:06:00,246.08,246.37,245.96,245.96,196968.93,8
ICFFUT,08/29/2024 09:09:00,246.37,246.37,246.04,246.37,73878.23,3
ICFFUT,08/29/2024 09:21:00,246.37,246.45,246.37,246.45,49282.27,2
ICFFUT,08/29/2024 09:29:00,245.96,245.96,245.96,245.96,24595.97,1
ICFFUT,08/29/2024 10:02:00,245.22,245.22,245.22,245.22,49044.11,2
ICFFUT,08/29/2024 10:36:00,245.63,245.63,245.63,245.63,24563.12,1
ICFFUT,08/29/2024 10:44:00,244.97,244.97,244.97,244.97,24497.42,1
ICFFUT,08/29/2024 10:46:00,244.73,244.73,244.73,244.73,146836.69,6
ICFFUT,08/29/2024 10:51:00,244.97,244.97,244.97,244.97,24497.42,1
ICFFUT,08/29/2024 10:59:00,245.18,245.18,245.18,245.18,24517.95,1
ICFFUT,08/29/2024 11:20:00,245.92,245.92,245.92,245.92,24591.86,1
ICFFUT,08/29/2024 11:50:00,245.55,245.55,245.55,245.55,24554.9,1
ICFFUT,08/29/2024 12:02:00,245.38,245.38,245.38,245.38,981539.19,40
ICFFUT,08/29/2024 12:09:00,245.22,245.22,245.22,245.22,49044.11,2
ICFFUT,08/29/2024 12:38:00,245.26,245.26,245.14,245.14,49040.0,2
ICFFUT,08/29/2024 12:56:00,246.82,246.99,246.82,246.99,98761.63,4
ICFFUT,08/29/2024 12:58:00,246.37,246.37,246.37,246.37,24637.03,1
ICFFUT,08/29/2024 12:59:00,246.62,246.62,246.62,246.62,24661.66,1
ICFFUT,08/29/2024 13:05:00,247.36,247.36,247.19,247.19,370852.97,15
ICFFUT,08/29/2024 13:06:00,247.19,247.19,247.19,247.19,74157.45,3
ICFFUT,08/29/2024 13:08:00,247.19,247.19,247.19,247.19,24719.15,1
ICFFUT,08/29/2024 13:37:00,245.71,245.71,245.71,245.71,24571.33,1
ICFFUT,08/29/2024 14:16:00,245.96,245.96,245.96,245.96,24595.97,1
ICFFUT,08/30/2024 09:01:00,248.79,248.79,248.79,248.79,74637.88,3
ICFFUT,08/30/2024 09:03:00,248.01,248.01,248.01,248.01,124006.37,5
ICFFUT,08/30/2024 09:06:00,247.6,247.6,247.27,247.27,123735.37,5
ICFFUT,08/30/2024 09:08:00,247.52,247.52,247.52,247.52,24752.0,1
ICFFUT,08/30/2024 09:09:00,247.93,247.93,247.93,247.93,24793.06,1
ICFFUT,08/30/2024 09:10:00,247.93,247.93,247.93,247.93,24793.06,1
ICFFUT,08/30/2024 09:19:00,247.36,247.36,247.36,247.36,24735.58,1
ICFFUT,08/30/2024 09:22:00,247.97,248.01,247.97,248.01,74399.72,3
ICFFUT,08/30/2024 09:23:00,248.42,248.42,248.42,248.42,24842.34,1
ICFFUT,08/30/2024 09:26:00,248.01,248.01,248.01,248.01,124006.37,5
ICFFUT,08/30/2024 09:33:00,246.21,246.21,246.21,246.21,24620.6,1
ICFFUT,08/30/2024 09:35:00,245.8,245.96,245.8,245.96,73771.47,3
ICFFUT,08/30/2024 09:36:00,246.04,246.04,245.63,245.63,73738.62,3
ICFFUT,08/30/2024 09:38:00,245.75,245.75,245.75,245.75,24575.44,1
ICFFUT,08/30/2024 09:39:00,246.16,246.16,246.16,246.16,24616.5,1
ICFFUT,08/30/2024 09:40:00,246.21,246.21,246.21,246.21,24620.6,1
ICFFUT,08/30/2024 09:59:00,244.77,244.77,244.73,244.77,122372.12,5
ICFFUT,08/30/2024 10:00:00,244.32,244.32,244.32,244.32,24431.72,1
ICFFUT,08/30/2024 10:30:00,245.22,245.22,245.22,245.22,49044.11,2
ICFFUT,08/30/2024 10:33:00,245.8,245.8,245.8,245.8,49159.08,2
ICFFUT,08/30/2024 10:36:00,246.33,246.37,246.33,246.37,197083.9,8
ICFFUT,08/30/2024 10:39:00,246.53,246.53,246.45,246.45,98605.6,4
ICFFUT,08/30/2024 10:44:00,247.11,247.36,247.11,247.36,74173.88,3
ICFFUT,08/30/2024 10:48:00,247.15,247.15,246.99,247.11,74124.6,3
ICFFUT,08/30/2024 11:02:00,247.36,247.36,247.36,247.36,24735.58,1
ICFFUT,08/30/2024 11:30:00,247.89,248.01,247.89,248.01,322363.19,13
ICFFUT,08/30/2024 11:40:00,247.6,247.6,247.6,247.6,74280.64,3
ICFFUT,08/30/2024 11:57:00,248.83,249.0,248.83,249.0,199178.05,8
ICFFUT,08/30/2024 12:03:00,248.63,248.63,248.63,248.63,74588.6,3
ICFFUT,08/30/2024 12:24:00,248.14,248.14,248.01,248.01,74424.35,3
ICFFUT,08/30/2024 12:45:00,246.78,246.78,246.78,246.78,49356.18,2
ICFFUT,08/30/2024 13:01:00,245.55,245.55,245.47,245.47,49101.6,2
ICFFUT,08/30/2024 13:06:00,243.91,243.91,243.33,243.66,365527.26,15
ICFFUT,08/30/2024 13:12:00,243.21,243.21,241.94,242.39,1067653.81,44
ICFFUT,08/30/2024 13:14:00,241.85,241.85,241.85,241.85,24185.35,1
ICFFUT,08/30/2024 13:17:00,242.1,242.1,242.1,242.1,24209.99,1
ICFFUT,08/30/2024 13:56:00,243.09,243.09,243.09,243.09,24308.53,1
ICFFUT,08/30/2024 13:57:00,242.84,242.84,242.84,242.84,48567.79,2
ICFFUT,08/30/2024 14:09:00,243.09,243.09,242.51,242.51,72868.12,3
ICFFUT,08/30/2024 14:11:00,242.59,242.59,242.59,242.59,242592.6,10
ICFFUT,08/30/2024 14:25:00,243.09,243.09,243.09,243.09,48617.07,2
ICFFUT,08/30/2024 14:54:00,242.88,242.88,242.88,242.88,412896.05,17
ICFFUT,09/03/2024 09:02:00,241.4,241.44,241.4,241.44,48284.47,2
ICFFUT,09/03/2024 09:07:00,241.44,241.44,241.4,241.4,48284.47,2
ICFFUT,09/03/2024 09:08:00,241.44,241.44,241.44,241.44,48288.57,2
ICFFUT,09/03/2024 09:13:00,241.03,241.03,240.83,240.83,168702.05,7
ICFFUT,09/03/2024 09:17:00,241.81,241.81,241.81,241.81,24181.24,1
ICFFUT,09/03/2024 09:19:00,241.07,241.07,241.07,241.07,24107.33,1
ICFFUT,09/03/2024 09:28:00,240.62,240.95,240.62,240.95,96347.2,4
ICFFUT,09/03/2024 09:35:00,241.16,241.16,241.16,241.16,24115.54,1
ICFFUT,09/03/2024 09:40:00,241.61,241.61,241.61,241.61,24160.71,1
ICFFUT,09/03/2024 10:30:00,242.51,242.51,242.51,242.51,24251.05,1
ICFFUT,09/03/2024 10:36:00,242.39,242.39,242.26,242.26,72699.76,3
ICFFUT,09/03/2024 10:45:00,241.85,241.85,241.85,241.85,24185.35,1
ICFFUT,09/03/2024 10:48:00,240.66,240.95,240.62,240.95,72223.45,3
ICFFUT,09/03/2024 10:50:00,240.62,240.62,240.62,240.62,24062.16,1
ICFFUT,09/03/2024 10:56:00,240.91,240.91,240.62,240.62,168537.8,7
ICFFUT,09/03/2024 12:56:00,241.11,241.11,241.11,241.11,24111.44,1
ICFFUT,09/03/2024 13:08:00,239.88,239.88,239.8,239.8,335736.99,14
ICFFUT,09/03/2024 13:16:00,241.73,242.39,241.73,242.39,242149.13,10
ICFFUT,09/03/2024 13:19:00,242.76,242.76,242.76,242.76,24275.68,1
ICFFUT,09/03/2024 13:23:00,242.59,242.59,242.59,242.59,24259.26,1
ICFFUT,09/03/2024 13:25:00,242.43,242.43,242.43,242.43,24242.84,1
ICFFUT,09/03/2024 13:30:00,242.59,242.59,242.59,242.59,24259.26,1
ICFFUT,09/03/2024 13:31:00,242.59,242.59,242.59,242.59,97037.04,4
ICFFUT,09/03/2024 13:32:00,242.51,242.51,242.51,242.51,48502.1,2
ICFFUT,09/03/2024 13:52:00,242.51,242.55,242.51,242.55,48506.2,2
ICFFUT,09/03/2024 14:20:00,241.85,241.85,241.85,241.85,24185.35,1
ICFFUT,09/04/2024 09:08:00,242.67,242.67,242.43,242.43,72753.14,3
ICFFUT,09/04/2024 09:19:00,242.92,242.92,242.92,242.92,24292.11,1
ICFFUT,09/04/2024 09:30:00,242.18,242.18,241.89,241.89,96819.41,4
ICFFUT,09/04/2024 09:33:00,241.36,241.52,241.36,241.52,120721.44,5
ICFFUT,09/04/2024 10:43:00,241.48,241.48,241.48,241.48,24148.39,1
ICFFUT,09/04/2024 10:48:00,241.07,241.07,241.07,241.07,24107.33,1
ICFFUT,09/04/2024 11:45:00,242.67,242.67,242.67,242.67,24267.47,1
ICFFUT,09/04/2024 11:54:00,242.26,242.26,242.26,242.26,24226.41,1
ICFFUT,09/04/2024 13:14:00,242.51,242.51,242.51,242.51,24251.05,1
ICFFUT,09/04/2024 13:15:00,242.51,242.51,242.51,242.51,48502.1,2
ICFFUT,09/04/2024 13:22:00,243.62,243.66,243.62,243.66,219290.08,9
ICFFUT,09/04/2024 13:36:00,243.41,243.41,243.41,243.41,24341.38,1
ICFFUT,09/04/2024 13:51:00,243.5,243.5,243.5,243.5,73048.79,3
ICFFUT,09/04/2024 13:53:00,243.5,243.5,243.5,243.5,24349.6,1
ICFFUT,09/04/2024 14:20:00,243.09,243.09,243.09,243.09,48617.07,2
ICFFUT,09/04/2024 14:21:00,243.09,243.09,243.09,243.09,24308.53,1
ICFFUT,09/04/2024 14:49:00,242.72,242.72,242.67,242.67,48539.05,2
ICFFUT,09/05/2024 09:10:00,241.94,241.94,241.94,241.94,24193.56,1
ICFFUT,09/05/2024 09:30:00,244.32,244.32,243.91,243.91,121994.35,5
ICFFUT,09/05/2024 09:36:00,244.6,245.02,244.6,245.02,146853.11,6
ICFFUT,09/05/2024 09:37:00,245.1,245.1,244.73,244.73,48982.52,2
ICFFUT,09/05/2024 09:38:00,244.32,244.32,244.32,244.32,24431.72,1
ICFFUT,09/05/2024 09:39:00,244.65,244.73,244.65,244.65,73401.92,3
ICFFUT,09/05/2024 09:40:00,244.73,244.73,244.73,244.73,97891.12,4
ICFFUT,09/05/2024 10:30:00,245.47,245.51,245.47,245.51,98194.98,4
ICFFUT,09/05/2024 10:32:00,245.55,245.55,245.55,245.55,24554.9,1
ICFFUT,09/05/2024 10:36:00,245.55,245.63,245.55,245.55,221002.35,9
ICFFUT,09/05/2024 10:44:00,246.7,246.9,246.7,246.86,222115.12,9
ICFFUT,09/05/2024 10:58:00,246.21,246.21,246.12,246.12,49232.99,2
ICFFUT,09/05/2024 11:02:00,246.0,246.0,245.96,245.96,122983.94,5
ICFFUT,09/05/2024 11:04:00,245.75,245.75,245.71,245.71,73722.2,3
ICFFUT,09/05/2024 11:16:00,244.73,244.73,244.48,244.48,73393.71,3
ICFFUT,09/05/2024 11:40:00,245.96,245.96,245.96,245.96,24595.97,1
ICFFUT,09/05/2024 11:44:00,245.59,245.59,245.59,245.59,24559.01,1
ICFFUT,09/05/2024 12:47:00,245.92,245.92,245.92,245.92,24591.86,1
ICFFUT,09/05/2024 12:59:00,245.84,245.96,245.84,245.96,98363.33,4
ICFFUT,09/05/2024 13:25:00,243.58,243.58,243.58,243.58,24357.81,1
ICFFUT,09/05/2024 14:05:00,243.29,243.29,243.29,243.29,24329.06,1
ICFFUT,09/05/2024 14:07:00,243.09,243.09,243.09,243.09,24308.53,1
ICFFUT,09/05/2024 14:25:00,242.84,242.84,242.67,242.67,72831.16,3
ICFFUT,09/06/2024 09:07:00,240.99,240.99,240.99,240.99,24099.12,1
ICFFUT,09/06/2024 09:08:00,240.95,241.32,240.95,241.32,48226.98,2
ICFFUT,09/06/2024 09:10:00,240.91,240.91,238.73,239.72,1104256.22,46
ICFFUT,09/06/2024 09:11:00,239.43,239.43,239.39,239.39,167576.96,7
ICFFUT,09/06/2024 09:12:00,238.98,239.43,238.98,239.06,334681.7,14
ICFFUT,09/06/2024 09:15:00,239.27,239.27,238.98,239.23,1746293.06,73
ICFFUT,09/06/2024 09:16:00,239.31,239.31,239.23,239.23,287103.5,12
ICFFUT,09/06/2024 09:21:00,238.36,238.57,238.28,238.57,190723.44,8
ICFFUT,09/06/2024 09:31:00,237.75,237.87,237.75,237.87,47561.78,2
ICFFUT,09/06/2024 09:38:00,237.79,237.79,237.79,237.79,47557.68,2
ICFFUT,09/06/2024 09:41:00,238.16,238.49,238.16,238.16,190690.59,8
ICFFUT,09/06/2024 09:42:00,238.45,238.45,238.45,238.45,23844.54,1
ICFFUT,09/06/2024 09:55:00,238.86,238.86,238.86,238.86,23885.6,1
ICFFUT,09/06/2024 10:30:00,240.46,240.46,240.46,240.46,24045.74,1
ICFFUT,09/06/2024 10:36:00,240.95,241.03,240.91,241.03,192780.64,8
ICFFUT,09/06/2024 10:39:00,241.28,241.28,241.28,241.28,48255.73,2
ICFFUT,09/06/2024 10:41:00,241.24,241.24,240.58,240.66,120368.31,5
ICFFUT,09/06/2024 10:42:00,240.13,240.13,240.13,240.13,24012.89,1
ICFFUT,09/06/2024 10:52:00,240.29,240.29,240.29,240.29,24029.31,1
ICFFUT,09/06/2024 11:04:00,240.29,240.29,240.13,240.13,120105.51,5
ICFFUT,09/06/2024 11:07:00,239.88,239.88,239.8,239.8,119920.73,5
ICFFUT,09/06/2024 11:13:00,239.47,239.47,239.47,239.47,23947.19,1
ICFFUT,09/06/2024 11:19:00,239.39,239.39,239.39,239.39,23938.98,1
ICFFUT,09/06/2024 11:38:00,239.76,239.8,239.76,239.8,47955.97,2
ICFFUT,09/06/2024 12:04:00,239.8,239.8,239.8,239.8,23980.04,1
ICFFUT,09/06/2024 12:24:00,239.23,239.23,239.23,239.23,191380.43,8
ICFFUT,09/06/2024 12:25:00,239.27,239.27,239.27,239.27,95706.64,4
ICFFUT,09/06/2024 12:47:00,238.98,238.98,238.98,238.98,167285.42,7
ICFFUT,09/06/2024 13:18:00,238.36,238.36,238.28,238.28,309839.37,13
ICFFUT,09/06/2024 13:25:00,237.58,237.58,237.58,237.58,23758.31,1
ICFFUT,09/06/2024 13:26:00,237.62,237.62,237.62,237.62,475248.27,20
ICFFUT,09/06/2024 13:27:00,238.12,238.16,238.12,238.16,238125.09,10
ICFFUT,09/06/2024 13:28:00,238.12,238.12,238.12,238.12,23811.69,1
ICFFUT,09/06/2024 13:33:00,238.12,238.12,238.12,238.12,23811.69,1
ICFFUT,09/06/2024 13:40:00,238.16,238.16,237.75,237.75,47590.53,2
ICFFUT,09/06/2024 14:53:00,238.03,238.03,238.03,238.03,23803.47,1
ICFFUT,09/09/2024 09:00:00,242.26,242.26,242.26,242.26,193811.29,8
ICFFUT,09/09/2024 09:02:00,241.07,241.44,240.99,240.99,120639.31,5
ICFFUT,09/09/2024 09:06:00,242.02,242.06,242.02,242.06,217824.17,9
ICFFUT,09/09/2024 09:12:00,241.77,241.77,241.77,241.77,24177.14,1
ICFFUT,09/09/2024 09:16:00,241.85,241.85,241.85,241.85,24185.35,1
ICFFUT,09/09/2024 09:24:00,241.52,241.85,241.52,241.85,72506.77,3
ICFFUT,09/09/2024 10:31:00,242.84,242.84,242.84,242.84,48567.79,2
ICFFUT,09/09/2024 10:38:00,241.98,241.98,241.98,241.98,24197.67,1
ICFFUT,09/09/2024 10:42:00,243.09,243.09,243.09,243.09,48617.07,2
ICFFUT,09/09/2024 11:49:00,243.74,243.74,243.74,243.74,24374.23,1
ICFFUT,09/09/2024 11:53:00,243.91,243.91,243.91,243.91,24390.66,1
ICFFUT,09/09/2024 12:01:00,243.91,243.91,243.82,243.91,73163.76,3
ICFFUT,09/09/2024 12:30:00,244.32,244.32,244.32,244.32,24431.72,1
ICFFUT,09/09/2024 12:51:00,244.32,244.32,244.32,244.32,48863.44,2
ICFFUT,09/09/2024 12:58:00,244.48,244.48,244.48,244.48,97792.58,4
ICFFUT,09/09/2024 13:00:00,244.81,244.81,244.81,244.81,24480.99,1
ICFFUT,09/09/2024 13:14:00,244.81,244.81,244.81,244.81,24480.99,1
ICFFUT,09/09/2024 13:22:00,245.02,245.1,245.02,245.1,49011.26,2
ICFFUT,09/09/2024 13:29:00,244.93,244.93,244.93,244.93,24493.31,1
ICFFUT,09/09/2024 13:52:00,244.81,244.81,244.81,244.81,24480.99,1
ICFFUT,09/10/2024 09:00:00,245.14,245.96,245.14,245.96,122840.22,5
ICFFUT,09/10/2024 09:01:00,246.16,246.16,246.16,246.16,24616.5,1
ICFFUT,09/10/2024 09:02:00,246.16,246.37,246.16,246.37,246296.37,10
ICFFUT,09/10/2024 09:04:00,246.37,246.37,245.88,245.96,147674.34,6
ICFFUT,09/10/2024 09:24:00,248.42,248.42,248.05,248.42,397247.44,16
ICFFUT,09/10/2024 09:26:00,248.3,248.3,248.14,248.14,124121.35,5
ICFFUT,09/10/2024 09:32:00,248.67,248.83,248.67,248.83,223905.41,9
ICFFUT,09/10/2024 10:31:00,245.22,245.26,245.22,245.26,49048.22,2
ICFFUT,09/10/2024 10:32:00,245.3,245.3,244.97,244.97,49027.69,2
ICFFUT,09/10/2024 10:33:00,245.14,245.14,245.14,245.14,73541.53,3
ICFFUT,09/10/2024 10:36:00,245.51,245.55,245.51,245.55,220969.5,9
ICFFUT,09/10/2024 10:46:00,244.77,244.77,244.73,244.73,171313.57,7
ICFFUT,09/10/2024 10:51:00,244.56,244.56,244.56,244.56,24456.36,1
ICFFUT,09/10/2024 10:57:00,244.24,244.24,244.24,244.24,146541.04,6
ICFFUT,09/10/2024 10:58:00,244.07,244.07,244.07,244.07,24407.08,1
ICFFUT,09/10/2024 11:00:00,243.91,243.91,243.91,243.91,97562.63,4
ICFFUT,09/10/2024 11:04:00,244.32,244.32,244.32,244.32,24431.72,1
ICFFUT,09/10/2024 11:11:00,244.32,244.56,244.32,244.56,97796.68,4
ICFFUT,09/10/2024 11:18:00,245.14,245.14,245.14,245.14,24513.84,1
ICFFUT,09/10/2024 11:19:00,245.34,245.55,245.34,245.55,73635.97,3
ICFFUT,09/10/2024 11:20:00,245.59,245.59,245.34,245.34,49093.38,2
ICFFUT,09/10/2024 11:25:00,244.97,244.97,244.97,244.97,24497.42,1
ICFFUT,09/10/2024 11:27:00,245.34,245.34,245.34,245.34,24534.37,1
ICFFUT,09/10/2024 11:34:00,244.93,244.93,244.93,244.93,24493.31,1
ICFFUT,09/10/2024 13:38:00,245.55,245.71,245.55,245.71,98268.89,4
ICFFUT,09/10/2024 14:30:00,245.55,245.55,245.55,245.55,122774.52,5
ICFFUT,09/10/2024 14:34:00,245.55,245.55,245.55,245.55,24554.9,1
ICFFUT,09/11/2024 09:00:00,242.31,242.31,242.26,242.26,145374.89,6
ICFFUT,09/11/2024 09:03:00,242.59,242.59,242.26,242.26,72728.51,3
ICFFUT,09/11/2024 09:04:00,242.47,242.47,242.47,242.47,24246.94,1
ICFFUT,09/11/2024 09:10:00,241.85,241.85,241.85,241.85,24185.35,1
ICFFUT,09/11/2024 10:11:00,243.41,243.5,242.96,242.96,656654.81,27
ICFFUT,09/11/2024 10:44:00,243.95,243.95,243.95,243.95,24394.76,1
ICFFUT,09/11/2024 11:01:00,243.74,243.74,243.74,243.74,24374.23,1
ICFFUT,09/11/2024 11:07:00,243.58,243.58,243.58,243.58,24357.81,1
ICFFUT,09/11/2024 11:30:00,243.82,243.82,243.82,243.82,24382.45,1
ICFFUT,09/11/2024 11:33:00,243.41,243.41,243.41,243.41,24341.38,1
ICFFUT,09/11/2024 13:00:00,244.73,244.73,244.73,244.73,24472.78,1
ICFFUT,09/11/2024 13:06:00,244.97,244.97,244.97,244.97,24497.42,1
ICFFUT,09/11/2024 13:19:00,245.3,245.38,245.3,245.38,171748.83,7
ICFFUT,09/11/2024 13:46:00,245.38,245.38,245.38,245.38,24538.48,1
ICFFUT,09/11/2024 14:41:00,244.32,244.32,244.32,244.32,73295.16,3
ICFFUT,09/12/2024 09:03:00,246.95,246.95,246.95,246.95,24694.51,1
ICFFUT,09/12/2024 09:05:00,246.78,246.82,246.62,246.62,123345.28,5
ICFFUT,09/12/2024 09:06:00,246.62,246.62,246.37,246.49,246493.46,10
ICFFUT,09/12/2024 09:21:00,245.67,245.67,245.63,245.63,73693.46,3
ICFFUT,09/12/2024 10:47:00,246.25,246.25,246.25,246.25,24624.71,1
ICFFUT,09/12/2024 11:16:00,247.19,247.19,247.19,247.19,74157.45,3
ICFFUT,09/12/2024 11:18:00,247.19,247.19,247.19,247.19,49438.3,2
ICFFUT,09/12/2024 11:31:00,245.75,245.84,245.63,245.63,196578.84,8
ICFFUT,09/12/2024 12:20:00,245.96,245.96,245.96,245.96,73787.9,3
ICFFUT,09/12/2024 12:39:00,246.21,246.21,246.21,246.21,295447.24,12
ICFFUT,09/12/2024 12:52:00,246.25,246.25,246.25,246.25,123123.55,5
ICFFUT,09/12/2024 13:05:00,246.37,246.37,246.37,246.37,24637.03,1
ICFFUT,09/12/2024 13:10:00,246.66,246.7,246.66,246.7,49335.65,2
ICFFUT,09/12/2024 13:13:00,246.74,246.74,246.74,246.74,24673.98,1
ICFFUT,09/12/2024 13:15:00,246.78,246.78,246.78,246.78,123390.45,5
ICFFUT,09/12/2024 13:19:00,246.45,246.45,246.45,246.45,24645.24,1
ICFFUT,09/12/2024 13:29:00,246.62,246.74,246.62,246.7,98667.19,4
ICFFUT,09/12/2024 13:30:00,246.7,246.7,246.7,246.7,24669.88,1
ICFFUT,09/12/2024 13:39:00,246.9,246.9,246.9,246.9,24690.41,1
ICFFUT,09/12/2024 13:42:00,246.86,246.86,246.86,246.86,148117.81,6
ICFFUT,09/12/2024 13:43:00,247.07,247.11,247.07,247.11,123546.48,5
ICFFUT,09/12/2024 13:45:00,247.03,247.03,247.03,247.03,24702.73,1
ICFFUT,09/12/2024 14:04:00,246.49,246.49,246.37,246.37,271081.22,11
ICFFUT,09/12/2024 14:05:00,246.7,246.7,246.7,246.7,24669.88,1
ICFFUT,09/12/2024 14:06:00,246.78,246.78,246.78,246.78,49356.18,2
ICFFUT,09/12/2024 14:17:00,246.45,246.45,246.37,246.37,221770.21,9
ICFFUT,09/13/2024 09:02:00,249.41,249.49,249.2,249.24,199444.95,8
ICFFUT,09/13/2024 09:05:00,249.45,249.45,249.24,249.24,124700.32,5
ICFFUT,09/13/2024 09:07:00,249.61,249.74,249.61,249.66,174762.76,7
ICFFUT,09/13/2024 09:10:00,249.66,249.7,249.61,249.61,149797.24,6
ICFFUT,09/13/2024 09:12:00,249.66,249.66,249.66,249.66,99862.09,4
ICFFUT,09/13/2024 09:13:00,249.66,249.66,249.66,249.66,24965.52,1
ICFFUT,09/13/2024 09:16:00,249.41,249.41,249.41,249.41,24940.88,1
ICFFUT,09/13/2024 09:17:00,249.41,249.66,249.41,249.66,149669.94,6
ICFFUT,09/13/2024 09:18:00,249.78,250.07,249.78,250.07,325015.78,13
ICFFUT,09/13/2024 09:20:00,249.74,249.82,249.74,249.82,74937.63,3
ICFFUT,09/13/2024 09:21:00,249.9,249.94,249.9,249.9,399850.75,16
ICFFUT,09/13/2024 09:23:00,249.86,249.9,249.86,249.9,124946.69,5
ICFFUT,09/13/2024 09:24:00,249.9,249.9,249.9,249.9,24990.16,1
ICFFUT,09/13/2024 09:25:00,250.02,250.07,249.9,250.07,149969.69,6
ICFFUT,09/13/2024 09:37:00,248.83,248.83,248.83,248.83,24883.4,1
ICFFUT,09/13/2024 09:54:00,248.51,248.51,248.46,248.46,49696.99,2
ICFFUT,09/13/2024 10:27:00,249.24,249.41,249.24,249.41,274333.3,11
ICFFUT,09/13/2024 10:30:00,249.12,249.12,248.83,249.0,273840.56,11
ICFFUT,09/13/2024 10:32:00,248.63,248.63,248.63,248.63,24862.87,1
ICFFUT,09/13/2024 10:37:00,248.51,248.51,248.51,248.51,24850.55,1
ICFFUT,09/13/2024 10:39:00,248.59,248.59,248.59,248.59,49717.52,2
ICFFUT,09/13/2024 10:41:00,248.83,248.83,248.83,248.83,74650.19,3
ICFFUT,09/13/2024 10:42:00,248.79,248.79,248.79,248.79,24879.29,1
ICFFUT,09/13/2024 10:44:00,248.83,248.83,248.83,248.83,24883.4,1
ICFFUT,09/13/2024 10:51:00,248.83,248.92,248.79,248.79,174208.42,7
ICFFUT,09/13/2024 10:53:00,248.83,248.83,248.83,248.83,149300.39,6
ICFFUT,09/13/2024 11:12:00,249.49,249.49,249.49,249.49,24949.1,1
ICFFUT,09/13/2024 11:21:00,249.08,249.08,249.08,249.08,24908.04,1
ICFFUT,09/13/2024 11:31:00,249.57,249.61,249.57,249.61,74880.14,3
ICFFUT,09/13/2024 11:43:00,250.93,251.38,250.93,251.34,477260.29,19
ICFFUT,09/13/2024 12:18:00,251.09,251.63,251.09,251.34,477617.53,19
ICFFUT,09/13/2024 12:22:00,251.3,251.54,251.3,251.54,75434.47,3
ICFFUT,09/13/2024 12:25:00,251.91,251.91,251.91,251.91,25191.36,1
ICFFUT,09/13/2024 12:51:00,251.71,251.71,251.71,251.71,50341.66,2
ICFFUT,09/13/2024 12:53:00,251.71,251.71,251.71,251.71,75512.49,3
ICFFUT,09/13/2024 13:20:00,252.12,252.12,252.12,252.12,25211.89,1
ICFFUT,09/13/2024 14:09:00,251.67,251.71,251.54,251.54,125800.77,5
ICFFUT,09/13/2024 14:14:00,251.38,251.38,251.3,251.3,75401.62,3
ICFFUT,09/13/2024 14:49:00,251.71,251.71,251.71,251.71,25170.83,1
ICFFUT,09/13/2024 14:59:00,251.22,251.22,251.09,251.09,75340.03,3
ICFFUT,09/16/2024 09:13:00,257.91,257.91,257.91,257.91,25790.86,1
ICFFUT,09/16/2024 09:14:00,257.7,257.7,257.7,257.7,128851.66,5
ICFFUT,09/16/2024 09:15:00,257.87,257.87,257.87,257.87,128933.78,5
ICFFUT,09/16/2024 09:25:00,256.76,256.76,256.55,256.55,76986.61,3
ICFFUT,09/16/2024 09:26:00,256.39,256.39,256.39,256.39,25638.93,1
ICFFUT,09/16/2024 09:28:00,256.27,256.64,256.06,256.06,384366.38,15
ICFFUT,09/16/2024 10:34:00,257.01,257.01,257.01,257.01,25700.53,1
ICFFUT,09/16/2024 10:46:00,257.87,257.99,257.87,257.99,51585.83,2
ICFFUT,09/16/2024 11:39:00,255.53,255.53,255.24,255.24,76604.73,3
ICFFUT,09/16/2024 11:40:00,255.24,255.24,255.24,255.24,51047.92,2
ICFFUT,09/16/2024 12:26:00,253.19,253.27,253.19,253.27,151928.34,6
ICFFUT,09/16/2024 13:13:00,253.76,253.76,253.76,253.76,25376.14,1
ICFFUT,09/16/2024 13:24:00,250.6,250.8,250.48,250.8,275692.45,11
ICFFUT,09/16/2024 13:29:00,250.89,250.89,250.89,250.89,25088.71,1
ICFFUT,09/16/2024 14:51:00,251.71,251.71,251.71,251.71,125854.15,5
ICFFUT,09/17/2024 09:13:00,250.6,250.64,250.6,250.64,50124.03,2
ICFFUT,09/17/2024 09:20:00,250.48,250.48,250.23,250.23,50070.65,2
ICFFUT,09/17/2024 09:21:00,250.85,250.85,250.85,250.85,75253.8,3
ICFFUT,09/17/2024 09:29:00,250.89,250.89,250.89,250.89,200709.65,8
ICFFUT,09/17/2024 09:31:00,251.71,251.71,251.71,251.71,226537.47,9
ICFFUT,09/17/2024 09:53:00,254.99,255.4,254.99,255.4,229764.92,9
ICFFUT,09/17/2024 10:30:00,254.99,254.99,254.99,254.99,25499.32,1
ICFFUT,09/17/2024 10:35:00,255.4,255.44,255.4,255.44,51084.88,2
ICFFUT,09/17/2024 10:48:00,256.8,256.8,256.8,256.8,179759.97,7
ICFFUT,09/17/2024 10:55:00,257.01,257.01,256.96,256.96,154190.84,6
ICFFUT,09/17/2024 11:03:00,257.05,257.05,257.05,257.05,25704.63,1
ICFFUT,09/17/2024 11:29:00,257.5,257.5,257.5,257.5,25749.8,1
ICFFUT,09/17/2024 12:03:00,256.8,256.8,256.8,256.8,77039.99,3
ICFFUT,09/17/2024 12:07:00,256.43,256.43,255.98,255.98,179246.7,7
ICFFUT,09/17/2024 14:22:00,257.13,257.13,257.13,257.13,25712.84,1
ICFFUT,09/18/2024 09:00:00,255.49,255.69,255.49,255.69,153312.12,6
ICFFUT,09/18/2024 09:02:00,256.02,256.06,256.02,256.06,51208.06,2
ICFFUT,09/18/2024 09:03:00,256.02,256.02,255.86,255.86,127956.51,5
ICFFUT,09/18/2024 09:05:00,255.94,255.94,255.94,255.94,51187.53,2
ICFFUT,09/18/2024 09:13:00,255.65,255.65,255.57,255.57,51121.83,2
ICFFUT,09/18/2024 09:24:00,255.49,255.49,255.49,255.49,51097.2,2
ICFFUT,09/18/2024 09:33:00,254.87,254.87,254.83,254.83,127418.6,5
ICFFUT,09/18/2024 09:34:00,254.75,254.75,254.75,254.75,76424.06,3
ICFFUT,09/18/2024 09:35:00,254.62,254.75,254.58,254.75,178248.9,7
ICFFUT,09/18/2024 09:40:00,254.99,254.99,254.62,254.62,101960.34,4
ICFFUT,09/18/2024 10:43:00,254.66,254.66,254.58,254.58,458277.46,18
ICFFUT,09/18/2024 10:46:00,254.58,254.58,254.58,254.58,305499.14,12
ICFFUT,09/18/2024 11:15:00,254.99,255.12,254.99,255.12,280541.84,11
ICFFUT,09/18/2024 12:03:00,255.94,255.94,255.86,255.86,51179.32,2
ICFFUT,09/18/2024 12:04:00,255.77,255.77,255.77,255.77,51154.68,2
ICFFUT,09/18/2024 12:06:00,255.73,255.73,255.65,255.65,76711.49,3
ICFFUT,09/18/2024 12:09:00,255.77,255.77,255.65,255.65,127849.75,5
ICFFUT,09/18/2024 12:50:00,255.86,255.86,255.86,255.86,51171.11,2
ICFFUT,09/18/2024 13:28:00,256.23,256.23,256.23,256.23,25622.51,1
ICFFUT,09/18/2024 13:29:00,256.23,256.23,256.23,256.23,51245.02,2
ICFFUT,09/19/2024 09:02:00,253.76,253.76,253.6,253.6,126864.27,5
ICFFUT,09/19/2024 09:05:00,254.13,254.13,254.13,254.13,50826.19,2
ICFFUT,09/19/2024 09:28:00,254.17,254.17,254.17,254.17,25417.2,1
ICFFUT,09/19/2024 10:58:00,255.4,255.4,255.4,255.4,25540.39,1
ICFFUT,09/19/2024 11:01:00,255.73,255.73,255.73,255.73,25573.23,1
ICFFUT,09/19/2024 11:21:00,255.73,255.73,255.73,255.73,51146.47,2
ICFFUT,09/19/2024 11:34:00,256.18,256.43,256.18,256.23,204996.5,8
ICFFUT,09/19/2024 11:43:00,255.81,255.81,255.81,255.81,76744.34,3
ICFFUT,09/20/2024 09:02:00,252.78,252.94,252.53,252.78,328571.72,13
ICFFUT,09/20/2024 09:07:00,252.57,252.57,252.53,252.53,126268.87,5
ICFFUT,09/20/2024 09:18:00,253.02,253.02,252.94,252.94,177066.32,7
ICFFUT,09/20/2024 09:37:00,252.28,252.53,252.28,252.53,277745.53,11
ICFFUT,09/20/2024 09:42:00,252.24,252.24,252.24,252.24,75672.63,3
ICFFUT,09/20/2024 09:47:00,252.78,252.78,252.78,252.78,25277.59,1
ICFFUT,09/20/2024 10:02:00,253.68,253.68,253.68,253.68,25367.93,1
ICFFUT,09/20/2024 10:33:00,253.27,253.27,253.27,253.27,50653.73,2
ICFFUT,09/20/2024 10:35:00,253.19,253.19,252.94,252.94,75906.68,3
ICFFUT,09/20/2024 10:36:00,253.02,253.35,253.02,253.35,50637.3,2
ICFFUT,09/20/2024 10:52:00,252.69,252.69,252.2,252.2,277774.28,11
ICFFUT,09/20/2024 10:56:00,252.12,252.12,252.12,252.12,75635.68,3
ICFFUT,09/20/2024 11:08:00,251.71,251.91,251.71,251.91,75541.23,3
ICFFUT,09/20/2024 11:10:00,251.71,251.71,251.71,251.71,25170.83,1
ICFFUT,09/20/2024 11:20:00,250.68,250.68,250.68,250.68,25068.18,1
ICFFUT,09/20/2024 11:26:00,250.89,250.89,250.89,250.89,25088.71,1
ICFFUT,09/20/2024 12:28:00,248.34,248.34,248.26,248.34,223478.37,9
ICFFUT,09/20/2024 12:34:00,248.22,248.22,247.97,247.97,1141039.3,46
ICFFUT,09/20/2024 13:47:00,249.9,249.9,249.9,249.9,24990.16,1
ICFFUT,09/20/2024 13:51:00,249.45,249.45,249.45,249.45,24944.99,1
ICFFUT,09/20/2024 14:28:00,249.66,249.66,249.66,249.66,24965.52,1
ICFFUT,09/23/2024 09:04:00,254.83,254.99,254.58,254.58,305757.83,12
ICFFUT,09/23/2024 09:15:00,255.32,255.4,255.16,255.16,76588.31,3
ICFFUT,09/23/2024 09:17:00,255.36,255.36,255.36,255.36,25536.28,1
ICFFUT,09/23/2024 09:18:00,255.32,255.77,255.32,255.4,229933.27,9
ICFFUT,09/23/2024 09:20:00,255.2,255.2,254.99,254.99,51019.18,2
ICFFUT,09/23/2024 09:22:00,254.75,254.75,254.75,254.75,50949.37,2
ICFFUT,09/23/2024 09:25:00,255.28,255.4,255.28,255.4,153229.99,6
ICFFUT,09/23/2024 09:32:00,254.58,254.58,254.58,254.58,25458.26,1
ICFFUT,09/23/2024 09:36:00,254.83,254.83,254.83,254.83,50965.8,2
ICFFUT,09/23/2024 09:55:00,253.64,253.64,253.64,253.64,152182.92,6
ICFFUT,09/23/2024 10:30:00,255.24,255.24,255.24,255.24,76571.88,3
ICFFUT,09/23/2024 10:31:00,255.24,255.24,255.24,255.24,76571.88,3
ICFFUT,09/23/2024 10:33:00,255.08,255.08,254.99,254.99,127504.83,5
ICFFUT,09/23/2024 10:35:00,255.69,255.69,255.69,255.69,25569.13,1
ICFFUT,09/23/2024 10:38:00,255.69,255.77,255.69,255.77,76719.7,3
ICFFUT,09/23/2024 10:41:00,255.4,255.94,255.4,255.9,230134.48,9
ICFFUT,09/23/2024 10:42:00,255.86,255.86,255.69,255.81,102317.58,4
ICFFUT,09/23/2024 10:45:00,255.81,256.23,255.81,256.23,640234.23,25
ICFFUT,09/23/2024 10:48:00,255.98,255.98,255.98,255.98,25597.87,1
ICFFUT,09/23/2024 10:49:00,256.1,256.14,256.1,256.14,51224.49,2
ICFFUT,09/23/2024 10:50:00,256.23,256.23,256.23,256.23,230602.58,9
ICFFUT,09/23/2024 10:51:00,255.86,255.86,255.86,255.86,25585.55,1
ICFFUT,09/23/2024 10:53:00,255.73,255.73,255.57,255.57,102260.09,4
ICFFUT,09/23/2024 11:02:00,255.4,255.4,255.4,255.4,25540.39,1
ICFFUT,09/23/2024 11:08:00,256.02,256.02,256.02,256.02,25601.98,1
ICFFUT,09/23/2024 11:09:00,255.57,255.69,255.57,255.69,51125.94,2
ICFFUT,09/23/2024 11:10:00,256.02,256.02,255.81,255.81,127927.77,5
ICFFUT,09/23/2024 11:14:00,256.1,256.14,256.1,256.14,51224.49,2
ICFFUT,09/23/2024 11:21:00,256.14,256.14,256.14,256.14,25614.3,1
ICFFUT,09/23/2024 11:22:00,255.94,256.14,255.9,256.14,153615.97,6
ICFFUT,09/23/2024 11:23:00,256.14,256.39,255.81,255.81,563658.24,22
ICFFUT,09/23/2024 11:27:00,255.81,255.81,255.81,255.81,153488.68,6
ICFFUT,09/23/2024 11:28:00,255.77,255.77,255.77,255.77,25577.34,1
ICFFUT,09/23/2024 11:44:00,256.14,256.14,256.14,256.14,25614.3,1
ICFFUT,09/23/2024 12:20:00,256.84,256.92,256.84,256.92,256914.93,10
ICFFUT,09/23/2024 12:27:00,257.05,257.21,257.05,257.21,77146.75,3
ICFFUT,09/23/2024 12:35:00,257.54,257.7,257.54,257.7,360739.47,14
ICFFUT,09/23/2024 12:47:00,257.46,257.46,257.46,257.46,51491.39,2
ICFFUT,09/23/2024 12:50:00,257.46,257.46,257.29,257.29,231678.4,9
ICFFUT,09/23/2024 13:08:00,257.17,257.17,257.17,257.17,25716.95,1
ICFFUT,09/23/2024 13:09:00,257.05,257.05,257.05,257.05,25704.63,1
ICFFUT,09/23/2024 14:04:00,257.54,257.54,257.37,257.37,51491.39,2
ICFFUT,09/23/2024 14:09:00,257.54,257.54,257.54,257.54,25753.91,1
ICFFUT,09/23/2024 14:13:00,257.37,257.37,257.37,257.37,25737.48,1
ICFFUT,09/23/2024 14:17:00,257.46,257.46,257.46,257.46,25745.69,1
ICFFUT,09/23/2024 14:50:00,257.54,257.54,257.54,257.54,25753.91,1
ICFFUT,09/23/2024 14:52:00,257.21,257.21,257.21,257.21,77163.17,3
ICFFUT,09/24/2024 09:00:00,261.65,262.01,260.95,262.01,314019.45,12
ICFFUT,09/24/2024 09:01:00,262.06,262.06,261.32,261.56,183283.06,7
ICFFUT,09/24/2024 09:02:00,261.77,262.06,261.32,261.44,471207.79,18
ICFFUT,09/24/2024 09:03:00,261.44,261.44,260.87,261.15,130568.03,5
ICFFUT,09/24/2024 09:04:00,260.78,261.15,260.33,261.03,678733.69,26
ICFFUT,09/24/2024 09:05:00,261.03,261.15,260.99,261.15,156658.65,6
ICFFUT,09/24/2024 09:07:00,261.56,261.56,261.15,261.23,182901.19,7
ICFFUT,09/24/2024 09:08:00,261.4,261.6,261.15,261.15,130715.86,5
ICFFUT,09/24/2024 09:14:00,260.58,260.58,260.5,260.5,52107.31,2
ICFFUT,09/24/2024 09:16:00,261.15,261.23,260.99,260.99,78337.54,3
ICFFUT,09/24/2024 09:18:00,261.03,261.03,261.03,261.03,26102.93,1
ICFFUT,09/24/2024 09:20:00,261.15,261.4,261.15,261.4,182909.4,7
ICFFUT,09/24/2024 09:33:00,262.22,262.55,262.22,262.55,314935.13,12
ICFFUT,09/24/2024 09:34:00,262.3,262.3,262.3,262.3,26230.22,1
ICFFUT,09/24/2024 09:39:00,262.38,262.38,262.38,262.38,26238.43,1
ICFFUT,09/24/2024 09:44:00,261.97,261.97,261.69,261.69,52366.0,2
ICFFUT,09/24/2024 09:46:00,262.18,262.18,262.18,262.18,26217.9,1
ICFFUT,09/24/2024 09:50:00,262.75,262.79,262.75,262.79,289070.35,11
ICFFUT,09/24/2024 09:51:00,262.92,263.21,262.92,263.21,78912.4,3
ICFFUT,09/24/2024 09:53:00,262.47,262.47,262.47,262.47,26246.65,1
ICFFUT,09/24/2024 09:55:00,262.47,262.47,262.47,262.47,26246.65,1
ICFFUT,09/24/2024 10:17:00,262.51,262.55,262.51,262.51,131266.08,5
ICFFUT,09/24/2024 10:30:00,262.79,262.84,262.79,262.84,341666.3,13
ICFFUT,09/24/2024 10:32:00,262.3,262.3,262.3,262.3,52460.44,2
ICFFUT,09/24/2024 10:35:00,260.82,260.82,260.7,260.78,104309.07,4
ICFFUT,09/24/2024 10:40:00,260.33,260.33,260.33,260.33,26033.13,1
ICFFUT,09/24/2024 10:41:00,260.5,260.5,260.33,260.33,156215.18,6
ICFFUT,09/24/2024 10:43:00,260.0,260.0,259.51,259.51,571271.08,22
ICFFUT,09/24/2024 10:44:00,259.35,260.13,259.35,260.13,389310.21,15
ICFFUT,09/24/2024 10:45:00,260.08,260.62,260.08,260.62,208195.2,8
ICFFUT,09/24/2024 10:46:00,260.37,260.37,260.33,260.33,130169.74,5
ICFFUT,09/24/2024 10:47:00,260.33,260.33,260.33,260.33,156198.76,6
ICFFUT,09/24/2024 10:54:00,260.54,260.54,260.54,260.54,26053.66,1
ICFFUT,09/24/2024 11:02:00,261.07,261.23,261.07,261.23,261193.56,10
ICFFUT,09/24/2024 11:06:00,261.23,261.4,261.23,261.4,156822.89,6
ICFFUT,09/24/2024 11:14:00,261.15,261.15,261.15,261.15,26115.25,1
ICFFUT,09/24/2024 11:15:00,261.23,261.28,261.23,261.28,78374.49,3
ICFFUT,09/24/2024 11:18:00,261.36,261.36,261.36,261.36,52271.56,2
ICFFUT,09/24/2024 11:20:00,261.4,261.6,261.4,261.6,52300.3,2
ICFFUT,09/24/2024 11:34:00,260.5,260.5,260.5,260.5,52099.1,2
ICFFUT,09/24/2024 11:38:00,260.87,260.87,260.87,260.87,26086.51,1
ICFFUT,09/24/2024 12:00:00,260.74,260.87,260.74,260.87,52160.69,2
ICFFUT,09/24/2024 12:18:00,261.44,261.44,261.44,261.44,52287.99,2
ICFFUT,09/24/2024 12:21:00,261.4,261.4,261.4,261.4,26139.89,1
ICFFUT,09/24/2024 12:33:00,261.89,261.89,261.89,261.89,78567.48,3
ICFFUT,09/24/2024 12:37:00,261.89,261.89,261.85,261.85,157114.43,6
ICFFUT,09/24/2024 13:08:00,261.23,261.23,261.23,261.23,26123.46,1
ICFFUT,09/24/2024 13:31:00,260.25,260.33,260.25,260.33,52058.04,2
ICFFUT,09/24/2024 13:35:00,258.89,258.89,258.73,258.73,51762.4,2
ICFFUT,09/24/2024 14:14:00,259.3,259.3,259.3,259.3,25930.47,1
ICFFUT,09/24/2024 14:30:00,259.51,259.51,259.51,259.51,77853.01,3
ICFFUT,09/24/2024 14:33:00,259.51,259.51,259.51,259.51,25951.0,1
ICFFUT,09/25/2024 09:00:00,258.77,258.77,258.77,258.77,25877.09,1
ICFFUT,09/25/2024 09:16:00,260.87,260.87,260.87,260.87,78259.52,3
ICFFUT,09/25/2024 09:19:00,260.82,260.82,260.82,260.82,26082.4,1
ICFFUT,09/25/2024 10:35:00,260.74,260.74,260.33,260.33,182424.87,7
ICFFUT,09/25/2024 10:37:00,259.55,259.55,259.51,259.51,129763.23,5
ICFFUT,09/25/2024 10:38:00,260.33,260.33,260.33,260.33,26033.13,1
ICFFUT,09/25/2024 10:39:00,260.37,260.37,260.37,260.37,52074.46,2
ICFFUT,09/25/2024 11:07:00,260.37,260.37,260.33,260.33,234302.24,9
ICFFUT,09/25/2024 11:08:00,260.33,260.33,259.92,259.92,285953.77,11
ICFFUT,09/25/2024 11:14:00,258.69,258.69,258.69,258.69,25868.88,1
ICFFUT,09/25/2024 11:17:00,259.22,259.22,259.22,259.22,51844.52,2
ICFFUT,09/25/2024 11:19:00,259.47,259.47,259.3,259.3,155599.26,6
ICFFUT,09/25/2024 11:26:00,259.51,259.51,259.51,259.51,25951.0,1
ICFFUT,09/25/2024 11:42:00,260.82,260.99,260.82,260.99,52181.22,2
ICFFUT,09/25/2024 12:16:00,261.65,261.65,261.65,261.65,26164.52,1
ICFFUT,09/25/2024 13:33:00,262.38,262.38,262.38,262.38,183669.04,7
ICFFUT,09/25/2024 13:42:00,262.38,262.51,262.38,262.38,104966.06,4
ICFFUT,09/25/2024 13:52:00,262.75,262.79,262.75,262.79,262790.86,10
ICFFUT,09/25/2024 14:25:00,262.22,262.22,262.1,262.1,157282.79,6
ICFFUT,09/25/2024 14:26:00,262.01,262.01,262.01,262.01,52402.96,2
ICFFUT,09/25/2024 14:30:00,262.01,262.01,262.01,262.01,52402.96,2
ICFFUT,09/25/2024 14:56:00,262.06,262.06,262.06,262.06,26205.59,1
ICFFUT,09/25/2024 14:59:00,262.22,262.51,262.22,262.22,393613.47,15
ICFFUT,09/26/2024 09:02:00,264.48,264.68,264.48,264.68,52916.23,2
ICFFUT,09/26/2024 09:04:00,264.44,264.64,264.44,264.64,52908.02,2
ICFFUT,09/26/2024 09:11:00,264.31,264.31,263.62,263.62,897206.64,34
ICFFUT,09/26/2024 09:23:00,264.27,264.27,264.27,264.27,26427.32,1
ICFFUT,09/26/2024 09:33:00,263.94,263.94,263.94,263.94,26394.47,1
ICFFUT,09/26/2024 09:40:00,263.62,263.62,263.62,263.62,26361.62,1
ICFFUT,09/26/2024 09:44:00,263.58,263.58,263.58,263.58,26357.51,1
ICFFUT,09/26/2024 10:15:00,264.85,264.85,264.77,264.77,52961.4,2
ICFFUT,09/26/2024 10:17:00,264.85,264.85,264.85,264.85,26484.8,1
ICFFUT,09/26/2024 10:21:00,264.85,264.85,264.85,264.85,26484.8,1
ICFFUT,09/26/2024 10:24:00,265.09,265.71,265.09,265.67,1061338.52,40
ICFFUT,09/26/2024 10:25:00,265.51,265.51,265.51,265.51,26550.5,1
ICFFUT,09/26/2024 10:30:00,266.08,266.08,265.96,265.96,106415.54,4
ICFFUT,09/26/2024 10:32:00,265.75,265.75,265.67,265.67,79717.21,3
ICFFUT,09/26/2024 10:39:00,266.49,266.49,266.49,266.49,26649.05,1
ICFFUT,09/26/2024 10:40:00,266.49,266.49,266.45,266.45,79943.05,3
ICFFUT,09/26/2024 10:44:00,266.9,266.9,266.74,266.74,266884.71,10
ICFFUT,09/26/2024 11:10:00,266.49,266.49,266.49,266.49,26649.05,1
ICFFUT,09/26/2024 11:11:00,266.57,266.57,266.57,266.57,53314.53,2
ICFFUT,09/26/2024 11:15:00,266.12,266.12,266.12,266.12,53224.19,2
ICFFUT,09/26/2024 11:20:00,265.75,265.75,265.67,265.67,53142.07,2
ICFFUT,09/26/2024 11:21:00,265.67,265.67,265.67,265.67,26566.93,1
ICFFUT,09/26/2024 11:38:00,266.49,266.49,266.29,266.29,53277.57,2
ICFFUT,09/26/2024 11:41:00,267.02,267.02,266.9,266.9,53392.55,2
ICFFUT,09/26/2024 11:59:00,266.49,266.49,266.49,266.49,26649.05,1
ICFFUT,09/26/2024 12:03:00,266.57,266.57,266.57,266.57,53314.53,2
ICFFUT,09/26/2024 12:04:00,266.57,266.57,266.08,266.08,399567.42,15
ICFFUT,09/26/2024 12:16:00,266.2,266.2,266.2,266.2,26620.31,1
ICFFUT,09/26/2024 12:17:00,266.08,266.08,266.08,266.08,26607.99,1
ICFFUT,09/26/2024 12:34:00,266.86,266.9,266.86,266.9,186826.69,7
ICFFUT,09/26/2024 12:35:00,266.9,266.9,266.9,266.9,186830.79,7
ICFFUT,09/26/2024 12:37:00,266.9,266.9,266.9,266.9,26690.11,1
ICFFUT,09/26/2024 13:12:00,266.08,266.08,266.08,266.08,26607.99,1
ICFFUT,09/26/2024 13:13:00,266.08,266.08,266.08,266.08,266079.9,10
ICFFUT,09/26/2024 13:14:00,266.08,266.08,266.08,266.08,186255.93,7
ICFFUT,09/26/2024 13:18:00,266.08,266.08,266.08,266.08,79823.97,3
ICFFUT,09/26/2024 13:22:00,266.08,266.08,266.08,266.08,26607.99,1
ICFFUT,09/27/2024 09:08:00,263.58,263.62,263.58,263.62,52719.13,2
ICFFUT,09/27/2024 09:23:00,264.44,264.44,264.44,264.44,52887.49,2
ICFFUT,09/27/2024 11:18:00,264.15,264.48,264.15,264.48,237969.05,9
ICFFUT,09/27/2024 11:21:00,264.48,264.48,264.48,264.48,26447.85,1
ICFFUT,09/27/2024 11:28:00,264.07,264.07,264.07,264.07,26406.79,1
ICFFUT,09/27/2024 11:29:00,264.11,264.11,264.11,264.11,26410.89,1
ICFFUT,09/27/2024 11:40:00,263.53,263.53,263.45,263.45,79052.01,3
ICFFUT,09/27/2024 11:43:00,263.37,263.37,263.37,263.37,26336.98,1
ICFFUT,09/27/2024 11:45:00,263.49,263.58,263.49,263.58,79056.12,3
ICFFUT,09/27/2024 11:53:00,263.45,263.45,263.25,263.25,52669.86,2
ICFFUT,09/27/2024 11:59:00,263.45,263.45,263.12,263.45,105315.08,4
ICFFUT,09/27/2024 12:00:00,263.62,264.44,263.62,264.44,52805.36,2
ICFFUT,09/27/2024 12:11:00,263.29,263.29,263.29,263.29,26328.77,1
ICFFUT,09/27/2024 12:49:00,263.12,263.12,263.12,263.12,52624.69,2
ICFFUT,09/27/2024 12:50:00,262.84,262.84,262.01,262.01,131241.45,5
ICFFUT,09/27/2024 12:52:00,262.88,262.88,262.88,262.88,26287.71,1
ICFFUT,09/27/2024 12:53:00,262.38,262.38,262.38,262.38,104953.74,4
ICFFUT,09/27/2024 13:16:00,263.58,263.62,263.58,263.62,79080.75,3
ICFFUT,09/27/2024 13:23:00,263.62,263.62,263.62,263.62,79084.86,3
ICFFUT,09/27/2024 13:24:00,263.78,263.78,263.78,263.78,52756.09,2
ICFFUT,09/27/2024 13:25:00,264.03,264.11,264.03,264.11,79224.47,3
ICFFUT,09/27/2024 13:49:00,264.03,264.03,264.03,264.03,26402.68,1
ICFFUT,09/27/2024 13:50:00,264.03,264.03,264.03,264.03,26402.68,1
ICFFUT,09/27/2024 13:56:00,263.7,263.7,263.7,263.7,79109.5,3
ICFFUT,09/27/2024 14:19:00,264.6,264.6,264.6,264.6,105840.67,4
ICFFUT,09/27/2024 14:28:00,264.03,264.03,264.03,264.03,26402.68,1
ICFFUT,09/30/2024 09:04:00,262.43,262.43,262.38,262.38,52480.98,2
ICFFUT,09/30/2024 09:07:00,262.67,262.75,262.67,262.75,131360.53,5
ICFFUT,09/30/2024 09:09:00,263.04,263.21,263.04,263.21,131569.94,5
ICFFUT,09/30/2024 09:17:00,263.45,263.45,263.12,263.12,105323.29,4
ICFFUT,09/30/2024 09:33:00,262.79,262.79,262.67,262.67,52546.67,2
ICFFUT,09/30/2024 09:47:00,261.97,261.97,261.97,261.97,78592.12,3
ICFFUT,09/30/2024 10:06:00,262.01,262.01,262.01,262.01,26201.48,1
ICFFUT,09/30/2024 10:31:00,261.32,261.32,261.32,261.32,26131.67,1
ICFFUT,09/30/2024 10:58:00,262.51,262.51,262.51,262.51,26250.75,1
ICFFUT,09/30/2024 10:59:00,261.65,261.65,261.65,261.65,26164.52,1
ICFFUT,09/30/2024 11:05:00,262.59,262.59,262.59,262.59,26258.97,1
ICFFUT,09/30/2024 13:55:00,264.85,264.85,264.85,264.85,132424.02,5
ICFFUT,09/30/2024 13:59:00,265.38,265.38,265.38,265.38,26538.19,1
ICFFUT,09/30/2024 14:13:00,265.67,265.67,265.67,265.67,26566.93,1
ICFFUT,09/30/2024 14:14:00,265.67,265.87,265.67,265.87,53154.39,2
ICFFUT,09/30/2024 14:21:00,265.51,265.51,265.51,265.51,26550.5,1
ICFFUT,09/30/2024 14:56:00,265.42,265.75,265.3,265.75,212445.09,8
ICFFUT,10/01/2024 09:04:00,262.88,262.88,262.88,262.88,26287.71,1
ICFFUT,10/01/2024 09:07:00,263.62,263.62,263.62,263.62,26361.62,1
ICFFUT,10/01/2024 09:15:00,264.23,264.23,264.23,264.23,26423.21,1
ICFFUT,10/01/2024 09:19:00,264.23,264.23,264.03,264.03,158518.74,6
ICFFUT,10/01/2024 10:30:00,262.01,262.01,261.97,261.97,235788.67,9
ICFFUT,10/01/2024 10:32:00,262.38,262.38,262.38,262.38,131192.17,5
ICFFUT,10/01/2024 10:36:00,262.75,262.75,262.38,262.38,52513.82,2
ICFFUT,10/01/2024 10:57:00,258.94,259.1,258.94,259.1,310820.74,12
ICFFUT,10/01/2024 10:58:00,258.85,258.85,258.69,258.69,336332.38,13
ICFFUT,10/01/2024 11:00:00,258.28,258.28,257.87,257.87,51614.57,2
ICFFUT,10/01/2024 11:01:00,258.07,258.07,258.03,258.03,77413.65,3
ICFFUT,10/01/2024 11:02:00,258.03,258.03,258.03,258.03,25803.18,1
ICFFUT,10/01/2024 11:04:00,258.52,258.89,258.52,258.89,77618.96,3
ICFFUT,10/01/2024 11:06:00,258.4,258.4,258.4,258.4,129200.68,5
ICFFUT,10/01/2024 11:13:00,260.29,260.29,260.29,260.29,26029.02,1
ICFFUT,10/01/2024 11:14:00,259.8,259.8,259.8,259.8,25979.75,1
ICFFUT,10/01/2024 11:15:00,259.92,259.92,259.92,259.92,25992.06,1
ICFFUT,10/01/2024 11:23:00,260.04,260.33,260.04,260.33,182203.14,7
ICFFUT,10/01/2024 11:53:00,260.08,260.08,260.08,260.08,26008.49,1
ICFFUT,10/01/2024 11:55:00,260.33,260.33,260.33,260.33,52066.25,2
ICFFUT,10/01/2024 12:21:00,261.73,261.97,261.73,261.97,183315.91,7
ICFFUT,10/01/2024 12:41:00,262.06,262.06,262.06,262.06,78616.76,3
ICFFUT,10/01/2024 12:42:00,262.1,262.18,262.1,262.18,78641.39,3
ICFFUT,10/01/2024 12:51:00,261.19,261.19,261.19,261.19,78358.07,3
ICFFUT,10/01/2024 12:59:00,261.19,261.19,261.19,261.19,26119.36,1
ICFFUT,10/01/2024 13:02:00,260.45,260.45,260.45,260.45,130227.22,5
ICFFUT,10/01/2024 13:04:00,260.33,260.33,260.33,260.33,26033.13,1
ICFFUT,10/01/2024 13:22:00,260.29,260.29,260.29,260.29,52058.04,2
ICFFUT,10/01/2024 13:24:00,260.54,260.54,260.54,260.54,26053.66,1
ICFFUT,10/01/2024 14:07:00,260.08,260.08,260.08,260.08,26008.49,1
ICFFUT,10/01/2024 14:13:00,260.29,260.29,260.17,260.17,52045.72,2
ICFFUT,10/01/2024 14:31:00,260.29,260.41,260.29,260.41,182223.67,7
ICFFUT,10/01/2024 14:37:00,260.37,260.37,260.37,260.37,26037.23,1
ICFFUT,10/01/2024 14:55:00,260.33,260.33,260.33,260.33,26033.13,1
ICFFUT,10/01/2024 14:58:00,260.5,260.74,260.5,260.74,130342.2,5
ICFFUT,10/02/2024 09:04:00,257.66,257.66,257.66,257.66,128831.12,5
ICFFUT,10/02/2024 09:06:00,257.46,257.46,257.17,257.17,205899.85,8
ICFFUT,10/02/2024 09:10:00,257.66,257.66,257.66,257.66,51532.45,2
ICFFUT,10/02/2024 09:11:00,257.83,257.87,257.83,257.87,128925.57,5
ICFFUT,10/02/2024 09:12:00,257.87,257.87,257.87,257.87,25786.76,1
ICFFUT,10/02/2024 09:13:00,257.87,257.87,257.87,257.87,25786.76,1
ICFFUT,10/02/2024 09:15:00,257.62,257.87,257.62,257.87,77310.99,3
ICFFUT,10/02/2024 09:18:00,257.21,257.21,257.05,257.05,514133.71,20
ICFFUT,10/02/2024 09:20:00,257.09,257.09,257.05,257.05,179940.64,7
ICFFUT,10/02/2024 09:27:00,256.72,256.72,256.68,256.68,77007.14,3
ICFFUT,10/02/2024 09:29:00,256.47,256.47,256.43,256.43,51290.19,2
ICFFUT,10/02/2024 09:36:00,257.05,257.21,257.05,257.21,282816.65,11
ICFFUT,10/02/2024 09:37:00,257.83,257.87,257.83,257.87,103142.92,4
ICFFUT,10/02/2024 09:39:00,257.87,257.87,257.87,257.87,25786.76,1
ICFFUT,10/02/2024 09:40:00,258.2,258.2,258.2,258.2,25819.61,1
ICFFUT,10/02/2024 09:49:00,257.54,257.54,256.72,256.72,257305.01,10
ICFFUT,10/02/2024 10:33:00,257.21,257.21,256.92,257.01,591136.74,23
ICFFUT,10/02/2024 10:34:00,256.84,256.84,256.47,256.47,744325.67,29
ICFFUT,10/02/2024 10:44:00,256.8,256.8,256.59,256.64,128346.6,5
ICFFUT,10/02/2024 10:46:00,256.31,256.31,255.81,255.81,998604.43,39
ICFFUT,10/02/2024 11:03:00,255.49,255.49,255.44,255.44,127738.88,5
ICFFUT,10/02/2024 12:37:00,255.44,255.44,255.44,255.44,25544.49,1
ICFFUT,10/02/2024 12:43:00,255.4,255.4,255.4,255.4,51080.77,2
ICFFUT,10/02/2024 13:29:00,255.2,255.2,255.2,255.2,25519.85,1
ICFFUT,10/02/2024 13:44:00,255.32,255.32,255.32,255.32,25532.17,1
ICFFUT,10/02/2024 14:02:00,255.4,255.4,255.4,255.4,51080.77,2
ICFFUT,10/02/2024 14:05:00,255.32,255.32,255.32,255.32,25532.17,1
ICFFUT,10/02/2024 14:23:00,255.03,255.03,255.03,255.03,51006.86,2
ICFFUT,10/02/2024 14:53:00,255.28,255.28,255.28,255.28,25528.07,1
ICFFUT,10/03/2024 09:15:00,255.08,255.08,255.08,255.08,25507.54,1
ICFFUT,10/03/2024 09:21:00,254.42,254.42,254.42,254.42,101767.35,4
ICFFUT,10/03/2024 09:26:00,254.42,254.42,254.42,254.42,50883.67,2
ICFFUT,10/03/2024 09:27:00,254.25,254.42,254.13,254.42,152540.16,6
ICFFUT,10/03/2024 09:38:00,254.05,254.05,253.93,253.93,50797.45,2
ICFFUT,10/03/2024 09:41:00,253.76,253.76,253.76,253.76,177632.97,7
ICFFUT,10/03/2024 10:15:00,254.17,254.17,253.88,253.88,1855410.46,73
ICFFUT,10/03/2024 10:34:00,253.88,253.88,253.88,253.88,25388.46,1
ICFFUT,10/03/2024 10:41:00,253.35,253.35,253.35,253.35,25335.08,1
ICFFUT,10/03/2024 10:49:00,252.65,252.73,252.61,252.73,126326.36,5
ICFFUT,10/03/2024 10:54:00,252.98,252.98,252.98,252.98,25298.12,1
ICFFUT,10/03/2024 11:01:00,253.68,253.68,253.68,253.68,50735.85,2
ICFFUT,10/03/2024 11:06:00,252.53,252.53,252.53,252.53,25252.95,1
ICFFUT,10/03/2024 11:45:00,253.76,253.76,253.76,253.76,25376.14,1
ICFFUT,10/03/2024 12:34:00,251.87,251.87,251.79,251.79,100728.49,4
ICFFUT,10/03/2024 12:47:00,251.17,251.17,251.17,251.17,25117.45,1
ICFFUT,10/03/2024 12:48:00,250.89,250.89,250.8,250.8,50169.2,2
ICFFUT,10/03/2024 13:07:00,250.93,250.93,250.93,250.93,25092.81,1
ICFFUT,10/03/2024 13:49:00,252.32,252.32,252.32,252.32,25232.42,1
ICFFUT,10/03/2024 14:03:00,252.94,252.94,252.94,252.94,25294.02,1
ICFFUT,10/03/2024 14:05:00,253.1,253.1,253.1,253.1,50620.88,2
ICFFUT,10/03/2024 14:20:00,253.52,253.52,253.52,253.52,25351.5,1
ICFFUT,10/04/2024 09:12:00,254.83,254.83,254.3,254.3,178211.94,7
ICFFUT,10/04/2024 09:24:00,253.1,253.31,253.1,253.31,50641.41,2
ICFFUT,10/04/2024 09:30:00,254.42,254.54,254.42,254.54,101800.2,4
ICFFUT,10/04/2024 10:12:00,254.58,254.58,254.58,254.58,25458.26,1
ICFFUT,10/04/2024 11:00:00,251.3,251.3,251.3,251.3,25129.77,1
ICFFUT,10/04/2024 11:49:00,253.23,253.39,253.23,253.39,75984.7,3
ICFFUT,10/04/2024 11:51:00,253.15,253.15,253.15,253.15,25314.55,1
ICFFUT,10/04/2024 12:05:00,253.76,253.76,253.76,253.76,25376.14,1
ICFFUT,10/04/2024 12:34:00,252.24,252.24,252.24,252.24,25224.21,1
ICFFUT,10/04/2024 13:22:00,255.4,255.53,255.4,255.53,153254.63,6
ICFFUT,10/07/2024 09:12:00,248.01,248.01,248.01,248.01,148807.65,6
ICFFUT,10/07/2024 09:18:00,247.68,247.68,247.56,247.6,198085.81,8
ICFFUT,10/07/2024 09:20:00,247.93,248.01,247.93,247.97,247988.11,10
ICFFUT,10/07/2024 09:28:00,248.05,248.05,248.01,248.01,49606.66,2
ICFFUT,10/07/2024 09:31:00,247.4,247.6,247.4,247.6,49499.89,2
ICFFUT,10/07/2024 09:39:00,246.78,246.78,246.66,246.66,123378.13,5
ICFFUT,10/07/2024 09:40:00,246.62,246.62,246.62,246.62,73984.99,3
ICFFUT,10/07/2024 09:48:00,246.21,246.21,246.21,246.21,24620.6,1
ICFFUT,10/07/2024 09:49:00,246.21,246.21,246.21,246.21,123103.02,5
ICFFUT,10/07/2024 10:30:00,245.14,245.14,245.14,245.14,24513.84,1
ICFFUT,10/07/2024 10:32:00,245.3,245.3,245.3,245.3,24530.27,1
ICFFUT,10/07/2024 10:35:00,245.55,245.55,245.55,245.55,24554.9,1
ICFFUT,10/07/2024 10:52:00,245.18,245.18,245.18,245.18,24517.95,1
ICFFUT,10/07/2024 11:03:00,245.18,245.18,245.18,245.18,24517.95,1
ICFFUT,10/07/2024 11:23:00,245.02,245.02,245.02,245.02,73504.57,3
ICFFUT,10/07/2024 11:30:00,245.1,245.1,245.1,245.1,24509.74,1
ICFFUT,10/07/2024 12:31:00,244.65,244.65,244.56,244.56,122314.63,5
ICFFUT,10/07/2024 12:43:00,244.32,244.32,244.32,244.32,24431.72,1
ICFFUT,10/07/2024 14:01:00,246.0,246.33,246.0,246.33,98433.14,4
ICFFUT,10/08/2024 09:00:00,246.45,246.45,246.21,246.21,73911.08,3
ICFFUT,10/08/2024 09:01:00,244.97,244.97,244.97,244.97,48994.84,2
ICFFUT,10/08/2024 09:04:00,246.12,246.12,246.12,246.12,24612.39,1
ICFFUT,10/08/2024 09:11:00,247.15,247.19,247.15,247.19,148306.69,6
ICFFUT,10/08/2024 09:35:00,245.96,245.96,245.96,245.96,49191.93,2
ICFFUT,10/08/2024 10:10:00,243.95,243.95,243.95,243.95,24394.76,1
ICFFUT,10/08/2024 10:20:00,244.07,244.07,243.21,243.21,267985.16,11
ICFFUT,10/08/2024 10:21:00,243.25,243.25,243.13,243.17,170237.76,7
ICFFUT,10/08/2024 10:36:00,243.91,243.91,243.91,243.91,97562.63,4
ICFFUT,10/08/2024 10:55:00,243.91,243.91,243.5,243.5,73130.91,3
ICFFUT,10/08/2024 10:56:00,244.07,244.32,244.07,244.32,97702.24,4
ICFFUT,10/08/2024 11:03:00,243.7,243.7,243.7,243.7,24370.13,1
ICFFUT,10/08/2024 11:12:00,244.28,244.28,244.11,244.11,48838.8,2
ICFFUT,10/08/2024 11:20:00,244.28,244.28,244.28,244.28,24427.61,1
ICFFUT,10/08/2024 11:27:00,244.65,244.73,244.65,244.73,97878.81,4
ICFFUT,10/08/2024 11:29:00,245.1,245.14,245.1,245.14,122561.0,5
ICFFUT,10/08/2024 11:34:00,245.55,245.75,245.55,245.75,196459.77,8
ICFFUT,10/08/2024 11:38:00,245.88,245.88,245.88,245.88,24587.75,1
ICFFUT,10/08/2024 11:41:00,246.33,246.33,246.33,246.33,49265.84,2
ICFFUT,10/08/2024 11:42:00,246.37,246.45,246.37,246.45,739324.35,30
ICFFUT,10/08/2024 12:00:00,246.37,246.37,246.37,246.37,24637.03,1
ICFFUT,10/08/2024 13:06:00,245.47,245.47,245.47,245.47,24546.69,1
ICFFUT,10/08/2024 13:30:00,246.9,246.9,246.9,246.9,24690.41,1
ICFFUT,10/09/2024 09:02:00,247.56,247.56,247.52,247.52,99012.11,4
ICFFUT,10/09/2024 09:34:00,247.15,247.15,247.15,247.15,24715.05,1
ICFFUT,10/09/2024 10:30:00,248.01,248.01,247.77,247.77,49577.91,2
ICFFUT,10/09/2024 10:31:00,248.01,248.01,248.01,248.01,24801.27,1
ICFFUT,10/09/2024 10:38:00,247.64,247.64,247.6,247.6,49524.53,2
ICFFUT,10/09/2024 11:44:00,248.05,248.09,248.05,248.09,148836.39,6
ICFFUT,10/09/2024 11:45:00,248.26,248.75,248.26,248.71,422405.95,17
ICFFUT,10/09/2024 11:48:00,248.67,248.67,248.67,248.67,24866.97,1
ICFFUT,10/09/2024 11:50:00,248.83,248.83,248.83,248.83,99533.59,4
ICFFUT,10/09/2024 11:54:00,249.41,249.41,249.41,249.41,24940.88,1
ICFFUT,10/09/2024 12:08:00,248.92,248.92,248.79,248.92,99554.12,4
ICFFUT,10/09/2024 12:10:00,249.29,249.29,249.29,249.29,24928.57,1
ICFFUT,10/09/2024 12:23:00,248.83,248.83,248.83,248.83,24883.4,1
ICFFUT,10/09/2024 12:34:00,247.6,247.6,247.6,247.6,247602.13,10
ICFFUT,10/09/2024 12:47:00,247.23,247.23,247.23,247.23,24723.26,1
ICFFUT,10/10/2024 09:20:00,248.67,248.67,248.67,248.67,24866.97,1
ICFFUT,10/10/2024 09:25:00,248.01,248.01,248.01,248.01,49602.55,2
ICFFUT,10/10/2024 09:43:00,248.67,248.83,248.67,248.83,99513.06,4
ICFFUT,10/10/2024 10:41:00,251.13,251.13,251.13,251.13,25113.34,1
ICFFUT,10/10/2024 10:54:00,251.17,251.17,251.01,251.01,50218.47,2
ICFFUT,10/10/2024 13:14:00,251.22,251.3,251.22,251.3,150770.4,6
ICFFUT,10/10/2024 13:34:00,253.76,253.76,253.76,253.76,25376.14,1
ICFFUT,10/10/2024 13:37:00,253.19,253.19,253.19,253.19,25318.65,1
ICFFUT,10/10/2024 13:46:00,253.35,253.52,253.31,253.52,76017.55,3
ICFFUT,10/10/2024 14:05:00,251.95,251.95,251.95,251.95,50390.93,2
ICFFUT,10/10/2024 14:07:00,251.87,251.87,251.87,251.87,25187.25,1
ICFFUT,10/10/2024 14:56:00,251.67,251.67,251.67,251.67,25166.72,1
ICFFUT,10/11/2024 09:06:00,251.67,251.67,251.67,251.67,75500.17,3
ICFFUT,10/11/2024 09:38:00,250.56,250.56,250.52,250.56,75163.47,3
ICFFUT,10/11/2024 10:39:00,249.04,249.2,249.04,249.08,74732.32,3
ICFFUT,10/11/2024 10:48:00,248.83,248.83,248.83,248.83,74650.19,3
ICFFUT,10/11/2024 11:00:00,249.24,249.24,249.24,249.24,24924.46,1
ICFFUT,10/11/2024 12:16:00,250.6,250.89,250.6,250.72,175505.97,7
ICFFUT,10/11/2024 13:07:00,248.88,248.88,248.88,248.88,24887.5,1
ICFFUT,10/11/2024 14:06:00,248.05,248.05,248.05,248.05,74416.14,3
ICFFUT,10/11/2024 14:19:00,248.55,248.55,248.55,248.55,24854.65,1
ICFFUT,10/11/2024 14:27:00,249.61,249.98,249.61,249.98,149953.27,6
ICFFUT,10/11/2024 14:30:00,250.07,250.07,250.07,250.07,25006.58,1
ICFFUT,10/14/2024 09:06:00,253.68,253.68,253.68,253.68,76103.78,3
ICFFUT,10/14/2024 09:08:00,253.35,253.35,253.35,253.35,76005.23,3
ICFFUT,10/14/2024 09:09:00,253.47,253.47,253.47,253.47,25347.4,1
ICFFUT,10/14/2024 09:10:00,253.64,253.72,253.64,253.72,101467.6,4
ICFFUT,10/14/2024 09:27:00,253.76,253.76,253.76,253.76,25376.14,1
ICFFUT,10/14/2024 09:30:00,253.52,253.52,253.52,253.52,25351.5,1
ICFFUT,10/14/2024 09:33:00,254.25,254.42,254.25,254.42,254401.95,10
ICFFUT,10/14/2024 10:43:00,254.95,254.99,254.91,254.99,127476.09,5
ICFFUT,10/14/2024 10:45:00,254.75,254.75,254.75,254.75,76424.06,3
ICFFUT,10/14/2024 10:47:00,255.24,255.24,255.24,255.24,25523.96,1
ICFFUT,10/14/2024 12:17:00,254.83,254.83,254.83,254.83,25482.9,1
ICFFUT,10/14/2024 12:51:00,254.99,254.99,254.99,254.99,25499.32,1
ICFFUT,10/14/2024 13:18:00,256.43,256.43,256.43,256.43,25643.04,1
ICFFUT,10/14/2024 13:27:00,257.09,257.09,257.09,257.09,25708.74,1
ICFFUT,10/14/2024 13:49:00,257.74,257.74,257.5,257.5,51524.24,2
ICFFUT,10/14/2024 14:00:00,258.03,258.03,258.03,258.03,51606.36,2
ICFFUT,10/14/2024 14:55:00,257.33,257.37,257.33,257.37,77204.23,3
ICFFUT,10/15/2024 09:03:00,258.69,258.81,258.69,258.81,103487.84,4
ICFFUT,10/15/2024 09:05:00,258.81,258.81,258.81,258.81,77643.59,3
ICFFUT,10/15/2024 09:49:00,258.48,258.48,258.32,258.32,51680.27,2
ICFFUT,10/15/2024 09:52:00,258.03,258.03,257.87,257.87,128958.42,5
ICFFUT,10/15/2024 10:15:00,256.43,256.43,256.39,256.39,51281.97,2
ICFFUT,10/15/2024 10:51:00,256.31,256.31,256.31,256.31,153784.33,6
ICFFUT,10/15/2024 11:23:00,254.38,254.38,254.38,254.38,25437.73,1
ICFFUT,10/15/2024 11:25:00,254.17,254.17,253.84,253.84,76218.75,3
ICFFUT,10/15/2024 11:30:00,254.09,254.09,254.09,254.09,25408.99,1
ICFFUT,10/15/2024 12:19:00,253.76,253.76,253.76,253.76,25376.14,1
ICFFUT,10/15/2024 12:34:00,254.91,254.91,254.91,254.91,50982.22,2
ICFFUT,10/15/2024 13:04:00,254.3,254.3,254.3,254.3,25429.52,1
ICFFUT,10/15/2024 13:23:00,254.05,254.05,253.84,253.84,50789.23,2
ICFFUT,10/15/2024 14:26:00,253.39,253.39,253.39,253.39,25339.18,1
ICFFUT,10/15/2024 14:27:00,253.35,253.35,253.35,253.35,25335.08,1
ICFFUT,10/16/2024 09:10:00,253.52,253.52,253.35,253.52,152092.58,6
ICFFUT,10/16/2024 09:11:00,253.76,253.76,253.76,253.76,50752.28,2
ICFFUT,10/16/2024 09:14:00,253.76,253.76,253.76,253.76,25376.14,1
ICFFUT,10/16/2024 09:15:00,253.76,253.76,253.72,253.72,202992.68,8
ICFFUT,10/16/2024 09:33:00,252.86,252.86,252.86,252.86,25285.8,1
ICFFUT,10/16/2024 09:35:00,252.57,252.57,252.2,252.2,328132.36,13
ICFFUT,10/16/2024 09:39:00,252.12,252.12,252.12,252.12,25211.89,1
ICFFUT,10/16/2024 10:32:00,251.95,251.95,251.95,251.95,25195.47,1
ICFFUT,10/16/2024 11:00:00,250.8,250.8,250.8,250.8,150482.97,6
ICFFUT,10/16/2024 11:06:00,251.67,251.67,251.67,251.67,25166.72,1
ICFFUT,10/16/2024 11:25:00,251.71,251.71,251.71,251.71,100683.32,4
ICFFUT,10/16/2024 11:37:00,251.42,251.42,251.42,251.42,125710.43,5
ICFFUT,10/16/2024 11:59:00,251.87,251.87,251.87,251.87,25187.25,1
ICFFUT,10/16/2024 12:50:00,252.69,252.69,252.69,252.69,25269.38,1
ICFFUT,10/16/2024 13:24:00,252.98,252.98,252.98,252.98,50596.24,2
ICFFUT,10/16/2024 14:48:00,252.82,252.82,252.82,252.82,25281.7,1
ICFFUT,10/17/2024 09:02:00,255.03,255.03,254.05,254.05,76354.26,3
ICFFUT,10/17/2024 09:03:00,254.58,254.62,254.58,254.62,152753.68,6
ICFFUT,10/17/2024 09:06:00,254.83,254.83,254.62,254.62,76428.17,3
ICFFUT,10/17/2024 09:08:00,254.58,254.58,254.58,254.58,152749.57,6
ICFFUT,10/17/2024 09:40:00,254.58,254.58,254.58,254.58,101833.05,4
ICFFUT,10/17/2024 09:44:00,253.97,253.97,253.97,253.97,25396.67,1
ICFFUT,10/17/2024 10:30:00,251.22,251.22,251.22,251.22,75364.67,3
ICFFUT,10/17/2024 10:50:00,252.08,252.08,252.08,252.08,25207.79,1
ICFFUT,10/17/2024 11:00:00,251.46,251.46,251.09,251.09,427132.15,17
ICFFUT,10/17/2024 11:05:00,250.97,250.97,250.97,250.97,75290.76,3
ICFFUT,10/17/2024 11:30:00,251.3,251.3,251.3,251.3,125648.84,5
ICFFUT,10/17/2024 11:32:00,251.26,251.3,251.26,251.3,50255.43,2
ICFFUT,10/17/2024 13:12:00,250.23,250.23,250.02,250.02,175099.46,7
ICFFUT,10/17/2024 14:01:00,250.15,250.15,250.15,250.15,25014.8,1
ICFFUT,10/17/2024 14:11:00,249.86,249.86,249.86,249.86,24986.05,1
ICFFUT,10/17/2024 14:13:00,249.7,249.7,249.66,249.66,99870.3,4
ICFFUT,10/17/2024 14:15:00,249.61,249.61,249.61,249.61,24961.42,1
ICFFUT,10/17/2024 14:16:00,249.57,249.57,249.57,249.57,24957.31,1
ICFFUT,10/17/2024 14:43:00,249.66,249.66,249.66,249.66,24965.52,1
ICFFUT,10/17/2024 14:59:00,249.41,249.41,249.24,249.24,124663.36,5
ICFFUT,10/18/2024 09:04:00,251.13,251.17,251.13,251.17,175818.04,7
ICFFUT,10/18/2024 09:10:00,251.3,251.3,251.3,251.3,25129.77,1
ICFFUT,10/18/2024 09:14:00,251.67,251.67,251.67,251.67,50333.45,2
ICFFUT,10/18/2024 09:15:00,251.71,252.0,251.71,252.0,151053.72,6
ICFFUT,10/18/2024 09:19:00,251.95,251.95,251.95,251.95,25195.47,1
ICFFUT,10/18/2024 09:33:00,252.53,252.53,252.53,252.53,50505.91,2
ICFFUT,10/18/2024 09:35:00,252.32,252.32,252.2,252.2,50452.53,2
ICFFUT,10/18/2024 10:33:00,251.91,251.91,251.91,251.91,25191.36,1
ICFFUT,10/18/2024 10:37:00,252.78,252.94,252.78,252.94,50571.61,2
ICFFUT,10/18/2024 11:01:00,252.86,252.86,252.86,252.86,25285.8,1
ICFFUT,10/18/2024 11:02:00,252.94,253.27,252.94,253.06,101237.65,4
ICFFUT,10/18/2024 11:16:00,253.64,253.68,253.64,253.68,152203.45,6
ICFFUT,10/18/2024 13:23:00,252.12,252.12,252.12,252.12,50423.78,2
ICFFUT,10/18/2024 13:39:00,253.02,253.19,253.02,253.19,50620.88,2
ICFFUT,10/18/2024 13:40:00,252.86,252.86,252.86,252.86,25285.8,1
ICFFUT,10/18/2024 13:51:00,252.57,252.57,252.57,252.57,25257.06,1
ICFFUT,10/18/2024 13:52:00,252.53,252.53,252.53,252.53,50505.91,2
ICFFUT,10/18/2024 13:59:00,252.37,252.37,252.37,252.37,25236.53,1
ICFFUT,10/18/2024 14:06:00,252.82,252.82,252.82,252.82,25281.7,1
ICFFUT,10/18/2024 14:09:00,252.2,252.2,252.2,252.2,25220.1,1
ICFFUT,10/18/2024 14:12:00,252.32,252.32,252.32,252.32,50464.85,2
ICFFUT,10/18/2024 14:14:00,252.49,252.53,252.49,252.53,50501.8,2
ICFFUT,10/18/2024 14:20:00,252.28,252.28,252.28,252.28,25228.32,1
ICFFUT,10/18/2024 14:27:00,251.95,251.95,251.87,251.87,151135.85,6
ICFFUT,10/18/2024 14:28:00,251.71,251.79,251.71,251.79,75520.7,3
ICFFUT,10/18/2024 14:41:00,251.91,251.91,251.91,251.91,25191.36,1
ICFFUT,10/21/2024 09:06:00,245.34,245.34,245.34,245.34,24534.37,1
ICFFUT,10/21/2024 09:08:00,245.96,246.21,245.96,246.21,147620.96,6
ICFFUT,10/21/2024 09:36:00,245.96,245.96,245.96,245.96,98383.86,4
ICFFUT,10/21/2024 10:40:00,246.66,246.66,246.66,246.66,49331.54,2
ICFFUT,10/21/2024 10:42:00,246.74,247.19,246.74,247.19,321119.02,13
ICFFUT,10/21/2024 10:55:00,248.05,248.09,248.05,248.09,49614.87,2
ICFFUT,10/21/2024 10:57:00,248.01,248.01,248.01,248.01,124006.37,5
ICFFUT,10/21/2024 10:59:00,248.59,248.59,248.59,248.59,24858.76,1
ICFFUT,10/21/2024 11:12:00,248.42,248.42,248.42,248.42,24842.34,1
ICFFUT,10/21/2024 11:17:00,248.26,248.26,248.26,248.26,24825.91,1
ICFFUT,10/21/2024 12:48:00,248.83,248.83,248.83,248.83,2164855.63,87
ICFFUT,10/21/2024 13:04:00,248.34,248.34,248.34,248.34,24834.12,1
ICFFUT,10/21/2024 14:59:00,248.63,248.63,248.63,248.63,99451.47,4
ICFFUT,10/22/2024 10:31:00,245.92,246.16,245.92,246.16,73804.32,3
ICFFUT,10/22/2024 10:34:00,245.55,245.55,245.55,245.55,245549.04,10
ICFFUT,10/22/2024 10:37:00,245.59,245.59,245.59,245.59,24559.01,1
ICFFUT,10/22/2024 10:39:00,245.59,245.59,245.59,245.59,49118.02,2
ICFFUT,10/22/2024 10:44:00,244.97,244.97,244.89,244.97,146976.3,6
ICFFUT,10/22/2024 10:51:00,244.56,244.85,244.56,244.85,97854.17,4
ICFFUT,10/22/2024 10:55:00,245.22,245.59,245.22,245.59,98153.92,4
ICFFUT,10/22/2024 11:09:00,245.8,245.8,245.8,245.8,24579.54,1
ICFFUT,10/22/2024 11:19:00,245.55,245.71,245.55,245.55,196455.66,8
ICFFUT,10/22/2024 11:34:00,246.37,246.37,246.37,246.37,147822.17,6
ICFFUT,10/22/2024 11:36:00,246.41,246.41,246.37,246.37,197100.33,8
ICFFUT,10/22/2024 11:50:00,246.37,246.37,246.37,246.37,24637.03,1
ICFFUT,10/22/2024 11:51:00,246.29,246.29,246.29,246.29,270916.97,11
ICFFUT,10/22/2024 12:19:00,246.37,246.37,246.37,246.37,24637.03,1
ICFFUT,10/22/2024 12:30:00,245.96,245.96,245.96,245.96,49191.93,2
ICFFUT,10/22/2024 12:31:00,246.08,246.08,246.08,246.08,24608.28,1
ICFFUT,10/22/2024 13:55:00,245.8,245.8,245.71,245.71,49150.87,2
ICFFUT,10/22/2024 14:00:00,245.63,245.63,245.55,245.55,49118.02,2
ICFFUT,10/23/2024 09:07:00,245.51,245.51,245.38,245.38,98166.24,4
ICFFUT,10/23/2024 09:08:00,245.38,245.38,245.38,245.38,49076.96,2
ICFFUT,10/23/2024 09:11:00,245.43,245.43,245.43,245.43,24542.59,1
ICFFUT,10/23/2024 09:39:00,246.62,246.62,246.62,246.62,24661.66,1
ICFFUT,10/23/2024 10:36:00,247.73,247.97,247.73,247.97,49569.7,2
ICFFUT,10/23/2024 10:40:00,248.09,248.09,248.09,248.09,99237.95,4
ICFFUT,10/23/2024 10:42:00,248.01,248.01,248.01,248.01,49602.55,2
ICFFUT,10/23/2024 10:46:00,247.97,247.97,247.97,247.97,49594.34,2
ICFFUT,10/23/2024 10:48:00,247.52,247.52,247.52,247.52,24752.0,1
ICFFUT,10/23/2024 11:18:00,248.3,248.3,248.3,248.3,24830.02,1
ICFFUT,10/23/2024 12:29:00,248.22,248.34,248.22,248.34,99324.18,4
ICFFUT,10/23/2024 12:33:00,248.83,248.83,248.83,248.83,24883.4,1
ICFFUT,10/23/2024 12:51:00,248.83,249.0,248.83,249.0,49783.22,2
ICFFUT,10/23/2024 12:59:00,248.96,248.96,248.96,248.96,24895.72,1
ICFFUT,10/23/2024 13:08:00,249.94,249.94,249.94,249.94,49988.53,2
ICFFUT,10/23/2024 14:55:00,249.45,249.66,249.45,249.66,124786.55,5
ICFFUT,10/23/2024 14:58:00,249.66,249.66,249.66,249.66,49931.04,2
ICFFUT,10/24/2024 09:27:00,248.42,248.42,248.38,248.38,124207.58,5
ICFFUT,10/24/2024 09:47:00,248.42,248.42,248.42,248.42,24842.34,1
ICFFUT,10/24/2024 10:14:00,248.55,248.59,248.55,248.59,49713.42,2
ICFFUT,10/24/2024 10:29:00,247.6,247.6,247.4,247.4,98987.47,4
ICFFUT,10/24/2024 10:30:00,247.36,247.36,247.36,247.36,123677.88,5
ICFFUT,10/24/2024 10:34:00,246.9,246.9,246.7,246.7,98708.25,4
ICFFUT,10/24/2024 11:04:00,246.7,246.7,246.7,246.7,49339.75,2
ICFFUT,10/24/2024 11:31:00,246.82,246.82,246.82,246.82,24682.2,1
ICFFUT,10/24/2024 11:34:00,246.82,246.82,246.53,246.53,74001.42,3
ICFFUT,10/24/2024 11:59:00,247.11,247.27,247.11,247.27,74157.45,3
ICFFUT,10/24/2024 12:02:00,247.11,247.11,247.11,247.11,24710.94,1
ICFFUT,10/24/2024 12:04:00,247.03,247.03,247.03,247.03,24702.73,1
ICFFUT,10/24/2024 12:06:00,246.86,246.86,246.86,246.86,24686.3,1
ICFFUT,10/24/2024 12:07:00,246.99,246.99,246.99,246.99,24698.62,1
ICFFUT,10/24/2024 12:17:00,246.95,246.95,246.82,246.82,74058.91,3
ICFFUT,10/24/2024 12:21:00,246.53,246.53,246.53,246.53,24653.45,1
ICFFUT,10/24/2024 12:25:00,246.49,246.49,246.49,246.49,49298.69,2
ICFFUT,10/24/2024 13:20:00,244.97,244.97,244.81,244.81,97965.03,4
ICFFUT,10/24/2024 13:23:00,244.81,244.81,244.73,244.73,195794.57,8
ICFFUT,10/24/2024 13:44:00,244.36,244.36,244.32,244.32,146606.74,6
ICFFUT,10/24/2024 14:32:00,245.06,245.06,244.73,244.73,48978.41,2
ICFFUT,10/24/2024 14:38:00,245.14,245.14,245.14,245.14,49027.69,2
ICFFUT,10/25/2024 09:09:00,246.78,246.78,246.7,246.74,74021.95,3
ICFFUT,10/25/2024 09:18:00,246.08,246.08,246.08,246.08,24608.28,1
ICFFUT,10/25/2024 10:33:00,244.81,244.81,244.81,244.81,48961.99,2
ICFFUT,10/25/2024 10:36:00,245.26,245.26,245.26,245.26,24526.16,1
ICFFUT,10/25/2024 10:41:00,245.92,245.96,245.92,245.96,73779.69,3
ICFFUT,10/25/2024 10:58:00,244.97,244.97,244.97,244.97,48994.84,2
ICFFUT,10/25/2024 11:35:00,247.19,247.77,247.19,247.68,173276.32,7
ICFFUT,10/25/2024 14:12:00,246.86,246.86,246.7,246.7,172750.73,7
ICFFUT,10/28/2024 09:05:00,249.98,250.31,249.98,250.31,100087.93,4
ICFFUT,10/28/2024 09:25:00,250.48,250.48,250.48,250.48,25047.64,1
ICFFUT,10/28/2024 09:26:00,249.66,249.66,249.66,249.66,49931.04,2
ICFFUT,10/28/2024 09:38:00,249.61,250.39,249.61,250.35,175005.02,7
ICFFUT,10/28/2024 09:41:00,250.56,250.56,250.56,250.56,25055.86,1
ICFFUT,10/28/2024 10:20:00,251.22,251.22,251.22,251.22,50243.11,2
ICFFUT,10/28/2024 10:36:00,251.3,251.3,251.3,251.3,25129.77,1
ICFFUT,10/28/2024 10:39:00,251.95,251.95,251.95,251.95,25195.47,1
ICFFUT,10/28/2024 10:48:00,251.83,251.83,251.83,251.83,25183.15,1
ICFFUT,10/28/2024 11:00:00,250.72,250.72,250.72,250.72,25072.28,1
ICFFUT,10/28/2024 11:01:00,250.48,250.64,250.48,250.64,50111.71,2
ICFFUT,10/28/2024 11:03:00,249.94,249.94,249.9,249.9,74974.58,3
ICFFUT,10/28/2024 11:21:00,249.41,249.41,249.41,249.41,24940.88,1
ICFFUT,10/28/2024 11:55:00,250.07,250.07,250.07,250.07,25006.58,1
ICFFUT,10/28/2024 12:02:00,250.27,250.27,250.27,250.27,25027.11,1
ICFFUT,10/28/2024 13:12:00,250.39,250.39,250.39,250.39,25039.43,1
ICFFUT,10/28/2024 14:03:00,249.49,249.49,249.49,249.49,24949.1,1
ICFFUT,10/28/2024 14:23:00,249.49,249.49,249.49,249.49,24949.1,1
ICFFUT,10/29/2024 09:15:00,248.05,248.05,248.05,248.05,49610.76,2
ICFFUT,10/29/2024 10:00:00,248.51,248.51,248.51,248.51,24850.55,1
ICFFUT,10/29/2024 10:01:00,248.67,248.79,248.67,248.79,149214.16,6
ICFFUT,10/29/2024 12:17:00,248.18,248.18,248.01,248.01,223277.17,9
ICFFUT,10/29/2024 12:25:00,247.64,247.64,247.6,247.6,74284.74,3
ICFFUT,10/29/2024 12:31:00,247.48,247.48,247.44,247.44,74235.47,3
ICFFUT,10/29/2024 14:04:00,247.48,247.48,247.48,247.48,24747.89,1
ICFFUT,10/30/2024 09:00:00,245.55,245.55,245.55,245.55,441988.28,18
ICFFUT,10/30/2024 09:01:00,245.55,245.55,245.55,245.55,122774.52,5
ICFFUT,10/30/2024 09:02:00,245.8,246.37,245.8,246.37,147760.57,6
ICFFUT,10/30/2024 09:22:00,245.75,245.75,245.71,245.71,73722.2,3
ICFFUT,10/30/2024 09:36:00,245.67,245.67,245.67,245.67,73701.67,3
ICFFUT,10/30/2024 10:35:00,246.78,247.6,246.78,247.6,247249.0,10
ICFFUT,10/30/2024 10:45:00,246.78,246.78,246.78,246.78,1233904.47,50
ICFFUT,10/30/2024 10:53:00,247.19,247.19,247.19,247.19,49438.3,2
ICFFUT,10/30/2024 11:17:00,248.05,248.05,248.05,248.05,24805.38,1
ICFFUT,10/30/2024 11:26:00,247.48,247.48,247.48,247.48,24747.89,1
ICFFUT,10/30/2024 14:58:00,247.89,247.89,247.89,247.89,24788.96,1
ICFFUT,10/31/2024 09:13:00,247.11,247.11,247.11,247.11,24710.94,1
ICFFUT,10/31/2024 09:32:00,247.03,247.03,247.03,247.03,24702.73,1
ICFFUT,10/31/2024 09:37:00,246.58,246.58,246.58,246.58,24657.56,1
ICFFUT,10/31/2024 09:39:00,246.53,246.53,246.53,246.53,24653.45,1
ICFFUT,10/31/2024 10:30:00,246.86,246.86,246.86,246.86,49372.6,2
ICFFUT,10/31/2024 10:32:00,247.19,247.19,247.19,247.19,24719.15,1
ICFFUT,10/31/2024 10:58:00,246.04,246.04,246.04,246.04,24604.18,1
ICFFUT,10/31/2024 11:00:00,246.0,246.0,245.88,245.88,73775.58,3
ICFFUT,10/31/2024 11:01:00,245.75,245.75,245.59,245.59,49134.45,2
ICFFUT,10/31/2024 11:04:00,245.8,245.8,245.8,245.8,73738.62,3
ICFFUT,10/31/2024 11:15:00,245.14,245.14,245.14,245.14,24513.84,1
ICFFUT,10/31/2024 11:16:00,244.89,244.89,244.73,244.73,342762.65,14
ICFFUT,10/31/2024 11:19:00,244.77,244.77,244.77,244.77,24476.89,1
ICFFUT,10/31/2024 11:22:00,245.34,245.34,245.34,245.34,49068.75,2
ICFFUT,10/31/2024 11:35:00,247.19,247.19,247.19,247.19,74157.45,3
ICFFUT,10/31/2024 13:15:00,245.3,245.3,245.3,245.3,49060.53,2
ICFFUT,10/31/2024 13:17:00,245.38,245.38,245.38,245.38,73615.44,3
ICFFUT,10/31/2024 13:26:00,245.63,245.63,245.63,245.63,49126.23,2
ICFFUT,11/01/2024 09:09:00,245.3,245.3,245.3,245.3,24530.27,1
ICFFUT,11/01/2024 09:15:00,244.85,244.85,244.85,244.85,48970.2,2
ICFFUT,11/01/2024 09:21:00,244.28,244.4,244.24,244.32,97722.77,4
ICFFUT,11/01/2024 09:23:00,244.28,244.28,244.15,244.15,146536.94,6
ICFFUT,11/01/2024 09:32:00,243.45,243.45,243.45,243.45,24345.49,1
ICFFUT,11/01/2024 09:44:00,243.5,243.66,243.5,243.66,97414.81,4
ICFFUT,11/01/2024 10:37:00,243.09,243.09,243.09,243.09,121542.67,5
ICFFUT,11/01/2024 10:39:00,243.13,243.13,243.09,243.09,145859.42,6
ICFFUT,11/01/2024 10:40:00,243.09,243.09,243.09,243.09,170159.74,7
ICFFUT,11/01/2024 10:47:00,243.41,243.41,242.92,242.92,194386.15,8
ICFFUT,11/01/2024 10:50:00,243.09,243.09,243.09,243.09,1045266.96,43
ICFFUT,11/01/2024 11:19:00,243.09,243.17,243.09,243.13,145863.52,6
ICFFUT,11/01/2024 11:26:00,242.96,242.96,242.96,242.96,48592.43,2
ICFFUT,11/01/2024 11:28:00,242.96,242.96,242.96,242.96,24296.22,1
ICFFUT,11/01/2024 11:31:00,242.88,242.88,242.88,242.88,170016.02,7
ICFFUT,11/01/2024 11:47:00,243.29,243.5,243.29,243.5,48678.66,2
ICFFUT,11/01/2024 11:48:00,243.5,243.7,243.5,243.62,219249.02,9
ICFFUT,11/01/2024 11:49:00,243.62,243.66,243.62,243.66,73093.96,3
ICFFUT,11/01/2024 11:57:00,244.73,244.73,244.69,244.73,97887.02,4
ICFFUT,11/01/2024 12:03:00,243.58,243.58,243.25,243.25,48682.77,2
ICFFUT,11/01/2024 12:05:00,243.58,243.58,243.58,243.58,24357.81,1
ICFFUT,11/01/2024 13:02:00,243.33,243.33,243.33,243.33,72999.51,3
ICFFUT,11/01/2024 13:12:00,243.25,243.25,243.25,243.25,24324.96,1
ICFFUT,11/01/2024 13:50:00,244.15,244.4,244.15,244.4,171022.03,7
ICFFUT,11/01/2024 14:30:00,243.45,243.45,243.45,243.45,24345.49,1
ICFFUT,11/01/2024 14:38:00,243.91,243.91,243.91,243.91,121953.29,5
ICFFUT,11/01/2024 14:51:00,243.7,243.7,243.7,243.7,24370.13,1
ICFFUT,11/04/2024 09:09:00,244.73,244.73,244.73,244.73,24472.78,1
ICFFUT,11/04/2024 09:12:00,244.28,244.48,244.28,244.28,73303.37,3
ICFFUT,11/04/2024 09:24:00,244.73,244.73,244.73,244.73,73418.34,3
ICFFUT,11/04/2024 09:30:00,244.89,245.02,244.89,245.02,146992.72,6
ICFFUT,11/04/2024 09:55:00,244.73,244.73,244.73,244.73,24472.78,1
ICFFUT,11/04/2024 10:13:00,245.88,245.88,245.34,245.34,49122.13,2
ICFFUT,11/04/2024 13:08:00,246.29,246.58,246.29,246.58,270970.35,11
ICFFUT,11/04/2024 13:52:00,245.88,245.88,245.84,245.84,49171.4,2
ICFFUT,11/04/2024 14:16:00,245.55,245.55,245.55,245.55,24554.9,1
ICFFUT,11/04/2024 14:48:00,245.84,245.96,245.84,245.96,49179.61,2
ICFFUT,11/04/2024 15:00:00,245.88,245.88,245.88,245.88,24587.75,1
ICFFUT,11/04/2024 15:20:00,245.63,245.63,245.63,245.63,24563.12,1
ICFFUT,11/05/2024 09:14:00,248.83,248.83,248.83,248.83,49766.8,2
ICFFUT,11/05/2024 10:10:00,247.11,247.11,247.11,247.11,24710.94,1
ICFFUT,11/05/2024 10:11:00,247.56,247.56,247.56,247.56,24756.11,1
ICFFUT,11/05/2024 10:14:00,247.4,247.6,247.4,247.6,49499.89,2
ICFFUT,11/05/2024 10:22:00,247.85,247.97,247.85,247.97,49582.02,2
ICFFUT,11/05/2024 10:32:00,248.67,248.67,248.67,248.67,24866.97,1
ICFFUT,11/05/2024 10:35:00,248.83,248.83,248.83,248.83,273717.38,11
ICFFUT,11/05/2024 11:30:00,249.66,249.66,249.66,249.66,149793.13,6
ICFFUT,11/05/2024 12:09:00,249.33,249.33,249.33,249.33,24932.67,1
ICFFUT,11/05/2024 13:21:00,249.66,249.66,249.66,249.66,24965.52,1
ICFFUT,11/05/2024 13:47:00,249.66,249.66,249.66,249.66,24965.52,1
ICFFUT,11/05/2024 14:13:00,249.82,249.82,249.82,249.82,24981.95,1
ICFFUT,11/05/2024 14:14:00,249.94,249.98,249.94,249.98,124987.75,5
ICFFUT,11/06/2024 09:10:00,247.44,247.44,247.44,247.44,24743.79,1
ICFFUT,11/06/2024 09:12:00,247.68,247.68,247.68,247.68,123842.13,5
ICFFUT,11/06/2024 09:15:00,247.85,247.85,247.77,247.77,74338.13,3
ICFFUT,11/06/2024 09:22:00,247.03,247.03,247.03,247.03,49405.45,2
ICFFUT,11/06/2024 09:27:00,247.03,247.03,247.03,247.03,24702.73,1
ICFFUT,11/06/2024 09:35:00,247.07,247.07,247.07,247.07,24706.83,1
ICFFUT,11/06/2024 09:52:00,246.78,246.78,246.74,246.78,74030.16,3
ICFFUT,11/06/2024 10:00:00,246.41,246.41,246.37,246.37,172463.3,7
ICFFUT,11/06/2024 10:24:00,246.62,246.62,246.62,246.62,24661.66,1
ICFFUT,11/06/2024 11:33:00,247.07,247.07,247.07,247.07,24706.83,1
ICFFUT,11/06/2024 12:04:00,247.52,247.52,247.52,247.52,24752.0,1
ICFFUT,11/06/2024 12:31:00,248.63,248.63,248.63,248.63,24862.87,1
ICFFUT,11/06/2024 14:04:00,249.9,249.9,249.9,249.9,49980.32,2
ICFFUT,11/06/2024 14:55:00,250.07,250.07,250.07,250.07,25006.58,1
ICFFUT,11/06/2024 14:59:00,250.27,250.27,250.27,250.27,25027.11,1
ICFFUT,11/06/2024 15:59:00,249.66,249.66,249.66,249.66,24965.52,1
ICFFUT,11/07/2024 09:02:00,255.73,256.43,255.57,256.43,486560.77,19
ICFFUT,11/07/2024 09:13:00,254.99,254.99,254.99,254.99,50998.65,2
ICFFUT,11/07/2024 09:31:00,255.81,255.9,255.81,255.9,76752.55,3
ICFFUT,11/07/2024 09:44:00,256.1,256.23,256.1,256.23,281802.43,11
ICFFUT,11/07/2024 10:02:00,256.76,256.88,256.76,256.88,77052.3,3
ICFFUT,11/07/2024 10:04:00,256.92,257.05,256.8,256.8,205600.1,8
ICFFUT,11/07/2024 10:14:00,257.05,257.05,257.05,257.05,25704.63,1
ICFFUT,11/07/2024 10:27:00,256.31,256.31,256.31,256.31,25630.72,1
ICFFUT,11/07/2024 11:00:00,255.9,255.9,255.9,255.9,25589.66,1
ICFFUT,11/07/2024 11:32:00,255.98,256.02,255.98,256.02,51199.85,2
ICFFUT,11/07/2024 12:05:00,256.96,256.96,256.8,256.8,51376.42,2
ICFFUT,11/07/2024 12:10:00,257.17,257.17,257.17,257.17,51433.9,2
ICFFUT,11/07/2024 12:43:00,257.79,257.87,257.79,257.79,206265.3,8
ICFFUT,11/07/2024 12:45:00,258.2,258.36,258.2,258.32,232438.04,9
ICFFUT,11/07/2024 12:46:00,258.44,258.73,258.44,258.73,362106.82,14
ICFFUT,11/07/2024 12:54:00,258.48,258.48,258.48,258.48,25848.35,1
ICFFUT,11/07/2024 12:55:00,258.65,258.65,258.65,258.65,51729.55,2
ICFFUT,11/07/2024 13:11:00,258.57,258.57,258.57,258.57,25856.56,1
ICFFUT,11/07/2024 13:25:00,259.51,259.92,259.51,259.92,103927.2,4
ICFFUT,11/07/2024 14:28:00,260.21,260.21,260.21,260.21,26020.81,1
ICFFUT,11/07/2024 14:35:00,259.18,259.18,259.14,259.14,51832.2,2
ICFFUT,11/07/2024 15:50:00,259.35,259.35,259.35,259.35,51869.16,2
ICFFUT,11/08/2024 09:00:00,257.95,257.95,257.95,257.95,25794.97,1
ICFFUT,11/08/2024 09:18:00,257.62,257.62,257.62,257.62,25762.12,1
ICFFUT,11/08/2024 09:46:00,257.21,257.21,257.21,257.21,102884.23,4
ICFFUT,11/08/2024 10:12:00,256.68,256.68,256.31,256.31,102584.48,4
ICFFUT,11/08/2024 11:34:00,256.84,256.88,256.84,256.88,51372.31,2
ICFFUT,11/08/2024 11:39:00,256.55,256.55,256.55,256.55,25655.36,1
ICFFUT,11/08/2024 13:35:00,255.65,255.65,255.65,255.65,25565.02,1
ICFFUT,11/08/2024 13:37:00,255.61,255.61,255.57,255.57,102231.35,4
ICFFUT,11/08/2024 14:05:00,255.44,255.44,255.44,255.44,25544.49,1
ICFFUT,11/08/2024 14:06:00,255.65,255.65,255.65,255.65,587995.52,23
ICFFUT,11/08/2024 14:19:00,254.99,254.99,254.99,254.99,25499.32,1
ICFFUT,11/08/2024 14:21:00,254.99,254.99,254.99,254.99,50998.65,2
ICFFUT,11/08/2024 14:34:00,255.4,255.4,255.4,255.4,76621.16,3
ICFFUT,11/11/2024 09:06:00,257.54,257.54,257.54,257.54,25753.91,1
ICFFUT,11/11/2024 09:07:00,258.11,258.11,258.11,258.11,25811.39,1
ICFFUT,11/11/2024 11:31:00,256.72,256.72,256.51,256.51,51323.04,2
ICFFUT,11/11/2024 12:06:00,257.29,257.29,257.21,257.21,334431.23,13
ICFFUT,11/11/2024 12:25:00,257.37,257.37,257.37,257.37,128687.41,5
ICFFUT,11/11/2024 12:29:00,257.42,257.87,257.42,257.87,51528.34,2
ICFFUT,11/11/2024 13:18:00,259.51,259.51,259.51,259.51,207608.02,8
ICFFUT,11/11/2024 13:56:00,258.48,258.48,258.48,258.48,25848.35,1
ICFFUT,11/12/2024 09:01:00,261.73,262.59,261.73,262.59,131060.78,5
ICFFUT,11/12/2024 09:18:00,261.32,261.32,261.32,261.32,26131.67,1
ICFFUT,11/12/2024 10:08:00,260.41,260.41,260.41,260.41,52082.68,2
ICFFUT,11/12/2024 10:19:00,261.89,261.89,261.89,261.89,26189.16,1
ICFFUT,11/12/2024 10:28:00,261.97,261.97,261.97,261.97,26197.37,1
ICFFUT,11/12/2024 10:32:00,262.22,262.26,262.22,262.22,236010.41,9
ICFFUT,11/12/2024 10:35:00,262.26,262.26,262.26,262.26,104904.46,4
ICFFUT,11/12/2024 11:29:00,264.48,264.48,264.03,264.03,158506.42,6
ICFFUT,11/12/2024 11:30:00,264.03,264.11,264.03,264.11,105635.36,4
ICFFUT,11/12/2024 11:42:00,264.68,264.68,264.68,264.68,52936.76,2
ICFFUT,11/12/2024 11:45:00,267.72,267.72,267.35,267.35,53507.52,2
ICFFUT,11/12/2024 11:57:00,266.74,266.74,266.74,266.74,26673.69,1
ICFFUT,11/12/2024 12:17:00,267.31,267.31,267.31,267.31,26731.18,1
ICFFUT,11/12/2024 12:25:00,266.9,267.23,266.9,267.23,186995.04,7
ICFFUT,11/12/2024 12:31:00,267.07,267.11,267.07,267.11,106830.26,4
ICFFUT,11/12/2024 12:52:00,267.31,267.64,267.31,267.64,347866.62,13
ICFFUT,11/12/2024 13:19:00,269.32,269.45,269.32,269.45,215504.19,8
ICFFUT,11/12/2024 13:23:00,268.95,268.95,268.95,268.95,26895.42,1
ICFFUT,11/12/2024 13:31:00,269.69,269.69,269.69,269.69,26969.33,1
ICFFUT,11/12/2024 13:32:00,269.16,269.16,269.16,269.16,26915.95,1
ICFFUT,11/12/2024 13:46:00,268.79,268.79,268.79,268.79,26879.0,1
ICFFUT,11/12/2024 14:01:00,267.48,267.48,267.48,267.48,26747.6,1
ICFFUT,11/12/2024 14:11:00,267.97,267.97,267.97,267.97,26796.87,1
ICFFUT,11/12/2024 15:19:00,267.85,267.85,267.85,267.85,53569.11,2
ICFFUT,11/12/2024 15:25:00,268.34,268.34,267.89,267.89,107199.81,4
ICFFUT,11/13/2024 09:20:00,271.52,271.85,271.52,271.85,135824.92,5
ICFFUT,11/13/2024 09:21:00,272.05,272.05,272.05,272.05,272054.42,10
ICFFUT,11/13/2024 09:26:00,271.1,271.1,271.1,271.1,27110.49,1
ICFFUT,11/13/2024 10:01:00,271.23,271.23,271.19,271.19,81364.5,3
ICFFUT,11/13/2024 10:31:00,273.42,273.42,273.38,273.38,54679.22,2
ICFFUT,11/13/2024 11:34:00,275.27,275.36,275.27,275.36,137645.5,5
ICFFUT,11/13/2024 11:48:00,275.44,275.44,275.44,275.44,27543.96,1
ICFFUT,11/13/2024 12:07:00,276.18,276.18,276.18,276.18,55236.54,2
ICFFUT,11/13/2024 12:18:00,275.94,276.51,275.94,276.51,331749.52,12
ICFFUT,11/13/2024 14:17:00,277.38,277.46,277.38,277.46,110976.74,4
ICFFUT,11/13/2024 14:24:00,276.88,276.88,276.88,276.88,55376.9,2
ICFFUT,11/13/2024 14:30:00,276.93,276.93,276.93,276.93,27692.58,1
ICFFUT,11/13/2024 14:31:00,276.93,276.93,276.93,276.93,27692.58,1
ICFFUT,11/13/2024 15:37:00,278.66,278.66,278.66,278.66,55731.94,2
ICFFUT,11/14/2024 10:03:00,281.55,281.55,281.55,281.55,84464.85,3
ICFFUT,11/14/2024 10:47:00,286.46,286.79,286.46,286.59,257919.15,9
ICFFUT,11/14/2024 11:30:00,289.6,289.6,289.6,289.6,57919.93,2
ICFFUT,11/14/2024 11:44:00,291.46,291.46,291.46,291.46,174874.43,6
ICFFUT,11/14/2024 12:20:00,294.8,294.88,294.8,294.88,88452.78,3
ICFFUT,11/14/2024 12:21:00,295.46,295.46,295.46,295.46,59092.37,2
ICFFUT,11/14/2024 13:09:00,297.24,297.24,297.24,297.24,148618.5,5
ICFFUT,11/14/2024 13:11:00,297.32,297.32,297.24,297.24,59455.66,2
ICFFUT,11/14/2024 13:31:00,298.52,298.52,298.48,298.48,149241.87,5
ICFFUT,11/14/2024 13:35:00,296.87,296.87,296.41,296.41,177958.27,6
ICFFUT,11/14/2024 13:47:00,293.32,293.32,293.27,293.27,58658.9,2
ICFFUT,11/14/2024 14:06:00,293.6,293.6,293.27,293.27,176009.71,6
ICFFUT,11/14/2024 14:12:00,293.11,293.11,293.11,293.11,29310.87,1
ICFFUT,11/14/2024 15:01:00,291.04,291.04,291.04,291.04,29104.46,1
ICFFUT,11/14/2024 15:51:00,291.71,291.71,291.71,291.71,29170.51,1
ICFFUT,11/14/2024 15:57:00,292.7,292.7,292.7,292.7,58539.18,2
ICFFUT,11/18/2024 09:08:00,297.24,297.9,297.24,297.9,357047.69,12
ICFFUT,11/18/2024 09:12:00,299.71,299.92,299.3,299.3,119823.67,4
ICFFUT,11/18/2024 09:16:00,300.95,301.37,300.95,300.95,180641.66,6
ICFFUT,11/18/2024 09:23:00,304.34,305.16,304.34,304.42,121825.89,4
ICFFUT,11/18/2024 09:47:00,303.84,303.84,303.84,303.84,60768.45,2
ICFFUT,11/18/2024 11:37:00,299.92,300.33,299.92,300.33,120092.0,4
ICFFUT,11/18/2024 11:40:00,299.47,299.47,299.47,299.47,29946.63,1
ICFFUT,11/18/2024 11:41:00,299.71,299.71,299.71,299.71,59942.79,2
ICFFUT,11/18/2024 11:47:00,299.71,299.71,299.71,299.71,29971.4,1
ICFFUT,11/18/2024 12:04:00,298.93,298.93,298.89,298.89,59781.79,2
ICFFUT,11/18/2024 12:17:00,299.59,299.59,299.59,299.59,29959.01,1
ICFFUT,11/18/2024 15:50:00,296.45,296.45,296.45,296.45,29645.26,1
ICFFUT,11/19/2024 09:21:00,296.25,296.41,296.25,296.41,59265.76,2
ICFFUT,11/19/2024 09:40:00,294.43,294.55,294.43,294.55,58898.34,2
ICFFUT,11/19/2024 09:45:00,294.68,294.76,294.68,294.76,88415.62,3
ICFFUT,11/19/2024 10:07:00,294.02,294.02,293.6,293.6,146876.36,5
ICFFUT,11/19/2024 10:10:00,292.94,292.94,292.7,292.7,87858.3,3
ICFFUT,11/19/2024 10:13:00,292.7,293.23,292.57,293.23,87850.05,3
ICFFUT,11/19/2024 11:30:00,294.43,294.43,294.43,294.43,58885.95,2
ICFFUT,11/19/2024 12:09:00,293.93,293.93,293.93,293.93,29393.44,1
ICFFUT,11/19/2024 12:40:00,291.95,291.95,291.91,291.91,58386.43,2
ICFFUT,11/19/2024 14:56:00,291.99,291.99,291.99,291.99,29199.41,1
ICFFUT,11/19/2024 15:08:00,293.07,293.07,293.07,293.07,29306.74,1
ICFFUT,11/19/2024 15:25:00,293.81,293.81,293.81,293.81,146905.26,5
ICFFUT,11/21/2024 09:14:00,302.56,302.56,302.4,302.4,60495.99,2
ICFFUT,11/21/2024 09:20:00,303.8,303.84,303.02,303.84,394483.04,13
ICFFUT,11/21/2024 09:21:00,303.84,303.84,303.84,303.84,30384.23,1
ICFFUT,11/21/2024 09:32:00,304.67,304.67,304.67,304.67,30466.79,1
ICFFUT,11/21/2024 09:34:00,305.16,305.16,305.16,305.16,183097.99,6
ICFFUT,11/21/2024 09:35:00,305.08,305.08,305.08,305.08,91524.23,3
ICFFUT,11/21/2024 10:08:00,305.53,305.53,305.53,305.53,30553.49,1
ICFFUT,11/21/2024 10:10:00,305.08,305.08,305.08,305.08,4576211.3,150
ICFFUT,11/21/2024 10:11:00,305.41,305.41,305.41,305.41,30541.1,1
ICFFUT,11/21/2024 10:33:00,304.09,304.09,304.09,304.09,30409.0,1
ICFFUT,11/21/2024 11:06:00,302.19,302.19,302.19,302.19,90657.28,3
ICFFUT,11/21/2024 11:10:00,302.07,302.07,302.07,302.07,211446.97,7
ICFFUT,11/21/2024 11:12:00,301.7,301.7,301.45,301.45,90483.9,3
ICFFUT,11/21/2024 11:13:00,301.9,302.44,301.9,302.44,90624.26,3
ICFFUT,11/21/2024 11:14:00,302.44,302.44,302.44,302.44,30243.86,1
ICFFUT,11/21/2024 11:36:00,301.78,301.78,301.78,301.78,181066.87,6
ICFFUT,11/21/2024 11:37:00,301.78,301.78,301.78,301.78,30177.81,1
ICFFUT,11/21/2024 11:41:00,301.78,301.78,301.78,301.78,30177.81,1
ICFFUT,11/21/2024 11:42:00,301.61,301.61,301.45,301.45,331666.95,11
ICFFUT,11/21/2024 12:23:00,304.63,304.63,304.63,304.63,30462.66,1
ICFFUT,11/21/2024 14:10:00,303.8,303.8,303.64,303.64,91111.4,3
ICFFUT,11/21/2024 14:15:00,304.34,304.34,304.34,304.34,121735.06,4
ICFFUT,11/21/2024 14:30:00,304.13,304.13,304.13,304.13,30413.12,1
ICFFUT,11/21/2024 14:53:00,304.13,304.13,304.13,304.13,91239.37,3
ICFFUT,11/21/2024 14:54:00,304.67,304.83,304.67,304.67,91416.89,3
ICFFUT,11/21/2024 15:09:00,304.09,304.09,304.09,304.09,30409.0,1
ICFFUT,11/21/2024 15:10:00,304.09,304.09,304.09,304.09,30409.0,1
ICFFUT,11/21/2024 15:59:00,304.96,305.25,304.96,305.25,61020.28,2
ICFFUT,11/22/2024 09:47:00,306.65,306.65,306.65,306.65,30664.95,1
ICFFUT,11/22/2024 09:49:00,306.32,306.32,306.32,306.32,30631.92,1
ICFFUT,11/22/2024 10:22:00,305.74,305.74,305.74,305.74,30574.13,1
ICFFUT,11/22/2024 10:23:00,305.74,305.74,305.49,305.49,549995.78,18
ICFFUT,11/22/2024 10:24:00,305.49,305.49,305.49,305.49,91648.07,3
ICFFUT,11/22/2024 10:40:00,305.99,305.99,305.99,305.99,30598.9,1
ICFFUT,11/22/2024 11:01:00,305.49,305.49,305.49,305.49,30549.36,1
ICFFUT,11/22/2024 11:32:00,308.14,308.14,308.14,308.14,30813.57,1
ICFFUT,11/22/2024 11:34:00,308.71,308.71,308.71,308.71,61742.73,2
ICFFUT,11/22/2024 11:46:00,308.14,308.14,307.97,307.97,307999.46,10
ICFFUT,11/22/2024 12:22:00,309.62,309.62,309.62,309.62,30962.19,1
ICFFUT,11/22/2024 12:26:00,309.21,309.21,309.21,309.21,30920.9,1
ICFFUT,11/22/2024 13:56:00,312.43,312.43,312.43,312.43,31242.91,1
ICFFUT,11/22/2024 14:13:00,312.88,312.88,312.88,312.88,62576.64,2
ICFFUT,11/22/2024 15:00:00,311.69,311.69,311.69,311.69,62337.2,2
ICFFUT,11/22/2024 15:17:00,311.44,311.44,311.44,311.44,93431.5,3
ICFFUT,11/22/2024 15:50:00,313.17,313.17,313.17,313.17,31317.22,1
ICFFUT,11/25/2024 09:42:00,318.62,318.62,318.62,318.62,63724.31,2
ICFFUT,11/25/2024 09:43:00,318.62,318.7,318.62,318.7,127456.88,4
ICFFUT,11/25/2024 09:45:00,318.5,318.5,318.46,318.46,191086.24,6
ICFFUT,11/25/2024 10:50:00,318.7,318.7,318.7,318.7,31870.41,1
ICFFUT,11/25/2024 11:34:00,322.01,322.01,322.01,322.01,32200.67,1
ICFFUT,11/25/2024 11:56:00,322.01,322.01,322.01,322.01,32200.67,1
ICFFUT,11/25/2024 13:35:00,318.17,318.17,318.17,318.17,31816.74,1
ICFFUT,11/25/2024 14:34:00,317.05,317.05,317.05,317.05,190231.68,6
ICFFUT,11/25/2024 15:10:00,317.96,317.96,317.96,317.96,31796.1,1
ICFFUT,11/26/2024 09:15:00,318.29,318.29,318.29,318.29,318291.29,10
ICFFUT,11/26/2024 10:45:00,320.56,320.56,320.56,320.56,96168.55,3
ICFFUT,11/26/2024 11:31:00,316.31,316.31,316.27,316.27,63257.81,2
ICFFUT,11/26/2024 11:35:00,317.09,317.09,317.09,317.09,31709.41,1
ICFFUT,11/26/2024 13:36:00,319.49,319.49,319.49,319.49,95846.55,3
ICFFUT,11/26/2024 13:52:00,319.49,319.49,319.49,319.49,31948.85,1
ICFFUT,11/26/2024 13:54:00,319.28,319.28,319.28,319.28,31928.21,1
ICFFUT,11/26/2024 14:09:00,321.06,321.1,321.06,321.1,64215.58,2
ICFFUT,11/26/2024 15:01:00,319.36,319.36,319.36,319.36,63872.93,2
ICFFUT,11/26/2024 15:28:00,321.1,321.1,320.97,320.97,96304.79,3
ICFFUT,11/27/2024 09:33:00,328.45,328.45,328.45,328.45,32844.69,1
ICFFUT,11/27/2024 10:16:00,329.44,329.44,329.44,329.44,32943.77,1
ICFFUT,11/27/2024 10:35:00,326.34,326.96,326.22,326.96,293864.19,9
ICFFUT,11/27/2024 10:37:00,326.59,326.59,326.38,326.38,65297.19,2
ICFFUT,11/27/2024 10:38:00,326.18,326.26,326.09,326.14,521828.45,16
ICFFUT,11/27/2024 10:40:00,325.76,325.76,325.76,325.76,32576.35,1
ICFFUT,11/27/2024 10:47:00,325.31,325.31,324.86,324.86,97547.4,3
ICFFUT,11/27/2024 11:30:00,327.66,327.66,327.66,327.66,65532.5,2
ICFFUT,11/27/2024 11:35:00,327.75,328.2,327.75,328.2,163930.33,5
ICFFUT,11/27/2024 12:47:00,328.61,328.61,328.61,328.61,230028.41,7
ICFFUT,11/27/2024 12:48:00,328.61,328.61,328.53,328.53,131436.55,4
ICFFUT,11/27/2024 12:51:00,329.15,329.44,329.15,329.44,658730.86,20
ICFFUT,11/27/2024 13:40:00,329.44,329.44,329.44,329.44,65887.53,2
ICFFUT,11/27/2024 15:01:00,332.53,332.53,332.53,332.53,166266.95,5
ICFFUT,11/29/2024 09:50:00,329.4,329.4,328.65,329.11,296229.7,9
ICFFUT,11/29/2024 09:52:00,329.11,329.11,329.11,329.11,32910.74,1
ICFFUT,11/29/2024 10:21:00,329.73,329.97,329.73,329.97,296828.3,9
ICFFUT,11/29/2024 10:54:00,329.77,329.77,329.77,329.77,32976.79,1
ICFFUT,11/29/2024 11:30:00,328.28,330.22,328.28,330.22,822822.2,25
ICFFUT,11/29/2024 11:32:00,330.26,330.26,330.26,330.26,99079.0,3
ICFFUT,11/29/2024 11:35:00,330.26,330.26,330.14,330.14,66040.28,2
ICFFUT,11/29/2024 11:39:00,331.01,331.01,331.01,331.01,66201.29,2
ICFFUT,11/29/2024 11:47:00,330.26,330.26,329.44,329.44,65970.1,2
ICFFUT,11/29/2024 11:58:00,328.69,328.69,328.65,328.65,65734.79,2
ICFFUT,11/29/2024 13:07:00,324.07,324.07,324.07,324.07,32407.09,1
ICFFUT,11/29/2024 14:18:00,325.06,325.31,325.06,325.31,65037.11,2
ICFFUT,11/29/2024 14:34:00,325.31,325.31,325.31,325.31,97592.81,3
ICFFUT,12/02/2024 10:05:00,314.58,314.58,314.58,314.58,62915.16,2
ICFFUT,12/02/2024 10:07:00,314.99,314.99,314.99,314.99,125995.46,4
ICFFUT,12/02/2024 10:09:00,314.58,314.58,314.58,314.58,31457.58,1
ICFFUT,12/02/2024 10:18:00,314.49,314.58,314.49,314.58,125822.07,4
ICFFUT,12/02/2024 10:35:00,313.34,313.34,313.34,313.34,31333.73,1
ICFFUT,12/02/2024 10:43:00,313.3,313.3,313.3,313.3,31329.61,1
ICFFUT,12/02/2024 10:44:00,313.34,313.34,312.92,312.92,406859.66,13
ICFFUT,12/02/2024 10:58:00,311.31,311.31,311.19,311.19,186759.79,6
ICFFUT,12/02/2024 11:30:00,310.03,310.03,310.03,310.03,62006.94,2
ICFFUT,12/02/2024 11:38:00,309.62,309.62,309.5,309.5,154790.3,5
ICFFUT,12/02/2024 11:48:00,308.8,308.8,308.8,308.8,30879.62,1
ICFFUT,12/02/2024 12:21:00,310.45,310.45,310.45,310.45,31044.75,1
ICFFUT,12/02/2024 14:13:00,305.99,306.32,305.99,306.32,306162.37,10
ICFFUT,12/03/2024 09:06:00,306.69,306.69,306.2,306.69,122589.62,4
ICFFUT,12/03/2024 09:09:00,306.65,306.69,306.65,306.69,245348.5,8
ICFFUT,12/03/2024 09:11:00,307.14,307.64,307.14,307.64,61478.52,2
ICFFUT,12/03/2024 09:16:00,308.09,308.09,307.14,307.14,92279.7,3
ICFFUT,12/03/2024 09:32:00,310.12,310.12,309.0,309.0,123881.78,4
ICFFUT,12/03/2024 10:18:00,310.49,311.27,310.49,311.27,279873.4,9
ICFFUT,12/03/2024 10:22:00,311.27,311.27,311.07,311.07,155574.67,5
ICFFUT,12/03/2024 11:04:00,311.93,311.93,311.93,311.93,31193.37,1
ICFFUT,12/03/2024 11:31:00,312.1,312.1,312.1,312.1,62419.77,2
ICFFUT,12/03/2024 11:42:00,310.45,310.45,310.03,310.03,62048.22,2
ICFFUT,12/03/2024 14:22:00,305.49,305.49,305.49,305.49,61098.72,2
ICFFUT,12/04/2024 09:59:00,310.12,310.12,310.12,310.12,31011.73,1
ICFFUT,12/04/2024 10:24:00,309.87,309.87,309.62,309.62,154885.25,5
ICFFUT,12/04/2024 10:50:00,311.85,311.85,311.85,311.85,31185.12,1
ICFFUT,12/05/2024 09:15:00,318.91,318.91,318.91,318.91,31891.05,1
ICFFUT,12/05/2024 10:21:00,322.83,322.83,322.83,322.83,32283.24,1
ICFFUT,12/05/2024 11:36:00,322.79,322.83,322.79,322.79,129120.58,4
ICFFUT,12/05/2024 11:45:00,322.87,322.87,322.87,322.87,32287.37,1
ICFFUT,12/05/2024 12:02:00,323.25,323.25,323.25,323.25,64649.05,2
ICFFUT,12/06/2024 09:25:00,330.26,330.26,330.26,330.26,132105.33,4
ICFFUT,12/06/2024 10:08:00,334.76,334.76,334.76,334.76,33476.32,1
ICFFUT,12/06/2024 10:28:00,335.09,335.09,335.09,335.09,33509.34,1
ICFFUT,12/06/2024 10:39:00,334.06,334.06,334.06,334.06,33406.14,1
ICFFUT,12/06/2024 11:33:00,331.01,331.01,331.01,331.01,33100.64,1
ICFFUT,12/06/2024 11:34:00,332.24,332.45,331.21,331.21,166072.92,5
ICFFUT,12/06/2024 11:52:00,330.68,330.68,330.68,330.68,1322704.65,40
ICFFUT,12/06/2024 12:11:00,332.45,332.45,332.45,332.45,33245.13,1
ICFFUT,12/06/2024 13:26:00,336.46,336.46,336.46,336.46,100936.73,3
ICFFUT,12/06/2024 14:00:00,336.66,336.66,336.66,336.66,33666.22,1
ICFFUT,12/06/2024 14:08:00,336.54,336.54,336.54,336.54,33653.83,1
ICFFUT,12/06/2024 14:11:00,336.79,337.69,336.79,337.69,506091.4,15
ICFFUT,12/06/2024 15:29:00,338.23,338.23,338.11,338.11,67633.8,2
ICFFUT,12/09/2024 09:20:00,341.41,341.41,341.41,341.41,68281.94,2
ICFFUT,12/09/2024 09:57:00,345.5,345.5,345.5,345.5,34549.67,1
ICFFUT,12/09/2024 10:10:00,337.28,338.4,336.66,336.66,168587.05,5
ICFFUT,12/09/2024 10:32:00,336.87,336.87,336.46,336.46,67332.44,2
ICFFUT,12/09/2024 11:03:00,334.47,334.47,333.98,333.98,66845.3,2
ICFFUT,12/09/2024 11:32:00,338.52,338.52,338.52,338.52,33851.99,1
ICFFUT,12/09/2024 11:45:00,338.11,338.11,338.11,338.11,676214.17,20
ICFFUT,12/09/2024 11:47:00,336.91,336.91,336.91,336.91,33690.99,1
ICFFUT,12/09/2024 11:48:00,336.46,336.46,336.46,336.46,33645.58,1
ICFFUT,12/09/2024 11:49:00,336.37,336.37,336.37,336.37,33637.32,1
ICFFUT,12/09/2024 11:50:00,336.74,336.74,336.74,336.74,67348.95,2
ICFFUT,12/09/2024 12:36:00,339.47,339.76,339.47,339.76,67922.78,2
ICFFUT,12/09/2024 13:34:00,338.52,338.52,338.52,338.52,33851.99,1
ICFFUT,12/09/2024 13:52:00,340.96,340.96,340.96,340.96,34095.56,1
ICFFUT,12/09/2024 13:56:00,340.21,340.21,340.21,340.21,34021.25,1
ICFFUT,12/09/2024 15:41:00,340.21,340.21,340.21,340.21,34021.25,1
ICFFUT,12/10/2024 09:16:00,352.39,352.39,351.85,351.85,70424.53,2
ICFFUT,12/10/2024 10:26:00,354.17,354.17,354.17,354.17,35416.61,1
ICFFUT,12/10/2024 11:32:00,353.18,353.3,353.18,353.3,70647.46,2
ICFFUT,12/10/2024 11:44:00,353.38,353.38,353.38,353.38,70676.35,2
ICFFUT,12/10/2024 11:54:00,353.34,353.34,353.34,353.34,35334.05,1
ICFFUT,12/10/2024 12:02:00,351.85,351.85,351.85,351.85,35185.43,1
ICFFUT,12/10/2024 12:16:00,352.97,352.97,352.97,352.97,105890.68,3
ICFFUT,12/10/2024 12:19:00,353.51,353.51,353.51,353.51,106051.68,3
ICFFUT,12/10/2024 12:31:00,354.12,354.21,354.12,354.21,106253.97,3
ICFFUT,12/10/2024 12:44:00,354.99,355.03,354.95,355.03,994026.58,28
ICFFUT,12/10/2024 12:45:00,355.03,355.03,355.03,355.03,390536.39,11
ICFFUT,12/10/2024 13:06:00,353.79,353.79,353.79,353.79,70758.92,2
ICFFUT,12/10/2024 13:16:00,352.06,352.06,352.06,352.06,35206.07,1
ICFFUT,12/10/2024 13:17:00,351.85,351.85,351.15,351.4,316450.07,9
ICFFUT,12/10/2024 13:28:00,350.86,350.9,350.86,350.86,315801.93,9
ICFFUT,12/11/2024 09:56:00,337.53,337.61,337.53,337.61,67514.08,2
ICFFUT,12/11/2024 10:06:00,334.64,334.8,334.6,334.8,100404.18,3
ICFFUT,12/11/2024 10:14:00,333.15,333.94,333.15,333.94,66709.06,2
ICFFUT,12/11/2024 10:49:00,333.57,333.57,333.57,333.57,33356.6,1
ICFFUT,12/11/2024 11:44:00,332.37,332.53,332.37,332.53,66490.27,2
ICFFUT,12/11/2024 11:56:00,333.15,333.15,333.15,333.15,66630.63,2
ICFFUT,12/11/2024 12:30:00,333.57,333.57,333.57,333.57,66713.19,2
ICFFUT,12/11/2024 12:32:00,333.65,333.65,333.65,333.65,100094.56,3
ICFFUT,12/11/2024 12:34:00,333.98,333.98,333.9,333.9,133575.0,4
ICFFUT,12/11/2024 12:46:00,333.77,333.77,333.77,333.77,33377.24,1
ICFFUT,12/11/2024 13:55:00,339.68,339.68,339.35,339.35,101836.7,3
ICFFUT,12/11/2024 14:15:00,336.04,336.04,336.04,336.04,33604.29,1
ICFFUT,12/11/2024 14:17:00,336.04,336.04,336.04,336.04,33604.29,1
ICFFUT,12/12/2024 09:31:00,339.68,340.63,339.51,340.63,203949.99,6
ICFFUT,12/12/2024 10:07:00,339.43,339.43,339.43,339.43,33942.81,1
ICFFUT,12/12/2024 11:38:00,337.49,337.49,337.49,337.49,33748.78,1
ICFFUT,12/12/2024 15:42:00,334.72,334.72,334.72,334.72,33472.19,1
ICFFUT,12/13/2024 09:39:00,334.39,334.39,334.39,334.39,133756.65,4
ICFFUT,12/13/2024 11:37:00,335.96,336.37,335.96,336.37,67233.36,2
ICFFUT,12/13/2024 11:40:00,338.64,339.22,338.52,338.52,237244.66,7
ICFFUT,12/13/2024 11:43:00,339.43,340.17,339.43,340.17,101977.06,3
ICFFUT,12/13/2024 12:01:00,340.17,340.17,340.17,340.17,34017.12,1
ICFFUT,12/13/2024 12:27:00,340.17,340.17,339.68,339.68,67984.71,2
ICFFUT,12/16/2024 11:22:00,341.33,341.33,341.24,341.24,102389.89,3
ICFFUT,12/16/2024 11:33:00,342.03,342.11,342.03,342.11,68414.05,2
ICFFUT,12/16/2024 12:05:00,343.23,343.23,342.98,342.98,102918.31,3
ICFFUT,12/16/2024 12:26:00,343.64,343.64,343.64,343.64,68727.8,2
ICFFUT,12/16/2024 12:59:00,343.47,343.47,343.47,343.47,34347.39,1
ICFFUT,12/16/2024 14:25:00,342.4,342.4,342.4,342.4,68480.1,2
ICFFUT,12/16/2024 15:25:00,341.04,341.04,341.04,341.04,34103.82,1
ICFFUT,12/17/2024 10:07:00,340.21,340.21,340.17,340.17,102055.5,3
ICFFUT,12/17/2024 11:57:00,337.28,337.69,337.28,337.69,67497.57,2
ICFFUT,12/17/2024 11:58:00,338.31,338.35,338.31,338.35,67666.83,2
ICFFUT,12/17/2024 12:05:00,338.27,338.27,338.27,338.27,169136.11,5
ICFFUT,12/17/2024 14:02:00,338.52,338.52,338.52,338.52,33851.99,1
ICFFUT,12/17/2024 14:21:00,339.55,339.55,339.55,339.55,33955.2,1
ICFFUT,12/17/2024 14:26:00,340.87,341.49,340.79,341.49,375166.76,11
ICFFUT,12/18/2024 09:04:00,346.78,347.15,346.78,346.9,104082.49,3
ICFFUT,12/18/2024 09:13:00,345.7,345.7,345.17,345.17,69086.96,2
ICFFUT,12/18/2024 09:18:00,344.75,344.75,344.71,344.71,68946.6,2
ICFFUT,12/18/2024 09:54:00,345.95,345.95,345.95,345.95,34595.08,1
ICFFUT,12/18/2024 10:10:00,343.72,343.72,343.47,343.47,103083.44,3
ICFFUT,12/18/2024 10:11:00,344.42,344.46,344.42,344.42,137773.48,4
ICFFUT,12/18/2024 10:15:00,344.13,344.13,344.13,344.13,34413.44,1
ICFFUT,12/18/2024 10:26:00,344.3,345.13,344.3,345.13,206703.56,6
ICFFUT,12/18/2024 10:27:00,344.92,345.0,344.92,345.0,68992.01,2
ICFFUT,12/18/2024 10:30:00,345.13,345.13,345.13,345.13,34512.52,1
ICFFUT,12/18/2024 10:31:00,345.13,345.13,345.13,345.13,69025.04,2
ICFFUT,12/18/2024 11:56:00,344.22,344.22,344.22,344.22,34421.7,1
ICFFUT,12/18/2024 13:34:00,344.3,344.3,344.3,344.3,275439.62,8
ICFFUT,12/18/2024 14:12:00,346.07,346.07,346.07,346.07,69214.94,2
ICFFUT,12/18/2024 14:56:00,345.79,345.87,345.79,345.87,103743.97,3
ICFFUT,12/18/2024 15:00:00,346.16,346.2,346.16,346.2,69235.58,2
ICFFUT,12/18/2024 15:33:00,346.74,346.78,346.74,346.78,104028.82,3
ICFFUT,12/19/2024 09:49:00,348.3,348.3,348.3,348.3,34830.4,1
ICFFUT,12/19/2024 10:45:00,346.98,347.02,346.53,346.78,1040762.97,30
ICFFUT,12/19/2024 12:37:00,338.73,338.73,338.44,338.48,372355.39,11
ICFFUT,12/20/2024 10:05:00,338.19,338.19,338.19,338.19,33818.97,1
ICFFUT,12/20/2024 10:14:00,338.93,338.93,338.93,338.93,33893.27,1
ICFFUT,12/20/2024 10:15:00,339.3,340.05,339.3,340.05,203673.4,6
ICFFUT,12/20/2024 10:34:00,338.93,338.93,338.93,338.93,33893.27,1
ICFFUT,12/20/2024 12:14:00,337.9,338.52,337.9,338.52,135242.83,4
ICFFUT,12/20/2024 15:59:00,335.75,335.75,335.75,335.75,33575.4,1
ICFFUT,12/23/2024 12:09:00,338.73,338.73,338.73,338.73,33872.63,1
ICFFUT,12/26/2024 10:00:00,340.17,340.21,340.17,340.21,102055.5,3
ICFFUT,12/26/2024 11:58:00,335.42,335.46,335.42,335.42,100631.24,3
ICFFUT,12/26/2024 12:00:00,334.89,334.89,334.8,334.8,133946.55,4
ICFFUT,12/26/2024 12:15:00,334.27,334.39,334.27,334.39,167158.66,5
ICFFUT,12/26/2024 12:16:00,334.06,334.1,334.06,334.1,167038.94,5
ICFFUT,12/26/2024 12:17:00,333.9,333.9,333.9,333.9,1736260.39,52
ICFFUT,12/26/2024 12:26:00,333.57,333.57,332.82,332.82,333458.63,10
ICFFUT,12/27/2024 09:45:00,331.91,331.91,331.91,331.91,33191.46,1
ICFFUT,12/27/2024 09:46:00,331.91,331.91,331.91,331.91,33191.46,1
ICFFUT,12/27/2024 10:34:00,331.91,332.49,331.91,332.49,132906.22,4
ICFFUT,12/27/2024 11:34:00,334.8,334.8,334.8,334.8,100441.34,3
ICFFUT,12/27/2024 11:35:00,334.8,334.8,334.39,334.39,66919.61,2
ICFFUT,12/27/2024 11:38:00,335.22,335.22,335.22,335.22,100565.18,3
ICFFUT,12/27/2024 11:41:00,335.13,335.13,335.13,335.13,67026.94,2
ICFFUT,12/27/2024 12:30:00,333.4,333.4,333.4,333.4,100020.25,3
ICFFUT,12/30/2024 09:18:00,330.26,330.26,330.26,330.26,33026.33,1
ICFFUT,12/30/2024 10:08:00,331.71,331.91,331.71,331.91,99553.75,3
ICFFUT,12/30/2024 11:48:00,333.19,333.19,333.19,333.19,33319.44,1
ICFFUT,12/30/2024 13:03:00,330.68,330.68,330.68,330.68,33067.62,1
ICFFUT,12/30/2024 13:18:00,330.97,330.97,330.97,330.97,33096.51,1
ICFFUT,12/30/2024 15:06:00,330.3,330.3,330.3,330.3,99091.38,3
ICFFUT,01/02/2025 11:33:00,335.01,335.01,335.01,335.01,33501.09,1
ICFFUT,01/02/2025 11:34:00,335.01,335.01,335.01,335.01,33501.09,1
ICFFUT,01/02/2025 11:35:00,335.46,335.46,335.46,335.46,33546.5,1
ICFFUT,01/02/2025 12:24:00,332.62,332.62,332.41,332.41,66502.65,2
ICFFUT,01/02/2025 12:30:00,331.5,331.5,330.59,330.59,231733.4,7
ICFFUT,01/02/2025 12:41:00,332.16,332.16,332.16,332.16,33216.23,1
ICFFUT,01/02/2025 12:56:00,332.74,332.74,332.74,332.74,33274.03,1
ICFFUT,01/02/2025 13:01:00,333.52,333.57,333.52,333.57,100065.66,3
ICFFUT,01/02/2025 13:16:00,334.39,334.39,334.39,334.39,200634.97,6
ICFFUT,01/02/2025 13:28:00,336.29,336.87,336.29,336.87,235708.94,7
ICFFUT,01/02/2025 13:40:00,338.27,338.27,337.94,337.94,202831.23,6
ICFFUT,01/02/2025 13:55:00,338.93,338.93,338.93,338.93,33893.27,1
ICFFUT,01/02/2025 14:12:00,338.93,338.93,338.93,338.93,33893.27,1
ICFFUT,01/02/2025 14:23:00,337.69,337.69,337.61,337.61,67530.59,2
ICFFUT,01/02/2025 14:28:00,336.54,336.54,336.54,336.54,100961.5,3
ICFFUT,01/02/2025 14:30:00,337.12,337.12,337.12,337.12,67423.26,2
ICFFUT,01/02/2025 14:43:00,336.87,336.91,336.87,336.91,67377.85,2
ICFFUT,01/02/2025 15:20:00,336.04,336.13,336.04,336.13,134425.43,4
ICFFUT,01/03/2025 09:14:00,333.19,333.19,332.91,332.91,433020.64,13
ICFFUT,01/03/2025 10:13:00,332.0,332.0,332.0,332.0,33199.72,1
ICFFUT,01/03/2025 10:40:00,332.2,332.2,332.2,332.2,33220.36,1
ICFFUT,01/03/2025 10:41:00,332.16,332.16,332.16,332.16,99648.7,3
ICFFUT,01/03/2025 10:43:00,331.91,331.91,331.91,331.91,33191.46,1
ICFFUT,01/03/2025 11:48:00,334.06,334.06,334.06,334.06,33406.14,1
ICFFUT,01/03/2025 11:56:00,334.39,334.39,334.39,334.39,33439.16,1
ICFFUT,01/03/2025 12:17:00,334.39,334.47,334.39,334.47,66886.58,2
ICFFUT,01/03/2025 12:23:00,334.1,334.1,334.1,334.1,66820.53,2
ICFFUT,01/03/2025 12:59:00,335.22,335.22,335.22,335.22,33521.73,1
ICFFUT,01/03/2025 13:15:00,334.39,334.39,334.19,334.19,66857.68,2
ICFFUT,01/06/2025 09:07:00,336.66,336.66,336.66,336.66,8483887.05,252
ICFFUT,01/06/2025 09:08:00,336.66,336.66,336.66,336.66,33666.22,1
ICFFUT,01/06/2025 09:11:00,336.13,336.13,335.96,335.96,201634.02,6
ICFFUT,01/06/2025 09:37:00,335.88,335.88,335.88,335.88,33587.78,1
ICFFUT,01/06/2025 09:45:00,335.8,336.25,335.67,336.25,100771.6,3
ICFFUT,01/06/2025 09:47:00,336.33,336.33,336.33,336.33,639030.65,19
ICFFUT,01/06/2025 09:49:00,336.0,336.0,336.0,336.0,33600.17,1
ICFFUT,01/06/2025 09:52:00,336.54,336.54,336.54,336.54,33653.83,1
ICFFUT,01/06/2025 10:05:00,337.65,337.69,337.65,337.69,405228.98,12
ICFFUT,01/06/2025 10:10:00,337.69,337.69,337.69,337.69,67538.85,2
ICFFUT,01/06/2025 10:35:00,337.28,337.28,336.21,336.21,134673.13,4
ICFFUT,01/06/2025 11:05:00,334.43,334.47,334.43,334.47,100338.13,3
ICFFUT,01/06/2025 11:31:00,335.22,335.22,335.22,335.22,33521.73,1
ICFFUT,01/06/2025 11:37:00,334.47,334.47,334.39,334.39,100325.74,3
ICFFUT,01/06/2025 13:07:00,335.38,335.38,335.38,335.38,33538.24,1
ICFFUT,01/06/2025 14:14:00,329.44,329.44,329.44,329.44,32943.77,1
ICFFUT,01/06/2025 14:15:00,330.35,330.35,330.35,330.35,33034.59,1
ICFFUT,01/06/2025 14:38:00,328.45,328.82,328.45,328.61,131448.93,4
ICFFUT,01/07/2025 09:06:00,330.68,330.68,330.68,330.68,33067.62,1
ICFFUT,01/07/2025 09:15:00,330.3,330.3,330.3,330.3,33030.46,1
ICFFUT,01/07/2025 09:55:00,330.51,330.51,330.51,330.51,33051.1,1
ICFFUT,01/07/2025 10:00:00,330.06,330.14,330.02,330.14,693230.99,21
ICFFUT,01/07/2025 10:03:00,330.59,330.59,330.59,330.59,66118.72,2
ICFFUT,01/07/2025 10:16:00,332.0,332.0,331.96,331.96,66395.31,2
ICFFUT,01/07/2025 10:26:00,332.16,332.16,332.16,332.16,33216.23,1
ICFFUT,01/07/2025 10:28:00,332.7,332.7,332.7,332.7,33269.9,1
ICFFUT,01/07/2025 10:40:00,333.15,333.24,333.15,333.24,66638.88,2
ICFFUT,01/07/2025 11:04:00,333.77,333.77,333.77,333.77,66754.48,2
ICFFUT,01/07/2025 11:40:00,333.32,333.32,333.32,333.32,33331.83,1
ICFFUT,01/07/2025 12:04:00,332.04,332.04,331.91,331.91,132794.76,4
ICFFUT,01/07/2025 12:39:00,331.25,331.25,331.25,331.25,33125.41,1
ICFFUT,01/07/2025 12:40:00,330.8,330.8,330.8,330.8,66160.0,2
ICFFUT,01/07/2025 13:00:00,330.68,330.68,330.51,330.51,66118.72,2
ICFFUT,01/07/2025 14:02:00,332.33,332.33,332.33,332.33,66465.5,2
ICFFUT,01/07/2025 15:06:00,332.0,332.0,332.0,332.0,66399.44,2
ICFFUT,01/07/2025 15:39:00,331.25,331.25,331.21,331.21,66246.7,2
ICFFUT,01/08/2025 09:19:00,330.35,330.35,330.35,330.35,33034.59,1
ICFFUT,01/08/2025 09:27:00,331.83,331.83,331.83,331.83,33183.21,1
ICFFUT,01/08/2025 10:01:00,334.39,334.39,334.39,334.39,167195.81,5
ICFFUT,01/08/2025 10:15:00,334.06,334.39,333.81,333.81,334284.29,10
ICFFUT,01/08/2025 11:23:00,332.49,332.49,332.49,332.49,33249.26,1
ICFFUT,01/08/2025 11:29:00,332.74,332.74,332.74,332.74,66548.06,2
ICFFUT,01/08/2025 11:36:00,332.33,332.33,332.33,332.33,33232.75,1
ICFFUT,01/08/2025 12:17:00,333.48,333.48,333.48,333.48,33348.34,1
ICFFUT,01/08/2025 12:52:00,331.09,331.09,331.09,331.09,99326.7,3
ICFFUT,01/08/2025 13:05:00,329.85,329.85,329.85,329.85,32985.05,1
ICFFUT,01/08/2025 13:08:00,330.18,330.18,329.85,329.85,363062.61,11
ICFFUT,01/08/2025 13:38:00,329.85,329.85,329.52,329.52,65937.07,2
ICFFUT,01/08/2025 13:43:00,329.02,329.02,328.03,328.08,427212.13,13
ICFFUT,01/08/2025 13:49:00,327.37,327.37,326.55,326.55,327014.37,10
ICFFUT,01/08/2025 13:53:00,327.29,327.29,327.29,327.29,32729.1,1
ICFFUT,01/08/2025 13:57:00,326.92,326.92,326.14,326.14,163249.17,5
ICFFUT,01/08/2025 14:46:00,330.43,330.43,330.43,330.43,66085.69,2
ICFFUT,01/08/2025 15:06:00,330.68,330.88,330.63,330.88,165383.49,5
ICFFUT,01/08/2025 15:37:00,330.68,330.68,330.68,330.68,33067.62,1
ICFFUT,01/09/2025 09:13:00,330.92,330.92,330.92,330.92,33092.39,1
ICFFUT,01/09/2025 09:22:00,330.92,330.92,330.92,330.92,33092.39,1
ICFFUT,01/10/2025 09:05:00,330.92,331.09,330.92,331.09,99301.93,3
ICFFUT,01/10/2025 09:15:00,330.92,330.92,330.92,330.92,33092.39,1
ICFFUT,01/10/2025 09:17:00,330.68,330.68,330.68,330.68,33067.62,1
ICFFUT,01/10/2025 11:44:00,333.57,333.57,333.57,333.57,66713.19,2
ICFFUT,01/10/2025 11:53:00,333.48,333.48,333.48,333.48,33348.34,1
ICFFUT,01/10/2025 12:51:00,334.27,334.27,334.27,334.27,33426.78,1
ICFFUT,01/10/2025 13:36:00,333.48,333.48,333.48,333.48,33348.34,1
ICFFUT,01/10/2025 13:53:00,333.73,333.77,333.73,333.77,66750.35,2
ICFFUT,01/10/2025 14:03:00,333.77,333.77,333.77,333.77,33377.24,1
ICFFUT,01/10/2025 14:09:00,333.15,333.15,332.78,332.78,99900.53,3
ICFFUT,01/10/2025 14:11:00,332.78,332.78,332.74,332.74,99826.22,3
ICFFUT,01/10/2025 14:19:00,332.74,332.74,332.74,332.74,66548.06,2
ICFFUT,01/10/2025 14:39:00,333.73,333.73,333.73,333.73,66746.22,2
ICFFUT,01/10/2025 14:41:00,334.27,334.27,334.27,334.27,33426.78,1
ICFFUT,01/10/2025 14:45:00,333.98,333.98,333.98,333.98,133591.52,4
ICFFUT,01/10/2025 15:37:00,334.06,334.06,334.06,334.06,33406.14,1
ICFFUT,01/10/2025 15:39:00,334.31,334.31,334.31,334.31,33430.91,1
ICFFUT,01/10/2025 15:58:00,333.98,333.98,333.98,333.98,33397.88,1
ICFFUT,01/13/2025 09:06:00,336.83,336.87,336.83,336.87,202117.03,6
ICFFUT,01/13/2025 09:09:00,337.78,337.78,337.78,337.78,33777.68,1
ICFFUT,01/13/2025 09:10:00,337.69,337.69,337.69,337.69,67538.85,2
ICFFUT,01/13/2025 09:23:00,336.87,336.87,336.87,336.87,33686.86,1
ICFFUT,01/13/2025 09:45:00,336.95,336.95,336.95,336.95,33695.12,1
ICFFUT,01/13/2025 09:50:00,338.11,338.52,338.07,338.52,744430.06,22
ICFFUT,01/13/2025 09:53:00,339.35,340.17,339.3,340.17,305745.41,9
ICFFUT,01/13/2025 09:57:00,340.67,340.67,340.67,340.67,102199.99,3
ICFFUT,01/13/2025 10:01:00,341.0,341.2,341.0,341.04,136423.53,4
ICFFUT,01/13/2025 10:08:00,340.5,340.5,340.5,340.5,34050.15,1
ICFFUT,01/13/2025 10:10:00,339.59,339.72,339.59,339.72,67931.04,2
ICFFUT,01/13/2025 10:18:00,338.27,338.27,338.27,338.27,33827.22,1
ICFFUT,01/13/2025 10:37:00,337.36,337.36,337.36,337.36,33736.4,1
ICFFUT,01/13/2025 11:27:00,336.21,336.29,336.21,336.29,67249.87,2
ICFFUT,01/13/2025 11:45:00,336.5,336.5,336.5,336.5,33649.71,1
ICFFUT,01/13/2025 11:59:00,336.99,336.99,336.99,336.99,33699.24,1
ICFFUT,01/13/2025 12:00:00,336.87,337.24,336.87,337.24,67410.87,2
ICFFUT,01/13/2025 12:09:00,337.69,337.69,337.69,337.69,67538.85,2
ICFFUT,01/13/2025 12:17:00,336.7,336.7,336.7,336.7,33670.35,1
ICFFUT,01/13/2025 12:46:00,335.84,335.84,335.84,335.84,33583.65,1
ICFFUT,01/13/2025 13:08:00,336.04,336.04,336.04,336.04,33604.29,1
ICFFUT,01/13/2025 13:47:00,336.04,336.37,336.04,336.37,168128.81,5
ICFFUT,01/13/2025 13:49:00,336.87,336.87,336.87,336.87,33686.86,1
ICFFUT,01/13/2025 14:23:00,336.54,336.54,336.54,336.54,67307.67,2
ICFFUT,01/13/2025 14:38:00,337.08,337.08,337.08,337.08,33707.5,1
ICFFUT,01/13/2025 15:55:00,336.5,336.5,336.5,336.5,33649.71,1
ICFFUT,01/14/2025 09:09:00,336.46,336.46,336.46,336.46,33645.58,1
ICFFUT,01/14/2025 09:20:00,336.54,336.54,336.54,336.54,168269.17,5
ICFFUT,01/14/2025 09:29:00,336.04,336.04,335.34,335.34,201460.63,6
ICFFUT,01/14/2025 09:34:00,335.34,335.34,335.3,335.3,67064.1,2
ICFFUT,01/14/2025 09:58:00,335.63,335.63,335.63,335.63,134252.04,4
ICFFUT,01/14/2025 10:09:00,334.06,334.06,333.73,333.73,166972.88,5
ICFFUT,01/14/2025 11:01:00,334.97,334.97,334.89,334.89,234466.32,7
ICFFUT,01/14/2025 11:32:00,335.34,335.34,335.34,335.34,33534.11,1
ICFFUT,01/14/2025 11:45:00,335.96,336.5,335.96,336.5,201766.13,6
ICFFUT,01/14/2025 11:50:00,336.46,336.54,336.46,336.54,100944.99,3
ICFFUT,01/14/2025 11:51:00,336.54,336.91,336.54,336.91,134685.52,4
ICFFUT,01/14/2025 11:52:00,337.12,337.12,337.12,337.12,67423.26,2
ICFFUT,01/14/2025 12:25:00,335.71,335.71,335.71,335.71,33571.27,1
ICFFUT,01/14/2025 12:37:00,335.88,335.88,335.88,335.88,167938.9,5
ICFFUT,01/14/2025 13:16:00,335.42,335.42,335.3,335.3,301823.53,9
ICFFUT,01/14/2025 14:22:00,333.9,333.9,333.57,333.57,300271.29,9
ICFFUT,01/14/2025 14:23:00,333.57,333.57,332.74,332.74,599981.14,18
ICFFUT,01/14/2025 14:53:00,332.29,332.29,332.2,332.2,232575.57,7
ICFFUT,01/14/2025 15:10:00,332.37,332.37,332.33,332.33,132935.12,4
ICFFUT,01/15/2025 09:12:00,333.98,333.98,333.98,333.98,33397.88,1
ICFFUT,01/15/2025 10:00:00,333.15,333.15,332.91,332.91,66605.86,2
ICFFUT,01/15/2025 10:08:00,333.57,333.57,333.48,333.48,66704.94,2
ICFFUT,01/15/2025 10:21:00,333.81,333.81,333.81,333.81,33381.37,1
ICFFUT,01/15/2025 10:25:00,333.85,333.85,333.85,333.85,33385.49,1
ICFFUT,01/15/2025 11:31:00,336.74,336.74,336.74,336.74,33674.48,1
ICFFUT,01/15/2025 11:43:00,337.08,337.28,337.08,337.28,134887.8,4
ICFFUT,01/15/2025 11:49:00,338.11,338.11,338.11,338.11,33810.71,1
ICFFUT,01/15/2025 11:57:00,337.45,337.69,337.45,337.69,67514.08,2
ICFFUT,01/15/2025 12:09:00,338.23,338.4,338.23,338.4,135337.79,4
ICFFUT,01/15/2025 12:10:00,338.4,338.52,338.4,338.52,304597.74,9
ICFFUT,01/15/2025 12:11:00,338.52,338.52,338.52,338.52,575483.86,17
ICFFUT,01/15/2025 12:13:00,338.4,338.4,338.4,338.4,33839.61,1
ICFFUT,01/15/2025 12:17:00,338.23,338.23,338.23,338.23,33823.09,1
ICFFUT,01/15/2025 12:20:00,338.11,338.11,338.11,338.11,67621.42,2
ICFFUT,01/15/2025 12:39:00,337.41,337.41,337.24,337.24,472247.67,14
ICFFUT,01/15/2025 12:46:00,337.08,337.08,337.03,337.03,101114.25,3
ICFFUT,01/15/2025 12:49:00,337.03,337.03,337.03,337.03,33703.37,1
ICFFUT,01/15/2025 13:19:00,337.03,337.03,336.95,336.95,168500.35,5
ICFFUT,01/15/2025 15:21:00,338.69,338.69,338.69,338.69,33868.5,1
ICFFUT,01/15/2025 15:23:00,338.85,338.93,338.85,338.93,101667.44,3
ICFFUT,01/15/2025 15:32:00,338.69,338.69,338.52,338.52,406244.54,12
ICFFUT,01/15/2025 15:59:00,338.6,338.6,338.6,338.6,33860.25,1
ICFFUT,01/16/2025 09:04:00,339.72,339.72,339.06,339.06,101811.93,3
ICFFUT,01/16/2025 09:08:00,339.18,339.18,339.18,339.18,33918.04,1
ICFFUT,01/16/2025 09:43:00,337.78,337.78,337.78,337.78,33777.68,1
ICFFUT,01/16/2025 09:53:00,337.2,337.2,337.2,337.2,33719.89,1
ICFFUT,01/16/2025 10:00:00,337.32,337.32,336.87,336.87,269614.6,8
ICFFUT,01/16/2025 10:06:00,336.04,336.04,336.04,336.04,33604.29,1
ICFFUT,01/16/2025 10:14:00,335.22,335.26,334.97,334.97,234586.05,7
ICFFUT,01/16/2025 10:32:00,336.04,336.04,336.04,336.04,33604.29,1
ICFFUT,01/16/2025 11:38:00,334.06,334.06,333.77,333.77,133583.26,4
ICFFUT,01/16/2025 11:56:00,334.39,334.39,334.39,334.39,2775450.48,83
ICFFUT,01/16/2025 11:57:00,334.31,334.31,334.31,334.31,33430.91,1
ICFFUT,01/16/2025 12:15:00,333.69,333.69,333.69,333.69,33368.98,1
ICFFUT,01/16/2025 12:17:00,334.02,334.02,334.02,334.02,33402.01,1
ICFFUT,01/16/2025 12:21:00,334.56,334.56,334.56,334.56,33455.68,1
ICFFUT,01/16/2025 12:30:00,335.42,335.42,335.42,335.42,33542.37,1
ICFFUT,01/16/2025 12:33:00,336.04,336.04,336.04,336.04,33604.29,1
ICFFUT,01/16/2025 12:37:00,335.51,335.51,335.51,335.51,33550.63,1
ICFFUT,01/16/2025 12:48:00,335.75,335.84,335.75,335.84,67159.05,2
ICFFUT,01/16/2025 12:49:00,336.0,336.0,336.0,336.0,33600.17,1
ICFFUT,01/16/2025 13:09:00,335.38,335.38,335.38,335.38,1307991.42,39
ICFFUT,01/16/2025 13:16:00,335.22,335.22,335.22,335.22,33521.73,1
ICFFUT,01/16/2025 15:02:00,335.26,335.26,335.22,335.22,67047.58,2
ICFFUT,01/16/2025 15:29:00,334.47,334.47,334.47,334.47,33447.42,1
ICFFUT,01/17/2025 09:14:00,337.69,337.69,337.69,337.69,168847.13,5
ICFFUT,01/17/2025 09:37:00,338.02,338.02,338.02,338.02,33802.45,1
ICFFUT,01/17/2025 10:00:00,338.35,338.35,338.35,338.35,33835.48,1
ICFFUT,01/17/2025 10:23:00,337.28,337.28,337.28,337.28,33728.14,1
ICFFUT,01/17/2025 10:33:00,337.69,337.69,337.69,337.69,67538.85,2
ICFFUT,01/17/2025 10:38:00,337.28,337.28,337.28,337.28,33728.14,1
ICFFUT,01/17/2025 10:54:00,337.49,337.49,337.49,337.49,33748.78,1
ICFFUT,01/17/2025 11:03:00,336.04,336.04,336.04,336.04,235230.06,7
ICFFUT,01/17/2025 11:06:00,336.54,336.54,335.63,335.8,235106.21,7
ICFFUT,01/17/2025 11:30:00,335.22,335.22,335.22,335.22,167608.64,5
ICFFUT,01/17/2025 11:38:00,335.18,335.18,335.18,335.18,33517.6,1
ICFFUT,01/17/2025 11:40:00,334.85,334.85,334.85,334.85,33484.57,1
ICFFUT,01/17/2025 11:41:00,334.8,334.8,334.52,334.8,133892.88,4
ICFFUT,01/17/2025 12:18:00,333.48,333.57,333.48,333.57,66704.94,2
ICFFUT,01/17/2025 12:25:00,333.9,334.47,333.9,334.47,367801.89,11
ICFFUT,01/17/2025 12:28:00,334.27,334.31,334.27,334.31,66857.68,2
ICFFUT,01/17/2025 12:30:00,333.81,333.81,333.73,333.73,100135.84,3
ICFFUT,01/17/2025 12:38:00,334.39,334.6,334.39,334.6,167241.22,5
ICFFUT,01/17/2025 13:10:00,335.22,335.22,335.22,335.22,33521.73,1
ICFFUT,01/17/2025 14:32:00,335.63,335.63,335.63,335.63,33563.01,1
ICFFUT,01/17/2025 15:12:00,334.56,334.56,334.56,334.56,33455.68,1
ICFFUT,01/17/2025 15:58:00,334.39,334.39,334.39,334.39,33439.16,1
ICFFUT,01/21/2025 09:10:00,336.91,337.53,336.91,337.53,67443.9,2
ICFFUT,01/21/2025 09:45:00,336.87,336.87,336.87,336.87,67373.72,2
ICFFUT,01/21/2025 09:58:00,338.44,338.52,338.44,338.52,67695.73,2
ICFFUT,01/21/2025 10:01:00,338.11,338.11,338.11,338.11,33810.71,1
ICFFUT,01/21/2025 10:19:00,339.14,339.14,339.14,339.14,33913.92,1
ICFFUT,01/21/2025 10:28:00,339.1,339.1,339.1,339.1,33909.79,1
ICFFUT,01/21/2025 10:29:00,339.22,339.35,339.22,339.35,237521.26,7
ICFFUT,01/21/2025 10:33:00,340.17,340.17,340.17,340.17,170085.62,5
ICFFUT,01/21/2025 10:34:00,340.05,340.17,340.01,340.01,102022.47,3
ICFFUT,01/21/2025 11:31:00,339.76,339.76,339.76,339.76,33975.84,1
ICFFUT,01/21/2025 11:32:00,339.39,339.39,339.39,339.39,33938.69,1
ICFFUT,01/21/2025 11:33:00,339.18,339.18,339.18,339.18,33918.04,1
ICFFUT,01/21/2025 11:40:00,339.84,339.84,339.84,339.84,33984.1,1
ICFFUT,01/21/2025 11:43:00,340.54,340.54,340.54,340.54,34054.28,1
ICFFUT,01/21/2025 11:44:00,340.58,340.58,340.58,340.58,170292.03,5
ICFFUT,01/21/2025 12:02:00,339.76,339.76,339.72,339.72,101919.26,3
ICFFUT,01/21/2025 12:07:00,339.47,339.47,339.47,339.47,67893.88,2
ICFFUT,01/21/2025 12:24:00,337.69,337.69,337.69,337.69,33769.43,1
ICFFUT,01/21/2025 12:34:00,338.44,338.52,338.44,338.44,135383.2,4
ICFFUT,01/21/2025 12:48:00,338.15,338.15,338.15,338.15,33814.84,1
ICFFUT,01/21/2025 13:03:00,337.69,337.69,337.69,337.69,168847.13,5
ICFFUT,01/21/2025 13:10:00,337.45,337.45,337.45,337.45,33744.66,1
ICFFUT,01/21/2025 13:13:00,337.2,337.41,337.2,337.41,67460.41,2
ICFFUT,01/21/2025 14:15:00,336.5,336.5,336.17,336.17,201848.69,6
ICFFUT,01/21/2025 14:40:00,334.64,334.64,334.64,334.64,167319.66,5
ICFFUT,01/21/2025 15:28:00,334.56,334.56,334.56,334.56,33455.68,1
ICFFUT,01/21/2025 15:30:00,334.47,334.47,334.47,334.47,33447.42,1
ICFFUT,01/21/2025 15:59:00,334.6,334.6,334.6,334.6,33459.8,1
ICFFUT,01/22/2025 09:03:00,336.83,336.83,336.83,336.83,33682.73,1
ICFFUT,01/22/2025 09:35:00,337.32,337.32,337.32,337.32,33732.27,1
ICFFUT,01/22/2025 10:01:00,337.9,338.27,337.9,338.27,101428.0,3
ICFFUT,01/22/2025 10:05:00,338.07,338.07,338.07,338.07,33806.58,1
ICFFUT,01/22/2025 10:19:00,338.31,338.31,338.31,338.31,33831.35,1
ICFFUT,01/22/2025 10:31:00,337.78,337.78,337.78,337.78,135110.73,4
ICFFUT,01/22/2025 10:33:00,337.74,337.74,337.74,337.74,33773.55,1
ICFFUT,01/22/2025 10:37:00,336.87,336.87,336.87,336.87,33686.86,1
ICFFUT,01/22/2025 11:24:00,339.35,339.35,339.35,339.35,169672.79,5
ICFFUT,01/22/2025 11:31:00,340.05,340.09,340.05,340.09,68013.61,2
ICFFUT,01/22/2025 11:34:00,340.17,340.5,340.17,340.5,170131.03,5
ICFFUT,01/22/2025 11:35:00,339.72,339.72,339.72,339.72,101915.14,3
ICFFUT,01/22/2025 11:39:00,340.42,340.42,340.38,340.38,68079.66,2
ICFFUT,01/22/2025 11:41:00,340.5,340.54,340.38,340.38,102142.19,3
ICFFUT,01/22/2025 11:42:00,340.58,340.58,340.42,340.42,170275.52,5
ICFFUT,01/22/2025 11:45:00,340.71,340.71,340.71,340.71,34070.79,1
ICFFUT,01/22/2025 11:50:00,340.91,340.91,340.91,340.91,34091.43,1
ICFFUT,01/22/2025 11:59:00,341.7,341.78,341.7,341.78,68348.0,2
ICFFUT,01/22/2025 12:00:00,341.41,341.45,341.0,341.0,136526.73,4
ICFFUT,01/22/2025 12:04:00,341.78,341.82,341.78,341.82,68360.38,2
ICFFUT,01/22/2025 12:13:00,341.74,341.95,341.74,341.78,444385.83,13
ICFFUT,01/22/2025 12:14:00,341.82,341.82,341.82,341.82,34182.25,1
ICFFUT,01/22/2025 12:16:00,341.82,341.82,341.82,341.82,136729.02,4
ICFFUT,01/22/2025 12:18:00,341.78,341.82,341.78,341.82,136724.89,4
ICFFUT,01/22/2025 12:23:00,341.91,341.95,341.91,341.95,102579.79,3
ICFFUT,01/22/2025 12:29:00,341.82,341.91,341.82,341.91,102555.02,3
ICFFUT,01/22/2025 12:34:00,342.07,342.61,342.07,342.61,342346.84,10
ICFFUT,01/22/2025 12:35:00,342.48,342.48,342.48,342.48,34248.31,1
ICFFUT,01/22/2025 12:38:00,342.48,342.65,342.48,342.65,274052.51,8
ICFFUT,01/22/2025 12:51:00,343.02,343.39,342.81,342.81,205799.47,6
ICFFUT,01/22/2025 13:04:00,342.65,342.65,342.65,342.65,34264.82,1
ICFFUT,01/22/2025 13:07:00,342.94,342.94,342.94,342.94,34293.72,1
ICFFUT,01/22/2025 13:15:00,342.19,342.4,341.95,341.95,205287.56,6
ICFFUT,01/22/2025 13:16:00,342.32,342.32,342.24,342.24,342251.89,10
ICFFUT,01/22/2025 13:41:00,342.81,342.81,342.81,342.81,34281.33,1
ICFFUT,01/22/2025 14:20:00,345.21,345.7,345.21,345.7,138194.56,4
ICFFUT,01/22/2025 14:29:00,345.21,345.54,345.0,345.54,207203.09,6
ICFFUT,01/22/2025 14:42:00,345.13,345.13,344.84,345.08,344968.31,10
ICFFUT,01/22/2025 15:01:00,344.05,344.05,344.05,344.05,103215.55,3
ICFFUT,01/22/2025 15:08:00,344.09,344.09,344.05,344.05,68814.49,2
ICFFUT,01/22/2025 15:22:00,345.13,345.13,345.13,345.13,34512.52,1
ICFFUT,01/22/2025 15:29:00,345.54,345.87,345.54,345.87,138264.74,4
ICFFUT,01/23/2025 09:03:00,350.0,350.0,349.58,349.58,69958.03,2
ICFFUT,01/23/2025 09:08:00,349.5,349.54,349.46,349.54,209704.83,6
ICFFUT,01/23/2025 09:26:00,350.9,351.28,350.9,351.28,70218.11,2
ICFFUT,01/23/2025 09:29:00,350.74,350.74,350.74,350.74,140295.86,4
ICFFUT,01/23/2025 09:41:00,352.06,352.56,352.06,352.51,493524.88,14
ICFFUT,01/23/2025 09:43:00,352.31,352.31,352.31,352.31,35230.84,1
ICFFUT,01/23/2025 10:18:00,349.83,350.08,349.83,350.0,104990.71,3
ICFFUT,01/23/2025 10:26:00,349.25,349.25,349.21,349.21,104767.79,3
ICFFUT,01/23/2025 11:30:00,346.78,346.82,346.78,346.78,173392.38,5
ICFFUT,01/23/2025 11:32:00,346.61,346.78,346.61,346.78,138677.57,4
ICFFUT,01/23/2025 11:34:00,346.36,346.36,344.84,345.54,484120.63,14
ICFFUT,01/23/2025 11:35:00,345.37,345.37,345.37,345.37,34537.29,1
ICFFUT,01/23/2025 11:36:00,344.88,344.88,344.88,344.88,34487.75,1
ICFFUT,01/23/2025 11:41:00,345.08,345.08,345.08,345.08,34508.39,1
ICFFUT,01/23/2025 11:50:00,345.29,345.29,345.29,345.29,34529.03,1
ICFFUT,01/23/2025 12:47:00,348.8,348.84,348.8,348.84,209300.26,6
ICFFUT,01/23/2025 12:58:00,349.25,349.25,349.25,349.25,174626.74,5
ICFFUT,01/23/2025 13:00:00,349.58,349.79,349.58,349.79,139874.78,4
ICFFUT,01/23/2025 14:26:00,349.58,349.58,349.58,349.58,34958.37,1
ICFFUT,01/23/2025 14:32:00,349.25,349.25,349.25,349.25,34925.35,1
ICFFUT,01/24/2025 09:15:00,350.08,350.08,350.08,350.08,35007.91,1
ICFFUT,01/24/2025 09:42:00,350.66,350.78,350.66,350.78,70143.8,2
ICFFUT,01/24/2025 09:55:00,350.9,350.9,350.9,350.9,35090.48,1
ICFFUT,01/24/2025 09:58:00,350.99,350.99,350.99,350.99,35098.74,1
ICFFUT,01/24/2025 10:03:00,350.08,350.08,350.08,350.08,35007.91,1
ICFFUT,01/24/2025 10:05:00,351.24,351.81,351.24,351.81,246170.03,7
ICFFUT,01/24/2025 11:33:00,350.53,350.82,350.53,350.82,105188.87,3
ICFFUT,01/24/2025 11:36:00,350.82,350.82,350.82,350.82,70164.45,2
ICFFUT,01/24/2025 11:39:00,351.48,351.48,351.48,351.48,70296.55,2
ICFFUT,01/24/2025 11:46:00,351.69,351.69,351.69,351.69,35168.92,1
ICFFUT,01/24/2025 12:19:00,351.73,351.73,351.73,351.73,175865.22,5
ICFFUT,01/24/2025 12:42:00,353.05,353.05,353.05,353.05,35305.15,1
ICFFUT,01/24/2025 12:52:00,354.12,354.66,354.12,354.66,319071.53,9
ICFFUT,01/24/2025 14:53:00,353.38,353.38,353.38,353.38,176690.88,5
ICFFUT,01/24/2025 15:19:00,353.38,353.38,353.38,353.38,35338.18,1
ICFFUT,01/24/2025 15:29:00,353.13,353.13,353.13,353.13,35313.41,1
ICFFUT,01/24/2025 15:33:00,352.6,352.6,352.6,352.6,35259.74,1
ICFFUT,01/27/2025 09:01:00,355.73,355.73,355.73,355.73,35573.49,1
ICFFUT,01/27/2025 09:08:00,356.02,356.02,356.02,356.02,35602.39,1
ICFFUT,01/27/2025 09:09:00,355.9,355.9,355.86,355.86,71175.88,2
ICFFUT,01/27/2025 09:19:00,355.73,355.73,355.73,355.73,35573.49,1
ICFFUT,01/27/2025 09:23:00,356.23,356.35,356.23,356.35,71258.44,2
ICFFUT,01/27/2025 09:26:00,355.86,355.86,355.03,355.73,782261.73,22
ICFFUT,01/27/2025 09:27:00,355.57,355.65,355.57,355.65,391168.02,11
ICFFUT,01/27/2025 10:02:00,355.03,355.03,355.03,355.03,35503.31,1
ICFFUT,01/27/2025 10:36:00,354.41,354.46,354.41,354.46,70886.9,2
ICFFUT,01/27/2025 12:03:00,354.21,354.21,354.21,354.21,35420.74,1
ICFFUT,01/27/2025 12:32:00,355.53,355.53,355.53,355.53,35552.85,1
ICFFUT,01/27/2025 12:35:00,355.45,355.45,355.45,355.45,71089.18,2
ICFFUT,01/27/2025 13:33:00,354.17,354.21,354.17,354.21,70837.36,2
ICFFUT,01/27/2025 13:36:00,354.21,355.03,354.21,355.03,177235.82,5
ICFFUT,01/27/2025 13:37:00,355.03,355.03,355.03,355.03,35503.31,1
ICFFUT,01/27/2025 14:01:00,355.94,355.94,355.94,355.94,35594.13,1
ICFFUT,01/27/2025 14:05:00,355.98,355.98,355.98,355.98,35598.26,1
ICFFUT,01/27/2025 14:12:00,355.65,355.65,355.65,355.65,35565.23,1
ICFFUT,01/27/2025 14:29:00,356.68,356.89,356.68,356.73,249703.85,7
ICFFUT,01/27/2025 14:58:00,357.1,357.1,357.1,357.1,178548.61,5
ICFFUT,01/27/2025 15:02:00,357.18,357.18,357.18,357.18,35717.98,1
ICFFUT,01/28/2025 10:14:00,357.51,357.51,357.51,357.51,35751.01,1
ICFFUT,01/28/2025 11:15:00,358.34,358.34,358.34,358.34,35833.57,1
ICFFUT,01/28/2025 11:18:00,358.13,358.13,358.13,358.13,35812.93,1
ICFFUT,01/28/2025 11:30:00,359.04,359.16,359.04,359.16,610528.92,17
ICFFUT,01/28/2025 11:50:00,357.96,357.96,357.8,357.8,322109.96,9
ICFFUT,01/28/2025 12:09:00,358.29,358.29,357.92,357.92,214790.89,6
ICFFUT,01/28/2025 12:29:00,359.08,359.53,359.08,359.53,143714.09,4
ICFFUT,01/28/2025 12:36:00,360.77,360.77,360.77,360.77,36077.14,1
ICFFUT,01/28/2025 13:56:00,361.14,361.14,360.98,360.98,144440.67,4
ICFFUT,01/28/2025 14:09:00,361.02,361.02,360.28,360.4,2201560.14,61
ICFFUT,01/28/2025 14:44:00,361.89,362.18,361.89,362.18,181029.72,5
ICFFUT,01/28/2025 15:45:00,362.22,362.22,362.05,362.05,181058.62,5
ICFFUT,01/28/2025 15:57:00,362.46,362.46,362.46,362.46,36246.4,1
ICFFUT,01/29/2025 09:07:00,369.11,369.19,369.07,369.07,184563.54,5
ICFFUT,01/29/2025 09:10:00,368.9,368.9,368.24,368.24,221189.74,6
ICFFUT,01/29/2025 09:12:00,367.42,368.24,367.42,368.24,147214.88,4
ICFFUT,01/29/2025 09:18:00,369.07,369.23,369.07,369.23,110737.3,3
ICFFUT,01/29/2025 09:31:00,372.5,373.07,372.45,372.54,298194.76,8
ICFFUT,01/29/2025 09:50:00,369.32,369.32,369.15,369.15,73846.88,2
ICFFUT,01/29/2025 09:56:00,369.81,370.23,369.81,370.23,185025.9,5
ICFFUT,01/29/2025 10:15:00,369.23,369.23,369.11,369.11,147656.61,4
ICFFUT,01/29/2025 10:28:00,368.04,368.04,368.04,368.04,36803.72,1
ICFFUT,01/29/2025 10:38:00,367.25,367.5,367.25,367.5,73475.33,2
ICFFUT,01/29/2025 11:30:00,371.13,371.13,371.13,371.13,37113.34,1
ICFFUT,01/29/2025 11:31:00,370.93,370.93,370.89,370.89,74181.27,2
ICFFUT,01/29/2025 12:12:00,369.81,369.81,369.81,369.81,36981.24,1
ICFFUT,01/29/2025 12:40:00,369.89,369.89,369.89,369.89,36989.49,1
ICFFUT,01/29/2025 13:31:00,372.17,372.78,372.08,372.54,297922.3,8
ICFFUT,01/29/2025 13:52:00,370.72,370.72,370.72,370.72,37072.06,1
ICFFUT,01/29/2025 14:25:00,370.47,370.6,370.31,370.6,185232.32,5
ICFFUT,01/29/2025 14:41:00,369.89,369.89,369.89,369.89,5733371.45,155
ICFFUT,01/29/2025 15:02:00,369.77,369.77,369.77,369.77,73954.22,2
ICFFUT,01/29/2025 15:42:00,369.73,369.73,369.69,369.69,73941.83,2
ICFFUT,01/30/2025 09:03:00,375.55,375.55,375.18,375.18,75072.98,2
ICFFUT,01/30/2025 09:04:00,375.14,375.14,375.14,375.14,37513.79,1
ICFFUT,01/30/2025 09:08:00,374.02,374.02,374.02,374.02,187011.61,5
ICFFUT,01/30/2025 09:09:00,374.02,374.02,373.82,373.82,112165.68,3
ICFFUT,01/30/2025 09:13:00,371.96,371.96,371.22,371.22,446119.71,12
ICFFUT,01/30/2025 09:15:00,371.96,372.37,371.96,372.37,223381.86,6
ICFFUT,01/30/2025 09:16:00,372.62,372.62,372.62,372.62,37261.96,1
ICFFUT,01/30/2025 09:31:00,374.02,374.44,374.02,374.39,299404.35,8
ICFFUT,01/30/2025 09:49:00,374.85,374.85,374.85,374.85,74969.78,2
ICFFUT,01/30/2025 10:03:00,374.93,374.93,374.93,374.93,37493.14,1
ICFFUT,01/30/2025 10:31:00,374.39,374.39,374.39,374.39,37439.48,1
ICFFUT,01/30/2025 10:36:00,374.23,374.23,374.02,374.02,187048.77,5
ICFFUT,01/30/2025 11:42:00,377.24,377.33,377.24,377.33,113185.37,3
ICFFUT,01/30/2025 12:36:00,375.88,375.88,375.8,375.8,112751.9,3
ICFFUT,01/30/2025 14:08:00,377.16,377.16,377.16,377.16,37716.07,1
ICFFUT,01/30/2025 14:09:00,376.91,376.91,376.75,376.75,113045.01,3
ICFFUT,01/30/2025 14:28:00,378.03,378.03,378.03,378.03,37802.77,1
ICFFUT,01/30/2025 15:13:00,379.8,379.8,379.8,379.8,37980.28,1
ICFFUT,01/31/2025 09:01:00,372.41,372.58,371.55,372.58,595733.13,16
ICFFUT,01/31/2025 09:06:00,373.94,374.56,373.94,374.31,524045.34,14
ICFFUT,01/31/2025 09:09:00,374.11,374.11,373.2,373.24,448204.5,12
ICFFUT,01/31/2025 09:16:00,374.64,374.64,374.44,374.6,112367.97,3
ICFFUT,01/31/2025 09:41:00,373.2,373.2,373.2,373.2,37319.76,1
ICFFUT,01/31/2025 09:50:00,374.56,374.56,374.27,374.27,149762.04,4
ICFFUT,01/31/2025 10:30:00,374.89,375.26,374.85,375.26,599886.19,16
ICFFUT,01/31/2025 10:32:00,374.89,374.89,374.89,374.89,37489.02,1
ICFFUT,01/31/2025 10:38:00,375.59,376.5,375.59,376.5,263244.65,7
ICFFUT,01/31/2025 10:52:00,374.85,374.85,374.44,374.44,1049316.79,28
ICFFUT,01/31/2025 10:54:00,374.44,374.44,374.35,374.35,74878.95,2
ICFFUT,01/31/2025 11:44:00,378.65,378.98,378.65,378.98,75762.41,2
ICFFUT,01/31/2025 11:45:00,378.98,378.98,378.98,378.98,75795.43,2
ICFFUT,01/31/2025 11:47:00,379.18,379.47,379.18,379.47,189633.08,5
ICFFUT,01/31/2025 11:57:00,380.88,380.88,380.88,380.88,38087.62,1
ICFFUT,01/31/2025 12:09:00,379.35,379.35,378.94,378.94,151636.28,4
ICFFUT,01/31/2025 12:24:00,378.44,378.44,378.4,378.4,189207.86,5
ICFFUT,01/31/2025 12:41:00,379.72,379.72,379.72,379.72,37972.03,1
ICFFUT,01/31/2025 12:57:00,381.04,381.12,381.04,381.12,76216.52,2
ICFFUT,01/31/2025 13:17:00,380.79,380.79,380.79,380.79,38079.36,1
ICFFUT,01/31/2025 13:26:00,380.46,380.46,380.46,380.46,38046.34,1
ICFFUT,01/31/2025 13:28:00,380.75,380.75,380.75,380.75,38075.23,1
ICFFUT,01/31/2025 13:30:00,380.26,380.26,379.84,380.01,380025.76,10
ICFFUT,01/31/2025 13:37:00,378.85,378.85,378.65,378.65,113614.71,3
ICFFUT,01/31/2025 13:43:00,378.4,378.4,378.4,378.4,37839.92,1
ICFFUT,01/31/2025 13:47:00,379.14,379.14,379.14,379.14,37914.23,1
ICFFUT,01/31/2025 13:59:00,381.04,381.21,381.04,381.21,114345.42,3
ICFFUT,01/31/2025 14:06:00,381.0,381.08,381.0,381.08,152412.4,4
ICFFUT,01/31/2025 14:18:00,381.45,381.45,381.45,381.45,114436.24,3
ICFFUT,01/31/2025 14:25:00,382.9,382.94,382.9,382.94,76583.94,2
ICFFUT,01/31/2025 14:55:00,382.03,382.2,382.03,382.2,114642.66,3
ICFFUT,01/31/2025 14:58:00,382.53,382.53,382.53,382.53,76505.5,2
ICFFUT,01/31/2025 15:07:00,382.69,382.69,382.69,382.69,267884.85,7
ICFFUT,01/31/2025 15:15:00,382.61,382.69,382.36,382.69,229574.3,6
ICFFUT,01/31/2025 15:34:00,383.11,383.19,383.11,383.19,153250.44,4
ICFFUT,02/03/2025 10:01:00,391.44,391.53,391.44,391.53,78297.18,2
ICFFUT,02/03/2025 10:18:00,391.28,391.28,390.95,390.95,156449.87,4
ICFFUT,02/03/2025 11:30:00,388.22,388.22,388.22,388.22,77644.91,2
ICFFUT,02/03/2025 11:32:00,387.48,387.48,387.32,387.32,193691.19,5
ICFFUT,02/03/2025 12:25:00,387.89,388.18,387.89,388.18,116413.7,3
ICFFUT,02/03/2025 12:27:00,389.17,389.71,389.17,389.71,311611.71,8
ICFFUT,02/03/2025 12:30:00,389.71,389.71,389.05,389.09,155756.32,4
ICFFUT,02/03/2025 12:33:00,389.59,389.79,389.59,389.79,155880.16,4
ICFFUT,02/03/2025 12:42:00,391.03,391.11,391.03,391.11,117326.05,3
ICFFUT,02/03/2025 12:53:00,390.95,390.95,390.62,390.62,78156.82,2
ICFFUT,02/03/2025 13:01:00,390.16,390.16,390.12,390.12,78028.84,2
ICFFUT,02/03/2025 13:16:00,386.66,386.66,386.66,386.66,38665.58,1
ICFFUT,02/03/2025 13:20:00,385.71,385.71,385.58,385.58,154245.36,4
ICFFUT,02/03/2025 13:31:00,386.0,386.0,386.0,386.0,38599.53,1
ICFFUT,02/03/2025 13:33:00,385.58,386.2,385.58,386.2,154418.75,4
ICFFUT,02/03/2025 13:58:00,388.06,388.06,388.06,388.06,116417.82,3
ICFFUT,02/03/2025 14:17:00,385.33,385.33,385.25,385.25,77058.69,2
ICFFUT,02/03/2025 14:21:00,384.76,384.76,384.34,384.34,461666.86,12
ICFFUT,02/03/2025 14:26:00,386.24,386.24,386.24,386.24,38624.3,1
ICFFUT,02/03/2025 14:42:00,386.82,386.82,386.82,386.82,38682.09,1
ICFFUT,02/03/2025 14:50:00,387.23,387.23,387.23,387.23,77446.75,2
ICFFUT,02/03/2025 15:00:00,387.36,387.36,387.36,387.36,619772.17,16
ICFFUT,02/03/2025 15:03:00,387.65,387.65,387.65,387.65,38764.66,1
ICFFUT,02/03/2025 15:30:00,388.64,388.64,388.64,388.64,38863.74,1
ICFFUT,02/03/2025 15:59:00,387.44,387.44,387.44,387.44,38744.02,1
ICFFUT,02/04/2025 09:03:00,388.64,388.89,388.64,388.89,77752.25,2
ICFFUT,02/04/2025 09:26:00,387.44,387.44,387.28,387.28,77471.52,2
ICFFUT,02/04/2025 10:12:00,390.54,390.7,390.45,390.7,507821.16,13
ICFFUT,02/04/2025 12:03:00,390.58,390.7,390.58,390.7,117198.07,3
ICFFUT,02/04/2025 12:37:00,392.97,392.97,392.97,392.97,39297.21,1
ICFFUT,02/04/2025 13:23:00,391.36,391.36,391.36,391.36,78272.41,2
ICFFUT,02/04/2025 13:53:00,390.7,390.7,390.7,390.7,78140.3,2
ICFFUT,02/04/2025 13:56:00,390.16,390.16,389.83,389.83,116983.4,3
ICFFUT,02/04/2025 13:59:00,389.67,389.67,389.67,389.67,38966.94,1
ICFFUT,02/04/2025 14:28:00,389.3,389.3,389.3,389.3,389297.9,10
ICFFUT,02/04/2025 14:40:00,389.3,389.3,389.3,389.3,38929.79,1
ICFFUT,02/04/2025 15:20:00,391.53,391.57,391.53,391.57,195780.1,5
ICFFUT,02/04/2025 15:43:00,391.77,391.77,391.77,391.77,39177.49,1
ICFFUT,02/05/2025 10:24:00,392.19,392.23,391.94,391.94,588145.33,15
ICFFUT,02/05/2025 11:30:00,393.43,393.47,393.34,393.43,668812.15,17
ICFFUT,02/05/2025 11:35:00,395.33,395.33,395.2,395.28,118581.05,3
ICFFUT,02/05/2025 11:54:00,396.32,396.32,396.32,396.32,39631.6,1
ICFFUT,02/05/2025 11:58:00,395.99,396.32,395.99,396.32,79230.17,2
ICFFUT,02/05/2025 12:00:00,395.74,395.74,395.74,395.74,39573.8,1
ICFFUT,02/05/2025 12:06:00,396.32,396.32,396.32,396.32,39631.6,1
ICFFUT,02/05/2025 12:10:00,396.69,396.85,396.69,396.85,119031.03,3
ICFFUT,02/05/2025 12:21:00,397.93,397.93,397.6,397.6,79552.18,2
ICFFUT,02/05/2025 12:43:00,397.97,397.97,397.97,397.97,39796.73,1
ICFFUT,02/05/2025 12:44:00,397.97,398.55,397.97,398.55,358310.95,9
ICFFUT,02/05/2025 12:50:00,398.63,398.75,398.63,398.75,119608.99,3
ICFFUT,02/05/2025 12:51:00,398.75,398.79,398.75,398.79,319030.25,8
ICFFUT,02/05/2025 12:55:00,400.28,400.61,400.28,400.61,560613.75,14
ICFFUT,02/05/2025 13:28:00,402.1,402.34,402.1,402.1,120653.45,3
ICFFUT,02/05/2025 14:11:00,400.03,400.03,400.03,400.03,120009.44,3
ICFFUT,02/05/2025 14:40:00,400.53,400.53,400.53,400.53,40052.69,1
ICFFUT,02/05/2025 14:45:00,400.86,400.94,400.86,400.94,160351.1,4
ICFFUT,02/05/2025 15:07:00,400.86,400.86,400.86,400.86,160342.85,4
ICFFUT,02/05/2025 15:08:00,400.86,400.86,400.86,400.86,40085.71,1
ICFFUT,02/05/2025 15:22:00,401.48,401.48,401.48,401.48,40147.64,1
ICFFUT,02/05/2025 15:26:00,401.27,401.27,401.27,401.27,80253.99,2
ICFFUT,02/05/2025 15:37:00,401.19,401.19,401.19,401.19,40118.74,1
ICFFUT,02/05/2025 15:57:00,401.52,401.56,401.52,401.56,80307.66,2
ICFFUT,02/05/2025 15:59:00,401.85,401.85,401.85,401.85,40184.79,1
ICFFUT,02/06/2025 09:16:00,410.35,410.35,410.19,410.19,123080.89,3
ICFFUT,02/06/2025 10:26:00,407.05,407.05,407.05,407.05,40704.96,1
ICFFUT,02/06/2025 11:40:00,408.87,408.87,408.58,408.58,122626.78,3
ICFFUT,02/06/2025 11:43:00,407.79,407.96,407.63,407.96,611730.26,15
ICFFUT,02/06/2025 11:44:00,407.83,407.92,407.63,407.92,693268.15,17
ICFFUT,02/07/2025 09:11:00,412.5,414.48,412.5,414.48,619825.84,15
ICFFUT,02/07/2025 09:14:00,413.65,413.65,413.65,413.65,41365.48,1
ICFFUT,02/07/2025 10:01:00,412.0,412.0,411.3,411.3,205807.72,5
ICFFUT,02/07/2025 10:14:00,412.25,412.25,412.25,412.25,41225.12,1
ICFFUT,02/07/2025 11:18:00,416.92,417.04,416.92,416.96,792223.3,19
ICFFUT,02/07/2025 11:31:00,415.39,415.39,415.39,415.39,41538.87,1
ICFFUT,02/07/2025 11:36:00,414.73,414.73,414.11,414.11,207223.73,5
ICFFUT,02/07/2025 11:41:00,415.51,415.51,415.51,415.51,83102.51,2
ICFFUT,02/07/2025 12:17:00,415.51,415.51,415.51,415.51,41551.26,1
ICFFUT,02/07/2025 12:27:00,416.67,416.83,416.67,416.83,125029.44,3
ICFFUT,02/07/2025 12:46:00,415.55,415.55,415.55,415.55,1828436.89,44
ICFFUT,02/07/2025 12:54:00,415.1,415.1,414.89,414.89,166010.99,4
ICFFUT,02/07/2025 12:57:00,414.73,414.73,414.4,414.48,456048.25,11
ICFFUT,02/07/2025 12:59:00,413.78,413.78,413.7,413.7,82747.48,2
ICFFUT,02/07/2025 13:03:00,412.83,412.83,412.09,412.09,288769.87,7
ICFFUT,02/07/2025 13:14:00,412.91,412.91,412.91,412.91,41291.17,1
ICFFUT,02/07/2025 13:40:00,408.7,408.7,408.7,408.7,81740.17,2
ICFFUT,02/07/2025 14:12:00,411.63,411.63,411.59,411.59,123481.33,3
ICFFUT,02/07/2025 15:00:00,413.78,413.78,413.78,413.78,41377.87,1
ICFFUT,02/07/2025 15:27:00,417.33,417.37,417.33,417.37,83469.93,2
ICFFUT,02/10/2025 09:11:00,419.06,419.06,418.2,418.2,251115.72,6
ICFFUT,02/10/2025 09:47:00,417.66,417.66,417.66,417.66,41765.93,1
ICFFUT,02/10/2025 10:37:00,418.15,418.15,417.16,417.16,83531.85,2
ICFFUT,02/10/2025 11:21:00,420.43,420.43,420.43,420.43,84085.04,2
ICFFUT,02/10/2025 12:06:00,421.7,422.7,421.7,422.7,422142.59,10
ICFFUT,02/10/2025 12:30:00,424.26,424.26,424.26,424.26,42426.45,1
ICFFUT,02/10/2025 15:50:00,440.08,440.08,440.08,440.08,88015.18,2
ICFFUT,02/11/2025 10:09:00,428.52,428.52,428.52,428.52,128555.0,3
ICFFUT,02/11/2025 10:49:00,419.48,419.48,419.43,419.43,209721.34,5
ICFFUT,02/11/2025 13:10:00,425.63,425.63,425.63,425.63,42562.69,1
ICFFUT,02/11/2025 13:22:00,423.56,423.56,423.32,423.32,169400.32,4
ICFFUT,02/11/2025 13:51:00,423.23,423.32,423.23,423.32,84654.75,2
ICFFUT,02/11/2025 14:02:00,423.15,423.15,423.03,423.03,169247.57,4
ICFFUT,02/11/2025 14:05:00,423.03,423.03,423.03,423.03,42302.6,1
ICFFUT,02/11/2025 14:20:00,421.5,421.5,420.84,420.84,294743.51,7
ICFFUT,02/12/2025 09:31:00,429.76,429.76,429.76,429.76,42975.52,1
ICFFUT,02/12/2025 09:39:00,430.13,430.13,429.47,429.47,300853.38,7
ICFFUT,02/12/2025 09:56:00,426.16,426.16,426.16,426.16,85232.71,2
ICFFUT,02/12/2025 09:57:00,426.04,426.04,425.5,425.5,212817.56,5
ICFFUT,02/12/2025 12:27:00,425.26,425.26,425.26,425.26,42525.53,1
ICFFUT,02/12/2025 12:31:00,426.87,426.87,426.87,426.87,42686.54,1
ICFFUT,02/12/2025 12:32:00,427.61,427.9,427.61,427.86,213890.92,5
ICFFUT,02/12/2025 12:40:00,425.92,426.04,425.92,426.04,127787.14,3
ICFFUT,02/12/2025 12:43:00,426.29,426.29,426.25,426.25,85253.35,2
ICFFUT,02/12/2025 13:22:00,425.42,425.42,425.42,425.42,85084.09,2
ICFFUT,02/12/2025 13:23:00,425.34,425.34,425.34,425.34,297736.52,7
ICFFUT,02/12/2025 13:52:00,427.24,427.61,427.24,427.28,299119.5,7
ICFFUT,02/12/2025 13:53:00,427.65,427.65,427.65,427.65,42764.97,1
ICFFUT,02/12/2025 14:14:00,428.89,428.89,428.76,428.76,85765.26,2
ICFFUT,02/12/2025 14:15:00,428.93,428.93,428.93,428.93,128678.85,3
ICFFUT,02/13/2025 09:13:00,431.32,431.82,431.32,431.82,86314.32,2
ICFFUT,02/13/2025 09:19:00,432.23,432.6,432.23,432.6,86483.58,2
ICFFUT,02/13/2025 09:57:00,433.47,433.47,433.47,433.47,173388.25,4
ICFFUT,02/13/2025 10:33:00,435.12,435.12,435.12,435.12,87024.39,2
ICFFUT,02/13/2025 10:35:00,437.19,437.19,437.19,437.19,131155.83,3
ICFFUT,02/13/2025 11:00:00,434.13,434.13,431.24,431.24,389673.58,9
ICFFUT,02/13/2025 11:19:00,432.15,432.15,431.12,431.12,129508.64,3
ICFFUT,02/13/2025 11:34:00,431.82,432.48,431.82,432.48,86429.91,2
ICFFUT,02/13/2025 11:42:00,430.99,430.99,430.99,430.99,43099.36,1
ICFFUT,02/13/2025 14:16:00,437.52,437.6,436.77,437.6,349728.23,8
ICFFUT,02/14/2025 10:27:00,430.99,431.24,430.99,431.24,215521.59,5
ICFFUT,02/14/2025 11:31:00,428.06,428.06,428.06,428.06,42806.26,1
ICFFUT,02/14/2025 11:37:00,426.87,427.28,426.87,427.28,256201.78,6
ICFFUT,02/14/2025 12:14:00,429.34,429.34,429.34,429.34,42934.23,1
ICFFUT,02/14/2025 12:19:00,429.84,430.0,429.84,429.96,171976.37,4
ICFFUT,02/14/2025 12:25:00,429.34,430.17,429.34,430.17,85951.03,2
ICFFUT,02/14/2025 12:45:00,430.58,430.58,430.58,430.58,43058.08,1
ICFFUT,02/14/2025 13:32:00,426.99,427.07,426.91,426.99,256193.52,6
ICFFUT,02/14/2025 14:22:00,416.13,416.54,415.88,416.54,582539.11,14
ICFFUT,02/18/2025 09:11:00,411.14,411.14,411.14,411.14,41113.66,1
ICFFUT,02/18/2025 10:01:00,412.83,412.83,412.83,412.83,206414.58,5
ICFFUT,02/18/2025 10:30:00,416.67,416.67,416.67,416.67,41666.85,1
ICFFUT,02/18/2025 12:01:00,414.32,414.32,414.32,414.32,41431.54,1
ICFFUT,02/18/2025 12:35:00,409.36,410.1,409.2,409.2,204721.98,5
ICFFUT,02/19/2025 12:06:00,425.71,425.71,425.71,425.71,127712.83,3
ICFFUT,02/19/2025 13:01:00,427.53,427.53,427.53,427.53,85505.18,2
ICFFUT,02/19/2025 13:46:00,427.94,428.31,427.94,428.31,85624.9,2
ICFFUT,02/19/2025 14:18:00,422.04,422.04,421.09,421.09,505653.8,12
ICFFUT,02/19/2025 14:51:00,418.36,418.36,417.87,417.87,83622.68,2
ICFFUT,02/19/2025 15:47:00,421.09,421.09,421.09,421.09,126325.72,3
ICFFUT,02/20/2025 11:31:00,411.18,411.18,410.35,410.35,410583.38,10
ICFFUT,02/20/2025 11:38:00,410.35,410.35,410.35,410.35,41035.22,1
ICFFUT,02/20/2025 12:57:00,405.81,405.81,405.81,405.81,40581.11,1
ICFFUT,02/20/2025 14:01:00,404.7,404.7,404.7,404.7,40469.64,1
ICFFUT,02/20/2025 14:24:00,404.99,404.99,403.54,404.57,3357952.43,83
ICFFUT,02/20/2025 14:27:00,401.89,401.89,401.68,401.68,80357.2,2
ICFFUT,02/20/2025 15:48:00,400.86,400.86,400.86,400.86,40085.71,1
ICFFUT,02/21/2025 11:30:00,400.9,400.9,398.42,398.42,920647.11,23
ICFFUT,02/21/2025 11:31:00,398.42,399.7,398.42,399.7,119727.89,3
ICFFUT,02/21/2025 11:37:00,399.24,399.24,399.24,399.24,39924.45,1
ICFFUT,02/21/2025 12:10:00,394.99,394.99,394.99,394.99,39498.76,1
ICFFUT,02/21/2025 12:23:00,396.56,396.56,396.56,396.56,39655.81,1
ICFFUT,02/21/2025 12:26:00,396.56,396.76,396.56,396.76,158681.1,4
ICFFUT,02/21/2025 13:23:00,399.66,399.66,399.66,399.66,119897.34,3
ICFFUT,02/24/2025 09:10:00,393.87,393.87,393.87,393.87,39387.17,1
ICFFUT,02/24/2025 09:19:00,395.4,395.4,395.4,395.4,39540.09,1
ICFFUT,02/24/2025 13:48:00,392.22,392.22,391.47,391.47,195976.98,5
ICFFUT,02/24/2025 14:34:00,394.28,394.45,394.28,394.45,78873.52,2
ICFFUT,02/24/2025 14:42:00,393.95,393.95,393.87,393.87,236347.79,6
ICFFUT,02/25/2025 09:28:00,386.85,386.85,386.85,386.85,77369.12,2
ICFFUT,02/25/2025 10:11:00,386.39,386.39,386.39,386.39,38639.1,1
ICFFUT,02/25/2025 11:36:00,383.87,384.04,383.87,383.99,383977.34,10
ICFFUT,02/25/2025 11:37:00,384.37,384.37,384.37,384.37,76873.17,2
ICFFUT,02/25/2025 13:21:00,382.63,382.63,382.63,382.63,38263.0,1
ICFFUT,02/25/2025 13:23:00,382.71,382.71,382.71,382.71,76542.53,2
ICFFUT,02/25/2025 13:27:00,382.3,382.3,382.3,382.3,38229.94,1
ICFFUT,02/25/2025 13:31:00,382.3,382.3,381.56,381.56,229305.22,6
ICFFUT,02/26/2025 09:12:00,384.2,384.2,384.2,384.2,38420.05,1
ICFFUT,02/26/2025 09:23:00,382.96,382.96,382.71,382.71,76567.33,2
ICFFUT,02/26/2025 11:28:00,378.7,378.7,378.7,378.7,37870.37,1
ICFFUT,02/26/2025 11:30:00,378.7,379.08,378.7,379.08,378959.92,10
ICFFUT,02/26/2025 11:35:00,377.75,377.75,376.72,376.72,150968.98,4
ICFFUT,02/26/2025 11:44:00,378.58,378.83,378.58,378.83,75740.73,2
ICFFUT,02/26/2025 11:56:00,380.85,380.85,380.85,380.85,38085.28,1
ICFFUT,02/26/2025 12:11:00,380.32,380.85,380.32,380.85,114202.12,3
ICFFUT,02/26/2025 12:18:00,381.56,381.56,381.56,381.56,76311.08,2
ICFFUT,02/26/2025 12:33:00,382.09,382.46,382.09,382.46,152874.28,4
ICFFUT,02/27/2025 09:02:00,386.64,386.64,386.64,386.64,38663.9,1
ICFFUT,02/27/2025 09:07:00,386.43,386.43,386.43,386.43,38643.23,1
ICFFUT,02/27/2025 09:13:00,385.85,385.85,385.85,385.85,38585.37,1
ICFFUT,02/27/2025 09:16:00,386.72,386.72,386.72,386.72,38672.16,1
ICFFUT,02/27/2025 09:21:00,387.3,387.3,386.8,386.8,77410.45,2
ICFFUT,02/27/2025 10:09:00,386.02,386.02,386.02,386.02,38601.9,1
ICFFUT,02/27/2025 10:28:00,383.91,383.91,383.91,383.91,38391.12,1
ICFFUT,02/27/2025 11:30:00,383.13,383.13,383.13,383.13,38312.59,1
ICFFUT,02/27/2025 11:37:00,385.19,385.19,385.19,385.19,115557.73,3
ICFFUT,02/27/2025 11:45:00,383.54,383.54,383.54,383.54,38353.92,1
ICFFUT,02/27/2025 12:09:00,380.23,380.23,380.23,380.23,38023.29,1
ICFFUT,02/27/2025 13:36:00,384.32,384.32,384.32,384.32,38432.45,1
ICFFUT,02/27/2025 14:59:00,381.89,381.89,381.89,381.89,190943.03,5
ICFFUT,02/27/2025 15:26:00,381.47,381.47,381.47,381.47,38147.28,1
ICFFUT,02/28/2025 12:07:00,384.9,385.03,384.9,385.03,153973.65,4
ICFFUT,02/28/2025 12:08:00,385.61,385.81,385.61,385.81,77141.81,2
ICFFUT,02/28/2025 12:09:00,386.02,386.85,386.02,386.43,540980.45,14
ICFFUT,02/28/2025 12:14:00,386.23,386.23,386.23,386.23,38622.57,1
ICFFUT,02/28/2025 13:24:00,383.95,383.95,383.95,383.95,76790.51,2
ICFFUT,02/28/2025 13:33:00,382.84,382.84,382.8,382.8,114846.86,3
ICFFUT,02/28/2025 14:22:00,381.27,381.27,381.27,381.27,190633.06,5
ICFFUT,02/28/2025 14:24:00,382.71,382.71,382.59,382.59,267836.86,7
ICFFUT,03/05/2025 13:09:00,415.94,416.02,415.94,416.02,207979.11,5
ICFFUT,03/05/2025 13:17:00,416.15,416.15,416.15,416.15,83229.67,2
ICFFUT,03/05/2025 13:19:00,416.15,416.15,416.15,416.15,832296.69,20
ICFFUT,03/05/2025 14:12:00,416.15,416.15,416.15,416.15,41614.83,1
ICFFUT,03/05/2025 14:26:00,415.78,415.78,415.78,415.78,83155.28,2
ICFFUT,03/05/2025 14:31:00,414.12,414.12,413.83,413.83,82795.71,2
ICFFUT,03/05/2025 15:28:00,414.37,414.37,414.37,414.37,621556.76,15
ICFFUT,03/06/2025 09:05:00,406.81,406.81,406.77,406.77,81357.44,2
ICFFUT,03/06/2025 09:06:00,407.51,407.51,407.51,407.51,40751.04,1
ICFFUT,03/06/2025 09:35:00,407.39,407.39,406.68,406.68,488611.64,12
ICFFUT,03/06/2025 09:37:00,405.86,405.86,405.49,405.69,121703.45,3
ICFFUT,03/06/2025 09:38:00,405.69,405.86,405.69,405.86,81154.92,2
ICFFUT,03/06/2025 10:25:00,404.12,404.62,404.12,404.62,80873.88,2
ICFFUT,03/06/2025 10:30:00,403.38,403.38,403.38,403.38,121013.24,3
ICFFUT,03/06/2025 10:33:00,403.38,403.38,403.38,403.38,40337.75,1
ICFFUT,03/06/2025 11:31:00,400.98,400.98,400.07,400.2,200304.2,5
ICFFUT,03/06/2025 11:33:00,399.24,399.24,399.24,399.24,39924.45,1
ICFFUT,03/06/2025 12:27:00,401.27,401.27,401.27,401.27,40126.97,1
ICFFUT,03/06/2025 13:20:00,397.59,397.72,397.18,397.72,159020.0,4
ICFFUT,03/06/2025 13:27:00,396.35,396.35,396.35,396.35,39635.14,1
ICFFUT,03/07/2025 09:49:00,390.15,390.57,390.15,390.57,351364.1,9
ICFFUT,03/07/2025 10:00:00,391.97,391.97,391.97,391.97,39197.05,1
ICFFUT,03/07/2025 10:20:00,390.85,390.85,390.85,390.85,39085.46,1
ICFFUT,03/07/2025 10:22:00,390.9,390.9,390.9,390.9,39089.59,1
ICFFUT,03/07/2025 10:56:00,390.98,390.98,390.98,390.98,39097.86,1
ICFFUT,03/07/2025 12:44:00,389.41,389.41,389.41,389.41,38940.81,1
ICFFUT,03/07/2025 14:04:00,392.59,392.63,392.59,392.63,117785.4,3
ICFFUT,03/10/2025 09:20:00,394.41,394.41,394.41,394.41,39440.89,1
ICFFUT,03/10/2025 09:24:00,392.63,392.63,392.63,392.63,39263.18,1
ICFFUT,03/10/2025 09:35:00,392.59,393.05,392.59,393.05,78563.55,2
ICFFUT,03/10/2025 10:46:00,395.73,395.73,395.73,395.73,39573.15,1
ICFFUT,03/10/2025 10:47:00,395.11,395.11,395.11,395.11,39511.15,1
ICFFUT,03/10/2025 11:39:00,393.46,393.46,393.46,393.46,78691.67,2
ICFFUT,03/10/2025 13:23:00,393.46,393.46,393.46,393.46,39345.84,1
ICFFUT,03/10/2025 14:03:00,391.52,391.52,391.39,391.39,117429.96,3
ICFFUT,03/10/2025 14:14:00,392.43,392.43,392.43,392.43,39242.51,1
ICFFUT,03/10/2025 14:50:00,392.05,392.09,392.05,392.09,78414.76,2
ICFFUT,03/11/2025 09:06:00,392.63,392.63,392.63,392.63,117789.53,3
ICFFUT,03/11/2025 10:30:00,392.22,392.22,392.22,392.22,78443.69,2
ICFFUT,03/11/2025 10:42:00,394.12,394.12,394.12,394.12,39411.96,1
ICFFUT,03/11/2025 10:44:00,394.9,394.9,394.82,394.82,78972.71,2
ICFFUT,03/11/2025 11:13:00,393.05,393.05,393.05,393.05,78609.01,2
ICFFUT,03/11/2025 12:45:00,393.95,394.28,393.95,394.28,197092.88,5
ICFFUT,03/11/2025 12:59:00,398.42,398.42,398.42,398.42,119525.38,3
ICFFUT,03/11/2025 13:00:00,399.24,399.24,399.24,399.24,39924.45,1
ICFFUT,03/11/2025 13:03:00,399.49,399.49,399.49,399.49,39949.25,1
ICFFUT,03/11/2025 13:04:00,398.83,398.83,398.83,398.83,39883.12,1
ICFFUT,03/11/2025 13:08:00,399.24,400.32,399.24,400.32,200052.09,5
ICFFUT,03/11/2025 13:21:00,401.85,401.85,401.85,401.85,40184.83,1
ICFFUT,03/11/2025 13:46:00,403.01,403.01,401.97,401.97,161098.88,4
ICFFUT,03/11/2025 13:54:00,402.92,402.92,402.92,402.92,40292.29,1
ICFFUT,03/12/2025 09:29:00,396.64,397.47,396.64,397.47,79410.81,2
ICFFUT,03/12/2025 09:34:00,394.86,394.86,394.86,394.86,78972.71,2
ICFFUT,03/12/2025 09:58:00,397.38,397.38,397.38,397.38,119215.4,3
ICFFUT,03/12/2025 10:30:00,397.59,397.59,397.59,397.59,39759.13,1
ICFFUT,03/12/2025 10:31:00,398.0,398.0,398.0,398.0,39800.46,1
ICFFUT,03/12/2025 10:36:00,397.59,397.59,397.59,397.59,39759.13,1
ICFFUT,03/12/2025 11:00:00,396.76,396.76,396.76,396.76,39676.47,1
ICFFUT,03/12/2025 11:45:00,398.91,398.91,398.91,398.91,39891.39,1
ICFFUT,03/12/2025 12:03:00,399.24,399.24,399.24,399.24,39924.45,1
ICFFUT,03/12/2025 12:10:00,397.8,397.8,397.72,397.72,119331.13,3
ICFFUT,03/13/2025 09:40:00,395.94,396.6,395.94,396.6,79253.76,2
ICFFUT,03/13/2025 09:43:00,395.15,395.15,395.11,395.11,79026.44,2
ICFFUT,03/13/2025 09:45:00,395.19,395.19,395.19,395.19,39519.42,1
ICFFUT,03/13/2025 10:30:00,394.37,395.32,394.37,395.32,236951.21,6
ICFFUT,03/13/2025 10:31:00,395.15,395.15,395.15,395.15,39515.29,1
ICFFUT,03/13/2025 10:38:00,396.56,396.56,396.56,396.56,39655.81,1
ICFFUT,03/13/2025 10:50:00,397.59,397.59,397.59,397.59,39759.13,1
ICFFUT,03/13/2025 10:52:00,397.92,399.08,397.92,399.08,79700.12,2
ICFFUT,03/13/2025 11:03:00,399.0,400.07,399.0,399.99,239761.62,6
ICFFUT,03/13/2025 11:15:00,397.92,397.92,397.92,397.92,39792.2,1
ICFFUT,03/13/2025 14:02:00,397.59,397.59,397.59,397.59,795182.66,20
ICFFUT,03/14/2025 10:15:00,392.34,392.34,392.34,392.34,39234.25,1
ICFFUT,03/14/2025 10:30:00,392.76,392.76,391.89,391.89,78464.36,2
ICFFUT,03/14/2025 10:50:00,392.67,392.67,392.67,392.67,39267.31,1
ICFFUT,03/14/2025 12:38:00,388.5,388.91,388.5,388.91,77741.09,2
ICFFUT,03/14/2025 12:49:00,388.5,388.5,388.5,388.5,38849.88,1
ICFFUT,03/14/2025 14:01:00,391.6,391.81,391.6,391.81,78340.37,2
ICFFUT,03/14/2025 14:14:00,391.89,391.89,391.89,391.89,39188.78,1
ICFFUT,03/17/2025 09:20:00,389.86,389.86,389.86,389.86,38986.27,1
ICFFUT,03/17/2025 10:36:00,390.15,390.15,390.15,390.15,195076.0,5
ICFFUT,03/17/2025 11:16:00,393.58,393.58,393.58,393.58,78716.47,2
ICFFUT,03/17/2025 12:15:00,395.44,395.52,395.44,395.52,79096.7,2
ICFFUT,03/17/2025 13:07:00,394.7,394.7,394.7,394.7,39469.83,1
ICFFUT,03/17/2025 13:10:00,395.11,395.11,395.11,395.11,39511.15,1
ICFFUT,03/17/2025 13:23:00,393.83,393.83,393.83,393.83,39383.03,1
ICFFUT,03/17/2025 13:33:00,393.83,393.83,393.83,393.83,39383.03,1
ICFFUT,03/18/2025 09:17:00,392.26,392.26,392.26,392.26,39225.98,1
ICFFUT,03/18/2025 09:54:00,392.3,392.3,392.3,392.3,39230.11,1
ICFFUT,03/18/2025 10:09:00,394.28,394.28,394.28,394.28,39428.5,1
ICFFUT,03/18/2025 10:16:00,396.31,396.68,396.31,396.68,79299.22,2
ICFFUT,03/18/2025 10:21:00,397.59,397.59,397.59,397.59,79518.27,2
ICFFUT,03/18/2025 10:24:00,398.29,398.29,398.29,398.29,39829.39,1
ICFFUT,03/18/2025 10:30:00,397.59,397.59,397.59,397.59,39759.13,1
ICFFUT,03/18/2025 10:33:00,397.72,398.34,397.72,398.34,199043.64,5
ICFFUT,03/18/2025 10:57:00,395.98,395.98,395.98,395.98,39597.95,1
ICFFUT,03/18/2025 11:01:00,395.98,395.98,395.98,395.98,39597.95,1
ICFFUT,03/18/2025 11:03:00,395.98,395.98,395.9,395.9,118781.44,3
ICFFUT,03/18/2025 11:14:00,395.15,395.15,395.11,395.11,118537.6,3
ICFFUT,03/18/2025 11:15:00,395.11,395.11,395.11,395.11,39511.15,1
ICFFUT,03/18/2025 11:19:00,395.11,395.11,395.11,395.11,39511.15,1
ICFFUT,03/18/2025 11:30:00,396.14,396.14,396.14,396.14,39614.48,1
ICFFUT,03/18/2025 11:33:00,396.76,396.76,396.76,396.76,39676.47,1
ICFFUT,03/18/2025 11:36:00,396.89,396.89,396.89,396.89,39688.87,1
ICFFUT,03/18/2025 12:27:00,396.97,397.18,396.97,397.18,79414.94,2
ICFFUT,03/18/2025 12:35:00,396.35,396.35,395.98,395.98,79233.09,2
ICFFUT,03/18/2025 12:51:00,395.77,395.77,395.48,395.48,79125.63,2
ICFFUT,03/19/2025 09:29:00,397.88,397.88,397.88,397.88,39788.06,1
ICFFUT,03/19/2025 09:38:00,398.42,398.42,398.42,398.42,39841.79,1
ICFFUT,03/19/2025 10:43:00,398.46,398.46,397.72,397.72,79617.46,2
ICFFUT,03/19/2025 11:15:00,398.67,398.67,398.67,398.67,39866.59,1
ICFFUT,03/19/2025 11:43:00,400.61,400.61,400.48,400.48,80109.28,2
ICFFUT,03/19/2025 12:01:00,402.55,402.55,402.55,402.55,40255.09,1
ICFFUT,03/19/2025 12:07:00,402.96,403.46,402.96,403.46,120984.31,3
ICFFUT,03/19/2025 13:34:00,403.38,403.38,402.96,402.96,80634.17,2
ICFFUT,03/19/2025 13:39:00,402.96,402.96,402.96,402.96,161185.67,4
ICFFUT,03/19/2025 14:29:00,401.89,401.89,401.89,401.89,40188.96,1
ICFFUT,03/20/2025 09:10:00,398.91,398.91,398.83,398.83,279194.25,7
ICFFUT,03/20/2025 09:11:00,398.83,398.83,398.83,398.83,119649.37,3
ICFFUT,03/20/2025 09:18:00,399.41,399.41,399.24,399.24,119798.15,3
ICFFUT,03/20/2025 09:31:00,400.07,400.07,400.07,400.07,40007.11,1
ICFFUT,03/20/2025 09:36:00,398.42,398.42,398.42,398.42,79683.58,2
ICFFUT,03/20/2025 10:00:00,400.2,400.69,400.2,400.69,80088.62,2
ICFFUT,03/20/2025 10:25:00,400.2,400.2,400.2,400.2,40019.51,1
ICFFUT,03/20/2025 10:49:00,402.88,403.13,402.88,403.13,120909.92,3
ICFFUT,03/20/2025 12:18:00,406.68,406.68,406.64,406.64,81332.64,2
ICFFUT,03/20/2025 13:06:00,406.27,406.27,406.27,406.27,40627.06,1
ICFFUT,03/21/2025 09:06:00,405.03,405.03,404.95,404.95,202507.07,5
ICFFUT,03/21/2025 09:32:00,402.01,402.01,401.23,401.72,281041.69,7
ICFFUT,03/21/2025 11:12:00,404.29,404.29,404.29,404.29,40428.67,1
ICFFUT,03/21/2025 12:50:00,405.69,405.94,405.69,405.94,81163.19,2
ICFFUT,03/24/2025 09:11:00,415.32,415.32,415.32,415.32,41532.18,1
ICFFUT,03/24/2025 09:25:00,413.46,413.46,413.46,413.46,41346.19,1
ICFFUT,03/24/2025 10:30:00,409.12,409.45,409.12,409.45,163681.99,4
ICFFUT,03/25/2025 09:11:00,413.1,413.14,413.1,413.14,82624.4,2
ICFFUT,03/25/2025 09:19:00,413.44,413.44,413.44,413.44,41344.36,1
ICFFUT,03/25/2025 10:37:00,414.26,414.26,414.26,414.26,82851.68,2
ICFFUT,03/25/2025 10:41:00,415.12,415.12,415.12,415.12,41511.61,1
ICFFUT,03/25/2025 11:00:00,414.94,415.03,414.94,415.03,124491.94,3
ICFFUT,03/25/2025 11:10:00,416.02,416.4,416.02,416.4,124852.17,3
ICFFUT,03/25/2025 11:47:00,417.05,417.05,417.05,417.05,41704.59,1
ICFFUT,03/25/2025 14:55:00,416.4,416.4,416.4,416.4,41640.26,1
ICFFUT,03/26/2025 09:05:00,417.69,417.69,417.69,417.69,41768.91,1
ICFFUT,03/26/2025 09:24:00,416.83,416.83,416.83,416.83,125049.43,3
ICFFUT,03/26/2025 09:29:00,415.97,415.97,415.54,415.54,249455.61,6
ICFFUT,03/26/2025 09:30:00,415.12,415.12,415.12,415.12,124534.83,3
ICFFUT,03/26/2025 09:37:00,414.69,414.69,414.69,414.69,207343.63,5
ICFFUT,03/26/2025 10:23:00,415.97,415.97,415.97,415.97,41597.38,1
ICFFUT,03/26/2025 11:02:00,409.8,409.97,409.11,409.11,368728.58,9
ICFFUT,03/26/2025 11:04:00,409.11,409.11,408.47,408.94,286280.01,7
ICFFUT,03/26/2025 11:06:00,409.46,409.46,409.46,409.46,122836.62,3
ICFFUT,03/26/2025 11:16:00,410.01,410.01,409.97,409.97,204993.59,5
ICFFUT,03/26/2025 11:17:00,409.97,409.97,409.97,409.97,81994.0,2
ICFFUT,03/27/2025 09:26:00,403.84,403.97,403.84,403.97,80780.39,2
ICFFUT,03/27/2025 09:33:00,403.19,403.19,403.19,403.19,40319.44,1
ICFFUT,03/27/2025 09:37:00,401.78,401.78,401.78,401.78,40177.92,1
ICFFUT,03/27/2025 10:31:00,401.39,401.39,401.39,401.39,40139.32,1
ICFFUT,03/27/2025 10:53:00,401.82,401.82,401.82,401.82,40182.21,1
ICFFUT,03/27/2025 11:04:00,400.58,400.58,400.54,400.54,80111.4,2
ICFFUT,03/27/2025 11:07:00,400.54,400.54,399.81,399.85,200044.79,5
ICFFUT,03/27/2025 11:23:00,399.68,399.68,398.86,398.86,439122.49,11
ICFFUT,03/27/2025 12:14:00,399.68,399.68,399.68,399.68,79935.58,2
ICFFUT,03/27/2025 13:02:00,399.25,399.25,399.25,399.25,79849.81,2
ICFFUT,03/27/2025 13:04:00,399.25,399.25,399.25,399.25,119774.71,3
ICFFUT,03/27/2025 13:24:00,398.82,398.82,398.82,398.82,39882.02,1
ICFFUT,03/27/2025 13:34:00,399.85,399.85,399.85,399.85,199924.71,5
ICFFUT,03/27/2025 14:00:00,399.29,399.29,399.29,399.29,39929.19,1
ICFFUT,03/27/2025 14:51:00,400.11,400.11,400.11,400.11,40010.67,1
ICFFUT,03/28/2025 10:30:00,400.96,400.96,400.96,400.96,40096.44,1
ICFFUT,03/28/2025 10:32:00,401.22,401.22,401.22,401.22,40122.17,1
ICFFUT,03/28/2025 11:04:00,403.75,403.75,403.75,403.75,40375.19,1
ICFFUT,03/28/2025 13:07:00,399.68,399.68,399.68,399.68,39967.79,1
ICFFUT,03/28/2025 13:47:00,399.51,399.51,399.25,399.25,119826.18,3
ICFFUT,03/28/2025 14:06:00,399.85,399.94,399.85,399.94,79978.46,2
ICFFUT,03/28/2025 14:15:00,399.25,399.25,399.25,399.25,39924.9,1
ICFFUT,03/28/2025 14:20:00,399.68,399.68,399.25,399.25,79892.69,2
ICFFUT,03/28/2025 14:22:00,399.25,399.25,399.25,399.25,119774.71,3
ICFFUT,03/31/2025 09:02:00,400.54,400.54,400.54,400.54,80107.11,2
ICFFUT,03/31/2025 09:27:00,401.91,401.91,401.91,401.91,40190.78,1
ICFFUT,03/31/2025 09:34:00,402.42,402.42,402.42,402.42,40242.25,1
ICFFUT,03/31/2025 10:36:00,404.4,404.4,404.4,404.4,40439.51,1
ICFFUT,03/31/2025 10:47:00,401.56,401.56,401.01,401.01,80257.21,2
ICFFUT,03/31/2025 11:35:00,399.68,399.68,399.68,399.68,39967.79,1
ICFFUT,03/31/2025 11:38:00,399.25,399.25,399.25,399.25,79849.81,2
ICFFUT,03/31/2025 11:44:00,398.82,398.82,398.82,398.82,39882.02,1
ICFFUT,03/31/2025 12:02:00,400.32,400.54,400.32,400.54,120117.79,3
ICFFUT,03/31/2025 12:15:00,400.54,400.54,400.54,400.54,40053.56,1
ICFFUT,03/31/2025 12:48:00,398.65,398.65,398.65,398.65,39864.87,1
ICFFUT,03/31/2025 12:59:00,397.96,397.96,397.96,397.96,39796.25,1
ICFFUT,03/31/2025 13:00:00,397.62,397.62,397.58,397.58,79519.6,2
ICFFUT,03/31/2025 13:05:00,397.83,397.88,397.83,397.88,119358.74,3
ICFFUT,03/31/2025 14:25:00,397.62,397.62,397.62,397.62,39761.95,1
ICFFUT,04/01/2025 09:04:00,399.42,399.42,399.03,399.12,558837.17,14
ICFFUT,04/01/2025 09:15:00,401.22,401.31,401.22,401.26,441399.63,11
ICFFUT,04/01/2025 09:16:00,401.39,401.82,401.39,401.82,281022.44,7
ICFFUT,04/01/2025 09:39:00,403.02,403.02,403.02,403.02,40302.28,1
ICFFUT,04/01/2025 10:40:00,403.67,403.79,403.67,403.79,201854.49,5
ICFFUT,04/01/2025 10:41:00,403.54,403.54,402.98,402.98,80651.74,2
ICFFUT,04/01/2025 10:44:00,402.25,402.25,401.78,401.78,80403.01,2
ICFFUT,04/01/2025 10:52:00,400.49,400.49,400.49,400.49,40049.27,1
ICFFUT,04/01/2025 11:29:00,401.61,401.61,401.61,401.61,40160.77,1
ICFFUT,04/01/2025 11:36:00,401.82,401.82,401.82,401.82,120546.62,3
ICFFUT,04/01/2025 11:38:00,402.25,402.68,402.25,402.68,161029.02,4
ICFFUT,04/01/2025 11:39:00,402.85,402.89,402.85,402.89,241727.93,6
ICFFUT,04/01/2025 11:54:00,403.88,403.88,403.88,403.88,40388.05,1
ICFFUT,04/01/2025 12:07:00,405.25,405.38,405.21,405.21,202626.4,5
ICFFUT,04/01/2025 12:08:00,405.17,405.17,405.17,405.17,40516.7,1
ICFFUT,04/01/2025 12:11:00,404.35,404.35,404.35,404.35,40435.22,1
ICFFUT,04/01/2025 12:54:00,401.91,401.91,401.82,401.82,80372.99,2
ICFFUT,04/01/2025 13:04:00,402.29,402.29,402.29,402.29,40229.38,1
ICFFUT,04/01/2025 13:23:00,404.82,405.68,404.82,405.68,1013852.43,25
ICFFUT,04/01/2025 13:53:00,406.54,406.54,406.54,406.54,162615.72,4
ICFFUT,04/01/2025 14:10:00,405.68,405.77,405.68,405.77,81144.9,2
ICFFUT,04/01/2025 14:13:00,406.37,406.37,406.37,406.37,81273.55,2
ICFFUT,04/01/2025 14:23:00,406.97,406.97,406.97,406.97,40696.81,1
ICFFUT,04/01/2025 14:25:00,407.4,407.4,407.4,407.4,40739.7,1
ICFFUT,04/01/2025 14:28:00,407.31,407.31,407.31,407.31,40731.12,1
ICFFUT,04/01/2025 14:32:00,406.45,406.45,406.45,406.45,40645.35,1
ICFFUT,04/01/2025 14:57:00,405.0,405.0,405.0,405.0,40499.55,1
ICFFUT,04/01/2025 14:58:00,403.97,403.97,403.97,403.97,40396.63,1
ICFFUT,04/02/2025 09:20:00,401.39,401.39,401.39,401.39,40139.32,1
ICFFUT,04/02/2025 09:42:00,401.22,401.22,401.22,401.22,40122.17,1
ICFFUT,04/02/2025 09:47:00,401.39,401.39,401.39,401.39,40139.32,1
ICFFUT,04/02/2025 11:03:00,403.02,403.19,403.02,403.19,403138.62,10
ICFFUT,04/02/2025 11:38:00,407.48,407.48,407.4,407.4,81487.97,2
ICFFUT,04/02/2025 12:30:00,407.44,407.44,407.44,407.44,40743.99,1
ICFFUT,04/02/2025 13:10:00,407.14,407.14,407.14,407.14,40713.97,1
ICFFUT,04/02/2025 13:28:00,407.01,407.01,407.01,407.01,40701.1,1
ICFFUT,04/03/2025 09:10:00,400.54,400.54,400.45,400.49,640818.31,16
ICFFUT,04/03/2025 09:11:00,400.49,400.49,400.49,400.49,40049.27,1
ICFFUT,04/03/2025 09:17:00,400.92,400.92,400.92,400.92,40092.15,1
ICFFUT,04/03/2025 09:25:00,400.45,400.45,400.28,400.28,120109.21,3
ICFFUT,04/03/2025 09:33:00,398.56,398.82,398.56,398.82,438620.75,11
ICFFUT,04/03/2025 09:35:00,398.26,398.56,398.26,398.56,119508.83,3
ICFFUT,04/03/2025 09:40:00,398.22,398.22,398.22,398.22,159287.93,4
ICFFUT,04/03/2025 10:41:00,401.44,401.44,401.44,401.44,40143.61,1
ICFFUT,04/03/2025 10:46:00,401.31,401.48,401.31,401.44,200700.91,5
ICFFUT,04/03/2025 10:47:00,401.26,401.26,401.18,401.18,80244.34,2
ICFFUT,04/03/2025 10:52:00,400.79,400.79,400.79,400.79,80158.57,2
ICFFUT,04/03/2025 11:00:00,400.06,400.06,400.06,400.06,80012.77,2
ICFFUT,04/03/2025 11:05:00,398.99,399.21,398.99,399.21,79819.79,2
ICFFUT,04/03/2025 11:09:00,399.59,399.59,399.59,399.59,39959.21,1
ICFFUT,04/03/2025 11:27:00,399.46,399.46,399.46,399.46,239678.08,6
ICFFUT,04/03/2025 13:23:00,403.97,403.97,403.97,403.97,40396.63,1
ICFFUT,04/03/2025 13:43:00,405.42,405.42,405.42,405.42,40542.43,1
ICFFUT,04/03/2025 14:55:00,406.07,406.11,406.07,406.11,81217.81,2
ICFFUT,04/04/2025 09:02:00,403.75,403.75,403.75,403.75,40375.19,1
ICFFUT,04/04/2025 09:06:00,395.69,396.25,392.82,393.03,276330.94,7
ICFFUT,04/04/2025 09:07:00,395.05,395.69,395.05,395.69,197771.94,5
ICFFUT,04/04/2025 09:08:00,395.65,395.69,395.65,395.65,118698.33,3
ICFFUT,04/04/2025 09:10:00,395.82,396.25,395.39,396.25,396032.76,10
ICFFUT,04/04/2025 09:12:00,394.53,394.53,394.53,394.53,512891.37,13
ICFFUT,04/04/2025 09:14:00,393.63,393.63,393.59,393.59,78721.96,2
ICFFUT,04/04/2025 09:16:00,394.7,396.68,394.7,396.68,395299.44,10
ICFFUT,04/04/2025 09:25:00,394.62,394.62,393.85,393.85,946884.95,24
ICFFUT,04/04/2025 09:26:00,393.8,393.8,393.67,393.67,157486.81,4
ICFFUT,04/04/2025 09:39:00,390.67,390.67,390.67,390.67,39067.23,1
ICFFUT,04/04/2025 10:30:00,393.42,393.42,393.42,393.42,78683.37,2
ICFFUT,04/04/2025 10:33:00,391.96,391.96,391.96,391.96,39195.88,1
ICFFUT,04/04/2025 10:40:00,392.82,392.82,392.82,392.82,39281.65,1
ICFFUT,04/04/2025 10:45:00,392.17,392.17,392.17,392.17,39217.32,1
ICFFUT,04/04/2025 10:51:00,392.99,392.99,392.99,392.99,39298.8,1
ICFFUT,04/04/2025 11:04:00,394.36,394.53,394.36,394.53,276155.12,7
ICFFUT,04/04/2025 11:06:00,394.49,394.79,394.49,394.79,236740.53,6
ICFFUT,04/04/2025 11:10:00,393.89,393.89,393.89,393.89,39388.86,1
ICFFUT,04/04/2025 11:19:00,391.96,392.69,391.96,392.69,156929.32,4
ICFFUT,04/04/2025 11:33:00,391.36,391.36,391.36,391.36,195679.21,5
ICFFUT,04/04/2025 11:39:00,392.34,392.34,392.34,392.34,39234.47,1
ICFFUT,04/04/2025 11:44:00,391.1,391.1,391.1,391.1,39110.11,1
ICFFUT,04/04/2025 11:45:00,391.1,391.1,390.76,390.76,273667.85,7
ICFFUT,04/04/2025 11:46:00,390.46,390.46,390.46,390.46,39045.79,1
ICFFUT,04/04/2025 11:48:00,390.24,390.24,390.2,390.24,819506.92,21
ICFFUT,04/04/2025 11:54:00,390.24,390.24,390.24,390.24,78048.69,2
ICFFUT,04/04/2025 11:55:00,390.03,390.03,389.99,389.99,117004.42,3
ICFFUT,04/04/2025 12:22:00,390.24,390.24,390.24,390.24,39024.34,1
ICFFUT,04/04/2025 12:34:00,389.86,389.86,389.81,389.81,155938.7,4
ICFFUT,04/04/2025 13:16:00,388.53,388.53,388.31,388.31,543840.67,14
ICFFUT,04/04/2025 13:17:00,387.67,387.71,387.67,387.71,271373.57,7
ICFFUT,04/04/2025 13:35:00,385.96,385.96,385.96,385.96,115786.51,3
ICFFUT,04/04/2025 13:42:00,385.27,385.27,385.1,385.1,77036.63,2
ICFFUT,04/04/2025 14:22:00,385.4,385.4,385.1,385.1,77049.49,2
ICFFUT,04/04/2025 14:27:00,385.7,385.7,385.7,385.7,77139.55,2
ICFFUT,04/04/2025 14:28:00,385.83,385.96,385.83,385.96,115773.65,3
ICFFUT,04/04/2025 14:41:00,388.06,388.06,388.06,388.06,77611.27,2
ICFFUT,04/07/2025 09:00:00,381.67,381.67,379.35,379.35,342989.67,9
ICFFUT,04/07/2025 09:07:00,378.79,378.79,378.79,378.79,37879.34,1
ICFFUT,04/07/2025 09:08:00,379.82,379.95,379.57,379.57,113933.93,3
ICFFUT,04/07/2025 09:27:00,376.78,376.78,376.52,376.52,112981.91,3
ICFFUT,04/07/2025 09:30:00,377.59,378.24,377.59,378.24,339953.49,9
ICFFUT,04/07/2025 10:10:00,372.32,372.32,372.28,372.32,670138.03,18
ICFFUT,04/07/2025 10:26:00,371.46,371.5,371.46,371.5,74296.35,2
ICFFUT,04/07/2025 10:30:00,371.46,371.46,371.12,371.12,519834.27,14
ICFFUT,04/07/2025 10:31:00,372.15,372.15,371.63,371.93,408970.83,11
ICFFUT,04/07/2025 10:33:00,372.23,372.49,372.23,372.49,74472.17,2
ICFFUT,04/07/2025 10:46:00,371.2,371.25,370.56,370.6,259640.53,7
ICFFUT,04/07/2025 10:56:00,370.52,370.52,370.52,370.52,37051.68,1
ICFFUT,04/07/2025 10:58:00,369.96,369.96,369.96,369.96,36995.93,1
ICFFUT,04/07/2025 10:59:00,369.57,369.62,369.53,369.62,665249.26,18
ICFFUT,04/07/2025 11:01:00,370.26,370.26,370.26,370.26,111077.86,3
ICFFUT,04/07/2025 11:07:00,369.66,369.66,369.66,369.66,110897.75,3
ICFFUT,04/07/2025 11:10:00,370.35,370.95,370.35,370.69,148292.5,4
ICFFUT,04/07/2025 11:13:00,373.09,373.86,373.09,373.86,224154.11,6
ICFFUT,04/07/2025 11:14:00,373.95,374.38,373.95,374.38,374239.16,10
ICFFUT,04/07/2025 11:17:00,378.15,379.31,377.16,377.16,227040.2,6
ICFFUT,04/07/2025 11:19:00,377.04,377.55,377.04,377.55,113213.48,3
ICFFUT,04/07/2025 11:22:00,379.65,379.95,379.09,379.52,607000.07,16
ICFFUT,04/07/2025 11:23:00,378.49,378.49,378.49,378.49,189246.62,5
ICFFUT,04/07/2025 11:25:00,378.58,378.58,378.58,378.58,37857.9,1
ICFFUT,04/07/2025 11:27:00,376.86,376.86,376.01,376.01,188217.41,5
ICFFUT,04/07/2025 11:31:00,374.29,374.38,373.99,374.38,112265.74,3
ICFFUT,04/07/2025 11:33:00,373.9,373.95,373.9,373.95,74785.22,2
ICFFUT,04/07/2025 12:04:00,371.76,371.8,371.76,371.8,74356.38,2
ICFFUT,04/07/2025 12:12:00,369.02,369.02,368.54,368.54,553403.78,15
ICFFUT,04/07/2025 12:15:00,368.07,368.07,367.69,367.69,331055.08,9
ICFFUT,04/07/2025 12:21:00,369.14,369.14,369.14,369.14,73828.91,2
ICFFUT,04/07/2025 12:24:00,368.16,368.16,367.94,367.94,110426.03,3
ICFFUT,04/07/2025 13:06:00,364.9,364.94,364.86,364.94,583877.08,16
ICFFUT,04/07/2025 13:24:00,361.08,361.08,361.08,361.08,108324.71,3
ICFFUT,04/07/2025 13:31:00,360.31,360.31,360.31,360.31,36031.05,1
ICFFUT,04/07/2025 13:33:00,360.57,360.57,360.35,360.35,180198.12,5
ICFFUT,04/07/2025 14:10:00,355.94,355.94,355.94,355.94,35593.63,1
ICFFUT,04/07/2025 14:14:00,355.72,355.89,355.72,355.89,284641.84,8
ICFFUT,04/07/2025 14:18:00,355.55,355.59,355.08,355.08,355314.5,10
ICFFUT,04/08/2025 09:02:00,364.6,364.6,364.6,364.6,72919.77,2
ICFFUT,04/08/2025 09:04:00,364.08,364.08,363.74,363.74,72782.54,2
ICFFUT,04/08/2025 09:06:00,365.8,365.8,365.8,365.8,36579.96,1
ICFFUT,04/08/2025 09:12:00,364.51,364.81,364.51,364.6,401208.84,11
ICFFUT,04/08/2025 09:17:00,364.08,364.08,364.08,364.08,36408.43,1
ICFFUT,04/08/2025 09:21:00,362.88,362.88,362.84,362.88,108860.76,3
ICFFUT,04/08/2025 09:27:00,360.83,361.08,360.83,361.08,324794.03,9
ICFFUT,04/08/2025 09:29:00,360.65,360.65,360.61,360.65,324579.61,9
ICFFUT,04/08/2025 09:51:00,357.78,357.78,357.65,357.65,178842.99,5
ICFFUT,04/08/2025 10:27:00,363.66,364.43,363.66,364.43,254713.17,7
ICFFUT,04/08/2025 10:31:00,364.51,364.51,364.51,364.51,36451.31,1
ICFFUT,04/08/2025 10:41:00,362.45,362.45,362.45,362.45,36245.47,1
ICFFUT,04/08/2025 10:46:00,362.37,362.37,362.11,362.37,181150.14,5
ICFFUT,04/08/2025 10:56:00,361.08,361.08,361.08,361.08,36108.24,1
ICFFUT,04/08/2025 10:57:00,360.87,360.87,360.4,360.4,72126.42,2
ICFFUT,04/08/2025 11:00:00,360.65,360.65,360.65,360.65,36065.35,1
ICFFUT,04/08/2025 11:03:00,360.4,360.4,360.22,360.22,252208.75,7
ICFFUT,04/08/2025 11:10:00,360.22,360.22,360.22,360.22,72044.94,2
ICFFUT,04/08/2025 12:26:00,359.88,359.88,359.88,359.88,71976.33,2
ICFFUT,04/08/2025 12:58:00,360.48,360.48,360.48,360.48,36048.2,1
ICFFUT,04/08/2025 13:42:00,359.37,359.37,359.37,359.37,35936.7,1
ICFFUT,04/08/2025 14:12:00,358.51,358.55,358.51,358.55,107557.09,3
ICFFUT,04/08/2025 14:42:00,359.32,359.32,359.32,359.32,35932.41,1
ICFFUT,04/08/2025 14:54:00,358.08,358.29,358.08,358.29,71637.54,2
ICFFUT,04/09/2025 09:04:00,350.62,350.62,350.62,350.62,35061.87,1
ICFFUT,04/09/2025 09:37:00,343.37,343.37,343.07,343.07,1098106.42,32
ICFFUT,04/09/2025 09:38:00,342.99,343.07,342.3,342.3,102835.58,3
ICFFUT,04/09/2025 10:08:00,341.96,341.96,341.96,341.96,68391.23,2
ICFFUT,04/09/2025 10:30:00,347.79,347.79,347.79,347.79,34778.84,1
ICFFUT,04/09/2025 10:34:00,348.13,348.13,348.13,348.13,34813.14,1
ICFFUT,04/09/2025 10:47:00,351.56,351.65,351.52,351.65,1054896.61,30
ICFFUT,04/09/2025 10:49:00,351.65,351.65,351.3,351.3,246084.93,7
ICFFUT,04/09/2025 10:50:00,350.79,350.79,350.79,350.79,35079.02,1
ICFFUT,04/09/2025 10:53:00,351.52,351.65,351.52,351.65,210950.16,6
ICFFUT,04/09/2025 10:57:00,353.28,353.28,353.28,353.28,35327.75,1
ICFFUT,04/09/2025 10:59:00,353.71,354.95,353.71,354.95,106249.13,3
ICFFUT,04/09/2025 11:03:00,353.88,353.88,353.88,353.88,35387.79,1
ICFFUT,04/09/2025 11:48:00,354.82,354.82,354.52,354.52,70934.25,2
ICFFUT,04/09/2025 13:53:00,361.08,361.08,361.08,361.08,36108.24,1
ICFFUT,04/09/2025 14:21:00,362.41,363.66,362.41,363.66,72606.72,2
ICFFUT,04/09/2025 14:23:00,364.51,366.91,364.43,366.91,1021430.02,28
ICFFUT,04/09/2025 14:24:00,368.12,368.12,367.21,367.21,73533.01,2
ICFFUT,04/09/2025 14:28:00,369.66,370.09,369.66,370.09,147966.59,4
ICFFUT,04/09/2025 14:31:00,370.47,370.52,370.47,370.47,111146.48,3
ICFFUT,04/09/2025 14:41:00,367.86,367.86,367.86,367.86,36785.8,1
ICFFUT,04/09/2025 14:43:00,366.36,366.36,365.07,365.07,73142.77,2
ICFFUT,04/09/2025 14:45:00,362.97,362.97,362.97,362.97,36296.93,1
ICFFUT,04/09/2025 14:51:00,367.3,367.3,367.3,367.3,36730.05,1
ICFFUT,04/09/2025 14:54:00,366.23,367.26,366.23,367.26,109971.46,3
ICFFUT,04/10/2025 09:03:00,373.86,373.9,372.15,372.19,261201.51,7
ICFFUT,04/10/2025 09:04:00,372.62,372.66,371.89,371.89,186171.85,5
ICFFUT,04/10/2025 09:05:00,372.1,372.1,371.8,371.8,111601.04,3
ICFFUT,04/10/2025 09:10:00,369.19,369.19,369.19,369.19,36918.74,1
ICFFUT,04/10/2025 09:12:00,367.09,367.09,367.09,367.09,36708.61,1
ICFFUT,04/10/2025 09:14:00,366.23,366.23,365.54,365.54,182852.63,5
ICFFUT,04/10/2025 09:16:00,364.94,364.94,364.51,364.51,218789.34,6
ICFFUT,04/10/2025 09:19:00,364.51,366.87,364.51,366.87,73138.48,2
ICFFUT,04/10/2025 09:25:00,365.2,365.29,365.2,365.29,182625.35,5
ICFFUT,04/10/2025 10:00:00,361.25,361.25,360.65,360.65,288857.33,8
ICFFUT,04/10/2025 10:52:00,365.11,365.11,365.11,365.11,36511.35,1
ICFFUT,04/10/2025 10:55:00,364.51,364.51,364.51,364.51,36451.31,1
ICFFUT,04/10/2025 10:56:00,364.56,364.56,364.56,364.56,36455.6,1
ICFFUT,04/10/2025 11:25:00,363.27,363.27,363.27,363.27,36326.95,1
ICFFUT,04/10/2025 11:34:00,363.14,363.14,363.14,363.14,36314.08,1
ICFFUT,04/10/2025 12:12:00,362.33,362.33,362.33,362.33,72465.2,2
ICFFUT,04/10/2025 12:40:00,360.7,360.7,360.65,360.65,72135.0,2
ICFFUT,04/10/2025 13:38:00,362.24,362.28,362.24,362.24,398468.56,11
ICFFUT,04/10/2025 14:58:00,361.3,361.38,361.3,361.38,72267.94,2
ICFFUT,04/11/2025 09:04:00,359.84,359.84,359.84,359.84,35983.88,1
ICFFUT,04/11/2025 09:10:00,360.22,360.22,360.22,360.22,36022.47,1
ICFFUT,04/11/2025 10:30:00,362.75,362.75,362.75,362.75,36275.49,1
ICFFUT,04/11/2025 10:38:00,362.11,362.11,362.11,362.11,36211.16,1
ICFFUT,04/11/2025 10:39:00,362.8,362.8,362.8,362.8,72559.55,2
ICFFUT,04/11/2025 11:17:00,362.8,363.87,362.8,363.87,181763.38,5
ICFFUT,04/11/2025 11:30:00,365.03,365.03,365.03,365.03,36502.77,1
ICFFUT,04/11/2025 11:56:00,365.33,365.33,365.33,365.33,73065.58,2
ICFFUT,04/11/2025 12:00:00,365.8,366.91,365.8,366.91,366374.26,10
ICFFUT,04/11/2025 12:04:00,368.24,368.29,368.24,368.29,773346.69,21
ICFFUT,04/11/2025 12:10:00,368.8,369.53,368.8,369.4,479643.48,13
ICFFUT,04/11/2025 12:16:00,369.62,369.62,369.62,369.62,221769.77,6
ICFFUT,04/11/2025 12:34:00,368.8,368.8,368.8,368.8,36880.15,1
ICFFUT,04/11/2025 12:35:00,368.54,368.54,368.54,368.54,36854.42,1
ICFFUT,04/11/2025 13:24:00,369.23,370.05,369.23,370.05,221756.9,6
ICFFUT,04/11/2025 13:31:00,370.47,370.47,370.3,370.3,148138.12,4
ICFFUT,04/11/2025 13:35:00,370.17,370.17,370.17,370.17,37017.38,1
ICFFUT,04/11/2025 13:45:00,369.06,369.06,369.06,369.06,36905.88,1
ICFFUT,04/11/2025 14:01:00,369.23,369.44,369.23,369.44,73867.51,2
ICFFUT,04/11/2025 14:14:00,368.97,369.4,368.97,369.4,110760.52,3
ICFFUT,04/11/2025 14:17:00,368.54,368.54,368.37,368.37,73691.68,2
ICFFUT,04/11/2025 14:39:00,368.37,368.37,368.37,368.37,36837.26,1
ICFFUT,04/11/2025 14:45:00,367.94,368.24,367.94,368.24,73618.78,2
ICFFUT,04/11/2025 14:52:00,368.12,368.12,367.51,367.51,73563.03,2
ICFFUT,04/14/2025 09:00:00,366.7,366.7,366.7,366.7,110010.05,3
ICFFUT,04/14/2025 12:01:00,376.61,376.61,376.61,376.61,37660.64,1
ICFFUT,04/14/2025 12:27:00,375.66,375.66,375.66,375.66,75132.58,2
ICFFUT,04/14/2025 14:02:00,376.01,376.01,376.01,376.01,37600.6,1
ICFFUT,04/14/2025 14:16:00,376.22,376.22,376.22,376.22,37622.04,1
ICFFUT,04/15/2025 09:05:00,384.54,384.54,384.54,384.54,38453.99,1
ICFFUT,04/15/2025 09:10:00,385.53,385.53,385.53,385.53,77105.24,2
ICFFUT,04/15/2025 09:14:00,385.31,385.96,385.31,385.96,424413.32,11
ICFFUT,04/15/2025 09:15:00,385.96,385.96,385.96,385.96,231573.02,6
ICFFUT,04/15/2025 09:19:00,385.1,385.1,385.1,385.1,38509.74,1
ICFFUT,04/15/2025 11:11:00,380.42,380.42,379.57,379.57,721920.33,19
ICFFUT,04/15/2025 11:17:00,379.95,379.95,379.95,379.95,37995.13,1
ICFFUT,04/15/2025 11:31:00,379.09,379.09,379.09,379.09,37909.36,1
ICFFUT,04/15/2025 12:10:00,382.1,382.31,382.1,382.31,76440.54,2
ICFFUT,04/15/2025 12:15:00,382.52,382.95,382.52,382.95,153095.5,4
ICFFUT,04/15/2025 14:26:00,382.65,382.65,382.65,382.65,38265.3,1
ICFFUT,04/16/2025 10:30:00,384.93,384.93,384.93,384.93,76985.17,2
ICFFUT,04/16/2025 10:35:00,385.27,385.31,385.27,385.31,192643.03,5
ICFFUT,04/16/2025 10:50:00,384.71,384.71,384.71,384.71,38471.14,1
ICFFUT,04/16/2025 10:53:00,385.53,385.53,385.53,385.53,38552.62,1
ICFFUT,04/16/2025 11:16:00,386.38,386.56,386.38,386.56,115949.47,3
ICFFUT,04/16/2025 11:34:00,385.7,385.7,385.7,385.7,115709.32,3
ICFFUT,04/16/2025 11:56:00,387.67,387.67,387.67,387.67,38767.04,1
ICFFUT,04/16/2025 12:23:00,388.4,388.53,388.4,388.53,116545.56,3
ICFFUT,04/16/2025 14:02:00,388.57,388.57,388.57,388.57,38857.1,1
ICFFUT,04/16/2025 14:56:00,386.56,386.6,386.56,386.56,309252.91,8
ICFFUT,04/17/2025 09:05:00,381.67,381.67,381.67,381.67,38166.67,1
ICFFUT,04/17/2025 09:12:00,381.67,381.67,381.67,381.67,38166.67,1
ICFFUT,04/17/2025 09:30:00,383.85,385.05,383.81,385.05,192201.32,5
ICFFUT,04/17/2025 12:16:00,384.41,384.41,384.24,384.24,115293.35,3
ICFFUT,04/17/2025 12:39:00,386.68,386.68,386.68,386.68,38668.41,1
ICFFUT,04/22/2025 09:07:00,380.72,380.72,380.72,380.72,76144.64,2
ICFFUT,04/22/2025 11:04:00,385.96,385.96,385.96,385.96,38595.5,1
ICFFUT,04/23/2025 09:09:00,397.53,397.96,397.53,397.96,159056.36,4
ICFFUT,04/23/2025 09:10:00,397.45,397.49,397.45,397.49,79493.87,2
ICFFUT,04/23/2025 09:13:00,396.59,396.68,396.59,396.68,79326.63,2
ICFFUT,04/23/2025 09:16:00,395.95,395.95,395.95,395.95,39594.7,1
ICFFUT,04/23/2025 09:22:00,397.1,397.1,397.1,397.1,39710.49,1
ICFFUT,04/23/2025 09:36:00,397.96,397.96,397.96,397.96,39796.25,1
ICFFUT,04/23/2025 10:35:00,397.1,397.1,397.1,397.1,238262.91,6
ICFFUT,04/23/2025 10:54:00,400.36,400.36,399.72,399.72,240081.19,6
ICFFUT,04/23/2025 10:57:00,400.24,400.24,399.81,399.89,1119972.92,28
ICFFUT,04/23/2025 11:07:00,399.76,399.76,399.76,399.76,39976.37,1
ICFFUT,04/23/2025 11:35:00,399.68,399.68,399.68,399.68,39967.79,1
ICFFUT,04/23/2025 11:40:00,400.54,400.54,400.54,400.54,120160.67,3
ICFFUT,04/23/2025 11:42:00,399.68,399.68,399.68,399.68,39967.79,1
ICFFUT,04/23/2025 11:44:00,399.98,399.98,399.98,399.98,39997.81,1
ICFFUT,04/23/2025 11:45:00,399.98,399.98,399.98,399.98,39997.81,1
ICFFUT,04/23/2025 12:03:00,400.11,400.11,400.11,400.11,40010.67,1
ICFFUT,04/23/2025 12:23:00,398.01,398.01,398.01,398.01,39800.54,1
ICFFUT,04/23/2025 12:40:00,396.89,396.89,396.89,396.89,39689.04,1
ICFFUT,04/23/2025 13:02:00,397.83,397.96,397.83,397.88,238734.64,6
ICFFUT,04/23/2025 13:19:00,397.96,397.96,397.96,397.96,39796.25,1
ICFFUT,04/23/2025 13:20:00,397.96,397.96,397.96,397.96,159185.01,4
ICFFUT,04/23/2025 13:21:00,398.39,398.39,398.39,398.39,199195.69,5
ICFFUT,04/23/2025 13:57:00,399.16,399.25,399.16,399.25,119766.14,3
ICFFUT,04/24/2025 09:37:00,401.52,401.52,401.52,401.52,40152.19,1
ICFFUT,04/24/2025 09:57:00,402.98,402.98,402.98,402.98,40297.99,1
ICFFUT,04/24/2025 10:33:00,404.4,404.4,404.4,404.4,40439.51,1
ICFFUT,04/24/2025 10:34:00,404.4,404.4,404.4,404.4,40439.51,1
ICFFUT,04/24/2025 12:29:00,408.51,408.6,408.51,408.51,326835.31,8
ICFFUT,04/24/2025 12:34:00,408.6,408.6,408.51,408.51,449397.47,11
ICFFUT,04/24/2025 12:57:00,409.11,409.11,409.11,409.11,40911.23,1
ICFFUT,04/25/2025 10:14:00,415.93,416.45,415.76,415.76,291297.42,7
ICFFUT,04/25/2025 10:28:00,419.02,419.53,419.02,419.53,251629.82,6
ICFFUT,04/25/2025 10:30:00,420.09,420.18,420.09,420.18,84026.7,2
ICFFUT,04/25/2025 11:19:00,423.39,423.39,423.39,423.39,127017.8,3
ICFFUT,04/25/2025 13:26:00,415.5,415.5,415.5,415.5,41550.2,1
ICFFUT,04/25/2025 13:43:00,415.12,415.12,415.12,415.12,41511.61,1
ICFFUT,04/28/2025 09:03:00,414.64,414.64,414.64,414.64,41464.44,1
ICFFUT,04/28/2025 09:09:00,416.4,416.4,416.4,416.4,41640.26,1
ICFFUT,04/28/2025 09:13:00,417.26,417.26,416.83,417.0,333640.98,8
ICFFUT,04/28/2025 09:20:00,415.07,415.29,414.26,415.29,787918.64,19
ICFFUT,04/28/2025 09:24:00,414.99,415.12,414.99,415.12,124521.96,3
ICFFUT,04/28/2025 10:30:00,414.22,414.22,414.22,414.22,41421.55,1
ICFFUT,04/28/2025 10:45:00,413.06,413.06,413.06,413.06,123917.3,3
ICFFUT,04/28/2025 11:02:00,414.09,414.39,413.74,414.39,248499.3,6
ICFFUT,04/28/2025 11:22:00,413.49,413.49,413.4,413.4,165368.87,4
ICFFUT,04/28/2025 11:37:00,415.97,415.97,415.97,415.97,41597.38,1
ICFFUT,04/28/2025 11:41:00,416.7,417.69,416.7,417.69,208544.37,5
ICFFUT,04/28/2025 11:43:00,417.22,417.52,417.22,417.52,83473.5,2
ICFFUT,04/28/2025 12:15:00,419.88,419.88,418.16,418.16,335339.18,8
ICFFUT,04/28/2025 13:14:00,421.33,421.33,421.33,421.33,42133.43,1
ICFFUT,04/28/2025 13:25:00,423.22,423.39,422.23,423.09,507337.9,12
ICFFUT,04/28/2025 13:27:00,422.92,422.92,422.84,422.84,84575.61,2
ICFFUT,04/28/2025 13:44:00,422.62,422.62,422.62,422.62,42262.08,1
ICFFUT,04/28/2025 14:22:00,423.18,423.61,423.18,423.61,84678.54,2
ICFFUT,04/28/2025 14:25:00,423.01,423.05,423.01,423.05,169211.27,4
ICFFUT,04/28/2025 14:30:00,421.63,421.63,421.63,421.63,42163.44,1
ICFFUT,04/28/2025 14:33:00,421.76,421.76,421.76,421.76,42176.31,1
ICFFUT,04/29/2025 09:10:00,426.91,426.91,426.52,426.52,170725.07,4
ICFFUT,04/29/2025 09:11:00,426.57,426.57,426.44,426.44,85300.35,2
ICFFUT,04/29/2025 09:12:00,426.35,426.82,425.88,426.05,554197.13,13
ICFFUT,04/29/2025 09:23:00,426.27,426.27,426.18,426.18,85244.6,2
ICFFUT,04/29/2025 09:29:00,425.84,426.22,425.41,426.05,638712.71,15
ICFFUT,04/29/2025 09:38:00,426.09,426.09,426.09,426.09,42609.44,1
ICFFUT,04/29/2025 09:45:00,424.21,425.02,423.65,425.02,254447.29,6
ICFFUT,04/29/2025 10:29:00,422.84,423.69,422.75,423.69,549973.07,13
ICFFUT,04/29/2025 10:30:00,423.69,423.69,422.41,422.49,380851.86,9
ICFFUT,04/29/2025 10:32:00,423.86,423.91,423.09,423.09,169464.28,4
ICFFUT,04/29/2025 10:42:00,423.78,423.78,423.78,423.78,42377.86,1
ICFFUT,04/29/2025 10:43:00,424.51,424.55,424.51,424.55,84905.82,2
ICFFUT,04/29/2025 10:46:00,423.48,423.48,423.48,423.48,42347.84,1
ICFFUT,04/29/2025 10:52:00,422.11,422.11,422.11,422.11,42210.62,1
ICFFUT,04/29/2025 10:56:00,422.41,422.41,422.41,422.41,42240.64,1
ICFFUT,04/29/2025 10:58:00,422.36,422.36,421.68,421.68,126606.12,3
ICFFUT,04/29/2025 11:02:00,422.62,422.62,422.32,422.32,84494.14,2
ICFFUT,04/29/2025 11:10:00,422.36,422.41,422.36,422.41,84476.98,2
ICFFUT,04/29/2025 11:11:00,422.58,422.92,422.58,422.92,211379.0,5
ICFFUT,04/29/2025 11:13:00,423.18,423.18,423.18,423.18,42317.83,1
ICFFUT,04/29/2025 11:16:00,423.69,423.69,423.26,423.69,127064.98,3
ICFFUT,04/29/2025 11:18:00,422.41,422.58,422.41,422.58,84498.42,2
ICFFUT,04/29/2025 11:19:00,422.11,422.11,421.76,421.76,126584.68,3
ICFFUT,04/29/2025 11:20:00,421.98,421.98,421.33,421.33,168666.64,4
ICFFUT,04/29/2025 11:22:00,421.03,421.03,419.88,420.26,2017927.34,48
ICFFUT,04/29/2025 11:24:00,420.26,420.61,419.15,419.15,503954.36,12
ICFFUT,04/29/2025 11:32:00,419.92,419.92,419.92,419.92,41991.91,1
ICFFUT,04/29/2025 11:39:00,420.13,420.13,420.13,420.13,42013.35,1
ICFFUT,04/29/2025 11:40:00,420.22,420.26,420.22,420.26,126074.36,3
ICFFUT,04/29/2025 11:45:00,419.92,419.92,419.92,419.92,41991.91,1
ICFFUT,04/29/2025 11:49:00,419.4,419.4,419.4,419.4,83880.9,2
ICFFUT,04/29/2025 11:50:00,419.4,419.4,419.4,419.4,125821.34,3
ICFFUT,04/29/2025 12:01:00,416.7,416.7,416.7,416.7,41670.28,1
ICFFUT,04/29/2025 12:18:00,413.96,413.96,413.53,413.79,165506.1,4
ICFFUT,04/29/2025 12:39:00,415.07,415.07,415.07,415.07,41507.32,1
ICFFUT,04/29/2025 12:51:00,414.9,414.9,414.9,414.9,41490.17,1
ICFFUT,04/29/2025 12:58:00,414.43,414.43,413.96,413.96,165686.21,4
ICFFUT,04/29/2025 13:16:00,413.83,413.83,413.83,413.83,41382.96,1
ICFFUT,04/30/2025 09:00:00,416.4,416.4,416.4,416.4,41640.26,1
ICFFUT,04/30/2025 09:05:00,415.72,415.76,415.72,415.76,207871.1,5
ICFFUT,04/30/2025 09:09:00,417.43,417.43,417.09,417.09,166938.42,4
ICFFUT,04/30/2025 09:11:00,417.86,417.86,417.86,417.86,41786.07,1
ICFFUT,04/30/2025 09:16:00,416.83,417.69,416.53,417.69,667097.56,16
ICFFUT,04/30/2025 09:27:00,419.4,419.4,419.4,419.4,41940.45,1
ICFFUT,04/30/2025 09:33:00,418.85,418.98,417.9,418.98,460547.29,11
ICFFUT,04/30/2025 09:36:00,419.4,419.4,418.76,419.15,544741.23,13
ICFFUT,04/30/2025 09:38:00,418.89,419.06,418.46,418.93,293210.05,7
ICFFUT,04/30/2025 10:30:00,416.83,416.83,416.83,416.83,41683.14,1
ICFFUT,04/30/2025 10:32:00,416.06,416.06,416.06,416.06,41605.95,1
ICFFUT,04/30/2025 10:33:00,416.19,416.19,416.19,416.19,41618.82,1
ICFFUT,04/30/2025 10:37:00,415.63,415.63,415.54,415.54,83117.56,2
ICFFUT,04/30/2025 10:38:00,415.93,415.93,415.93,415.93,41593.09,1
ICFFUT,04/30/2025 10:44:00,417.52,417.69,417.52,417.69,167024.19,4
ICFFUT,04/30/2025 10:51:00,418.12,418.12,418.12,418.12,41811.8,1
ICFFUT,04/30/2025 11:16:00,413.4,413.66,413.4,413.66,82705.88,2
ICFFUT,04/30/2025 11:17:00,414.39,414.43,414.34,414.34,331501.07,8
ICFFUT,04/30/2025 11:39:00,413.74,413.74,413.74,413.74,41374.38,1
ICFFUT,04/30/2025 11:57:00,414.09,414.3,414.09,414.3,82838.82,2
ICFFUT,04/30/2025 13:17:00,412.24,412.24,412.2,412.2,82444.29,2
ICFFUT,04/30/2025 13:36:00,409.54,409.88,409.54,409.88,81942.54,2
ICFFUT,04/30/2025 13:38:00,410.1,410.1,410.1,410.1,41009.87,1
ICFFUT,04/30/2025 13:41:00,410.06,410.06,409.5,409.5,163910.82,4
ICFFUT,05/02/2025 09:01:00,403.15,403.15,403.15,403.15,80630.3,2
ICFFUT,05/02/2025 09:06:00,405.81,405.81,405.25,405.25,445842.4,11
ICFFUT,05/02/2025 09:09:00,406.11,406.11,405.81,405.81,81192.08,2
ICFFUT,05/02/2025 09:35:00,407.31,407.31,407.31,407.31,40731.12,1
ICFFUT,05/02/2025 10:30:00,407.91,407.91,407.18,407.18,122249.12,3
ICFFUT,05/02/2025 10:34:00,405.85,405.85,405.85,405.85,40585.32,1
ICFFUT,05/02/2025 10:35:00,405.25,405.25,405.17,405.17,81041.98,2
ICFFUT,05/02/2025 10:44:00,405.6,405.6,405.6,405.6,40559.59,1
ICFFUT,05/02/2025 10:45:00,406.07,407.01,406.07,407.01,162615.72,4
ICFFUT,05/02/2025 10:58:00,404.7,404.7,404.7,404.7,80939.06,2
ICFFUT,05/02/2025 11:07:00,403.37,403.41,403.37,403.41,121018.35,3
ICFFUT,05/02/2025 12:02:00,403.11,403.11,402.77,402.77,80587.41,2
ICFFUT,05/02/2025 12:04:00,402.55,402.55,402.51,402.51,80505.93,2
ICFFUT,05/02/2025 12:45:00,398.82,398.82,398.82,398.82,39882.02,1
ICFFUT,05/02/2025 13:11:00,399.59,399.94,399.59,399.94,79952.73,2
ICFFUT,05/02/2025 13:12:00,400.54,400.54,400.54,400.54,40053.56,1
ICFFUT,05/02/2025 13:50:00,399.85,399.85,399.85,399.85,79969.88,2
ICFFUT,05/02/2025 13:53:00,399.64,399.64,399.64,399.64,39963.5,1
ICFFUT,05/05/2025 09:08:00,399.68,399.68,399.03,399.03,558880.05,14
ICFFUT,05/05/2025 10:33:00,404.05,404.05,404.01,404.05,363642.55,9
ICFFUT,05/05/2025 11:45:00,405.64,405.64,405.3,405.38,405484.37,10
ICFFUT,05/05/2025 11:58:00,406.54,406.97,406.54,406.54,813451.71,20
ICFFUT,05/05/2025 12:15:00,404.82,404.82,404.57,404.57,161869.54,4
ICFFUT,05/05/2025 12:31:00,408.17,408.25,408.17,408.17,163284.71,4
ICFFUT,05/05/2025 12:32:00,408.13,408.13,408.13,408.13,81625.2,2
ICFFUT,05/05/2025 12:46:00,408.68,408.68,408.68,408.68,40868.35,1
ICFFUT,05/05/2025 13:09:00,405.81,405.81,405.81,405.81,40581.03,1
ICFFUT,05/05/2025 13:23:00,404.4,405.38,404.4,405.34,121511.51,3
ICFFUT,05/05/2025 13:48:00,404.65,404.65,404.57,404.57,121387.15,3
ICFFUT,05/05/2025 13:49:00,404.44,404.44,404.4,404.4,80883.31,2
ICFFUT,05/05/2025 14:07:00,404.4,404.4,404.4,404.4,40439.51,1
ICFFUT,05/05/2025 14:08:00,404.4,404.4,404.4,404.4,40439.51,1
ICFFUT,05/05/2025 14:20:00,404.01,404.01,403.97,403.97,323185.89,8
ICFFUT,05/05/2025 14:27:00,404.01,404.01,404.01,404.01,40400.92,1
ICFFUT,05/05/2025 14:36:00,407.78,407.78,407.4,407.4,122261.98,3
ICFFUT,05/05/2025 14:37:00,407.05,407.05,407.05,407.05,81410.78,2
ICFFUT,05/06/2025 09:08:00,403.28,403.28,403.28,403.28,40328.01,1
ICFFUT,05/06/2025 09:15:00,403.07,403.07,403.02,403.02,80608.85,2
ICFFUT,05/06/2025 09:37:00,404.82,404.82,404.82,404.82,40482.4,1
ICFFUT,05/06/2025 09:41:00,405.04,405.04,405.04,405.04,81007.67,2
ICFFUT,05/06/2025 10:20:00,405.38,405.38,405.38,405.38,40538.14,1
ICFFUT,05/06/2025 10:30:00,407.05,407.05,407.01,407.05,122111.89,3
ICFFUT,05/06/2025 10:32:00,407.23,407.83,407.23,407.83,448239.61,11
ICFFUT,05/06/2025 10:33:00,408.25,409.11,408.25,409.11,286147.07,7
ICFFUT,05/06/2025 10:34:00,409.11,409.58,409.11,409.16,327504.29,8
ICFFUT,05/06/2025 10:36:00,409.11,409.11,409.11,409.11,40911.23,1
ICFFUT,05/06/2025 10:46:00,407.83,407.83,407.83,407.83,163130.33,4
ICFFUT,05/06/2025 11:03:00,410.23,410.36,410.23,410.36,123085.35,3
ICFFUT,05/06/2025 12:52:00,407.91,407.91,407.4,407.4,285323.7,7
ICFFUT,05/06/2025 13:06:00,407.1,407.1,407.1,407.1,40709.68,1
ICFFUT,05/07/2025 09:07:00,409.24,409.24,409.24,409.24,40924.1,1
ICFFUT,05/07/2025 09:44:00,405.9,406.84,405.9,406.84,121957.5,3
ICFFUT,05/07/2025 10:13:00,405.64,405.64,404.57,404.57,283651.23,7
ICFFUT,05/07/2025 10:34:00,403.28,403.28,403.11,403.11,282193.17,7
ICFFUT,05/07/2025 10:42:00,403.11,404.35,403.11,404.35,241989.52,6
ICFFUT,05/07/2025 11:29:00,403.97,403.97,403.97,403.97,40396.63,1
ICFFUT,05/07/2025 11:45:00,403.54,403.54,403.54,403.54,121061.23,3
ICFFUT,05/07/2025 11:58:00,403.07,403.24,403.07,403.24,120936.87,3
ICFFUT,05/07/2025 14:16:00,403.41,403.41,403.19,403.19,80660.32,2
ICFFUT,05/07/2025 14:23:00,403.49,403.49,403.49,403.49,40349.46,1
ICFFUT,05/07/2025 14:49:00,403.97,403.97,403.97,403.97,40396.63,1
ICFFUT,05/08/2025 09:04:00,402.81,402.81,402.81,402.81,40280.84,1
ICFFUT,05/08/2025 13:35:00,406.11,406.11,406.11,406.11,81222.09,2
ICFFUT,05/08/2025 13:59:00,405.55,405.55,405.55,405.55,40555.3,1
ICFFUT,05/08/2025 14:54:00,404.78,404.78,404.7,404.7,161899.56,4
ICFFUT,05/09/2025 09:04:00,406.58,406.58,406.58,406.58,40658.22,1
ICFFUT,05/09/2025 09:05:00,407.35,407.4,407.35,407.4,122214.81,3
ICFFUT,05/09/2025 09:12:00,407.35,407.35,407.35,407.35,40735.41,1
ICFFUT,05/09/2025 09:22:00,406.54,406.54,406.02,406.02,81256.4,2
ICFFUT,05/09/2025 09:45:00,407.18,407.18,407.18,407.18,122154.77,3
ICFFUT,05/09/2025 10:32:00,405.94,405.94,405.94,405.94,40593.89,1
ICFFUT,05/09/2025 10:33:00,406.07,406.07,406.07,406.07,162427.04,4
ICFFUT,05/09/2025 11:03:00,406.24,406.24,406.24,406.24,40623.91,1
ICFFUT,05/09/2025 11:50:00,403.88,403.97,403.88,403.97,242354.04,6
ICFFUT,05/09/2025 12:16:00,404.74,404.74,404.74,404.74,40473.82,1
ICFFUT,05/09/2025 14:58:00,404.48,404.48,403.97,403.97,202081.77,5
ICFFUT,05/09/2025 14:59:00,404.01,404.01,403.97,403.97,121198.46,3
ICFFUT,05/12/2025 09:04:00,400.75,401.22,400.75,401.22,280808.02,7
ICFFUT,05/12/2025 09:05:00,400.62,400.62,400.54,400.54,120169.25,3
ICFFUT,05/12/2025 09:12:00,400.54,400.54,400.54,400.54,80107.11,2
ICFFUT,05/12/2025 09:20:00,400.06,400.06,400.06,400.06,80012.77,2
ICFFUT,05/12/2025 09:38:00,401.39,401.39,401.39,401.39,160557.3,4
ICFFUT,05/12/2025 10:10:00,397.41,397.41,397.41,397.41,39740.5,1
ICFFUT,05/12/2025 10:38:00,396.68,396.68,396.5,396.5,79318.05,2
ICFFUT,05/12/2025 10:41:00,395.82,395.82,394.53,394.53,987560.32,25
ICFFUT,05/12/2025 10:50:00,394.96,395.39,394.96,395.39,355657.57,9
ICFFUT,05/12/2025 10:51:00,395.39,395.82,395.18,395.18,830793.96,21
ICFFUT,05/12/2025 11:12:00,394.83,394.83,394.83,394.83,39483.2,1
ICFFUT,05/12/2025 12:08:00,394.53,394.53,394.53,394.53,157812.73,4
ICFFUT,05/12/2025 12:39:00,393.03,393.03,393.03,393.03,39303.09,1
ICFFUT,05/12/2025 12:40:00,392.95,392.95,392.95,392.95,39294.51,1
ICFFUT,05/12/2025 13:00:00,394.19,394.19,393.85,393.85,118196.59,3
ICFFUT,05/12/2025 13:07:00,392.9,392.9,392.9,392.9,39290.22,1
ICFFUT,05/12/2025 13:15:00,393.76,393.76,393.76,393.76,78751.98,2
ICFFUT,05/12/2025 13:22:00,392.9,393.12,392.9,393.12,78601.89,2
ICFFUT,05/12/2025 13:27:00,393.67,393.67,393.67,393.67,39367.41,1
ICFFUT,05/12/2025 14:05:00,393.67,393.67,393.67,393.67,39367.41,1
ICFFUT,05/12/2025 14:16:00,394.53,394.53,394.53,394.53,39453.18,1
ICFFUT,05/13/2025 09:02:00,391.53,391.53,391.53,391.53,78305.99,2
ICFFUT,05/13/2025 09:06:00,391.53,391.92,391.53,391.92,117536.18,3
ICFFUT,05/13/2025 09:24:00,394.62,394.66,394.45,394.66,236740.53,6
ICFFUT,05/13/2025 10:19:00,393.67,393.67,393.67,393.67,78734.83,2
ICFFUT,05/13/2025 11:07:00,395.78,395.78,395.78,395.78,39577.55,1
ICFFUT,05/13/2025 11:23:00,396.68,396.68,396.68,396.68,39667.6,1
ICFFUT,05/13/2025 11:26:00,397.19,397.19,397.19,397.19,39719.06,1
ICFFUT,05/13/2025 11:33:00,396.29,396.29,396.03,396.03,79232.28,2
ICFFUT,05/13/2025 11:34:00,395.82,395.82,395.82,395.82,39581.83,1
ICFFUT,05/13/2025 11:43:00,397.02,397.23,397.02,397.23,158837.65,4
ICFFUT,05/13/2025 11:45:00,397.79,397.96,397.79,397.79,159133.55,4
ICFFUT,05/13/2025 12:22:00,399.25,399.25,399.25,399.25,39924.9,1
ICFFUT,05/13/2025 12:34:00,401.44,401.44,401.39,401.39,401414.69,10
ICFFUT,05/13/2025 12:36:00,399.81,399.81,399.81,399.81,39980.65,1
ICFFUT,05/13/2025 12:51:00,399.64,399.64,399.64,399.64,39963.5,1
ICFFUT,05/13/2025 13:33:00,397.53,397.53,397.53,397.53,39753.37,1
ICFFUT,05/13/2025 13:45:00,397.53,397.53,397.53,397.53,39753.37,1
ICFFUT,05/13/2025 13:47:00,397.41,397.41,397.32,397.32,158944.86,4
ICFFUT,05/13/2025 13:54:00,397.32,397.32,397.1,397.1,198573.87,5
ICFFUT,05/13/2025 14:21:00,396.38,396.68,396.38,396.68,356806.86,9
ICFFUT,05/13/2025 14:56:00,396.72,396.72,396.72,396.72,39671.89,1
ICFFUT,05/14/2025 09:15:00,394.1,394.1,394.1,394.1,39410.3,1
ICFFUT,05/14/2025 09:25:00,394.57,394.57,394.53,394.53,197270.2,5
ICFFUT,05/14/2025 09:40:00,393.67,393.67,393.67,393.67,39367.41,1
ICFFUT,05/14/2025 09:51:00,393.16,393.16,393.16,393.16,39315.95,1
ICFFUT,05/14/2025 10:10:00,391.53,391.53,391.06,391.06,352171.11,9
ICFFUT,05/14/2025 10:11:00,390.89,391.23,390.89,391.23,78211.64,2
ICFFUT,05/14/2025 10:29:00,392.04,392.09,392.04,392.04,117617.65,3
ICFFUT,05/14/2025 10:43:00,391.14,391.14,391.14,391.14,39114.4,1
ICFFUT,05/14/2025 11:18:00,390.84,390.84,390.84,390.84,39084.38,1
ICFFUT,05/14/2025 11:23:00,391.1,391.1,391.1,391.1,78220.22,2
ICFFUT,05/14/2025 11:25:00,391.79,391.79,391.79,391.79,39178.73,1
ICFFUT,05/14/2025 11:41:00,390.67,390.67,390.67,390.67,39067.23,1
ICFFUT,05/14/2025 11:48:00,390.24,390.24,390.24,390.24,39024.34,1
ICFFUT,05/14/2025 12:17:00,387.24,387.24,387.24,387.24,38724.16,1
ICFFUT,05/14/2025 12:18:00,387.67,388.49,387.67,388.49,155231.12,4
ICFFUT,05/14/2025 12:21:00,388.53,388.53,387.67,387.67,388189.29,10
ICFFUT,05/14/2025 12:24:00,387.67,387.67,387.67,387.67,77534.08,2
ICFFUT,05/14/2025 12:30:00,388.1,388.19,387.24,387.24,271377.85,7
ICFFUT,05/14/2025 12:58:00,389.09,389.09,389.09,389.09,38908.56,1
ICFFUT,05/14/2025 13:19:00,387.76,387.76,387.76,387.76,116326.85,3
ICFFUT,05/14/2025 14:07:00,387.71,388.06,387.71,388.06,77576.96,2
ICFFUT,05/15/2025 09:07:00,385.23,385.23,385.18,385.18,77040.91,2
ICFFUT,05/15/2025 09:13:00,383.94,383.94,383.94,383.94,38393.95,1
ICFFUT,05/15/2025 09:20:00,384.93,384.93,384.93,384.93,38492.58,1
ICFFUT,05/15/2025 09:38:00,385.87,385.96,385.87,385.96,115769.36,3
ICFFUT,05/15/2025 09:45:00,385.83,385.83,385.83,385.83,38582.64,1
ICFFUT,05/15/2025 09:49:00,387.24,387.24,387.24,387.24,38724.16,1
ICFFUT,05/15/2025 10:25:00,388.61,388.61,388.61,388.61,77722.77,2
ICFFUT,05/15/2025 10:32:00,388.53,388.53,388.53,388.53,77705.62,2
ICFFUT,05/15/2025 10:41:00,388.49,388.49,388.49,388.49,38848.52,1
ICFFUT,05/15/2025 10:44:00,387.67,387.67,387.67,387.67,38767.04,1
ICFFUT,05/15/2025 10:46:00,386.56,386.56,386.38,386.38,77293.93,2
ICFFUT,05/15/2025 10:47:00,386.47,386.47,386.47,386.47,38646.96,1
ICFFUT,05/15/2025 10:55:00,387.24,387.24,387.24,387.24,77448.31,2
ICFFUT,05/15/2025 11:05:00,389.0,389.0,389.0,389.0,38899.98,1
ICFFUT,05/15/2025 11:10:00,389.81,389.81,389.81,389.81,38981.46,1
ICFFUT,05/15/2025 11:56:00,393.76,393.76,393.76,393.76,39375.99,1
ICFFUT,05/15/2025 12:00:00,395.82,395.82,395.82,395.82,39581.83,1
ICFFUT,05/15/2025 12:03:00,397.92,397.96,397.92,397.96,79588.22,2
ICFFUT,05/15/2025 12:04:00,397.1,397.1,397.1,397.1,79420.97,2
ICFFUT,05/15/2025 12:06:00,396.03,396.03,396.03,396.03,39603.28,1
ICFFUT,05/15/2025 12:19:00,397.1,397.1,397.1,397.1,79420.97,2
ICFFUT,05/15/2025 12:20:00,397.19,397.19,397.19,397.19,39719.06,1
ICFFUT,05/15/2025 12:27:00,397.62,397.75,397.62,397.75,119311.57,3
ICFFUT,05/15/2025 12:35:00,397.06,397.06,396.33,396.42,436270.71,11
ICFFUT,05/15/2025 12:36:00,396.25,396.25,396.25,396.25,39624.72,1
ICFFUT,05/15/2025 12:38:00,396.59,396.59,396.42,396.42,118955.63,3
ICFFUT,05/15/2025 13:15:00,394.96,394.96,394.96,394.96,39496.07,1
ICFFUT,05/15/2025 14:40:00,396.25,396.25,396.25,396.25,118874.15,3
ICFFUT,05/15/2025 14:43:00,395.65,395.65,395.65,395.65,79129.36,2
ICFFUT,05/16/2025 09:19:00,387.24,387.24,387.24,387.24,77448.31,2
ICFFUT,05/16/2025 09:32:00,387.33,387.8,387.33,387.8,155072.45,4
ICFFUT,05/16/2025 09:44:00,386.81,386.81,386.81,386.81,38681.27,1
ICFFUT,05/16/2025 10:03:00,387.67,387.67,387.67,387.67,77534.08,2
ICFFUT,05/16/2025 10:05:00,387.41,387.41,387.41,387.41,38741.31,1
ICFFUT,05/16/2025 10:11:00,386.81,386.81,386.81,386.81,270768.9,7
ICFFUT,05/16/2025 10:30:00,388.53,388.53,388.53,388.53,38852.81,1
ICFFUT,05/16/2025 10:35:00,387.67,387.67,387.67,387.67,155068.16,4
ICFFUT,05/16/2025 11:40:00,387.67,387.67,387.67,387.67,116301.12,3
ICFFUT,05/16/2025 11:42:00,386.81,386.81,386.81,386.81,38681.27,1
ICFFUT,05/16/2025 11:43:00,386.13,386.13,384.97,385.1,655853.4,17
ICFFUT,05/16/2025 11:46:00,385.7,385.7,385.7,385.7,38569.77,1
ICFFUT,05/16/2025 11:50:00,386.68,386.68,386.68,386.68,38668.41,1
ICFFUT,05/16/2025 12:24:00,390.8,391.1,390.76,391.1,117266.01,3
ICFFUT,05/16/2025 13:04:00,388.96,388.96,388.23,388.23,116571.29,3
ICFFUT,05/16/2025 13:10:00,387.76,387.76,387.76,387.76,77551.23,2
ICFFUT,05/16/2025 13:12:00,387.71,387.71,387.71,387.71,38771.33,1
ICFFUT,05/16/2025 14:00:00,387.67,387.67,387.67,387.67,38767.04,1
ICFFUT,05/19/2025 10:56:00,391.23,391.23,391.23,391.23,39122.98,1
ICFFUT,05/19/2025 11:36:00,396.25,396.25,396.16,396.16,158490.29,4
ICFFUT,05/19/2025 11:47:00,396.16,396.38,396.16,396.38,317014.89,8
ICFFUT,05/19/2025 13:02:00,394.53,394.53,394.53,394.53,78906.36,2
ICFFUT,05/20/2025 09:20:00,394.53,394.53,394.53,394.53,157812.73,4
ICFFUT,05/20/2025 09:43:00,395.39,395.43,395.18,395.3,474420.23,12
ICFFUT,05/20/2025 10:30:00,392.0,392.0,392.0,392.0,39200.17,1
ICFFUT,05/20/2025 11:25:00,392.13,393.25,392.13,393.25,78537.56,2
ICFFUT,05/20/2025 11:26:00,393.25,393.25,393.25,393.25,353920.77,9
ICFFUT,05/20/2025 11:46:00,390.24,390.24,389.81,389.81,311993.19,8
ICFFUT,05/20/2025 11:54:00,389.21,389.21,389.21,389.21,38921.42,1
ICFFUT,05/20/2025 13:13:00,389.13,389.13,389.13,389.13,38912.84,1
ICFFUT,05/20/2025 13:44:00,390.24,390.24,390.24,390.24,195121.72,5
ICFFUT,05/21/2025 09:25:00,392.39,392.56,392.39,392.56,156972.2,4
ICFFUT,05/21/2025 10:12:00,394.53,394.53,394.53,394.53,78906.36,2
ICFFUT,05/21/2025 10:44:00,393.25,393.25,392.82,392.82,235878.57,6
ICFFUT,05/21/2025 12:53:00,393.33,393.33,393.33,393.33,117999.32,3
ICFFUT,05/22/2025 09:02:00,385.91,385.91,385.91,385.91,38591.22,1
ICFFUT,05/22/2025 09:04:00,386.43,386.43,385.74,385.74,193007.54,5
ICFFUT,05/22/2025 09:05:00,385.96,385.96,385.96,385.96,38595.5,1
ICFFUT,05/22/2025 10:31:00,386.38,386.38,386.38,386.38,115915.16,3
ICFFUT,05/22/2025 10:54:00,387.24,388.1,387.24,387.76,116309.7,3
ICFFUT,05/22/2025 11:00:00,385.53,385.53,385.53,385.53,38552.62,1
ICFFUT,05/22/2025 11:16:00,384.88,384.88,384.33,384.63,269225.08,7
ICFFUT,05/22/2025 11:41:00,384.84,384.84,384.84,384.84,38484.01,1
ICFFUT,05/22/2025 12:22:00,383.38,383.38,383.38,383.38,38338.2,1
ICFFUT,05/22/2025 12:25:00,382.31,382.31,382.31,382.31,38230.99,1
ICFFUT,05/22/2025 12:58:00,382.87,382.87,382.87,382.87,38286.74,1
ICFFUT,05/22/2025 13:35:00,382.87,382.87,382.87,382.87,38286.74,1
ICFFUT,05/22/2025 14:21:00,382.52,382.52,382.52,382.52,191262.17,5
ICFFUT,05/22/2025 14:33:00,383.12,383.12,383.12,383.12,38312.47,1
ICFFUT,05/23/2025 09:00:00,379.91,379.91,378.41,378.41,303133.38,8
ICFFUT,05/23/2025 09:05:00,377.42,377.42,377.42,377.42,37742.11,1
ICFFUT,05/23/2025 09:06:00,377.38,377.59,377.38,377.38,188710.57,5
ICFFUT,05/23/2025 09:12:00,377.38,377.38,377.38,377.38,37737.83,1
ICFFUT,05/23/2025 09:36:00,379.01,379.01,379.01,379.01,37900.79,1
ICFFUT,05/23/2025 10:30:00,377.21,377.21,377.04,377.04,113136.29,3
ICFFUT,05/23/2025 11:57:00,379.95,379.95,379.95,379.95,37995.13,1
ICFFUT,05/23/2025 12:55:00,381.58,381.67,381.58,381.67,114487.13,3
ICFFUT,05/27/2025 09:36:00,382.05,382.05,382.05,382.05,38205.26,1
ICFFUT,05/27/2025 09:37:00,382.1,382.1,382.1,382.1,38209.55,1
ICFFUT,05/27/2025 10:26:00,381.19,381.19,381.19,381.19,38119.49,1
ICFFUT,05/27/2025 10:30:00,381.88,381.88,381.88,381.88,38188.11,1
ICFFUT,05/27/2025 10:36:00,385.1,385.57,385.1,385.57,154171.89,4
ICFFUT,05/27/2025 10:45:00,383.81,383.81,383.81,383.81,38381.08,1
ICFFUT,05/27/2025 14:53:00,380.81,380.98,380.81,380.98,76178.95,2
ICFFUT,05/28/2025 09:01:00,376.52,376.52,376.52,376.52,37652.06,1
ICFFUT,05/28/2025 09:11:00,376.26,376.26,376.26,376.26,37626.33,1
ICFFUT,05/28/2025 09:12:00,376.18,376.18,375.75,375.79,714488.55,19
ICFFUT,05/28/2025 09:51:00,373.95,373.95,373.95,373.95,37394.76,1
ICFFUT,05/28/2025 10:30:00,376.52,376.95,376.48,376.52,188294.6,5
ICFFUT,05/28/2025 10:39:00,374.63,374.63,374.63,374.63,37463.37,1
ICFFUT,05/28/2025 10:43:00,374.93,374.93,374.93,374.93,37493.39,1
ICFFUT,05/28/2025 10:44:00,374.81,374.81,374.81,374.81,37480.52,1
ICFFUT,05/28/2025 11:18:00,373.22,373.22,373.22,373.22,37321.85,1
ICFFUT,05/28/2025 12:51:00,372.83,372.83,372.83,372.83,37283.26,1
ICFFUT,05/28/2025 12:53:00,372.23,372.23,371.8,371.8,74403.56,2
ICFFUT,05/28/2025 13:01:00,371.33,371.33,371.33,371.33,37133.16,1
ICFFUT,05/28/2025 13:33:00,373.52,373.52,373.52,373.52,37351.87,1
ICFFUT,05/28/2025 14:24:00,371.5,371.5,371.5,371.5,37150.32,1
ICFFUT,05/29/2025 09:09:00,372.15,373.09,372.15,373.05,260952.78,7
ICFFUT,05/29/2025 09:17:00,375.62,375.83,375.58,375.83,262968.32,7
ICFFUT,05/29/2025 09:26:00,374.38,374.38,374.29,374.29,187153.89,5
ICFFUT,05/29/2025 10:21:00,374.93,374.93,374.93,374.93,37493.39,1
ICFFUT,05/29/2025 10:35:00,371.67,371.67,371.67,371.67,37167.47,1
ICFFUT,05/29/2025 10:38:00,371.37,371.37,371.37,371.37,74274.9,2
ICFFUT,05/29/2025 10:39:00,371.37,371.37,371.37,371.37,37137.45,1
ICFFUT,05/29/2025 11:19:00,370.09,370.09,370.09,370.09,37008.8,1
ICFFUT,05/29/2025 12:34:00,366.66,366.66,366.23,366.23,73288.57,2
ICFFUT,05/29/2025 14:55:00,365.63,365.63,365.63,365.63,36562.81,1
ICFFUT,05/30/2025 09:28:00,364.38,364.38,364.38,364.38,36438.44,1
ICFFUT,05/30/2025 10:47:00,363.23,363.23,362.84,362.84,217790.14,6
ICFFUT,05/30/2025 11:47:00,358.51,358.51,358.51,358.51,35850.93,1
ICFFUT,05/30/2025 12:11:00,358.51,358.51,358.51,358.51,35850.93,1
ICFFUT,05/30/2025 12:32:00,358.85,358.85,358.85,358.85,107655.73,3
ICFFUT,05/30/2025 12:57:00,358.98,358.98,358.98,358.98,35898.11,1
ICFFUT,05/30/2025 13:03:00,358.68,358.68,358.68,358.68,71736.18,2
ICFFUT,05/30/2025 13:13:00,358.94,358.94,358.94,358.94,35893.82,1
ICFFUT,05/30/2025 13:28:00,359.07,359.2,359.07,359.2,179567.73,5
ICFFUT,05/30/2025 14:38:00,356.79,357.01,356.79,357.01,71380.24,2
ICFFUT,05/30/2025 14:59:00,356.84,356.84,356.84,356.84,35683.69,1
ICFFUT,06/02/2025 09:23:00,354.82,354.82,354.48,354.48,354546.88,10
ICFFUT,06/02/2025 09:33:00,352.16,352.16,352.16,352.16,70432.51,2
ICFFUT,06/02/2025 10:16:00,356.84,357.01,356.45,356.45,107029.62,3
ICFFUT,06/02/2025 11:14:00,354.05,354.05,354.05,354.05,70809.88,2
ICFFUT,06/02/2025 11:18:00,355.08,355.38,355.08,355.38,106583.63,3
ICFFUT,06/02/2025 11:20:00,355.72,355.72,355.72,355.72,35572.19,1
ICFFUT,06/02/2025 11:23:00,355.94,355.94,355.94,355.94,427123.58,12
ICFFUT,06/02/2025 11:39:00,357.48,357.48,357.48,357.48,35748.01,1
ICFFUT,06/02/2025 11:42:00,356.15,356.37,356.15,356.37,106866.66,3
ICFFUT,06/02/2025 11:52:00,358.08,358.21,358.08,358.21,143245.07,4
ICFFUT,06/02/2025 12:54:00,359.37,359.92,359.37,359.92,71929.15,2
ICFFUT,06/02/2025 13:22:00,357.18,357.82,357.18,357.82,178795.82,5
ICFFUT,06/03/2025 10:15:00,350.79,350.79,350.79,350.79,35079.02,1
ICFFUT,06/03/2025 10:23:00,351.22,351.22,351.22,351.22,70243.82,2
ICFFUT,06/03/2025 10:24:00,351.56,351.56,351.56,351.56,140624.86,4
ICFFUT,06/03/2025 10:28:00,350.1,350.1,350.1,350.1,35010.41,1
ICFFUT,06/03/2025 10:30:00,350.79,350.79,350.79,350.79,35079.02,1
ICFFUT,06/03/2025 10:33:00,351.13,351.13,351.13,351.13,35113.33,1
ICFFUT,06/03/2025 11:07:00,353.45,353.45,353.45,353.45,70689.81,2
ICFFUT,06/03/2025 11:18:00,353.28,353.28,352.93,352.93,388262.19,11
ICFFUT,06/03/2025 12:02:00,354.22,354.22,354.22,354.22,70844.19,2
ICFFUT,06/03/2025 12:08:00,354.22,354.22,354.22,354.22,106266.29,3
ICFFUT,06/03/2025 12:30:00,355.42,355.46,355.42,355.46,213274.47,6
ICFFUT,06/03/2025 12:38:00,356.84,356.84,356.79,356.79,71363.09,2
ICFFUT,06/04/2025 09:41:00,355.16,355.94,355.16,355.94,177736.59,5
ICFFUT,06/04/2025 09:42:00,355.94,355.94,355.94,355.94,71187.26,2
ICFFUT,06/04/2025 09:44:00,355.89,355.89,355.89,355.89,35589.34,1
ICFFUT,06/04/2025 10:31:00,357.05,357.05,356.84,356.84,71388.82,2
ICFFUT,06/04/2025 10:32:00,356.79,356.79,356.79,356.79,35679.4,1
ICFFUT,06/04/2025 11:28:00,358.21,358.51,358.21,358.51,322572.65,9
ICFFUT,06/04/2025 11:42:00,360.05,360.1,360.05,360.1,180035.16,5
ICFFUT,06/04/2025 12:23:00,361.08,361.25,361.08,361.25,72233.63,2
ICFFUT,06/04/2025 13:42:00,360.31,360.31,360.31,360.31,36031.05,1
ICFFUT,06/05/2025 09:08:00,370.86,371.12,370.52,371.12,111249.4,3
ICFFUT,06/05/2025 09:12:00,369.02,369.1,368.93,368.93,221396.68,6
ICFFUT,06/05/2025 09:40:00,370.26,370.47,370.26,370.47,111120.74,3
ICFFUT,06/05/2025 10:25:00,370.73,370.95,370.73,370.95,74167.69,2
ICFFUT,06/05/2025 10:30:00,371.37,371.37,371.37,371.37,297099.61,8
ICFFUT,06/05/2025 10:35:00,370.9,371.03,370.9,371.03,74193.42,2
ICFFUT,06/05/2025 10:37:00,371.63,371.63,371.63,371.63,37163.18,1
ICFFUT,06/05/2025 11:26:00,372.4,372.4,372.4,372.4,111721.12,3
ICFFUT,06/05/2025 11:52:00,373.6,373.6,373.6,373.6,37360.45,1
ICFFUT,06/05/2025 13:02:00,374.38,374.68,374.38,374.68,187282.54,5
ICFFUT,06/05/2025 13:07:00,374.38,374.38,374.38,374.38,37437.64,1
ICFFUT,06/05/2025 13:17:00,373.52,373.52,373.3,373.3,74682.3,2
ICFFUT,06/05/2025 13:25:00,372.66,372.66,372.62,372.62,111789.73,3
ICFFUT,06/05/2025 13:57:00,373.48,373.48,373.48,373.48,37347.58,1
ICFFUT,06/05/2025 14:54:00,372.06,372.23,371.8,371.8,186030.33,5
ICFFUT,06/06/2025 09:38:00,384.84,384.84,384.84,384.84,38484.01,1
ICFFUT,06/06/2025 10:42:00,388.1,388.1,388.1,388.1,38809.92,1
ICFFUT,06/06/2025 10:45:00,388.1,388.1,387.67,387.67,116386.89,3
ICFFUT,06/06/2025 11:38:00,387.37,387.37,387.37,387.37,38737.02,1
ICFFUT,06/06/2025 12:16:00,381.19,381.19,380.81,380.81,304720.08,8
ICFFUT,06/06/2025 12:24:00,376.95,376.95,376.74,376.74,75368.44,2
ICFFUT,06/06/2025 12:26:00,377.38,377.38,377.38,377.38,113213.48,3
ICFFUT,06/06/2025 12:40:00,372.36,372.36,372.23,372.23,111682.52,3
ICFFUT,06/06/2025 12:41:00,371.59,371.59,370.05,370.09,444881.8,12
ICFFUT,06/06/2025 12:46:00,373.0,373.0,373.0,373.0,37300.41,1
ICFFUT,06/06/2025 12:48:00,374.81,374.81,374.81,374.81,37480.52,1
ICFFUT,06/06/2025 12:58:00,373.9,373.9,373.9,373.9,37390.47,1
ICFFUT,06/06/2025 14:35:00,371.37,371.37,371.37,371.37,37137.45,1
ICFFUT,06/09/2025 09:23:00,375.71,375.71,375.71,375.71,37570.58,1
ICFFUT,06/09/2025 10:30:00,376.39,376.39,376.39,376.39,37639.19,1
ICFFUT,06/09/2025 10:40:00,376.09,376.09,376.09,376.09,112827.52,3
ICFFUT,06/09/2025 11:06:00,376.09,376.09,376.09,376.09,37609.17,1
ICFFUT,06/09/2025 11:11:00,378.19,378.19,378.19,378.19,37819.31,1
ICFFUT,06/09/2025 11:14:00,378.54,378.54,378.54,378.54,37853.61,1
ICFFUT,06/09/2025 11:49:00,378.96,378.96,378.96,378.96,75792.99,2
ICFFUT,06/09/2025 14:40:00,375.23,375.23,375.23,375.23,37523.41,1
ICFFUT,06/09/2025 14:43:00,374.93,374.93,374.93,374.93,37493.39,1
ICFFUT,06/10/2025 10:30:00,378.24,379.39,378.24,379.39,113629.45,3
ICFFUT,06/10/2025 10:40:00,376.56,376.56,376.56,376.56,37656.35,1
ICFFUT,06/10/2025 10:43:00,376.78,376.78,376.78,376.78,37677.79,1
ICFFUT,06/10/2025 11:12:00,378.54,379.18,378.54,379.18,75771.55,2
ICFFUT,06/10/2025 11:18:00,377.98,377.98,377.98,377.98,37797.86,1
ICFFUT,06/10/2025 12:12:00,375.75,375.75,375.75,375.75,37574.87,1
ICFFUT,06/10/2025 12:20:00,373.95,373.95,373.95,373.95,74789.51,2
ICFFUT,06/10/2025 14:13:00,371.29,371.29,371.29,371.29,111386.62,3
ICFFUT,06/11/2025 09:23:00,369.19,369.19,369.19,369.19,36918.74,1
ICFFUT,06/11/2025 11:23:00,370.69,370.69,370.69,370.69,74137.68,2
ICFFUT,06/11/2025 13:28:00,367.86,367.86,367.86,367.86,73571.61,2
ICFFUT,06/11/2025 13:56:00,368.03,368.03,368.03,368.03,73605.91,2
ICFFUT,06/12/2025 09:16:00,365.41,365.41,365.37,365.37,73078.44,2
ICFFUT,06/12/2025 13:18:00,363.61,363.66,363.61,363.66,145457.88,4
ICFFUT,06/12/2025 13:19:00,363.66,363.66,363.66,363.66,109096.63,3
ICFFUT,06/12/2025 13:20:00,363.48,363.48,363.4,363.4,145384.98,4
ICFFUT,06/12/2025 13:23:00,363.53,363.53,363.53,363.53,36352.68,1
ICFFUT,06/12/2025 14:59:00,362.8,362.8,362.8,362.8,36279.77,1
ICFFUT,06/13/2025 09:14:00,356.02,356.02,355.94,356.02,391581.41,11
ICFFUT,06/13/2025 10:31:00,353.79,353.79,353.79,353.79,35379.21,1
ICFFUT,06/13/2025 10:40:00,353.41,353.41,353.36,353.36,106013.27,3
ICFFUT,06/13/2025 10:42:00,353.36,353.36,353.23,353.36,388673.88,11
ICFFUT,06/13/2025 10:45:00,353.19,353.36,353.19,353.36,176643.05,5
ICFFUT,06/13/2025 10:46:00,353.66,353.66,353.66,353.66,35366.35,1
ICFFUT,06/13/2025 10:49:00,353.79,353.79,353.79,353.79,35379.21,1
ICFFUT,06/13/2025 10:50:00,353.79,353.79,353.62,353.62,283007.97,8
ICFFUT,06/13/2025 10:51:00,353.79,353.79,353.79,353.79,389171.33,11
ICFFUT,06/13/2025 10:52:00,353.92,354.18,353.92,354.18,106206.25,3
ICFFUT,06/13/2025 10:56:00,354.22,354.22,354.14,354.22,354212.38,10
ICFFUT,06/13/2025 10:58:00,354.22,354.22,354.22,354.22,35422.1,1
ICFFUT,06/13/2025 11:01:00,354.82,354.82,354.82,354.82,70964.27,2
ICFFUT,06/13/2025 11:02:00,354.82,355.08,354.82,355.08,248477.86,7
ICFFUT,06/13/2025 11:05:00,355.08,355.85,355.08,355.64,710551.81,20
ICFFUT,06/13/2025 11:06:00,355.68,355.81,355.68,355.81,106729.43,3
ICFFUT,06/13/2025 11:10:00,355.94,356.02,355.94,355.94,1174607.0,33
ICFFUT,06/13/2025 11:14:00,356.02,356.02,355.98,355.98,142395.97,4
ICFFUT,06/13/2025 11:21:00,357.01,357.01,357.01,357.01,35700.84,1
ICFFUT,06/13/2025 11:22:00,357.22,357.22,357.22,357.22,71444.57,2
ICFFUT,06/13/2025 11:23:00,357.87,358.51,357.61,358.47,357977.59,10
ICFFUT,06/13/2025 11:24:00,358.47,358.47,358.47,358.47,35846.65,1
ICFFUT,06/13/2025 11:27:00,358.42,358.42,358.25,358.25,71667.56,2
ICFFUT,06/13/2025 11:31:00,359.11,359.11,359.11,359.11,35910.97,1
ICFFUT,06/13/2025 11:39:00,359.58,359.58,359.58,359.58,35958.14,1
ICFFUT,06/13/2025 11:40:00,359.84,359.84,359.84,359.84,35983.88,1
ICFFUT,06/13/2025 11:44:00,360.57,360.57,360.1,360.1,144128.48,4
ICFFUT,06/13/2025 11:46:00,360.74,361.08,360.74,361.08,144330.03,4
ICFFUT,06/13/2025 11:54:00,359.5,359.5,359.5,359.5,71899.14,2
ICFFUT,06/13/2025 11:55:00,359.8,359.8,359.8,359.8,35979.59,1
ICFFUT,06/13/2025 11:58:00,360.65,360.65,360.65,360.65,360653.54,10
ICFFUT,06/13/2025 12:05:00,361.51,361.51,361.51,361.51,36151.12,1
ICFFUT,06/13/2025 12:10:00,360.22,360.22,360.18,360.18,72040.65,2
ICFFUT,06/13/2025 12:17:00,360.61,361.08,360.61,361.08,1083144.23,30
ICFFUT,06/13/2025 12:31:00,362.24,362.24,362.24,362.24,72448.05,2
ICFFUT,06/13/2025 12:34:00,362.58,362.58,362.58,362.58,36258.33,1
ICFFUT,06/13/2025 12:58:00,361.94,361.94,361.94,361.94,108582.02,3
ICFFUT,06/13/2025 13:03:00,362.41,362.41,362.24,362.24,72465.2,2
ICFFUT,06/13/2025 13:17:00,362.8,362.8,362.8,362.8,253958.42,7
ICFFUT,06/13/2025 13:40:00,364.51,364.51,364.51,364.51,72902.62,2
ICFFUT,06/13/2025 13:50:00,363.4,363.4,363.4,363.4,36339.81,1
ICFFUT,06/13/2025 13:55:00,364.9,364.9,364.9,364.9,72979.81,2
ICFFUT,06/13/2025 14:53:00,361.13,361.13,361.08,361.13,252783.4,7
ICFFUT,06/13/2025 14:58:00,361.51,361.51,361.51,361.51,36151.12,1
ICFFUT,06/16/2025 09:09:00,357.99,357.99,357.99,357.99,35799.47,1
ICFFUT,06/16/2025 09:12:00,357.87,358.21,357.82,358.21,214762.54,6
ICFFUT,06/16/2025 09:24:00,356.15,356.15,356.15,356.15,142460.29,4
ICFFUT,06/16/2025 09:55:00,360.22,360.22,359.92,359.92,72014.92,2
ICFFUT,06/16/2025 10:07:00,358.81,358.81,358.81,358.81,35880.95,1
ICFFUT,06/16/2025 10:31:00,357.95,357.95,357.95,357.95,35795.19,1
ICFFUT,06/16/2025 10:39:00,357.65,357.65,357.65,357.65,35765.17,1
ICFFUT,06/16/2025 10:45:00,357.69,357.69,357.65,357.65,71534.62,2
ICFFUT,06/16/2025 10:59:00,357.65,357.65,357.65,357.65,35765.17,1
ICFFUT,06/16/2025 11:13:00,356.84,356.84,356.84,356.84,35683.69,1
ICFFUT,06/16/2025 11:30:00,356.84,356.84,356.84,356.84,35683.69,1
ICFFUT,06/16/2025 11:56:00,358.08,358.08,358.08,358.08,35808.05,1
ICFFUT,06/16/2025 12:22:00,356.75,356.75,356.75,356.75,35675.11,1
ICFFUT,06/16/2025 12:54:00,357.22,357.22,357.22,357.22,35722.28,1
ICFFUT,06/16/2025 13:24:00,356.92,356.92,356.54,356.54,142653.27,4
ICFFUT,06/16/2025 13:47:00,358.94,358.94,358.94,358.94,35893.82,1
ICFFUT,06/17/2025 09:28:00,357.01,357.01,357.01,357.01,35700.84,1
ICFFUT,06/17/2025 10:53:00,353.36,353.36,352.63,352.63,388570.96,11
ICFFUT,06/17/2025 11:03:00,350.96,350.96,350.96,350.96,70192.36,2
ICFFUT,06/17/2025 11:29:00,352.51,352.51,352.51,352.51,352505.6,10
ICFFUT,06/17/2025 11:41:00,351.65,351.65,351.65,351.65,351647.93,10
ICFFUT,06/17/2025 12:46:00,351.82,351.82,351.82,351.82,35181.95,1
ICFFUT,06/17/2025 13:13:00,351.56,351.56,350.83,350.83,70239.53,2
ICFFUT,06/17/2025 13:29:00,350.79,350.83,350.79,350.79,245557.46,7
ICFFUT,06/17/2025 14:56:00,350.58,350.58,350.28,350.28,70085.15,2
ICFFUT,06/18/2025 09:06:00,346.07,346.07,346.07,346.07,173036.51,5
ICFFUT,06/18/2025 09:15:00,345.22,345.22,344.92,344.92,103526.01,3
ICFFUT,06/18/2025 09:20:00,344.44,344.44,344.44,344.44,275554.75,8
ICFFUT,06/18/2025 11:09:00,345.43,345.43,345.43,345.43,3454297.62,100
ICFFUT,06/18/2025 11:34:00,343.33,343.33,343.29,343.29,205988.49,6
ICFFUT,06/18/2025 12:49:00,338.78,339.68,338.78,339.68,373175.64,11
ICFFUT,06/18/2025 13:18:00,339.98,339.98,339.98,339.98,33998.35,1
ICFFUT,06/18/2025 14:41:00,337.93,337.93,337.93,337.93,101377.52,3
ICFFUT,06/20/2025 09:11:00,340.46,340.67,340.46,340.67,136212.11,4
ICFFUT,06/20/2025 09:48:00,342.47,342.47,342.17,342.17,102681.19,3
ICFFUT,06/20/2025 10:32:00,336.55,336.55,336.55,336.55,33655.28,1
ICFFUT,06/20/2025 10:43:00,334.92,334.92,334.75,334.75,66967.49,2
ICFFUT,06/20/2025 13:12:00,329.95,329.95,329.95,329.95,32994.87,1
ICFFUT,06/20/2025 14:23:00,330.12,330.12,330.12,330.12,33012.02,1
ICFFUT,06/23/2025 09:05:00,332.78,332.78,332.78,332.78,66555.8,2
ICFFUT,06/23/2025 09:06:00,333.04,333.16,332.82,332.82,333049.18,10
ICFFUT,06/23/2025 09:11:00,337.02,337.02,336.21,336.21,67323.42,2
ICFFUT,06/23/2025 09:22:00,336.34,336.34,336.34,336.34,33633.84,1
ICFFUT,06/23/2025 09:46:00,336.08,336.08,336.08,336.08,33608.11,1
ICFFUT,06/23/2025 10:25:00,336.47,336.47,336.38,336.38,201863.06,6
ICFFUT,06/23/2025 10:30:00,334.92,334.92,334.92,334.92,100476.96,3
ICFFUT,06/23/2025 10:32:00,334.92,334.92,334.92,334.92,33492.32,1
ICFFUT,06/23/2025 10:33:00,335.14,335.14,335.14,335.14,33513.76,1
ICFFUT,06/23/2025 10:35:00,335.27,335.27,335.27,335.27,33526.63,1
ICFFUT,06/23/2025 10:39:00,336.21,336.21,336.17,336.21,100858.63,3
ICFFUT,06/23/2025 10:46:00,337.45,337.45,337.45,337.45,33745.34,1
ICFFUT,06/23/2025 11:22:00,339.43,339.64,339.43,339.64,373475.83,11
ICFFUT,06/23/2025 11:26:00,340.28,340.76,340.28,340.76,102132.28,3
ICFFUT,06/23/2025 11:31:00,341.06,341.06,341.06,341.06,68211.12,2
ICFFUT,06/23/2025 11:49:00,338.91,338.91,338.27,338.27,304917.35,9
ICFFUT,06/23/2025 12:00:00,338.31,338.31,338.31,338.31,33831.1,1
ICFFUT,06/23/2025 12:01:00,338.05,338.05,338.05,338.05,67610.75,2
ICFFUT,06/23/2025 12:32:00,338.05,338.05,338.05,338.05,67610.75,2
ICFFUT,06/23/2025 12:35:00,338.57,338.57,338.57,338.57,33856.83,1
ICFFUT,06/23/2025 13:00:00,337.97,337.97,337.97,337.97,33796.8,1
ICFFUT,06/23/2025 13:43:00,339.21,339.21,339.21,339.21,101763.48,3
ICFFUT,06/24/2025 09:04:00,331.75,331.75,331.32,331.32,99439.17,3
ICFFUT,06/24/2025 09:05:00,331.11,331.11,330.51,330.51,198573.87,6
ICFFUT,06/24/2025 09:36:00,333.16,333.64,333.16,333.64,100022.39,3
ICFFUT,06/24/2025 10:30:00,331.49,331.49,331.11,331.11,198749.69,6
ICFFUT,06/24/2025 11:11:00,332.99,332.99,332.99,332.99,33299.34,1
ICFFUT,06/24/2025 11:46:00,333.21,333.21,332.78,332.78,66598.69,2
ICFFUT,06/24/2025 12:17:00,333.21,333.21,333.21,333.21,33320.79,1
ICFFUT,06/24/2025 12:54:00,330.21,330.21,330.21,330.21,33020.6,1
ICFFUT,06/24/2025 13:28:00,328.79,328.79,328.79,328.79,32879.08,1
ICFFUT,06/24/2025 14:20:00,326.52,326.65,326.52,326.56,195949.37,6
ICFFUT,06/24/2025 14:25:00,328.49,328.79,328.49,328.79,65728.14,2
ICFFUT,06/25/2025 09:00:00,325.02,325.02,325.02,325.02,162508.51,5
ICFFUT,06/25/2025 09:03:00,324.2,324.2,323.69,323.69,129577.97,4
ICFFUT,06/25/2025 09:12:00,322.92,322.92,322.92,322.92,322915.72,10
ICFFUT,06/25/2025 09:20:00,323.34,323.34,323.34,323.34,32334.46,1
ICFFUT,06/25/2025 09:50:00,322.74,322.74,322.74,322.74,64548.84,2
ICFFUT,06/25/2025 10:31:00,322.66,322.66,322.66,322.66,32265.84,1
ICFFUT,06/25/2025 10:33:00,321.63,321.63,320.56,320.77,641778.91,20
ICFFUT,06/25/2025 10:38:00,320.47,320.47,320.13,320.3,128119.92,4
ICFFUT,06/25/2025 10:39:00,320.3,320.77,320.3,320.77,96137.11,3
ICFFUT,06/25/2025 10:45:00,319.06,319.18,318.41,319.18,191305.05,6
ICFFUT,06/25/2025 10:47:00,319.74,319.74,319.74,319.74,31974.23,1
ICFFUT,06/25/2025 10:51:00,319.87,319.87,319.49,319.49,95922.69,3
ICFFUT,06/25/2025 10:52:00,319.27,319.4,319.27,319.4,63866.98,2
ICFFUT,06/25/2025 11:00:00,320.0,320.0,320.0,320.0,31999.96,1
ICFFUT,06/25/2025 11:05:00,316.35,316.35,316.35,316.35,63270.9,2
ICFFUT,06/25/2025 11:10:00,316.14,316.74,316.14,316.74,94962.09,3
ICFFUT,06/25/2025 11:12:00,317.3,317.34,317.3,317.34,63463.87,2
ICFFUT,06/25/2025 12:31:00,319.14,320.43,319.14,320.43,319592.22,10
ICFFUT,06/25/2025 12:32:00,320.26,320.26,320.26,320.26,64051.38,2
ICFFUT,06/25/2025 12:39:00,319.06,319.06,319.06,319.06,63811.23,2
ICFFUT,06/25/2025 12:44:00,318.54,319.06,318.54,319.06,127571.01,4
ICFFUT,06/25/2025 13:21:00,316.78,316.78,316.74,316.74,95030.71,3
ICFFUT,06/25/2025 13:38:00,318.8,318.8,318.8,318.8,127519.55,4
ICFFUT,06/25/2025 13:39:00,318.8,318.8,318.8,318.8,31879.89,1
ICFFUT,06/25/2025 14:08:00,317.9,317.9,317.9,317.9,31789.83,1
ICFFUT,06/25/2025 14:39:00,318.2,318.2,318.2,318.2,31819.85,1
ICFFUT,06/26/2025 09:30:00,321.03,321.5,321.03,321.5,64252.94,2
ICFFUT,06/26/2025 10:30:00,318.2,318.2,318.2,318.2,159099.24,5
ICFFUT,06/26/2025 11:17:00,320.56,320.56,320.56,320.56,96167.13,3
ICFFUT,06/26/2025 13:09:00,322.92,323.34,322.92,323.34,96960.48,3
ICFFUT,06/27/2025 09:47:00,320.86,320.86,320.86,320.86,96257.19,3
ICFFUT,06/27/2025 10:30:00,315.63,315.63,315.63,315.63,31562.55,1
ICFFUT,06/27/2025 10:35:00,315.88,316.35,315.88,316.35,126400.28,4
ICFFUT,06/27/2025 10:43:00,312.8,313.1,312.54,312.54,187668.49,6
ICFFUT,06/27/2025 10:46:00,312.19,312.54,312.19,312.54,124955.09,4
ICFFUT,06/27/2025 11:04:00,311.34,311.34,311.34,311.34,31133.71,1
ICFFUT,06/27/2025 11:15:00,309.06,309.41,309.06,309.41,185507.15,6
ICFFUT,06/27/2025 11:29:00,311.64,311.77,311.64,311.77,124689.21,4
ICFFUT,06/27/2025 11:30:00,311.77,311.77,311.77,311.77,62353.18,2
ICFFUT,06/27/2025 12:04:00,314.77,314.77,314.77,314.77,62953.56,2
ICFFUT,06/27/2025 12:05:00,314.72,314.72,314.72,314.72,31472.49,1
ICFFUT,06/27/2025 12:06:00,314.77,314.77,314.77,314.77,31476.78,1
ICFFUT,06/27/2025 12:12:00,313.1,313.1,312.92,312.92,93894.28,3
ICFFUT,06/27/2025 12:13:00,312.92,312.92,312.19,312.19,343641.5,11
ICFFUT,06/27/2025 13:05:00,317.08,317.08,317.08,317.08,31708.35,1
ICFFUT,06/27/2025 13:31:00,317.43,317.43,317.43,317.43,31742.66,1
ICFFUT,06/30/2025 09:00:00,322.49,322.49,322.49,322.49,64497.38,2
ICFFUT,06/30/2025 09:12:00,316.65,316.65,316.65,316.65,94996.4,3
ICFFUT,06/30/2025 09:13:00,316.65,316.65,316.48,316.48,158310.18,5
ICFFUT,06/30/2025 09:14:00,316.48,316.48,316.44,316.44,221516.75,7
ICFFUT,06/30/2025 09:31:00,318.24,318.24,318.24,318.24,318241.37,10
ICFFUT,06/30/2025 10:30:00,319.53,319.53,319.36,319.36,63888.42,2
ICFFUT,06/30/2025 10:47:00,318.28,318.28,318.28,318.28,31828.43,1
ICFFUT,06/30/2025 11:06:00,316.05,316.05,315.2,315.63,283972.85,9
ICFFUT,06/30/2025 11:22:00,315.63,315.63,315.54,315.54,63116.51,2
ICFFUT,06/30/2025 13:00:00,314.64,314.64,314.42,314.42,94348.85,3
ICFFUT,06/30/2025 13:01:00,314.0,314.0,312.92,312.92,721126.98,23
ICFFUT,06/30/2025 13:02:00,313.44,314.17,313.44,314.17,94151.59,3
ICFFUT,06/30/2025 13:04:00,313.48,313.48,313.48,313.48,94044.38,3
ICFFUT,06/30/2025 13:06:00,313.05,313.1,313.05,313.05,563502.94,18
ICFFUT,06/30/2025 13:08:00,313.48,313.52,313.48,313.52,438890.92,14
ICFFUT,06/30/2025 13:17:00,313.14,313.14,313.05,313.05,93924.3,3
ICFFUT,06/30/2025 14:07:00,312.19,312.19,312.19,312.19,218536.32,7
ICFFUT,07/01/2025 09:22:00,309.62,309.62,309.62,309.62,154810.86,5
ICFFUT,07/01/2025 09:30:00,310.91,310.91,310.91,310.91,124363.29,4
ICFFUT,07/01/2025 10:31:00,313.87,313.87,313.87,313.87,31386.72,1
ICFFUT,07/01/2025 10:42:00,310.61,310.61,310.48,310.48,62108.74,2
ICFFUT,07/01/2025 11:07:00,309.96,309.96,309.96,309.96,30996.48,1
ICFFUT,07/01/2025 11:24:00,312.07,312.07,311.47,311.47,62353.18,2
ICFFUT,07/01/2025 12:04:00,312.19,312.19,312.19,312.19,31219.47,1
ICFFUT,07/01/2025 13:20:00,307.52,307.52,307.48,307.48,491972.6,16
ICFFUT,07/01/2025 13:21:00,307.09,307.09,306.41,307.05,767222.87,25
ICFFUT,07/01/2025 13:22:00,307.48,307.69,307.18,307.69,246059.2,8
ICFFUT,07/01/2025 13:33:00,305.33,305.33,305.25,305.33,122124.75,4
ICFFUT,07/01/2025 14:42:00,305.03,305.03,305.03,305.03,61006.63,2
ICFFUT,07/02/2025 09:25:00,303.58,303.58,303.58,303.58,30357.51,1
ICFFUT,07/02/2025 09:32:00,303.49,303.49,303.49,303.49,30348.93,1
ICFFUT,07/02/2025 10:54:00,296.24,296.24,296.24,296.24,29624.19,1
ICFFUT,07/02/2025 11:10:00,297.61,298.17,297.61,298.17,178842.99,6
ICFFUT,07/02/2025 11:12:00,297.61,297.61,297.61,297.61,89284.27,3
ICFFUT,07/02/2025 11:15:00,297.23,297.23,297.23,297.23,29722.83,1
ICFFUT,07/02/2025 11:20:00,297.14,297.14,297.06,297.06,89129.88,3
ICFFUT,07/02/2025 11:51:00,297.87,297.87,297.83,297.83,119135.74,4
ICFFUT,07/02/2025 13:13:00,303.62,303.92,303.36,303.36,212528.29,7
ICFFUT,07/02/2025 13:20:00,304.22,304.22,304.22,304.22,60843.67,2
ICFFUT,07/02/2025 13:21:00,304.48,304.56,304.48,304.56,121798.83,4
ICFFUT,07/02/2025 13:23:00,304.99,305.33,304.99,305.33,183131.38,6
ICFFUT,07/02/2025 13:25:00,306.41,306.96,306.23,306.96,122605.05,4
ICFFUT,07/02/2025 13:37:00,304.05,304.48,304.05,304.48,456516.2,15
ICFFUT,07/02/2025 13:59:00,303.4,303.4,303.27,303.27,90995.33,3
ICFFUT,07/02/2025 14:23:00,305.33,305.33,305.33,305.33,30533.33,1
ICFFUT,07/02/2025 14:41:00,303.75,303.75,303.75,303.75,30374.66,1
ICFFUT,07/02/2025 14:45:00,303.75,303.75,303.75,303.75,60749.32,2
ICFFUT,07/03/2025 09:01:00,305.29,305.29,305.29,305.29,61058.09,2
ICFFUT,07/03/2025 09:04:00,305.72,305.76,305.72,305.76,91724.36,3
ICFFUT,07/03/2025 09:11:00,306.83,307.48,306.83,307.48,214955.52,7
ICFFUT,07/03/2025 09:22:00,307.48,307.48,307.48,307.48,30747.75,1
ICFFUT,07/03/2025 11:44:00,306.88,306.88,306.88,306.88,184126.29,6
ICFFUT,07/03/2025 12:09:00,307.91,307.91,307.91,307.91,30790.64,1
ICFFUT,07/03/2025 14:51:00,302.93,303.06,302.93,303.06,121185.59,4
ICFFUT,07/07/2025 09:02:00,298.17,298.17,298.17,298.17,29817.17,1
ICFFUT,07/07/2025 09:03:00,298.21,298.9,298.21,298.9,59711.53,2
ICFFUT,07/07/2025 09:09:00,299.76,300.02,299.76,300.02,119980.56,4
ICFFUT,07/07/2025 09:10:00,300.02,300.02,300.02,300.02,60003.14,2
ICFFUT,07/07/2025 09:11:00,300.19,300.19,300.14,300.19,480286.74,16
ICFFUT,07/07/2025 09:14:00,301.04,301.04,301.04,301.04,120417.97,4
ICFFUT,07/07/2025 09:20:00,303.62,303.62,303.62,303.62,30361.8,1
ICFFUT,07/07/2025 09:23:00,303.7,303.7,303.62,303.62,60732.17,2
ICFFUT,07/07/2025 09:31:00,302.25,302.76,302.25,302.76,181604.71,6
ICFFUT,07/07/2025 09:34:00,301.3,301.3,301.3,301.3,30130.22,1
ICFFUT,07/07/2025 10:34:00,299.76,299.76,299.33,299.33,479403.33,16
ICFFUT,07/07/2025 10:45:00,298.9,298.9,298.9,298.9,657581.62,22
ICFFUT,07/07/2025 10:55:00,297.53,297.53,296.97,296.97,118865.58,4
ICFFUT,07/07/2025 10:57:00,298.39,298.47,298.39,298.47,89532.99,3
ICFFUT,07/07/2025 11:00:00,297.7,297.7,297.61,297.61,416672.77,14
ICFFUT,07/07/2025 11:03:00,297.66,297.66,297.14,297.14,624599.62,21
ICFFUT,07/07/2025 11:04:00,297.06,297.06,296.67,296.8,385809.24,13
ICFFUT,07/07/2025 11:10:00,297.57,297.61,297.57,297.61,59518.56,2
ICFFUT,07/07/2025 11:20:00,297.19,297.19,297.19,297.19,89155.61,3
ICFFUT,07/07/2025 11:31:00,299.33,299.33,298.39,298.39,119637.49,4
ICFFUT,07/07/2025 11:33:00,297.96,297.96,297.96,297.96,29795.73,1
ICFFUT,07/07/2025 13:16:00,294.66,294.7,294.18,294.18,1177291.53,40
ICFFUT,07/07/2025 13:21:00,293.33,293.33,292.68,293.07,351489.26,12
ICFFUT,07/07/2025 13:23:00,293.24,294.1,293.24,294.1,117510.44,4
ICFFUT,07/07/2025 13:24:00,293.33,293.33,293.33,293.33,29332.58,1
ICFFUT,07/07/2025 13:35:00,294.18,294.18,293.67,293.67,147040.29,5
ICFFUT,07/07/2025 14:18:00,293.41,293.58,293.41,293.58,88057.79,3
ICFFUT,07/07/2025 14:49:00,293.37,293.37,293.37,293.37,29336.87,1
ICFFUT,07/07/2025 14:54:00,293.88,293.88,293.88,293.88,29388.33,1
ICFFUT,07/08/2025 09:15:00,296.71,296.76,296.71,296.76,296747.97,10
ICFFUT,07/08/2025 10:23:00,297.74,297.74,297.74,297.74,29774.29,1
ICFFUT,07/08/2025 10:32:00,297.19,297.19,297.19,297.19,59437.08,2
ICFFUT,07/08/2025 10:37:00,295.04,295.04,294.4,294.57,117904.98,4
ICFFUT,07/08/2025 12:09:00,297.06,297.19,297.06,297.19,445739.48,15
ICFFUT,07/08/2025 12:10:00,296.24,296.24,296.24,296.24,59248.39,2
ICFFUT,07/08/2025 12:12:00,296.11,296.11,296.11,296.11,29611.33,1
ICFFUT,07/08/2025 12:38:00,297.57,297.96,297.57,297.61,297648.53,10
ICFFUT,07/08/2025 12:39:00,297.61,297.61,297.61,297.61,29761.42,1
ICFFUT,07/08/2025 13:23:00,300.62,300.62,300.62,300.62,30061.61,1
ICFFUT,07/08/2025 13:31:00,298.64,298.64,298.64,298.64,29864.34,1
ICFFUT,07/08/2025 14:00:00,297.87,297.87,297.87,297.87,29787.15,1
ICFFUT,07/08/2025 14:49:00,298.43,298.43,298.43,298.43,29842.9,1
ICFFUT,07/08/2025 14:55:00,297.53,297.53,297.53,297.53,29752.85,1
ICFFUT,07/08/2025 14:56:00,297.49,297.49,297.31,297.31,59479.96,2
ICFFUT,07/09/2025 09:50:00,297.44,297.44,297.44,297.44,29744.27,1
ICFFUT,07/09/2025 10:30:00,297.14,297.57,297.14,297.57,118908.46,4
ICFFUT,07/09/2025 10:39:00,298.9,298.9,298.9,298.9,29890.07,1
ICFFUT,07/09/2025 10:43:00,297.87,297.87,297.87,297.87,29787.15,1
ICFFUT,07/09/2025 12:16:00,299.33,299.33,299.24,299.24,119706.1,4
ICFFUT,07/09/2025 13:00:00,300.23,300.23,300.23,300.23,60046.03,2
ICFFUT,07/09/2025 13:04:00,300.66,300.66,300.66,300.66,30065.9,1
ICFFUT,07/10/2025 10:01:00,300.62,301.09,300.62,301.09,120379.38,4
ICFFUT,07/10/2025 10:52:00,302.03,302.03,301.9,301.9,60393.39,2
ICFFUT,07/10/2025 12:15:00,304.35,304.35,304.09,304.3,456353.24,15
ICFFUT,07/10/2025 14:30:00,300.96,300.96,300.96,300.96,60191.83,2
ICFFUT,07/11/2025 09:04:00,309.45,311.98,309.45,311.98,217468.51,7
ICFFUT,07/11/2025 09:16:00,312.07,312.07,311.77,311.77,124744.96,4
ICFFUT,07/11/2025 09:18:00,311.34,311.34,311.34,311.34,31133.71,1
ICFFUT,07/11/2025 09:37:00,311.21,311.21,311.21,311.21,31120.84,1
ICFFUT,07/11/2025 11:27:00,306.58,306.58,306.58,306.58,30657.7,1
ICFFUT,07/11/2025 12:38:00,303.62,303.62,303.62,303.62,60723.59,2
ICFFUT,07/11/2025 13:01:00,301.22,301.22,300.96,300.96,150569.64,5
ICFFUT,07/11/2025 13:05:00,301.9,301.9,301.9,301.9,60380.52,2
ICFFUT,07/11/2025 13:09:00,302.63,302.63,302.63,302.63,30263.16,1
ICFFUT,07/11/2025 14:00:00,302.5,302.5,302.5,302.5,30250.3,1
ICFFUT,07/14/2025 09:18:00,310.48,310.48,310.48,310.48,31047.94,1
ICFFUT,07/14/2025 09:41:00,311.77,311.77,311.77,311.77,62353.18,2
ICFFUT,07/14/2025 09:49:00,311.34,311.34,311.34,311.34,62267.41,2
ICFFUT,07/14/2025 10:29:00,312.11,312.11,311.64,311.64,62374.62,2
ICFFUT,07/14/2025 10:38:00,308.64,309.19,308.64,308.76,247071.26,8
ICFFUT,07/14/2025 11:17:00,313.01,313.05,313.01,313.05,219123.83,7
ICFFUT,07/14/2025 11:19:00,313.05,313.05,313.05,313.05,31305.24,1
ICFFUT,07/14/2025 11:47:00,314.77,314.77,314.77,314.77,157383.89,5
ICFFUT,07/14/2025 12:17:00,313.48,313.48,313.18,313.18,2445093.8,78
ICFFUT,07/14/2025 13:10:00,315.2,315.2,314.04,314.04,62923.54,2
ICFFUT,07/14/2025 13:30:00,319.01,319.01,319.01,319.01,31901.33,1
ICFFUT,07/14/2025 13:32:00,317.94,318.63,317.94,318.63,222949.07,7
ICFFUT,07/15/2025 09:25:00,315.24,315.93,315.24,315.93,63116.51,2
ICFFUT,07/16/2025 09:10:00,321.63,321.67,321.54,321.54,385933.6,12
ICFFUT,07/16/2025 09:14:00,321.29,321.29,320.9,320.9,160604.47,5
ICFFUT,07/16/2025 10:36:00,322.49,322.83,322.49,322.83,64531.68,2
ICFFUT,07/16/2025 10:53:00,323.6,323.6,323.6,323.6,32360.19,1
ICFFUT,07/16/2025 11:03:00,322.49,322.49,322.49,322.49,32248.69,1
ICFFUT,07/16/2025 11:06:00,322.32,322.32,322.32,322.32,32231.53,1
ICFFUT,07/16/2025 11:19:00,321.54,321.54,321.54,321.54,1479099.79,46
ICFFUT,07/16/2025 11:31:00,323.39,323.39,323.39,323.39,32338.74,1
ICFFUT,07/16/2025 11:52:00,324.2,324.2,323.73,323.73,194285.48,6
ICFFUT,07/16/2025 11:53:00,324.16,324.16,324.16,324.16,32415.94,1
ICFFUT,07/16/2025 11:57:00,323.99,324.2,323.77,324.2,259263.15,8
ICFFUT,07/16/2025 14:11:00,322.92,322.92,322.92,322.92,129166.29,4
ICFFUT,07/17/2025 09:04:00,319.57,319.57,319.57,319.57,31957.08,1
ICFFUT,07/17/2025 09:27:00,321.24,321.24,321.11,321.11,96360.11,3
ICFFUT,07/17/2025 10:29:00,322.92,322.92,322.92,322.92,96874.72,3
ICFFUT,07/17/2025 10:49:00,321.63,321.63,321.2,321.2,64282.96,2
ICFFUT,07/17/2025 11:36:00,319.49,319.61,319.49,319.61,63909.87,2
ICFFUT,07/17/2025 14:11:00,323.34,323.34,323.34,323.34,32334.46,1
ICFFUT,07/18/2025 09:11:00,320.09,320.09,320.09,320.09,32008.54,1
ICFFUT,07/18/2025 09:12:00,320.34,320.34,320.34,320.34,64068.54,2
ICFFUT,07/18/2025 09:30:00,321.5,321.5,321.5,321.5,32150.05,1
ICFFUT,07/18/2025 09:38:00,321.84,321.84,321.84,321.84,32184.36,1
ICFFUT,07/18/2025 09:42:00,320.77,320.77,320.39,320.39,128235.71,4
ICFFUT,07/18/2025 10:32:00,319.91,319.91,319.91,319.91,31991.38,1
ICFFUT,07/18/2025 10:35:00,319.23,319.23,319.23,319.23,63845.54,2
ICFFUT,07/18/2025 10:40:00,319.49,319.49,319.06,319.06,351051.84,11
ICFFUT,07/18/2025 10:47:00,321.29,322.19,321.29,322.19,225273.38,7
ICFFUT,07/18/2025 10:57:00,322.02,322.32,322.02,322.32,128866.1,4
ICFFUT,07/18/2025 11:04:00,321.59,321.59,321.59,321.59,32158.63,1
ICFFUT,07/18/2025 11:19:00,322.23,322.44,322.23,322.44,96690.31,3
ICFFUT,07/18/2025 11:20:00,323.34,323.34,323.34,323.34,32334.46,1
ICFFUT,07/18/2025 11:28:00,322.92,322.92,322.83,322.83,64574.57,2
ICFFUT,07/18/2025 12:59:00,319.27,319.27,319.27,319.27,31927.06,1
ICFFUT,07/18/2025 13:00:00,319.4,319.4,319.4,319.4,31939.92,1
ICFFUT,07/18/2025 13:19:00,319.91,319.91,319.57,319.57,63948.46,2
ICFFUT,07/18/2025 14:31:00,320.04,320.04,320.04,320.04,32004.25,1
ICFFUT,07/21/2025 09:25:00,316.35,316.35,316.35,316.35,31635.45,1
ICFFUT,07/21/2025 10:30:00,310.78,310.78,310.78,310.78,31077.96,1
ICFFUT,07/21/2025 10:31:00,310.48,310.48,309.88,310.39,217095.42,7
ICFFUT,07/21/2025 10:32:00,310.87,310.87,310.87,310.87,62173.07,2
ICFFUT,07/21/2025 10:41:00,310.52,310.52,310.52,310.52,62104.45,2
ICFFUT,07/21/2025 10:42:00,311.51,311.51,311.51,311.51,31150.86,1
ICFFUT,07/21/2025 10:43:00,311.51,311.51,311.51,311.51,62301.72,2
ICFFUT,07/21/2025 11:11:00,310.44,310.44,310.44,310.44,93130.95,3
ICFFUT,07/21/2025 11:28:00,308.64,308.64,308.64,308.64,30863.54,1
ICFFUT,07/21/2025 11:31:00,308.89,309.88,308.89,309.88,123655.71,4
ICFFUT,07/21/2025 11:53:00,309.19,309.19,309.19,309.19,30919.29,1
ICFFUT,07/21/2025 13:47:00,306.62,306.62,306.62,306.62,30661.98,1
ICFFUT,07/21/2025 14:39:00,305.16,305.16,305.16,305.16,30516.18,1
ICFFUT,07/22/2025 09:17:00,304.48,304.48,304.48,304.48,30447.56,1
ICFFUT,07/22/2025 09:18:00,304.13,304.13,304.13,304.13,60826.51,2
ICFFUT,07/22/2025 09:19:00,305.76,305.76,305.76,305.76,61152.43,2
ICFFUT,07/22/2025 09:45:00,307.91,307.91,307.91,307.91,92371.91,3
ICFFUT,07/22/2025 11:05:00,310.35,310.91,310.35,310.91,155346.9,5
ICFFUT,07/23/2025 09:01:00,309.62,309.62,309.62,309.62,30962.17,1
ICFFUT,07/23/2025 09:08:00,310.91,310.91,310.91,310.91,31090.82,1
ICFFUT,07/23/2025 09:09:00,310.95,310.95,310.91,310.91,62185.93,2
ICFFUT,07/23/2025 09:19:00,309.19,309.19,309.19,309.19,30919.29,1
ICFFUT,07/23/2025 09:20:00,308.55,308.55,307.82,307.82,92419.08,3
ICFFUT,07/23/2025 09:47:00,310.05,310.05,310.05,310.05,31005.06,1
ICFFUT,07/23/2025 10:32:00,310.39,310.44,310.39,310.44,93122.37,3
ICFFUT,07/23/2025 11:55:00,313.05,313.05,313.05,313.05,31305.24,1
ICFFUT,07/23/2025 12:21:00,314.3,314.51,314.12,314.51,188611.94,6
ICFFUT,07/23/2025 12:24:00,314.51,314.77,314.51,314.77,94378.87,3
ICFFUT,07/23/2025 12:32:00,313.95,313.95,313.95,313.95,31395.3,1
ICFFUT,07/23/2025 14:56:00,316.05,316.05,316.05,316.05,31605.43,1
ICFFUT,07/24/2025 09:53:00,319.4,319.4,319.4,319.4,31939.92,1
ICFFUT,07/24/2025 10:29:00,317.34,317.34,316.57,317.34,222052.8,7
ICFFUT,07/24/2025 10:30:00,317.68,317.68,317.68,317.68,31768.39,1
ICFFUT,07/25/2025 09:51:00,317.77,317.77,317.77,317.77,4893652.62,154
ICFFUT,07/25/2025 09:53:00,318.16,318.16,318.16,318.16,31815.56,1
ICFFUT,07/25/2025 10:31:00,317.13,317.13,317.13,317.13,126850.56,4
ICFFUT,07/25/2025 14:51:00,316.1,316.1,316.1,316.1,31609.72,1
ICFFUT,07/28/2025 09:11:00,321.97,321.97,321.63,321.63,128720.29,4
ICFFUT,07/28/2025 09:29:00,320.6,320.6,320.6,320.6,32060.0,1
ICFFUT,07/28/2025 10:48:00,319.96,319.96,319.74,319.74,95961.29,3
ICFFUT,07/28/2025 10:55:00,320.34,320.34,320.34,320.34,32034.27,1
ICFFUT,07/28/2025 11:33:00,320.34,320.34,320.34,320.34,32034.27,1
ICFFUT,07/28/2025 14:11:00,320.13,320.77,320.13,320.77,128175.67,4
ICFFUT,07/29/2025 09:00:00,318.2,318.2,318.2,318.2,31819.85,1
ICFFUT,07/29/2025 09:29:00,316.4,316.44,316.14,316.14,158177.24,5
ICFFUT,07/29/2025 09:52:00,315.58,315.58,315.58,315.58,31558.26,1
ICFFUT,07/29/2025 10:40:00,312.19,312.19,311.04,311.34,716444.06,23
ICFFUT,07/29/2025 10:45:00,310.31,310.31,310.31,310.31,31030.79,1
ICFFUT,07/29/2025 11:05:00,310.91,310.91,310.91,310.91,62181.65,2
ICFFUT,07/29/2025 11:12:00,312.24,312.24,312.24,312.24,31223.76,1
ICFFUT,07/29/2025 11:53:00,314.12,314.12,314.12,314.12,31412.45,1
ICFFUT,07/29/2025 13:24:00,316.95,316.95,316.91,316.91,126769.08,4
ICFFUT,07/29/2025 13:41:00,316.91,316.91,316.91,316.91,63382.39,2
ICFFUT,07/29/2025 14:11:00,316.57,316.57,316.57,316.57,31656.89,1
ICFFUT,07/30/2025 09:15:00,319.91,319.91,319.91,319.91,31991.38,1
ICFFUT,07/30/2025 09:16:00,319.91,319.91,319.91,319.91,63982.77,2
ICFFUT,07/30/2025 09:26:00,319.14,319.14,319.14,319.14,31914.19,1
ICFFUT,07/30/2025 11:09:00,319.53,319.53,319.36,319.44,127785.43,4
ICFFUT,07/30/2025 12:10:00,312.19,312.19,312.19,312.19,31219.47,1
ICFFUT,07/30/2025 12:12:00,312.41,312.49,312.41,312.49,62490.41,2
ICFFUT,07/30/2025 12:14:00,312.71,312.71,312.62,312.62,62533.29,2
ICFFUT,07/30/2025 12:26:00,313.31,313.31,313.31,313.31,31330.97,1
ICFFUT,07/30/2025 13:58:00,315.28,315.28,315.24,315.24,63052.19,2
ICFFUT,08/01/2025 09:11:00,310.26,310.26,310.05,310.05,62031.55,2
ICFFUT,08/01/2025 10:10:00,317.86,317.86,317.86,317.86,31785.54,1
ICFFUT,08/01/2025 10:29:00,315.8,315.8,315.8,315.8,63159.4,2
ICFFUT,08/01/2025 11:16:00,319.06,319.06,319.06,319.06,31905.62,1
ICFFUT,08/01/2025 11:38:00,316.74,316.74,316.57,316.57,63330.93,2
ICFFUT,08/01/2025 14:36:00,308.85,308.89,308.85,308.89,61774.25,2
ICFFUT,08/04/2025 10:30:00,314.94,314.94,314.72,314.72,62966.42,2
ICFFUT,08/04/2025 11:25:00,314.04,314.04,313.95,313.95,62799.17,2
ICFFUT,08/04/2025 11:39:00,314.94,314.94,314.94,314.94,31493.93,1
ICFFUT,08/04/2025 12:24:00,312.62,312.62,311.77,311.77,124877.9,4
ICFFUT,08/04/2025 14:14:00,311.17,311.17,311.17,311.17,31116.55,1
ICFFUT,08/05/2025 09:07:00,317.34,317.34,317.34,317.34,190404.49,6
ICFFUT,08/05/2025 09:08:00,317.34,317.34,317.34,317.34,31734.08,1
ICFFUT,08/05/2025 09:17:00,317.64,317.64,317.64,317.64,31764.1,1
ICFFUT,08/05/2025 09:34:00,316.1,316.1,315.2,315.2,157799.86,5
ICFFUT,08/05/2025 09:35:00,315.8,315.8,315.2,315.2,63099.36,2
ICFFUT,08/05/2025 10:42:00,319.23,319.27,319.23,319.27,63849.83,2
ICFFUT,08/05/2025 10:56:00,318.71,318.71,318.63,318.63,95596.78,3
ICFFUT,08/05/2025 13:04:00,320.69,321.37,320.69,320.77,256741.58,8
ICFFUT,08/05/2025 13:16:00,319.7,319.7,319.7,319.7,159849.71,5
ICFFUT,08/05/2025 13:20:00,319.01,319.01,319.01,319.01,63802.66,2
ICFFUT,08/05/2025 13:26:00,320.94,320.94,320.94,320.94,32094.31,1
ICFFUT,08/06/2025 09:11:00,318.28,318.28,318.2,318.2,95468.12,3
ICFFUT,08/06/2025 11:21:00,316.31,316.31,316.31,316.31,31631.16,1
ICFFUT,08/06/2025 11:42:00,316.1,316.1,315.97,315.97,94816.29,3
ICFFUT,08/06/2025 11:45:00,316.05,316.05,315.71,315.71,221036.45,7
ICFFUT,08/06/2025 11:50:00,315.63,315.63,315.03,315.54,694058.66,22
ICFFUT,08/06/2025 12:01:00,315.63,315.63,315.63,315.63,31562.55,1
ICFFUT,08/06/2025 12:33:00,316.31,316.31,316.05,316.05,189705.48,6
ICFFUT,08/06/2025 13:05:00,316.74,316.74,316.74,316.74,31674.04,1
ICFFUT,08/06/2025 13:35:00,315.63,315.63,315.63,315.63,63125.09,2
ICFFUT,08/06/2025 14:02:00,316.05,316.27,316.05,316.27,94854.88,3
ICFFUT,08/07/2025 09:42:00,316.48,316.48,316.48,316.48,31648.31,1
ICFFUT,08/07/2025 10:14:00,316.05,316.05,316.05,316.05,31605.43,1
ICFFUT,08/07/2025 10:28:00,317.38,317.43,317.38,317.43,63481.03,2
ICFFUT,08/07/2025 13:59:00,320.34,320.34,320.04,320.04,96072.79,3
ICFFUT,08/07/2025 14:26:00,320.21,320.21,320.13,320.13,192089.82,6
ICFFUT,08/08/2025 09:08:00,325.7,325.7,325.7,325.7,32570.32,1
ICFFUT,08/08/2025 09:09:00,325.7,325.92,325.7,325.92,65162.08,2
ICFFUT,08/08/2025 09:45:00,327.5,327.5,327.5,327.5,32750.43,1
ICFFUT,08/08/2025 11:06:00,326.78,326.78,326.78,326.78,98032.58,3
ICFFUT,08/08/2025 12:28:00,328.75,328.75,328.75,328.75,32874.79,1
ICFFUT,08/08/2025 14:12:00,332.26,332.65,332.26,332.65,66491.48,2
ICFFUT,08/08/2025 14:15:00,332.69,332.78,332.69,332.78,99816.55,3
ICFFUT,08/08/2025 14:29:00,333.25,333.25,333.25,333.25,33325.07,1
ICFFUT,08/11/2025 09:02:00,336.51,336.9,336.21,336.21,201893.08,6
ICFFUT,08/11/2025 09:04:00,336.17,336.21,336.17,336.21,100854.34,3
ICFFUT,08/11/2025 09:05:00,336.21,336.21,336.21,336.21,33620.97,1
ICFFUT,08/11/2025 09:06:00,337.02,337.62,336.98,337.62,269726.82,8
ICFFUT,08/11/2025 09:10:00,337.93,337.93,337.93,337.93,33792.51,1
ICFFUT,08/11/2025 09:11:00,338.23,338.23,338.23,338.23,67645.05,2
ICFFUT,08/11/2025 09:12:00,338.23,338.23,338.23,338.23,33822.53,1
ICFFUT,08/11/2025 09:13:00,338.48,338.95,338.48,338.95,101639.12,3
ICFFUT,08/11/2025 09:26:00,338.78,338.78,338.78,338.78,33878.28,1
ICFFUT,08/11/2025 09:30:00,337.2,337.2,337.2,337.2,33719.61,1
ICFFUT,08/11/2025 09:40:00,333.94,333.94,333.72,333.72,66765.93,2
ICFFUT,08/11/2025 09:41:00,333.64,333.64,333.64,333.64,66727.34,2
ICFFUT,08/11/2025 09:43:00,333.47,333.64,333.47,333.64,100073.85,3
ICFFUT,08/11/2025 10:15:00,338.44,338.44,338.44,338.44,33843.97,1
ICFFUT,08/11/2025 10:30:00,339.64,340.33,339.64,339.98,340086.43,10
ICFFUT,08/11/2025 10:33:00,339.77,339.77,339.77,339.77,33976.91,1
ICFFUT,08/11/2025 10:38:00,340.33,340.67,340.28,340.67,272286.99,8
ICFFUT,08/11/2025 10:39:00,340.67,340.93,340.67,340.93,374788.08,11
ICFFUT,08/11/2025 10:40:00,340.97,340.97,340.97,340.97,34096.98,1
ICFFUT,08/11/2025 10:42:00,341.01,341.78,341.01,341.78,239034.82,7
ICFFUT,08/11/2025 10:49:00,342.86,342.86,342.86,342.86,34285.67,1
ICFFUT,08/11/2025 10:59:00,342.21,342.21,342.21,342.21,34221.35,1
ICFFUT,08/11/2025 11:07:00,343.07,343.29,343.07,343.29,549235.47,16
ICFFUT,08/11/2025 11:20:00,343.89,343.93,343.59,343.59,171895.8,5
ICFFUT,08/11/2025 11:30:00,342.81,342.81,342.81,342.81,34281.38,1
ICFFUT,08/11/2025 11:34:00,344.79,344.79,344.79,344.79,68957.3,2
ICFFUT,08/11/2025 11:35:00,345.22,345.22,345.22,345.22,34521.53,1
ICFFUT,08/11/2025 11:40:00,345.47,345.82,345.47,345.82,103676.1,3
ICFFUT,08/11/2025 11:52:00,347.15,347.15,347.15,347.15,69429.02,2
ICFFUT,08/11/2025 11:56:00,347.36,347.36,346.8,346.8,104117.81,3
ICFFUT,08/11/2025 12:16:00,348.86,348.86,348.86,348.86,34886.05,1
ICFFUT,08/11/2025 12:35:00,349.5,349.5,349.5,349.5,34950.37,1
ICFFUT,08/11/2025 12:38:00,348.65,348.65,348.65,348.65,69729.21,2
ICFFUT,08/11/2025 12:43:00,347.4,347.4,347.36,347.36,69476.2,2
ICFFUT,08/11/2025 13:21:00,348.17,348.22,347.53,347.53,104392.26,3
ICFFUT,08/11/2025 13:24:00,347.53,347.53,347.53,347.53,34753.11,1
ICFFUT,08/11/2025 13:47:00,348.26,348.26,348.17,348.22,452682.38,13
ICFFUT,08/11/2025 14:16:00,347.19,347.19,347.19,347.19,34718.8,1
ICFFUT,08/11/2025 14:22:00,346.93,348.65,346.93,348.65,243649.13,7
ICFFUT,08/12/2025 09:05:00,339.98,339.98,339.94,339.98,135989.11,4
ICFFUT,08/12/2025 09:06:00,340.16,340.16,339.9,340.07,102012.21,3
ICFFUT,08/12/2025 09:23:00,342.39,342.39,342.39,342.39,68477.0,2
ICFFUT,08/12/2025 09:32:00,341.36,341.36,341.36,341.36,34135.58,1
ICFFUT,08/12/2025 10:12:00,347.27,347.32,347.27,347.32,104186.42,3
ICFFUT,08/12/2025 10:13:00,347.32,347.32,347.32,347.32,34731.67,1
ICFFUT,08/12/2025 10:34:00,347.36,347.4,347.27,347.27,104203.57,3
ICFFUT,08/12/2025 12:01:00,344.31,344.31,344.31,344.31,68862.96,2
ICFFUT,08/12/2025 13:40:00,345.99,345.99,345.99,345.99,311388.53,9
ICFFUT,08/12/2025 13:51:00,344.79,344.79,344.53,344.53,137837.41,4
ICFFUT,08/12/2025 14:18:00,345.69,345.69,345.69,345.69,103706.12,3
ICFFUT,08/13/2025 09:02:00,351.22,352.51,351.22,351.26,210993.04,6
ICFFUT,08/13/2025 09:03:00,351.65,351.65,351.65,351.65,35164.79,1
ICFFUT,08/13/2025 09:04:00,351.65,351.65,351.65,351.65,35164.79,1
ICFFUT,08/13/2025 09:18:00,351.56,352.89,351.56,352.89,140899.32,4
ICFFUT,08/13/2025 09:21:00,352.38,352.38,350.62,350.62,70299.57,2
ICFFUT,08/13/2025 09:24:00,350.36,350.36,350.36,350.36,35036.14,1
ICFFUT,08/13/2025 09:44:00,351.18,351.18,351.18,351.18,35117.62,1
ICFFUT,08/13/2025 10:16:00,354.31,354.31,354.31,354.31,35430.67,1
ICFFUT,08/13/2025 10:32:00,353.88,353.88,353.62,353.62,106137.64,3
ICFFUT,08/13/2025 11:16:00,352.51,352.51,352.51,352.51,35250.56,1
ICFFUT,08/13/2025 11:20:00,351.22,351.22,350.83,350.83,140406.16,4
ICFFUT,08/13/2025 11:35:00,349.07,349.07,346.72,346.72,382897.42,11
ICFFUT,08/13/2025 11:42:00,347.66,348.13,347.66,348.13,69579.12,2
ICFFUT,08/13/2025 14:01:00,349.03,349.03,349.03,349.03,34903.2,1
ICFFUT,08/13/2025 14:16:00,349.2,349.2,349.2,349.2,34920.35,1
ICFFUT,08/13/2025 14:29:00,349.07,349.07,349.07,349.07,104722.47,3
ICFFUT,08/13/2025 14:47:00,349.16,349.16,349.16,349.16,3840767.27,110
ICFFUT,08/13/2025 14:49:00,349.07,349.07,349.07,349.07,34907.49,1
ICFFUT,08/14/2025 09:33:00,349.93,349.93,349.93,349.93,34993.26,1
ICFFUT,08/14/2025 10:31:00,347.62,347.62,347.62,347.62,34761.68,1
ICFFUT,08/14/2025 10:33:00,347.45,347.45,347.45,347.45,34744.53,1
ICFFUT,08/14/2025 11:54:00,351.22,352.03,351.22,352.03,70325.3,2
ICFFUT,08/14/2025 11:55:00,351.39,351.39,351.39,351.39,35139.06,1
ICFFUT,08/14/2025 12:08:00,352.68,353.02,352.68,353.02,70569.74,2
ICFFUT,08/14/2025 13:37:00,357.91,357.91,357.44,357.44,143069.25,4
ICFFUT,08/14/2025 14:10:00,356.58,356.58,356.45,356.45,71303.05,2
ICFFUT,08/14/2025 14:25:00,355.94,355.94,355.94,355.94,35593.63,1
ICFFUT,08/15/2025 09:08:00,361.08,361.08,361.08,361.08,36107.99,1
ICFFUT,08/15/2025 09:19:00,359.85,359.99,359.8,359.8,431884.01,12
ICFFUT,08/15/2025 09:38:00,362.31,362.31,362.31,362.31,108692.89,3
ICFFUT,08/15/2025 10:42:00,362.08,362.08,362.08,362.08,36208.19,1
ICFFUT,08/15/2025 10:54:00,362.26,362.26,361.72,361.72,72398.16,2
ICFFUT,08/15/2025 11:17:00,362.58,362.58,362.58,362.58,36258.29,1
ICFFUT,08/15/2025 11:43:00,365.73,365.73,365.73,365.73,36572.55,1
ICFFUT,08/15/2025 12:05:00,366.68,366.68,366.68,366.68,36668.19,1
ICFFUT,08/15/2025 12:06:00,367.09,367.09,367.09,367.09,110127.55,3
ICFFUT,08/15/2025 13:45:00,375.29,375.29,375.29,375.29,37528.99,1
ICFFUT,08/15/2025 13:47:00,374.79,374.79,374.47,374.47,74925.91,2
ICFFUT,08/15/2025 14:05:00,375.06,375.29,375.06,375.29,75035.21,2
ICFFUT,08/15/2025 14:20:00,375.61,375.61,375.61,375.61,37560.87,1
ICFFUT,08/15/2025 14:57:00,374.38,374.38,374.38,374.38,74875.81,2
ICFFUT,08/18/2025 09:07:00,369.46,369.46,369.0,369.0,147702.09,4
ICFFUT,08/18/2025 09:48:00,368.91,368.91,368.78,368.78,73769.06,2
ICFFUT,08/18/2025 10:02:00,373.47,373.47,373.47,373.47,186734.07,5
ICFFUT,08/18/2025 10:12:00,373.83,373.83,373.83,373.83,37383.25,1
ICFFUT,08/18/2025 10:13:00,373.74,373.74,373.74,373.74,37374.14,1
ICFFUT,08/18/2025 10:29:00,372.88,372.97,372.83,372.97,111867.37,3
ICFFUT,08/18/2025 10:50:00,374.79,374.79,374.79,374.79,37478.89,1
ICFFUT,08/18/2025 10:51:00,375.2,375.2,375.2,375.2,37519.88,1
ICFFUT,08/18/2025 10:52:00,375.06,375.11,375.06,375.11,112523.22,3
ICFFUT,08/18/2025 10:54:00,374.24,374.24,374.24,374.24,37424.24,1
ICFFUT,08/18/2025 10:57:00,374.38,374.38,374.38,374.38,37437.9,1
ICFFUT,08/18/2025 11:20:00,369.87,369.87,369.82,369.82,110951.92,3
ICFFUT,08/18/2025 12:11:00,374.29,375.02,374.29,374.83,711602.53,19
ICFFUT,08/18/2025 12:13:00,375.2,376.88,375.2,376.88,827118.05,22
ICFFUT,08/18/2025 12:15:00,377.52,380.3,377.52,380.21,492135.35,13
ICFFUT,08/18/2025 13:10:00,377.11,377.11,377.11,377.11,37711.17,1
ICFFUT,08/18/2025 13:52:00,377.57,377.57,377.57,377.57,37756.72,1
ICFFUT,08/19/2025 09:12:00,383.31,384.13,383.31,383.49,153445.3,4
ICFFUT,08/19/2025 09:40:00,381.67,381.67,381.67,381.67,267166.35,7
ICFFUT,08/19/2025 10:18:00,387.13,387.13,387.13,387.13,38713.16,1
ICFFUT,08/19/2025 10:36:00,383.99,383.99,383.94,383.94,76793.25,2
ICFFUT,08/19/2025 10:40:00,383.03,383.03,382.58,382.58,497805.69,13
ICFFUT,08/19/2025 12:00:00,383.76,383.76,383.49,383.49,76724.93,2
ICFFUT,08/19/2025 12:12:00,383.62,383.62,383.49,383.49,153427.08,4
ICFFUT,08/19/2025 12:19:00,383.4,383.4,383.4,383.4,115019.08,3
ICFFUT,08/19/2025 13:32:00,391.19,391.19,390.96,390.96,273793.13,7
ICFFUT,08/19/2025 13:40:00,390.78,390.78,390.78,390.78,39077.52,1
ICFFUT,08/19/2025 13:51:00,390.55,390.55,390.55,390.55,78109.49,2
ICFFUT,08/19/2025 13:52:00,390.27,390.27,390.23,390.23,117073.15,3
ICFFUT,08/20/2025 10:41:00,398.06,398.97,398.06,398.7,1036137.23,26
ICFFUT,08/20/2025 10:56:00,398.15,398.15,397.06,398.15,238646.14,6
ICFFUT,08/20/2025 11:01:00,397.33,397.33,396.24,396.24,158605.54,4
ICFFUT,08/20/2025 11:24:00,393.96,393.96,393.96,393.96,118189.0,3
ICFFUT,08/20/2025 11:33:00,394.69,395.42,394.69,395.42,79011.28,2
ICFFUT,08/20/2025 11:45:00,396.83,396.83,396.83,396.83,39683.27,1
ICFFUT,08/20/2025 12:11:00,398.11,398.11,397.42,397.42,79553.27,2
ICFFUT,08/20/2025 13:53:00,394.42,394.42,394.42,394.42,39441.88,1
ICFFUT,08/21/2025 10:39:00,405.35,405.71,405.35,405.71,162208.14,4
ICFFUT,08/21/2025 10:47:00,406.4,406.67,406.4,406.67,81306.74,2
ICFFUT,08/21/2025 10:48:00,406.72,406.9,406.72,406.85,122046.65,3
ICFFUT,08/21/2025 10:54:00,404.3,404.3,404.3,404.3,40430.2,1
ICFFUT,08/21/2025 11:09:00,405.35,405.35,405.35,405.35,202674.78,5
ICFFUT,08/21/2025 11:12:00,406.08,406.12,406.03,406.03,446676.99,11
ICFFUT,08/21/2025 11:24:00,401.71,401.71,401.61,401.61,241014.47,6
ICFFUT,08/21/2025 11:30:00,399.88,399.88,399.29,399.84,159876.24,4
ICFFUT,08/21/2025 11:31:00,399.29,399.29,399.06,399.06,79835.64,2
ICFFUT,08/21/2025 11:32:00,399.02,399.02,398.97,398.97,159593.86,4
ICFFUT,08/21/2025 11:34:00,398.11,398.11,398.11,398.11,39810.79,1
ICFFUT,08/21/2025 11:51:00,402.12,402.12,402.12,402.12,40211.59,1
ICFFUT,08/21/2025 12:34:00,404.89,404.89,404.89,404.89,40489.41,1
ICFFUT,08/21/2025 12:41:00,406.99,407.17,406.99,407.17,162850.32,4
ICFFUT,08/21/2025 12:46:00,406.08,406.08,406.08,406.08,40607.83,1
ICFFUT,08/21/2025 12:48:00,406.9,406.9,406.58,406.58,122005.66,3
ICFFUT,08/21/2025 13:15:00,406.08,406.08,405.35,405.35,121677.74,3
ICFFUT,08/21/2025 13:16:00,405.35,405.35,405.35,405.35,40534.96,1
ICFFUT,08/21/2025 13:21:00,406.44,407.17,406.44,407.17,203421.71,5
ICFFUT,08/21/2025 13:23:00,408.08,408.08,408.04,408.04,448881.37,11
ICFFUT,08/21/2025 13:25:00,407.85,407.85,407.85,407.85,122356.36,3
ICFFUT,08/21/2025 13:42:00,407.03,407.03,407.03,407.03,40703.47,1
ICFFUT,08/21/2025 14:18:00,407.22,407.22,407.17,407.22,325768.96,8
ICFFUT,08/22/2025 09:28:00,410.81,410.81,410.81,410.81,41081.49,1
ICFFUT,08/22/2025 09:57:00,411.36,411.36,411.36,411.36,41136.15,1
ICFFUT,08/22/2025 10:11:00,411.73,411.73,411.73,411.73,82345.17,2
ICFFUT,08/22/2025 10:27:00,413.59,414.28,413.55,413.55,372621.0,9
ICFFUT,08/22/2025 10:30:00,415.78,416.28,415.64,416.28,207917.0,5
ICFFUT,08/22/2025 10:32:00,416.1,416.1,415.1,415.1,290922.57,7
ICFFUT,08/22/2025 11:00:00,415.55,416.23,415.55,416.23,291227.72,7
ICFFUT,08/22/2025 11:01:00,416.23,416.23,416.23,416.23,41623.48,1
ICFFUT,08/22/2025 11:14:00,418.1,418.1,418.1,418.1,41810.21,1
ICFFUT,08/22/2025 11:48:00,420.97,420.97,420.97,420.97,42097.15,1
ICFFUT,08/22/2025 12:01:00,419.92,419.92,419.92,419.92,41992.39,1
ICFFUT,08/22/2025 12:11:00,420.56,420.74,420.02,420.74,378318.66,9
ICFFUT,08/22/2025 13:04:00,423.52,423.57,423.52,423.57,465919.71,11
ICFFUT,08/22/2025 13:27:00,423.57,423.57,423.57,423.57,42356.75,1
ICFFUT,08/22/2025 14:03:00,423.43,423.43,423.39,423.39,84681.62,2
ICFFUT,08/22/2025 14:11:00,423.57,423.57,423.57,423.57,42356.75,1
ICFFUT,08/25/2025 09:10:00,431.31,431.31,430.99,430.99,258685.89,6
ICFFUT,08/25/2025 09:12:00,432.4,432.4,431.31,431.31,302308.79,7
ICFFUT,08/25/2025 10:37:00,428.62,428.81,428.62,428.81,85742.82,2
ICFFUT,08/25/2025 10:39:00,429.81,429.85,429.81,429.85,128951.26,3
ICFFUT,08/25/2025 10:40:00,430.4,430.4,430.4,430.4,86079.85,2
ICFFUT,08/25/2025 10:41:00,429.67,429.67,429.12,429.12,472168.47,11
ICFFUT,08/25/2025 10:48:00,431.81,432.27,431.81,432.27,86407.77,2
ICFFUT,08/25/2025 11:26:00,434.54,434.54,434.54,434.54,43454.38,1
ICFFUT,08/25/2025 12:24:00,430.35,430.35,430.35,430.35,43035.37,1
ICFFUT,08/25/2025 12:30:00,429.22,429.94,428.49,428.53,1373875.39,32
ICFFUT,08/25/2025 13:17:00,428.99,428.99,428.99,428.99,42898.74,1
ICFFUT,08/25/2025 13:42:00,423.57,423.89,423.57,423.89,84745.38,2
ICFFUT,08/25/2025 13:45:00,423.89,423.89,423.89,423.89,42388.63,1
ICFFUT,08/25/2025 14:58:00,421.75,421.75,421.75,421.75,42174.57,1
ICFFUT,08/26/2025 09:01:00,412.18,412.18,412.18,412.18,41218.13,1
ICFFUT,08/26/2025 09:05:00,413.09,413.09,413.09,413.09,123927.66,3
ICFFUT,08/26/2025 09:07:00,412.64,412.64,412.64,412.64,536427.76,13
ICFFUT,08/26/2025 09:08:00,412.73,413.09,412.73,413.09,247818.88,6
ICFFUT,08/26/2025 09:09:00,413.55,413.68,413.55,413.55,330851.77,8
ICFFUT,08/26/2025 09:49:00,419.88,419.88,419.88,419.88,41987.84,1
ICFFUT,08/26/2025 10:32:00,420.2,420.24,420.11,420.11,168074.32,4
ICFFUT,08/26/2025 10:42:00,419.47,419.47,419.47,419.47,83893.69,2
ICFFUT,08/26/2025 10:43:00,419.15,419.15,419.15,419.15,41914.97,1
ICFFUT,08/26/2025 11:07:00,420.2,420.2,420.2,420.2,126059.16,3
ICFFUT,08/26/2025 11:17:00,420.93,420.93,420.93,420.93,42092.59,1
ICFFUT,08/26/2025 11:22:00,421.43,421.52,421.43,421.52,84294.49,2
ICFFUT,08/26/2025 11:52:00,417.01,417.01,417.01,417.01,41700.91,1
ICFFUT,08/26/2025 11:58:00,416.33,416.46,416.33,416.46,124911.43,3
ICFFUT,08/27/2025 10:31:00,420.83,420.83,420.83,420.83,126250.45,3
ICFFUT,08/27/2025 10:34:00,421.75,422.88,421.15,421.15,590999.65,14
ICFFUT,08/27/2025 10:43:00,427.21,428.12,427.12,428.12,384895.35,9
ICFFUT,08/27/2025 10:51:00,425.02,425.02,424.93,424.93,169982.65,4
ICFFUT,08/27/2025 11:04:00,426.3,426.3,425.62,425.62,170324.24,4
ICFFUT,08/27/2025 13:02:00,430.22,430.22,430.22,430.22,129065.12,3
ICFFUT,08/27/2025 13:13:00,432.18,432.54,432.18,432.54,216210.72,5
ICFFUT,08/27/2025 13:16:00,432.13,432.13,432.13,432.13,43213.0,1
ICFFUT,08/27/2025 13:19:00,432.63,432.63,432.63,432.63,173052.38,4
ICFFUT,08/28/2025 09:05:00,432.49,432.49,432.49,432.49,86498.86,2
ICFFUT,08/28/2025 09:53:00,432.13,432.54,432.13,432.54,86466.98,2
ICFFUT,08/28/2025 12:21:00,426.3,426.3,426.3,426.3,42630.02,1
ICFFUT,08/28/2025 13:06:00,427.21,427.21,427.21,427.21,42721.11,1
ICFFUT,08/28/2025 13:11:00,426.76,426.76,426.76,426.76,42675.57,1
ICFFUT,08/28/2025 13:13:00,425.84,425.84,425.84,425.84,85168.95,2
ICFFUT,08/28/2025 14:08:00,424.93,424.93,424.93,424.93,84986.77,2
ICFFUT,08/28/2025 14:37:00,424.52,424.52,424.52,424.52,84904.79,2
ICFFUT,08/28/2025 14:57:00,424.75,425.3,424.75,425.3,169982.65,4
ICFFUT,08/29/2025 09:18:00,426.3,426.3,426.3,426.3,298410.15,7
ICFFUT,08/29/2025 09:21:00,425.75,427.21,425.43,427.21,767126.31,18
ICFFUT,08/29/2025 09:22:00,427.21,427.21,427.21,427.21,42721.11,1
ICFFUT,08/29/2025 10:03:00,425.39,425.39,424.52,424.52,254932.99,6
ICFFUT,08/29/2025 10:30:00,429.49,431.77,429.49,431.72,1249296.44,29
ICFFUT,08/29/2025 10:48:00,431.77,432.68,431.77,432.68,821953.26,19
ICFFUT,08/29/2025 10:49:00,433.13,433.59,433.09,433.09,260047.68,6
ICFFUT,08/29/2025 11:23:00,427.71,428.71,427.35,428.71,299348.37,7
ICFFUT,08/29/2025 12:10:00,431.31,431.31,431.31,431.31,43131.01,1
ICFFUT,08/29/2025 12:16:00,434.5,434.5,434.32,434.32,347580.41,8
ICFFUT,08/29/2025 12:28:00,433.63,433.63,433.63,433.63,43363.29,1
ICFFUT,08/29/2025 12:35:00,432.77,432.77,432.77,432.77,43276.76,1
ICFFUT,08/29/2025 13:16:00,433.5,433.63,433.31,433.59,823711.29,19
ICFFUT,08/29/2025 13:26:00,433.5,433.5,433.5,433.5,43349.63,1
ICFFUT,08/29/2025 13:34:00,432.22,432.22,432.22,432.22,43222.1,1
ICFFUT,08/29/2025 14:49:00,431.08,431.08,431.08,431.08,86216.48,2
ICFFUT,08/29/2025 14:50:00,431.08,431.08,431.08,431.08,43108.24,1
ICFFUT,09/02/2025 09:06:00,419.1,419.1,418.65,418.65,209424.53,5
ICFFUT,09/02/2025 09:09:00,420.24,420.56,420.24,420.56,504614.65,12
ICFFUT,09/02/2025 09:12:00,421.75,421.75,421.75,421.75,42174.57,1
ICFFUT,09/02/2025 09:26:00,422.66,422.66,422.57,422.66,802988.36,19
ICFFUT,09/02/2025 09:28:00,422.57,422.84,422.57,422.84,84540.43,2
ICFFUT,09/02/2025 09:33:00,420.83,420.83,420.24,420.83,336563.1,8
ICFFUT,09/02/2025 09:49:00,414.87,414.87,414.87,414.87,41486.84,1
ICFFUT,09/02/2025 10:35:00,416.28,418.1,416.28,418.1,291997.42,7
ICFFUT,09/02/2025 10:38:00,414.82,414.82,414.46,414.46,538973.72,13
ICFFUT,09/02/2025 10:42:00,414.46,414.46,413.73,413.73,124264.69,3
ICFFUT,09/02/2025 10:44:00,414.46,414.46,414.0,414.0,82846.16,2
ICFFUT,09/02/2025 10:50:00,416.28,416.83,416.28,416.83,83310.72,2
ICFFUT,09/02/2025 10:56:00,415.37,415.37,415.37,415.37,166147.77,4
ICFFUT,09/02/2025 11:13:00,413.82,413.82,413.68,413.68,289619.98,7
ICFFUT,09/02/2025 11:27:00,415.05,415.23,415.05,415.23,124533.4,3
ICFFUT,09/02/2025 11:38:00,413.91,413.91,413.91,413.91,82782.4,2
ICFFUT,09/02/2025 11:39:00,414.09,414.09,414.09,414.09,41409.42,1
ICFFUT,09/02/2025 11:59:00,413.91,413.91,413.91,413.91,41391.2,1
ICFFUT,09/02/2025 12:28:00,418.19,418.19,418.15,418.19,167272.73,4
ICFFUT,09/02/2025 13:38:00,418.56,418.56,418.56,418.56,41855.76,1
ICFFUT,09/03/2025 09:13:00,420.33,420.33,420.33,420.33,210166.91,5
ICFFUT,09/03/2025 10:57:00,426.76,426.76,426.76,426.76,42675.57,1
ICFFUT,09/03/2025 11:06:00,426.71,426.71,426.71,426.71,85342.02,2
ICFFUT,09/03/2025 11:56:00,424.02,424.02,424.02,424.02,169609.19,4
ICFFUT,09/03/2025 12:05:00,421.97,421.97,421.97,421.97,42197.34,1
ICFFUT,09/03/2025 14:56:00,420.15,420.15,419.01,419.01,83916.47,2
ICFFUT,09/04/2025 09:05:00,417.78,417.78,417.78,417.78,41778.33,1
ICFFUT,09/04/2025 09:25:00,421.29,421.29,420.97,420.97,168420.46,4
ICFFUT,09/04/2025 09:33:00,420.47,420.47,420.47,420.47,42047.05,1
ICFFUT,09/04/2025 09:59:00,419.38,419.38,419.38,419.38,41937.74,1
ICFFUT,09/04/2025 10:38:00,419.83,420.83,419.83,420.83,252200.3,6
ICFFUT,09/04/2025 10:45:00,423.48,423.57,422.11,422.11,508094.28,12
ICFFUT,09/04/2025 11:02:00,421.88,421.88,421.75,421.75,168730.17,4
ICFFUT,09/04/2025 11:05:00,422.11,422.11,422.11,422.11,42211.01,1
ICFFUT,09/04/2025 11:17:00,423.93,424.21,423.2,423.2,551088.66,13
ICFFUT,09/04/2025 11:30:00,425.43,425.43,425.39,425.39,212699.21,5
ICFFUT,09/04/2025 12:02:00,425.39,425.39,425.39,425.39,42538.93,1
ICFFUT,09/04/2025 12:08:00,424.48,424.48,424.48,424.48,42447.84,1
ICFFUT,09/04/2025 12:17:00,424.11,424.11,423.2,423.2,381342.84,9
ICFFUT,09/04/2025 12:30:00,422.66,422.66,422.66,422.66,42265.66,1
ICFFUT,09/04/2025 12:32:00,421.29,421.29,421.11,421.11,421180.96,10
ICFFUT,09/04/2025 12:43:00,421.75,421.75,421.75,421.75,84349.14,2
ICFFUT,09/05/2025 09:06:00,420.38,420.38,419.92,419.92,84030.33,2
ICFFUT,09/05/2025 09:09:00,419.61,419.92,419.61,419.92,377740.24,9
ICFFUT,09/05/2025 09:10:00,419.92,419.92,419.92,419.92,83984.78,2
ICFFUT,09/05/2025 09:35:00,416.28,416.64,416.28,416.64,83292.5,2
ICFFUT,09/05/2025 09:39:00,416.96,416.96,416.96,416.96,41696.35,1
ICFFUT,09/05/2025 10:24:00,414.46,414.46,414.46,414.46,82891.71,2
ICFFUT,09/05/2025 10:31:00,414.82,414.82,414.82,414.82,41482.29,1
ICFFUT,09/05/2025 10:32:00,414.78,414.78,414.78,414.78,41477.74,1
ICFFUT,09/05/2025 10:34:00,415.37,415.37,415.28,415.28,83064.78,2
ICFFUT,09/05/2025 10:35:00,414.46,414.46,414.37,414.37,124328.45,3
ICFFUT,09/05/2025 10:44:00,415.1,415.1,415.1,415.1,41509.62,1
ICFFUT,09/05/2025 10:47:00,415.82,416.92,415.82,416.92,458259.06,11
ICFFUT,09/05/2025 11:57:00,418.1,418.1,418.1,418.1,41810.21,1
ICFFUT,09/05/2025 12:21:00,419.65,419.65,419.65,419.65,41965.07,1
ICFFUT,09/05/2025 13:49:00,419.79,419.79,418.97,419.01,209624.93,5
ICFFUT,09/08/2025 11:18:00,424.48,424.48,424.48,424.48,169791.37,4
ICFFUT,09/08/2025 11:50:00,425.25,425.25,425.25,425.25,127575.8,3
ICFFUT,09/08/2025 13:12:00,426.8,427.89,426.76,427.58,982986.34,23
ICFFUT,09/08/2025 14:17:00,428.67,428.67,428.67,428.67,257201.13,6
ICFFUT,09/08/2025 14:51:00,428.53,428.58,428.53,428.58,85710.94,2
ICFFUT,09/08/2025 14:54:00,428.12,428.58,428.12,428.58,257064.49,6
ICFFUT,09/09/2025 09:03:00,432.68,433.13,432.68,433.09,173157.13,4
ICFFUT,09/09/2025 10:34:00,428.21,428.21,428.21,428.21,42821.31,1
ICFFUT,09/09/2025 10:36:00,428.12,428.12,428.12,428.12,128436.6,3
ICFFUT,09/09/2025 13:03:00,426.89,426.89,426.89,426.89,42689.23,1
ICFFUT,09/09/2025 14:03:00,426.3,426.3,426.3,426.3,127890.06,3
ICFFUT,09/10/2025 09:15:00,429.12,429.49,429.12,429.49,85861.23,2
ICFFUT,09/10/2025 11:14:00,428.58,428.58,428.58,428.58,42857.75,1
ICFFUT,09/10/2025 11:33:00,427.21,427.21,426.76,426.76,85396.68,2
ICFFUT,09/10/2025 12:35:00,425.84,425.84,425.84,425.84,85168.95,2
ICFFUT,09/10/2025 13:00:00,425.84,425.84,425.84,425.84,42584.48,1
ICFFUT,09/10/2025 13:03:00,426.66,426.66,426.66,426.66,42666.46,1
ICFFUT,09/10/2025 13:12:00,429.67,429.67,429.67,429.67,128901.16,3
ICFFUT,09/10/2025 13:15:00,429.94,430.63,429.94,430.63,473279.77,11
ICFFUT,09/10/2025 14:25:00,427.48,427.48,427.39,427.39,85487.77,2
ICFFUT,09/11/2025 09:24:00,430.49,430.85,430.49,430.85,301516.31,7
ICFFUT,09/11/2025 09:33:00,430.81,430.81,430.81,430.81,129242.75,3
ICFFUT,09/11/2025 10:34:00,430.31,430.31,430.31,430.31,86061.63,2
ICFFUT,09/11/2025 10:57:00,430.08,430.08,429.94,429.94,129001.36,3
ICFFUT,09/11/2025 11:06:00,429.08,429.08,429.08,429.08,42907.84,1
ICFFUT,09/11/2025 12:39:00,430.44,430.44,430.44,430.44,43044.48,1
ICFFUT,09/11/2025 12:42:00,430.85,430.85,430.85,430.85,43085.47,1
ICFFUT,09/11/2025 13:17:00,430.9,430.9,430.9,430.9,215450.12,5
ICFFUT,09/12/2025 09:39:00,434.36,434.36,432.95,432.95,86731.14,2
ICFFUT,09/12/2025 10:31:00,435.82,435.96,435.82,435.96,217941.43,5
ICFFUT,09/12/2025 10:34:00,436.87,436.87,436.87,436.87,43686.66,1
ICFFUT,09/12/2025 10:38:00,436.14,436.32,436.14,436.32,130877.81,3
ICFFUT,09/12/2025 10:51:00,437.23,438.32,437.23,438.28,569680.09,13
ICFFUT,09/12/2025 10:56:00,438.19,438.19,438.14,438.19,525815.8,12
ICFFUT,09/12/2025 10:57:00,439.05,439.92,438.6,439.92,1844736.73,42
ICFFUT,09/12/2025 11:01:00,439.51,439.51,439.28,439.28,131829.7,3
ICFFUT,09/12/2025 11:02:00,439.96,439.96,439.46,439.46,263928.11,6
ICFFUT,09/12/2025 11:03:00,439.05,439.05,439.05,439.05,43905.28,1
ICFFUT,09/12/2025 11:09:00,439.05,439.05,439.05,439.05,175621.11,4
ICFFUT,09/12/2025 11:14:00,439.64,439.64,439.64,439.64,87928.97,2
ICFFUT,09/12/2025 11:15:00,440.1,440.19,440.1,440.19,88029.17,2
ICFFUT,09/12/2025 11:18:00,440.15,440.15,440.15,440.15,176058.34,4
ICFFUT,09/12/2025 11:55:00,439.42,439.42,439.42,439.42,43941.71,1
ICFFUT,09/12/2025 12:09:00,438.73,438.73,438.73,438.73,43873.4,1
ICFFUT,09/12/2025 12:42:00,439.78,439.78,439.6,439.6,263814.24,6
ICFFUT,09/12/2025 12:57:00,440.78,440.83,440.46,440.46,132207.72,3
ICFFUT,09/12/2025 13:01:00,440.28,440.28,440.15,440.15,132071.08,3
ICFFUT,09/12/2025 13:10:00,441.33,441.65,441.33,441.65,132449.11,3
ICFFUT,09/12/2025 13:11:00,441.74,441.83,441.74,441.79,1590427.7,36
ICFFUT,09/12/2025 13:12:00,441.69,441.69,441.69,441.69,44169.44,1
ICFFUT,09/12/2025 13:17:00,441.51,441.51,440.97,440.97,662104.34,15
ICFFUT,09/12/2025 14:03:00,441.79,441.79,441.79,441.79,44178.55,1
ICFFUT,09/12/2025 14:07:00,441.74,441.79,441.74,441.79,88352.54,2
ICFFUT,09/12/2025 14:10:00,441.01,441.01,440.87,441.01,1058194.62,24
ICFFUT,09/12/2025 14:11:00,441.06,441.06,441.06,441.06,44105.68,1
ICFFUT,09/12/2025 14:51:00,441.24,441.33,441.24,441.33,176518.35,4
ICFFUT,09/15/2025 09:02:00,449.89,450.8,449.89,450.8,180216.59,4
ICFFUT,09/15/2025 09:04:00,450.8,451.44,450.8,451.44,361029.82,8
ICFFUT,09/15/2025 09:06:00,451.58,452.08,451.58,452.08,135523.39,3
ICFFUT,09/15/2025 09:15:00,452.76,452.76,452.76,452.76,45276.18,1
ICFFUT,09/15/2025 09:18:00,453.17,453.17,452.72,453.17,407763.44,9
ICFFUT,09/15/2025 09:30:00,453.85,453.85,453.85,453.85,45385.49,1
ICFFUT,09/15/2025 10:32:00,456.86,457.27,456.77,457.27,411270.39,9
ICFFUT,09/15/2025 10:40:00,458.64,458.64,458.64,458.64,137591.12,3
ICFFUT,09/15/2025 10:41:00,458.68,459.05,457.54,457.54,183432.06,4
ICFFUT,09/15/2025 10:42:00,458.32,458.32,458.32,458.32,45831.83,1
ICFFUT,09/15/2025 10:50:00,457.27,457.27,457.09,457.09,137163.0,3
ICFFUT,09/15/2025 11:05:00,458.82,458.82,458.41,458.41,275214.13,6
ICFFUT,09/15/2025 11:14:00,460.46,460.46,460.46,460.46,276275.33,6
ICFFUT,09/15/2025 11:18:00,462.74,462.74,461.83,461.83,646673.73,14
ICFFUT,09/15/2025 11:30:00,460.91,460.91,460.91,460.91,276548.6,6
ICFFUT,09/15/2025 12:05:00,460.0,460.0,460.0,460.0,552004.12,12
ICFFUT,09/15/2025 12:06:00,459.37,459.37,459.09,459.09,275482.85,6
ICFFUT,09/16/2025 09:04:00,463.33,463.46,463.28,463.46,139007.57,3
ICFFUT,09/16/2025 09:05:00,463.6,463.65,463.6,463.65,231818.96,5
ICFFUT,09/16/2025 09:06:00,463.28,463.28,463.28,463.28,46328.27,1
ICFFUT,09/16/2025 09:09:00,463.1,463.1,463.1,463.1,138930.14,3
ICFFUT,09/16/2025 09:31:00,463.74,463.78,463.05,463.05,602763.9,13
ICFFUT,09/16/2025 09:40:00,460.91,460.91,460.87,460.87,138269.74,3
ICFFUT,09/16/2025 09:46:00,460.0,460.5,460.0,460.5,138051.13,3
ICFFUT,09/16/2025 10:30:00,457.27,457.27,456.86,456.86,365529.66,8
ICFFUT,09/16/2025 10:33:00,455.49,455.49,454.72,454.72,273169.17,6
ICFFUT,09/16/2025 10:35:00,454.54,454.54,453.67,453.72,454287.55,10
ICFFUT,09/16/2025 10:46:00,457.27,457.27,457.27,457.27,45727.07,1
ICFFUT,09/16/2025 11:00:00,457.77,457.77,456.95,456.95,137244.98,3
ICFFUT,09/16/2025 12:06:00,460.69,460.69,460.69,460.69,138205.98,3
ICFFUT,09/16/2025 12:56:00,459.55,459.55,457.59,457.59,412122.08,9
ICFFUT,09/16/2025 13:00:00,458.32,458.32,458.32,458.32,45831.83,1
ICFFUT,09/16/2025 13:45:00,449.89,450.26,449.07,450.26,719440.81,16
ICFFUT,09/17/2025 09:49:00,432.08,432.08,432.08,432.08,43208.44,1
ICFFUT,09/17/2025 10:19:00,429.22,429.22,429.03,429.03,471963.52,11
ICFFUT,09/17/2025 10:30:00,428.12,428.12,426.98,427.26,684179.95,16
ICFFUT,09/17/2025 11:36:00,428.58,428.58,427.94,428.21,599352.59,14
ICFFUT,09/17/2025 11:38:00,428.3,428.3,428.12,428.12,171285.24,4
ICFFUT,09/17/2025 11:44:00,427.3,427.3,427.17,427.17,128167.89,3
ICFFUT,09/17/2025 11:52:00,423.57,423.57,423.57,423.57,127070.25,3
ICFFUT,09/17/2025 12:07:00,418.42,419.61,418.42,419.61,167705.41,4
ICFFUT,09/17/2025 13:03:00,417.51,417.51,417.51,417.51,41751.0,1
ICFFUT,09/17/2025 13:12:00,416.74,416.74,414.46,414.46,498566.29,12
ICFFUT,09/17/2025 13:31:00,414.09,414.23,413.82,414.23,124214.59,3
ICFFUT,09/17/2025 14:11:00,417.6,417.6,417.6,417.6,41760.11,1
ICFFUT,09/17/2025 14:17:00,415.78,415.78,415.55,415.55,124711.03,3
ICFFUT,09/17/2025 14:31:00,416.14,416.14,416.14,416.14,83228.74,2
ICFFUT,09/17/2025 14:50:00,417.19,417.65,417.19,417.65,83483.79,2
ICFFUT,09/18/2025 09:05:00,416.6,416.6,416.6,416.6,41659.91,1
ICFFUT,09/18/2025 10:34:00,414.37,414.46,414.28,414.28,621633.15,15
ICFFUT,09/18/2025 10:43:00,414.46,414.46,414.46,414.46,41445.85,1
ICFFUT,09/18/2025 10:44:00,413.59,413.59,413.55,413.55,82714.08,2
ICFFUT,09/18/2025 11:00:00,416.28,417.19,416.28,417.19,291573.86,7
ICFFUT,09/18/2025 11:03:00,417.56,417.56,417.56,417.56,41755.56,1
ICFFUT,09/18/2025 11:47:00,415.55,415.6,415.55,415.6,83114.88,2
ICFFUT,09/18/2025 11:55:00,415.55,415.55,415.55,415.55,83110.32,2
ICFFUT,09/18/2025 13:02:00,416.64,416.64,416.64,416.64,83328.94,2
ICFFUT,09/18/2025 13:09:00,418.88,418.88,418.56,418.56,125631.04,3
ICFFUT,09/18/2025 13:15:00,417.24,417.24,417.24,417.24,41723.68,1
ICFFUT,09/18/2025 13:20:00,419.01,419.06,419.01,419.06,83807.16,2
ICFFUT,09/18/2025 14:19:00,417.74,417.74,417.74,417.74,41773.78,1
ICFFUT,09/18/2025 14:42:00,416.96,416.96,416.96,416.96,41696.35,1
ICFFUT,09/18/2025 14:47:00,416.92,416.92,416.92,416.92,41691.8,1
ICFFUT,09/19/2025 09:03:00,400.75,401.07,400.2,400.2,160272.48,4
ICFFUT,09/19/2025 09:04:00,400.34,400.61,400.34,400.61,120156.54,3
ICFFUT,09/19/2025 09:07:00,400.8,400.8,400.8,400.8,40079.51,1
ICFFUT,09/19/2025 09:15:00,402.25,402.25,402.25,402.25,80450.5,2
ICFFUT,09/19/2025 09:16:00,401.71,401.71,401.71,401.71,40170.6,1
ICFFUT,09/19/2025 09:17:00,401.84,402.16,401.84,402.16,200966.85,5
ICFFUT,09/19/2025 09:20:00,399.66,399.66,398.97,398.97,79862.97,2
ICFFUT,09/19/2025 09:22:00,395.47,395.47,395.42,395.42,79088.71,2
ICFFUT,09/19/2025 09:27:00,396.7,397.06,396.24,396.24,277823.85,7
ICFFUT,09/19/2025 09:33:00,393.05,393.55,392.0,392.55,353200.65,9
ICFFUT,09/19/2025 09:34:00,392.87,392.87,392.0,392.0,274786.01,7
ICFFUT,09/19/2025 10:14:00,392.96,392.96,391.5,391.5,117742.66,3
ICFFUT,09/19/2025 10:25:00,393.51,393.64,393.14,393.14,1259193.35,32
ICFFUT,09/19/2025 10:30:00,392.6,392.6,392.6,392.6,39259.7,1
ICFFUT,09/19/2025 10:36:00,394.33,394.51,394.33,394.37,197195.73,5
ICFFUT,09/19/2025 10:39:00,397.15,397.15,397.15,397.15,39715.15,1
ICFFUT,09/19/2025 11:02:00,402.48,402.84,402.48,402.53,362377.95,9
ICFFUT,09/19/2025 11:10:00,403.39,403.62,402.62,402.62,1008263.76,25
ICFFUT,09/19/2025 11:11:00,402.62,402.8,402.53,402.8,402616.86,10
ICFFUT,09/19/2025 11:14:00,403.57,403.57,403.53,403.53,242130.32,6
ICFFUT,09/19/2025 11:15:00,402.02,402.02,401.43,401.43,160746.15,4
ICFFUT,09/19/2025 11:16:00,401.02,401.02,399.61,399.61,320335.46,8
ICFFUT,09/19/2025 11:18:00,398.7,399.34,398.7,399.34,119737.53,3
ICFFUT,09/19/2025 11:35:00,399.47,399.47,399.47,399.47,39947.43,1
ICFFUT,09/19/2025 11:57:00,398.15,398.15,397.52,397.52,834983.65,21
ICFFUT,09/19/2025 11:59:00,397.61,398.29,397.61,398.29,278438.71,7
ICFFUT,09/19/2025 12:00:00,398.24,398.24,398.24,398.24,39824.46,1
ICFFUT,09/19/2025 12:05:00,399.43,399.52,399.11,399.11,159716.83,4
ICFFUT,09/19/2025 12:20:00,398.93,398.93,398.93,398.93,79785.55,2
ICFFUT,09/19/2025 12:26:00,398.88,398.88,398.88,398.88,39888.22,1
ICFFUT,09/19/2025 12:27:00,398.88,398.88,398.88,398.88,119664.65,3
ICFFUT,09/19/2025 12:28:00,399.06,399.06,399.06,399.06,79812.87,2
ICFFUT,09/19/2025 13:11:00,397.7,397.7,397.7,397.7,39769.8,1
ICFFUT,09/19/2025 13:14:00,399.16,399.16,399.16,399.16,39915.55,1
ICFFUT,09/19/2025 13:23:00,398.52,398.52,398.52,398.52,79703.56,2
ICFFUT,09/19/2025 13:35:00,398.7,398.7,398.7,398.7,119610.0,3
ICFFUT,09/19/2025 13:39:00,398.47,398.52,398.47,398.47,239087.92,6
ICFFUT,09/19/2025 13:59:00,399.16,399.16,398.97,398.97,199559.51,5
ICFFUT,09/19/2025 14:03:00,398.97,398.97,398.97,398.97,39897.33,1
ICFFUT,09/19/2025 14:20:00,398.02,398.06,398.02,398.06,159215.84,4
ICFFUT,09/19/2025 14:24:00,398.06,398.06,397.88,397.88,79594.26,2
ICFFUT,09/19/2025 14:57:00,398.06,398.06,398.06,398.06,79612.47,2
