asset,date,open,max,min,close,volume_usd,quantity
CCMFUT,02/09/2026 17:05:00,72.47,72.47,72.32,72.43,3063014.15,94.0
CCMFUT,02/09/2026 16:19:00,72.49,72.49,72.48,72.48,358802.7,11.0
CCMFUT,02/09/2026 16:18:00,72.49,72.49,72.49,72.49,32621.44,1.0
CCMFUT,02/09/2026 16:17:00,72.57,72.58,72.54,72.58,816445.63,25.0
CCMFUT,02/09/2026 16:16:00,72.54,72.58,72.54,72.58,881555.87,27.0
CCMFUT,02/09/2026 16:15:00,72.52,72.57,72.52,72.53,522298.38,16.0
CCMFUT,02/09/2026 16:14:00,72.5,72.5,72.48,72.49,260952.59,8.0
CCMFUT,02/09/2026 16:13:00,72.5,72.51,72.5,72.5,652537.8,20.0
CCMFUT,02/09/2026 16:12:00,72.53,72.53,72.5,72.5,163149.85,5.0
CCMFUT,02/09/2026 16:11:00,72.56,72.58,72.54,72.54,130599.47,4.0
CCMFUT,02/09/2026 16:10:00,72.59,72.59,72.57,72.57,457211.83,14.0
CCMFUT,02/09/2026 16:09:00,72.59,72.64,72.58,72.64,424779.88,13.0
CCMFUT,02/09/2026 16:08:00,72.61,72.61,72.61,72.61,32673.55,1.0
CCMFUT,02/09/2026 16:07:00,72.6,72.62,72.6,72.62,98015.92,3.0
CCMFUT,02/09/2026 16:06:00,72.58,72.58,72.58,72.58,32659.34,1.0
CCMFUT,02/09/2026 16:05:00,72.52,72.56,72.52,72.56,97935.39,3.0
CCMFUT,02/09/2026 16:04:00,72.59,72.59,72.53,72.53,1730376.6,53.0
CCMFUT,02/09/2026 16:03:00,72.51,72.53,72.51,72.53,130537.88,4.0
CCMFUT,02/09/2026 16:02:00,72.53,72.53,72.53,72.53,489605.88,15.0
CCMFUT,02/09/2026 16:01:00,72.57,72.57,72.53,72.54,2840055.16,87.0
CCMFUT,02/09/2026 16:00:00,72.59,72.59,72.56,72.56,163296.71,5.0
CCMFUT,02/09/2026 15:53:00,72.59,72.61,72.59,72.61,163358.29,5.0
CCMFUT,02/09/2026 15:49:00,72.61,72.61,72.59,72.59,163348.82,5.0
CCMFUT,02/09/2026 15:48:00,72.61,72.62,72.61,72.62,359418.56,11.0
CCMFUT,02/09/2026 15:47:00,72.58,72.6,72.58,72.6,359300.13,11.0
CCMFUT,02/09/2026 15:44:00,72.57,72.57,72.54,72.54,163244.59,5.0
CCMFUT,02/09/2026 15:43:00,72.58,72.58,72.58,72.58,195956.05,6.0
CCMFUT,02/09/2026 15:42:00,72.59,72.59,72.58,72.58,163315.65,5.0
CCMFUT,02/09/2026 15:41:00,72.56,72.56,72.56,72.56,65299.73,2.0
CCMFUT,02/09/2026 15:40:00,72.62,72.62,72.57,72.57,359342.76,11.0
CCMFUT,02/09/2026 15:39:00,72.59,72.63,72.59,72.62,490093.82,15.0
CCMFUT,02/09/2026 15:38:00,72.6,72.61,72.6,72.61,196031.84,6.0
CCMFUT,02/09/2026 15:37:00,72.56,72.59,72.56,72.59,163268.28,5.0
CCMFUT,02/09/2026 15:36:00,72.57,72.57,72.48,72.53,2382573.31,73.0
CCMFUT,02/09/2026 15:35:00,72.64,72.64,72.62,72.62,653745.83,20.0
CCMFUT,02/09/2026 15:34:00,72.65,72.65,72.64,72.64,1732461.03,53.0
CCMFUT,02/09/2026 15:32:00,72.68,72.68,72.64,72.64,686480.97,21.0
CCMFUT,02/09/2026 15:31:00,72.67,72.67,72.67,72.67,65403.95,2.0
CCMFUT,02/09/2026 15:29:00,72.67,72.68,72.67,72.68,163519.36,5.0
CCMFUT,02/09/2026 15:28:00,72.67,72.67,72.65,72.65,98086.98,3.0
CCMFUT,02/09/2026 15:24:00,72.65,72.67,72.64,72.67,1340278.91,41.0
CCMFUT,02/09/2026 15:16:00,72.68,72.68,72.67,72.67,130817.38,4.0
CCMFUT,02/09/2026 15:14:00,72.69,72.69,72.69,72.69,32711.45,1.0
CCMFUT,02/09/2026 15:13:00,72.7,72.7,72.7,72.7,229013.33,7.0
CCMFUT,02/09/2026 15:09:00,72.71,72.74,72.71,72.74,1014685.08,31.0
CCMFUT,02/09/2026 15:07:00,72.72,72.72,72.72,72.72,32725.66,1.0
CCMFUT,02/09/2026 15:06:00,72.69,72.69,72.69,72.69,1243035.18,38.0
CCMFUT,02/09/2026 15:05:00,72.68,72.68,72.68,72.68,163533.57,5.0
CCMFUT,02/09/2026 15:04:00,72.69,72.69,72.67,72.67,752301.81,23.0
CCMFUT,02/09/2026 15:03:00,72.67,72.68,72.67,72.68,98110.67,3.0
CCMFUT,02/09/2026 15:02:00,72.67,72.67,72.67,72.67,32701.98,1.0
CCMFUT,02/09/2026 15:01:00,72.68,72.69,72.67,72.67,163533.57,5.0
CCMFUT,02/09/2026 15:00:00,72.68,72.72,72.68,72.68,1210333.2,37.0
CCMFUT,02/09/2026 14:59:00,72.67,72.73,72.67,72.68,1177683.33,36.0
CCMFUT,02/09/2026 14:52:00,72.67,72.67,72.67,72.67,163509.89,5.0
CCMFUT,02/09/2026 14:51:00,72.69,72.69,72.66,72.66,883161.83,27.0
CCMFUT,02/09/2026 14:50:00,72.66,72.68,72.66,72.68,228923.32,7.0
CCMFUT,02/09/2026 14:49:00,72.64,72.69,72.64,72.67,2616219.77,80.0
CCMFUT,02/09/2026 14:48:00,72.67,72.67,72.58,72.64,4608591.17,141.0
CCMFUT,02/09/2026 14:47:00,72.69,72.7,72.69,72.69,3009472.54,92.0
CCMFUT,02/09/2026 14:46:00,72.69,72.69,72.69,72.69,1799129.86,55.0
CCMFUT,02/09/2026 14:45:00,72.68,72.69,72.68,72.68,2682258.53,82.0
CCMFUT,02/09/2026 14:44:00,72.61,72.71,72.61,72.67,15671230.0,479.0
CCMFUT,02/09/2026 14:43:00,72.62,72.62,72.62,72.62,196069.74,6.0
CCMFUT,02/09/2026 14:41:00,72.63,72.63,72.61,72.61,163377.24,5.0
CCMFUT,02/09/2026 14:40:00,72.63,72.65,72.63,72.64,4412838.83,135.0
CCMFUT,02/09/2026 14:39:00,72.61,72.65,72.61,72.64,2974491.89,91.0
CCMFUT,02/09/2026 14:35:00,72.6,72.62,72.6,72.62,359409.08,11.0
CCMFUT,02/09/2026 14:30:00,72.61,72.61,72.6,72.6,130684.74,4.0
CCMFUT,02/09/2026 14:29:00,72.6,72.6,72.6,72.6,32668.82,1.0
CCMFUT,02/09/2026 14:28:00,72.6,72.6,72.6,72.6,32668.82,1.0
CCMFUT,02/09/2026 14:27:00,72.62,72.62,72.6,72.6,359432.77,11.0
CCMFUT,02/09/2026 14:26:00,72.68,72.68,72.6,72.62,1666834.42,51.0
CCMFUT,02/09/2026 14:21:00,72.64,72.67,72.64,72.67,392328.98,12.0
CCMFUT,02/09/2026 14:20:00,72.63,72.65,72.63,72.63,424926.74,13.0
CCMFUT,02/09/2026 14:19:00,72.67,72.68,72.63,72.63,2353661.22,72.0
CCMFUT,02/09/2026 14:18:00,72.66,72.66,72.66,72.66,130788.96,4.0
CCMFUT,02/09/2026 14:14:00,72.67,72.68,72.67,72.68,196226.08,6.0
CCMFUT,02/09/2026 14:13:00,72.66,72.67,72.66,72.67,196192.91,6.0
CCMFUT,02/09/2026 14:11:00,72.66,72.66,72.65,72.65,65389.74,2.0
CCMFUT,02/09/2026 14:09:00,72.66,72.66,72.64,72.64,98082.25,3.0
CCMFUT,02/09/2026 14:08:00,72.63,72.64,72.63,72.64,163434.09,5.0
CCMFUT,02/09/2026 14:07:00,72.62,72.62,72.61,72.61,130703.69,4.0
CCMFUT,02/09/2026 14:01:00,72.64,72.66,72.64,72.64,228823.83,7.0
CCMFUT,02/09/2026 13:59:00,72.64,72.64,72.64,72.64,32687.77,1.0
CCMFUT,02/09/2026 13:58:00,72.65,72.66,72.65,72.66,163467.25,5.0
CCMFUT,02/09/2026 13:56:00,72.64,72.64,72.64,72.64,65375.53,2.0
CCMFUT,02/09/2026 13:54:00,72.67,72.67,72.67,72.67,65403.95,2.0
CCMFUT,02/09/2026 13:53:00,72.64,72.65,72.64,72.65,163443.56,5.0
CCMFUT,02/09/2026 13:49:00,72.62,72.63,72.6,72.63,392101.59,12.0
CCMFUT,02/09/2026 13:46:00,72.62,72.63,72.62,72.63,196088.69,6.0
CCMFUT,02/09/2026 13:44:00,72.61,72.61,72.61,72.61,32673.55,1.0
CCMFUT,02/09/2026 13:43:00,72.6,72.6,72.6,72.6,32668.82,1.0
CCMFUT,02/09/2026 13:39:00,72.62,72.62,72.61,72.61,98030.13,3.0
CCMFUT,02/09/2026 13:34:00,72.63,72.63,72.63,72.63,32683.03,1.0
CCMFUT,02/09/2026 13:33:00,72.64,72.64,72.64,72.64,228814.36,7.0
CCMFUT,02/09/2026 13:32:00,72.64,72.64,72.62,72.62,326849.23,10.0
CCMFUT,02/09/2026 13:29:00,72.64,72.65,72.63,72.63,163438.83,5.0
CCMFUT,02/09/2026 13:28:00,72.62,72.62,72.62,72.62,130713.16,4.0
CCMFUT,02/09/2026 13:27:00,72.62,72.64,72.62,72.62,490216.99,15.0
CCMFUT,02/09/2026 13:26:00,72.64,72.64,72.61,72.61,261468.96,8.0
CCMFUT,02/09/2026 13:25:00,72.65,72.65,72.64,72.64,326896.6,10.0
CCMFUT,02/09/2026 13:17:00,72.67,72.69,72.67,72.68,556037.84,17.0
CCMFUT,02/09/2026 13:16:00,72.66,72.66,72.66,72.66,196183.44,6.0
CCMFUT,02/09/2026 13:11:00,72.64,72.64,72.63,72.64,457614.5,14.0
CCMFUT,02/09/2026 13:06:00,72.69,72.69,72.66,72.66,2126073.84,65.0
CCMFUT,02/09/2026 13:05:00,72.69,72.69,72.69,72.69,32711.45,1.0
CCMFUT,02/09/2026 13:04:00,72.66,72.69,72.65,72.69,686736.79,21.0
CCMFUT,02/09/2026 13:03:00,72.69,72.69,72.64,72.65,1602183.71,49.0
CCMFUT,02/09/2026 13:01:00,72.7,72.7,72.7,72.7,65432.38,2.0
CCMFUT,02/09/2026 13:00:00,72.72,72.73,72.71,72.72,458182.98,14.0
CCMFUT,02/09/2026 12:57:00,72.73,72.73,72.73,72.73,130921.61,4.0
CCMFUT,02/09/2026 12:56:00,72.71,72.74,72.71,72.74,229084.39,7.0
CCMFUT,02/09/2026 12:55:00,72.69,72.7,72.69,72.7,556113.63,17.0
CCMFUT,02/09/2026 12:54:00,72.67,72.67,72.67,72.67,163509.89,5.0
CCMFUT,02/09/2026 12:53:00,72.68,72.69,72.67,72.67,425206.24,13.0
CCMFUT,02/09/2026 12:52:00,72.67,72.67,72.67,72.67,228913.84,7.0
CCMFUT,02/09/2026 12:51:00,72.67,72.67,72.67,72.67,359721.75,11.0
CCMFUT,02/09/2026 12:50:00,72.67,72.67,72.67,72.67,130807.91,4.0
CCMFUT,02/09/2026 12:49:00,72.66,72.67,72.66,72.67,228885.42,7.0
CCMFUT,02/09/2026 12:45:00,72.64,72.64,72.64,72.64,98063.3,3.0
CCMFUT,02/09/2026 12:35:00,72.67,72.68,72.67,72.67,294327.27,9.0
CCMFUT,02/09/2026 12:30:00,72.66,72.66,72.64,72.64,163457.78,5.0
CCMFUT,02/09/2026 12:28:00,72.66,72.66,72.65,72.65,98086.98,3.0
CCMFUT,02/09/2026 12:27:00,72.69,72.69,72.69,72.69,163557.26,5.0
CCMFUT,02/09/2026 12:24:00,72.69,72.69,72.68,72.68,98129.62,3.0
CCMFUT,02/09/2026 12:23:00,72.67,72.69,72.67,72.69,196259.24,6.0
CCMFUT,02/09/2026 12:22:00,72.67,72.67,72.67,72.67,32701.98,1.0
CCMFUT,02/09/2026 12:18:00,72.67,72.67,72.67,72.67,32701.98,1.0
CCMFUT,02/09/2026 12:15:00,72.64,72.67,72.64,72.67,98086.98,3.0
CCMFUT,02/09/2026 12:14:00,72.64,72.64,72.64,72.64,294189.89,9.0
CCMFUT,02/09/2026 12:11:00,72.67,72.68,72.67,72.67,228932.79,7.0
CCMFUT,02/09/2026 12:08:00,72.67,72.67,72.67,72.67,65403.95,2.0
CCMFUT,02/09/2026 12:07:00,72.67,72.67,72.65,72.65,196202.39,6.0
CCMFUT,02/09/2026 12:05:00,72.69,72.69,72.69,72.69,163557.26,5.0
CCMFUT,02/09/2026 11:59:00,72.7,72.71,72.7,72.71,98153.31,3.0
CCMFUT,02/09/2026 11:58:00,72.73,72.73,72.73,72.73,98191.2,3.0
CCMFUT,02/09/2026 11:57:00,72.73,72.73,72.72,72.72,98181.73,3.0
CCMFUT,02/09/2026 11:56:00,72.76,72.76,72.76,72.76,32739.88,1.0
CCMFUT,02/09/2026 11:54:00,72.74,72.74,72.74,72.74,32735.14,1.0
CCMFUT,02/09/2026 11:53:00,72.76,72.77,72.76,72.77,65484.49,2.0
CCMFUT,02/09/2026 11:52:00,72.74,72.76,72.73,72.73,229141.23,7.0
CCMFUT,02/09/2026 11:51:00,72.71,72.72,72.71,72.72,163609.37,5.0
CCMFUT,02/09/2026 11:50:00,72.66,72.69,72.64,72.69,588502.95,18.0
CCMFUT,02/09/2026 11:49:00,72.7,72.7,72.68,72.68,948598.95,29.0
CCMFUT,02/09/2026 11:47:00,72.73,72.73,72.73,72.73,65460.8,2.0
CCMFUT,02/09/2026 11:45:00,72.76,72.76,72.72,72.72,98191.2,3.0
CCMFUT,02/09/2026 11:44:00,72.78,72.78,72.78,72.78,32749.35,1.0
CCMFUT,02/09/2026 11:43:00,72.74,72.79,72.74,72.77,916811.28,28.0
CCMFUT,02/09/2026 11:42:00,72.81,72.81,72.74,72.76,1178820.3,36.0
CCMFUT,02/09/2026 11:41:00,72.83,72.84,72.83,72.83,229416.0,7.0
CCMFUT,02/09/2026 11:40:00,72.77,72.8,72.77,72.8,589530.95,18.0
CCMFUT,02/09/2026 11:38:00,72.74,72.78,72.74,72.78,360167.06,11.0
CCMFUT,02/09/2026 11:35:00,72.74,72.74,72.74,72.74,65470.28,2.0
CCMFUT,02/09/2026 11:33:00,72.71,72.71,72.69,72.71,130869.49,4.0
CCMFUT,02/09/2026 11:32:00,72.7,72.7,72.69,72.69,163571.47,5.0
CCMFUT,02/09/2026 11:31:00,72.76,72.76,72.74,72.74,196420.31,6.0
CCMFUT,02/09/2026 11:30:00,72.77,72.77,72.77,72.77,32744.61,1.0
CCMFUT,02/09/2026 11:29:00,72.74,72.74,72.74,72.74,65470.28,2.0
CCMFUT,02/09/2026 11:28:00,72.69,72.76,72.69,72.76,621816.04,19.0
CCMFUT,02/09/2026 11:26:00,72.68,72.68,72.68,72.68,65413.43,2.0
CCMFUT,02/09/2026 11:25:00,72.65,72.65,72.65,72.65,32692.5,1.0
CCMFUT,02/09/2026 11:24:00,72.64,72.64,72.64,72.64,98063.3,3.0
CCMFUT,02/09/2026 11:23:00,72.67,72.68,72.64,72.64,425116.23,13.0
CCMFUT,02/09/2026 11:22:00,72.68,72.68,72.67,72.67,65408.69,2.0
CCMFUT,02/09/2026 11:21:00,72.62,72.65,72.62,72.65,228776.46,7.0
CCMFUT,02/09/2026 11:16:00,72.53,72.54,72.51,72.54,652779.41,20.0
CCMFUT,02/09/2026 11:14:00,72.59,72.59,72.58,72.59,261298.42,8.0
CCMFUT,02/09/2026 11:13:00,72.56,72.6,72.56,72.6,228582.23,7.0
CCMFUT,02/09/2026 11:12:00,72.59,72.59,72.59,72.59,65328.16,2.0
CCMFUT,02/09/2026 11:11:00,72.58,72.62,72.58,72.6,2547471.24,78.0
CCMFUT,02/09/2026 11:10:00,72.56,72.58,72.54,72.58,195908.67,6.0
CCMFUT,02/09/2026 11:09:00,72.58,72.58,72.58,72.58,32659.34,1.0
CCMFUT,02/09/2026 11:08:00,72.57,72.57,72.56,72.56,587763.92,18.0
CCMFUT,02/09/2026 11:06:00,72.6,72.62,72.6,72.62,163367.77,5.0
CCMFUT,02/09/2026 11:03:00,72.64,72.64,72.62,72.62,98044.35,3.0
CCMFUT,02/09/2026 11:02:00,72.6,72.64,72.6,72.62,261431.06,8.0
CCMFUT,02/09/2026 11:01:00,72.58,72.58,72.57,72.57,228601.18,7.0
CCMFUT,02/09/2026 11:00:00,72.63,72.65,72.62,72.62,196107.64,6.0
CCMFUT,02/09/2026 10:59:00,72.65,72.65,72.65,72.65,65385.01,2.0
CCMFUT,02/09/2026 10:58:00,72.64,72.64,72.64,72.64,98063.3,3.0
CCMFUT,02/09/2026 10:56:00,72.59,72.65,72.59,72.65,392040.0,12.0
CCMFUT,02/09/2026 10:55:00,72.59,72.6,72.54,72.54,195984.47,6.0
CCMFUT,02/09/2026 10:54:00,72.58,72.65,72.53,72.58,947078.26,29.0
CCMFUT,02/09/2026 10:53:00,72.67,72.67,72.62,72.62,2222877.0,68.0
CCMFUT,02/09/2026 10:51:00,72.7,72.7,72.68,72.68,327105.05,10.0
CCMFUT,02/09/2026 10:50:00,72.73,72.73,72.73,72.73,32730.4,1.0
CCMFUT,02/09/2026 10:48:00,72.72,72.73,72.72,72.73,65456.07,2.0
CCMFUT,02/09/2026 10:46:00,72.73,72.73,72.71,72.71,163623.58,5.0
CCMFUT,02/09/2026 10:44:00,72.76,72.76,72.76,72.76,32739.88,1.0
CCMFUT,02/09/2026 10:43:00,72.71,72.74,72.71,72.74,196382.41,6.0
CCMFUT,02/09/2026 10:42:00,72.74,72.74,72.7,72.7,589043.0,18.0
CCMFUT,02/09/2026 10:41:00,72.71,72.77,72.71,72.73,1014841.41,31.0
CCMFUT,02/09/2026 10:39:00,72.68,72.71,72.68,72.71,261696.35,8.0
CCMFUT,02/09/2026 10:38:00,72.72,72.72,72.68,72.68,458031.39,14.0
CCMFUT,02/09/2026 10:37:00,72.76,72.76,72.73,72.73,65470.28,2.0
CCMFUT,02/09/2026 10:36:00,72.77,72.77,72.77,72.77,65489.23,2.0
CCMFUT,02/09/2026 10:35:00,72.76,72.76,72.74,72.74,98214.89,3.0
CCMFUT,02/09/2026 10:34:00,72.79,72.81,72.78,72.78,229283.36,7.0
CCMFUT,02/09/2026 10:33:00,72.77,72.77,72.76,72.76,98229.1,3.0
CCMFUT,02/09/2026 10:32:00,72.8,72.8,72.8,72.8,32758.83,1.0
CCMFUT,02/09/2026 10:31:00,72.8,72.8,72.78,72.78,163765.7,5.0
CCMFUT,02/09/2026 10:30:00,72.79,72.8,72.79,72.8,131030.57,4.0
CCMFUT,02/09/2026 10:28:00,72.8,72.81,72.8,72.81,163803.6,5.0
CCMFUT,02/09/2026 10:26:00,72.79,72.79,72.79,72.79,32754.09,1.0
CCMFUT,02/09/2026 10:25:00,72.77,72.8,72.77,72.8,327507.72,10.0
CCMFUT,02/09/2026 10:23:00,72.77,72.77,72.74,72.74,163699.38,5.0
CCMFUT,02/09/2026 10:22:00,72.78,72.78,72.77,72.77,65493.96,2.0
CCMFUT,02/09/2026 10:21:00,72.88,72.88,72.82,72.82,786813.46,24.0
CCMFUT,02/09/2026 10:20:00,72.87,72.9,72.87,72.9,328014.62,10.0
CCMFUT,02/09/2026 10:19:00,72.84,72.84,72.83,72.83,65550.81,2.0
CCMFUT,02/09/2026 10:18:00,72.85,72.85,72.85,72.85,163912.56,5.0
CCMFUT,02/09/2026 10:17:00,72.89,72.91,72.87,72.87,393565.43,12.0
CCMFUT,02/09/2026 10:16:00,72.86,72.93,72.86,72.9,393641.23,12.0
CCMFUT,02/09/2026 10:15:00,72.87,72.87,72.87,72.87,65583.97,2.0
CCMFUT,02/09/2026 10:13:00,72.85,72.88,72.84,72.87,426248.46,13.0
CCMFUT,02/09/2026 10:12:00,72.83,72.85,72.83,72.85,131106.36,4.0
CCMFUT,02/09/2026 10:11:00,72.83,72.83,72.79,72.79,294919.44,9.0
CCMFUT,02/09/2026 10:10:00,72.84,72.84,72.84,72.84,32777.78,1.0
CCMFUT,02/09/2026 10:09:00,72.85,72.85,72.84,72.84,65560.29,2.0
CCMFUT,02/09/2026 10:07:00,72.85,72.9,72.82,72.88,819752.3,25.0
CCMFUT,02/09/2026 10:06:00,72.85,72.86,72.84,72.86,491747.16,15.0
CCMFUT,02/09/2026 10:05:00,72.9,72.96,72.85,72.85,820188.14,25.0
CCMFUT,02/09/2026 10:04:00,72.8,72.88,72.8,72.88,2622278.85,80.0
CCMFUT,02/09/2026 10:03:00,72.73,72.74,72.73,72.74,687433.18,21.0
CCMFUT,02/09/2026 10:01:00,72.69,72.69,72.69,72.69,32711.45,1.0
CCMFUT,02/09/2026 10:00:00,72.74,72.78,72.73,72.73,556530.52,17.0
CCMFUT,02/09/2026 09:59:00,72.74,72.74,72.69,72.69,229098.6,7.0
CCMFUT,02/09/2026 09:58:00,72.68,72.8,72.68,72.76,1309348.7,40.0
CCMFUT,02/09/2026 09:57:00,72.68,72.68,72.64,72.64,196178.7,6.0
CCMFUT,02/09/2026 09:56:00,72.62,72.66,72.62,72.66,817170.44,25.0
CCMFUT,02/09/2026 09:55:00,72.63,72.63,72.63,72.63,32683.03,1.0
CCMFUT,02/09/2026 09:54:00,72.61,72.62,72.61,72.62,98025.4,3.0
CCMFUT,02/09/2026 09:50:00,72.53,72.61,72.53,72.61,424604.6,13.0
CCMFUT,02/09/2026 09:49:00,72.57,72.57,72.53,72.53,652921.53,20.0
CCMFUT,02/09/2026 09:47:00,72.52,72.56,72.52,72.56,391689.44,12.0
CCMFUT,02/09/2026 09:46:00,72.56,72.56,72.52,72.52,65285.52,2.0
CCMFUT,02/09/2026 09:45:00,72.5,72.54,72.48,72.54,424263.51,13.0
CCMFUT,02/09/2026 09:42:00,72.48,72.48,72.48,72.48,32616.7,1.0
CCMFUT,02/09/2026 09:41:00,72.46,72.46,72.46,72.46,97821.69,3.0
CCMFUT,02/09/2026 09:40:00,72.5,72.5,72.48,72.48,228354.83,7.0
CCMFUT,02/09/2026 09:39:00,72.49,72.49,72.47,72.47,489260.05,15.0
CCMFUT,02/09/2026 09:38:00,72.5,72.5,72.5,72.5,228383.26,7.0
CCMFUT,02/09/2026 09:37:00,72.53,72.53,72.49,72.5,1697267.21,52.0
CCMFUT,02/09/2026 09:36:00,72.56,72.56,72.53,72.53,293796.69,9.0
CCMFUT,02/09/2026 09:35:00,72.59,72.59,72.48,72.53,4112570.92,126.0
CCMFUT,02/09/2026 09:34:00,72.66,72.66,72.6,72.63,588341.88,18.0
CCMFUT,02/09/2026 09:33:00,72.68,72.68,72.68,72.68,98120.14,3.0
CCMFUT,02/09/2026 09:32:00,72.65,72.68,72.63,72.68,261554.23,8.0
CCMFUT,02/09/2026 09:31:00,72.63,72.63,72.62,72.62,98039.61,3.0
CCMFUT,02/09/2026 09:30:00,72.63,72.65,72.62,72.63,228800.14,7.0
CCMFUT,02/09/2026 09:29:00,72.63,72.64,72.63,72.64,490307.0,15.0
CCMFUT,02/09/2026 09:28:00,72.6,72.6,72.6,72.6,32668.82,1.0
CCMFUT,02/09/2026 09:27:00,72.63,72.63,72.63,72.63,65366.06,2.0
CCMFUT,02/09/2026 09:26:00,72.58,72.58,72.53,72.53,195875.51,6.0
CCMFUT,02/09/2026 09:25:00,72.59,72.59,72.59,72.59,32664.08,1.0
CCMFUT,02/09/2026 09:24:00,72.58,72.59,72.56,72.56,816346.14,25.0
CCMFUT,02/09/2026 09:22:00,72.62,72.62,72.62,72.62,32678.29,1.0
CCMFUT,02/09/2026 09:21:00,72.61,72.65,72.61,72.64,261464.22,8.0
CCMFUT,02/09/2026 09:20:00,72.67,72.69,72.63,72.63,850090.34,26.0
CCMFUT,02/09/2026 09:19:00,72.66,72.66,72.64,72.64,65385.01,2.0
CCMFUT,02/09/2026 09:18:00,72.63,72.69,72.58,72.64,1405626.02,43.0
CCMFUT,02/09/2026 09:17:00,72.57,72.63,72.57,72.62,1960076.84,60.0
CCMFUT,02/09/2026 09:16:00,72.51,72.59,72.49,72.53,1077175.56,33.0
CCMFUT,02/09/2026 09:15:00,72.47,72.49,72.47,72.49,97850.11,3.0
CCMFUT,02/09/2026 09:14:00,72.43,72.46,72.38,72.46,521341.43,16.0
CCMFUT,02/09/2026 09:13:00,72.45,72.45,72.43,72.43,260763.09,8.0
CCMFUT,02/09/2026 09:12:00,72.43,72.43,72.43,72.43,32593.02,1.0
CCMFUT,02/09/2026 09:10:00,72.42,72.43,72.42,72.43,97769.58,3.0
CCMFUT,02/09/2026 09:09:00,72.4,72.42,72.36,72.4,684074.39,21.0
CCMFUT,02/09/2026 09:08:00,72.49,72.49,72.31,72.38,5211216.18,160.0
CCMFUT,02/09/2026 09:07:00,72.48,72.5,72.48,72.5,163097.74,5.0
CCMFUT,02/09/2026 09:06:00,72.59,72.61,72.53,72.53,163315.65,5.0
CCMFUT,02/09/2026 09:05:00,72.57,72.57,72.57,72.57,32654.6,1.0
CCMFUT,02/09/2026 09:04:00,72.61,72.7,72.61,72.61,1013477.06,31.0
CCMFUT,02/09/2026 09:03:00,72.64,72.64,72.61,72.61,261431.06,8.0
CCMFUT,02/09/2026 09:02:00,72.64,72.64,72.6,72.64,326792.38,10.0
CCMFUT,02/09/2026 09:01:00,72.71,72.71,72.65,72.66,719609.31,22.0
CCMFUT,02/09/2026 09:00:00,72.84,72.84,72.71,72.76,983096.38,30.0
CCMFUT,02/05/2026 17:05:00,73.8,73.9,73.77,73.85,1561347.69,47.0
CCMFUT,02/05/2026 16:19:00,73.85,73.86,73.8,73.8,1694292.14,51.0
CCMFUT,02/05/2026 16:18:00,73.84,73.85,73.83,73.85,764249.43,23.0
CCMFUT,02/05/2026 16:17:00,73.83,73.85,73.82,73.84,597963.45,18.0
CCMFUT,02/05/2026 16:16:00,73.74,73.81,73.73,73.81,1227899.32,37.0
CCMFUT,02/05/2026 16:15:00,73.74,73.74,73.72,73.74,232277.36,7.0
CCMFUT,02/05/2026 16:14:00,73.73,73.74,73.72,73.74,99541.35,3.0
CCMFUT,02/05/2026 16:13:00,73.73,73.74,73.73,73.74,132731.28,4.0
CCMFUT,02/05/2026 16:12:00,73.72,73.72,73.69,73.72,464303.65,14.0
CCMFUT,02/05/2026 16:11:00,73.73,73.74,73.72,73.72,2488860.66,75.0
CCMFUT,02/05/2026 16:10:00,73.7,73.74,73.67,73.74,1127874.76,34.0
CCMFUT,02/05/2026 16:09:00,73.7,73.7,73.68,73.68,232135.24,7.0
CCMFUT,02/05/2026 16:08:00,73.72,73.72,73.72,73.72,66351.43,2.0
CCMFUT,02/05/2026 16:07:00,73.72,73.72,73.72,73.72,265405.7,8.0
CCMFUT,02/05/2026 16:05:00,73.74,73.74,73.74,73.74,597333.38,18.0
CCMFUT,02/05/2026 16:00:00,73.72,73.74,73.7,73.7,398141.72,12.0
CCMFUT,02/05/2026 15:59:00,73.73,73.77,73.73,73.74,1128429.03,34.0
CCMFUT,02/05/2026 15:58:00,73.78,73.78,73.74,73.74,298709.33,9.0
CCMFUT,02/05/2026 15:49:00,73.76,73.76,73.76,73.76,66379.85,2.0
CCMFUT,02/05/2026 15:48:00,73.76,73.76,73.76,73.76,199139.55,6.0
CCMFUT,02/05/2026 15:47:00,73.77,73.79,73.76,73.79,232367.37,7.0
CCMFUT,02/05/2026 15:46:00,73.78,73.79,73.78,73.78,597660.26,18.0
CCMFUT,02/05/2026 15:44:00,73.78,73.78,73.78,73.78,165997.0,5.0
CCMFUT,02/05/2026 15:42:00,73.78,73.78,73.78,73.78,165997.0,5.0
CCMFUT,02/05/2026 15:40:00,73.8,73.8,73.8,73.8,66417.75,2.0
CCMFUT,02/05/2026 15:39:00,73.76,73.79,73.76,73.76,265571.51,8.0
CCMFUT,02/05/2026 15:38:00,73.74,73.74,73.72,73.74,199082.7,6.0
CCMFUT,02/05/2026 15:36:00,73.74,73.76,73.74,73.74,132745.49,4.0
CCMFUT,02/05/2026 15:27:00,73.74,73.74,73.74,73.74,165925.94,5.0
CCMFUT,02/05/2026 15:25:00,73.72,73.72,73.72,73.72,66351.43,2.0
CCMFUT,02/05/2026 15:21:00,73.74,73.74,73.74,73.74,33185.19,1.0
CCMFUT,02/05/2026 15:20:00,73.74,73.74,73.74,73.74,829629.69,25.0
CCMFUT,02/05/2026 15:18:00,73.74,73.77,73.74,73.77,298704.59,9.0
CCMFUT,02/05/2026 15:13:00,73.69,73.69,73.67,73.69,1027916.52,31.0
CCMFUT,02/05/2026 15:10:00,73.72,73.72,73.7,73.7,199016.38,6.0
CCMFUT,02/05/2026 15:09:00,73.77,73.77,73.77,73.77,199167.97,6.0
CCMFUT,02/05/2026 15:07:00,73.72,73.72,73.7,73.7,298548.26,9.0
CCMFUT,02/05/2026 15:06:00,73.68,73.74,73.68,73.74,563882.9,17.0
CCMFUT,02/05/2026 15:05:00,73.67,73.67,73.67,73.67,33152.03,1.0
CCMFUT,02/05/2026 15:03:00,73.67,73.67,73.67,73.67,232064.18,7.0
CCMFUT,02/05/2026 15:02:00,73.66,73.66,73.66,73.66,33147.29,1.0
CCMFUT,02/05/2026 15:01:00,73.66,73.66,73.66,73.66,66294.58,2.0
CCMFUT,02/05/2026 15:00:00,73.7,73.7,73.67,73.67,464185.22,14.0
CCMFUT,02/05/2026 14:58:00,73.69,73.69,73.69,73.69,33161.5,1.0
CCMFUT,02/05/2026 14:56:00,73.7,73.71,73.7,73.71,199016.38,6.0
CCMFUT,02/05/2026 14:54:00,73.71,73.71,73.71,73.71,132683.9,4.0
CCMFUT,02/05/2026 14:53:00,73.72,73.72,73.72,73.72,33175.71,1.0
CCMFUT,02/05/2026 14:51:00,73.72,73.72,73.71,73.71,331719.23,10.0
CCMFUT,02/05/2026 14:50:00,73.72,73.77,73.71,73.71,431355.33,13.0
CCMFUT,02/05/2026 14:49:00,73.71,73.74,73.71,73.74,66356.16,2.0
CCMFUT,02/05/2026 14:48:00,73.71,73.72,73.71,73.71,364899.68,11.0
CCMFUT,02/05/2026 14:46:00,73.65,73.65,73.65,73.65,132570.21,4.0
CCMFUT,02/05/2026 14:45:00,73.67,73.67,73.67,73.67,33152.03,1.0
CCMFUT,02/05/2026 14:44:00,73.69,73.69,73.69,73.69,66323.0,2.0
CCMFUT,02/05/2026 14:43:00,73.67,73.67,73.67,73.67,66304.05,2.0
CCMFUT,02/05/2026 14:42:00,73.65,73.65,73.64,73.64,364539.64,11.0
CCMFUT,02/05/2026 14:41:00,73.65,73.65,73.65,73.65,66285.1,2.0
CCMFUT,02/05/2026 14:40:00,73.67,73.67,73.62,73.62,430820.01,13.0
CCMFUT,02/05/2026 14:39:00,73.67,73.67,73.66,73.66,165741.18,5.0
CCMFUT,02/05/2026 14:38:00,73.67,73.69,73.65,73.67,663026.31,20.0
CCMFUT,02/05/2026 14:37:00,73.7,73.7,73.67,73.67,232106.82,7.0
CCMFUT,02/05/2026 14:36:00,73.72,73.72,73.72,73.72,232229.99,7.0
CCMFUT,02/05/2026 14:35:00,73.74,73.74,73.74,73.74,33185.19,1.0
CCMFUT,02/05/2026 14:34:00,73.74,73.74,73.7,73.72,597158.1,18.0
CCMFUT,02/05/2026 14:33:00,73.77,73.77,73.74,73.76,165959.1,5.0
CCMFUT,02/05/2026 14:32:00,73.8,73.8,73.8,73.8,33208.87,1.0
CCMFUT,02/05/2026 14:31:00,73.79,73.8,73.78,73.78,597683.94,18.0
CCMFUT,02/05/2026 14:30:00,73.8,73.8,73.74,73.76,630736.49,19.0
CCMFUT,02/05/2026 14:28:00,73.79,73.79,73.79,73.79,66408.27,2.0
CCMFUT,02/05/2026 14:26:00,73.82,73.82,73.81,73.82,265732.58,8.0
CCMFUT,02/05/2026 14:25:00,73.83,73.83,73.82,73.82,166110.7,5.0
CCMFUT,02/05/2026 14:23:00,73.86,73.87,73.86,73.86,199438.0,6.0
CCMFUT,02/05/2026 14:22:00,73.85,73.85,73.85,73.85,33232.56,1.0
CCMFUT,02/05/2026 14:21:00,73.89,73.89,73.84,73.84,531815.73,16.0
CCMFUT,02/05/2026 14:20:00,73.91,73.91,73.91,73.91,66521.97,2.0
CCMFUT,02/05/2026 14:19:00,73.94,73.94,73.92,73.92,332680.92,10.0
CCMFUT,02/05/2026 14:15:00,73.93,73.96,73.93,73.96,66550.4,2.0
CCMFUT,02/05/2026 14:14:00,73.93,73.93,73.93,73.93,66540.92,2.0
CCMFUT,02/05/2026 14:13:00,73.94,73.94,73.94,73.94,66550.4,2.0
CCMFUT,02/05/2026 14:11:00,73.96,73.96,73.96,73.96,66559.87,2.0
CCMFUT,02/05/2026 14:10:00,73.96,73.96,73.96,73.96,66559.87,2.0
CCMFUT,02/05/2026 14:07:00,73.93,73.96,73.91,73.96,365956.11,11.0
CCMFUT,02/05/2026 14:06:00,74.01,74.01,73.94,73.94,1164968.27,35.0
CCMFUT,02/05/2026 14:02:00,74.01,74.04,74.01,74.04,99939.29,3.0
CCMFUT,02/05/2026 14:01:00,74.0,74.0,74.0,74.0,33298.88,1.0
CCMFUT,02/05/2026 14:00:00,73.99,74.0,73.99,74.0,99891.92,3.0
CCMFUT,02/05/2026 13:56:00,73.99,73.99,73.99,73.99,33294.15,1.0
CCMFUT,02/05/2026 13:55:00,74.01,74.03,74.01,74.01,233134.83,7.0
CCMFUT,02/05/2026 13:52:00,74.01,74.03,74.01,74.03,66616.72,2.0
CCMFUT,02/05/2026 13:49:00,74.01,74.01,74.0,74.01,266419.5,8.0
CCMFUT,02/05/2026 13:48:00,74.07,74.07,74.01,74.01,766475.98,23.0
CCMFUT,02/05/2026 13:47:00,74.07,74.07,74.07,74.07,166660.23,5.0
CCMFUT,02/05/2026 13:46:00,74.11,74.11,74.07,74.07,233362.22,7.0
CCMFUT,02/05/2026 13:45:00,74.08,74.11,74.07,74.11,1800674.24,54.0
CCMFUT,02/05/2026 13:44:00,74.05,74.07,74.05,74.07,233314.85,7.0
CCMFUT,02/05/2026 13:43:00,74.05,74.06,74.05,74.06,299941.04,9.0
CCMFUT,02/05/2026 13:42:00,73.98,74.08,73.98,74.05,2764650.65,83.0
CCMFUT,02/05/2026 13:41:00,74.0,74.0,73.99,73.99,199783.83,6.0
CCMFUT,02/05/2026 13:40:00,73.98,74.0,73.98,73.98,599270.96,18.0
CCMFUT,02/05/2026 13:35:00,73.93,73.93,73.9,73.93,3325790.62,100.0
CCMFUT,02/05/2026 13:32:00,73.94,73.96,73.94,73.96,299514.68,9.0
CCMFUT,02/05/2026 13:31:00,73.93,73.94,73.93,73.94,166366.51,5.0
CCMFUT,02/05/2026 13:28:00,73.93,73.93,73.93,73.93,33270.46,1.0
CCMFUT,02/05/2026 13:25:00,73.91,73.91,73.91,73.91,33260.99,1.0
CCMFUT,02/05/2026 13:24:00,73.92,73.92,73.92,73.92,66531.45,2.0
CCMFUT,02/05/2026 13:23:00,73.91,73.91,73.91,73.91,66521.97,2.0
CCMFUT,02/05/2026 13:21:00,73.9,73.91,73.9,73.91,133029.73,4.0
CCMFUT,02/05/2026 13:16:00,73.9,73.9,73.9,73.9,33256.25,1.0
CCMFUT,02/05/2026 13:14:00,73.9,73.9,73.9,73.9,133024.99,4.0
CCMFUT,02/05/2026 13:13:00,73.89,73.89,73.89,73.89,133006.04,4.0
CCMFUT,02/05/2026 13:09:00,73.9,73.93,73.9,73.93,199594.34,6.0
CCMFUT,02/05/2026 13:03:00,73.92,73.96,73.92,73.96,365979.8,11.0
CCMFUT,02/05/2026 12:59:00,73.92,73.93,73.92,73.93,166342.83,5.0
CCMFUT,02/05/2026 12:56:00,73.9,73.9,73.9,73.9,33256.25,1.0
CCMFUT,02/05/2026 12:51:00,73.93,73.93,73.92,73.92,199618.02,6.0
CCMFUT,02/05/2026 12:46:00,73.92,73.92,73.92,73.92,33265.72,1.0
CCMFUT,02/05/2026 12:45:00,73.93,73.94,73.93,73.94,66545.66,2.0
CCMFUT,02/05/2026 12:42:00,73.9,73.9,73.9,73.9,166281.24,5.0
CCMFUT,02/05/2026 12:40:00,73.9,73.9,73.9,73.9,33256.25,1.0
CCMFUT,02/05/2026 12:39:00,73.87,73.87,73.87,73.87,33242.04,1.0
CCMFUT,02/05/2026 12:38:00,73.87,73.88,73.87,73.88,132977.62,4.0
CCMFUT,02/05/2026 12:37:00,73.85,73.88,73.85,73.88,265936.29,8.0
CCMFUT,02/05/2026 12:36:00,73.84,73.85,73.84,73.85,66460.39,2.0
CCMFUT,02/05/2026 12:35:00,73.85,73.85,73.85,73.85,33232.56,1.0
CCMFUT,02/05/2026 12:34:00,73.85,73.85,73.85,73.85,66465.12,2.0
CCMFUT,02/05/2026 12:31:00,73.85,73.85,73.85,73.85,33232.56,1.0
CCMFUT,02/05/2026 12:30:00,73.85,73.85,73.85,73.85,66465.12,2.0
CCMFUT,02/05/2026 12:27:00,73.85,73.86,73.85,73.86,166181.76,5.0
CCMFUT,02/05/2026 12:26:00,73.85,73.85,73.85,73.85,66465.12,2.0
CCMFUT,02/05/2026 12:25:00,73.84,73.84,73.83,73.83,66450.91,2.0
CCMFUT,02/05/2026 12:22:00,73.87,73.88,73.82,73.84,498464.73,15.0
CCMFUT,02/05/2026 12:21:00,73.87,73.87,73.85,73.85,166177.02,5.0
CCMFUT,02/05/2026 12:19:00,73.89,73.89,73.88,73.88,265978.92,8.0
CCMFUT,02/05/2026 12:18:00,73.89,73.9,73.89,73.9,166267.03,5.0
CCMFUT,02/05/2026 12:17:00,73.89,73.89,73.89,73.89,133006.04,4.0
CCMFUT,02/05/2026 12:15:00,73.94,73.94,73.87,73.87,1097389.86,33.0
CCMFUT,02/05/2026 12:13:00,73.94,73.94,73.94,73.94,33275.2,1.0
CCMFUT,02/05/2026 12:09:00,74.0,74.0,74.0,74.0,199793.31,6.0
CCMFUT,02/05/2026 12:08:00,73.99,74.01,73.99,74.01,632740.39,19.0
CCMFUT,02/05/2026 12:07:00,73.98,73.98,73.98,73.98,33289.41,1.0
CCMFUT,02/05/2026 12:06:00,73.98,73.98,73.98,73.98,699077.6,21.0
CCMFUT,02/05/2026 12:05:00,73.97,73.98,73.96,73.96,632408.77,19.0
CCMFUT,02/05/2026 12:04:00,73.98,73.98,73.96,73.97,133143.43,4.0
CCMFUT,02/05/2026 12:03:00,73.94,73.97,73.94,73.96,499203.76,15.0
CCMFUT,02/05/2026 12:02:00,73.93,73.94,73.92,73.94,266173.16,8.0
CCMFUT,02/05/2026 12:01:00,73.93,73.94,73.91,73.93,365975.06,11.0
CCMFUT,02/05/2026 12:00:00,73.86,73.96,73.86,73.96,4256932.4,128.0
CCMFUT,02/05/2026 11:59:00,73.79,73.88,73.79,73.88,5081729.99,153.0
CCMFUT,02/05/2026 11:58:00,73.78,73.78,73.78,73.78,66398.8,2.0
CCMFUT,02/05/2026 11:57:00,73.78,73.8,73.78,73.8,962981.56,29.0
CCMFUT,02/05/2026 11:56:00,73.74,73.77,73.74,73.77,630613.31,19.0
CCMFUT,02/05/2026 11:55:00,73.72,73.74,73.72,73.74,199101.65,6.0
CCMFUT,02/05/2026 11:54:00,73.71,73.73,73.71,73.73,597172.31,18.0
CCMFUT,02/05/2026 11:53:00,73.71,73.71,73.71,73.71,165854.88,5.0
CCMFUT,02/05/2026 11:51:00,73.71,73.71,73.71,73.71,331709.76,10.0
CCMFUT,02/05/2026 11:50:00,73.71,73.71,73.71,73.71,99512.93,3.0
CCMFUT,02/05/2026 11:49:00,73.71,73.71,73.71,73.71,331709.76,10.0
CCMFUT,02/05/2026 11:47:00,73.71,73.71,73.67,73.7,397881.16,12.0
CCMFUT,02/05/2026 11:46:00,73.67,73.71,73.67,73.71,497450.94,15.0
CCMFUT,02/05/2026 11:45:00,73.69,73.69,73.67,73.67,1624894.6,49.0
CCMFUT,02/05/2026 11:44:00,73.68,73.68,73.68,73.68,132627.05,4.0
CCMFUT,02/05/2026 11:43:00,73.67,73.69,73.67,73.69,364686.5,11.0
CCMFUT,02/05/2026 11:39:00,73.65,73.65,73.65,73.65,463995.72,14.0
CCMFUT,02/05/2026 11:36:00,73.64,73.64,73.64,73.64,33137.81,1.0
CCMFUT,02/05/2026 11:35:00,73.64,73.66,73.62,73.66,762255.0,23.0
CCMFUT,02/05/2026 11:33:00,73.64,73.64,73.64,73.64,530205.03,16.0
CCMFUT,02/05/2026 11:31:00,73.63,73.64,73.62,73.64,364501.74,11.0
CCMFUT,02/05/2026 11:30:00,73.53,73.64,73.5,73.59,1159018.15,35.0
CCMFUT,02/05/2026 11:29:00,73.53,73.53,73.53,73.53,99271.32,3.0
CCMFUT,02/05/2026 11:28:00,73.58,73.58,73.52,73.53,1092335.1,33.0
CCMFUT,02/05/2026 11:26:00,73.58,73.58,73.57,73.57,132423.35,4.0
CCMFUT,02/05/2026 11:16:00,73.59,73.63,73.59,73.63,99361.33,3.0
CCMFUT,02/05/2026 11:07:00,73.61,73.65,73.61,73.65,132532.31,4.0
CCMFUT,02/05/2026 11:06:00,73.61,73.61,73.61,73.61,33123.6,1.0
CCMFUT,02/05/2026 11:04:00,73.59,73.61,73.59,73.61,66237.73,2.0
CCMFUT,02/05/2026 11:03:00,73.59,73.6,73.58,73.58,231808.37,7.0
CCMFUT,02/05/2026 10:57:00,73.57,73.59,73.57,73.59,198651.6,6.0
CCMFUT,02/05/2026 10:55:00,73.57,73.59,73.57,73.59,297993.99,9.0
CCMFUT,02/05/2026 10:51:00,73.56,73.57,73.56,73.57,364103.81,11.0
CCMFUT,02/05/2026 10:50:00,73.53,73.56,73.53,73.54,231670.98,7.0
CCMFUT,02/05/2026 10:49:00,73.52,73.56,73.52,73.54,992921.66,30.0
CCMFUT,02/05/2026 10:47:00,73.49,73.49,73.49,73.49,33071.49,1.0
CCMFUT,02/05/2026 10:46:00,73.5,73.56,73.5,73.56,231614.13,7.0
CCMFUT,02/05/2026 10:45:00,73.64,73.64,73.5,73.56,4469734.49,135.0
CCMFUT,02/05/2026 10:44:00,73.63,73.64,73.63,73.64,99403.97,3.0
CCMFUT,02/05/2026 10:43:00,73.62,73.64,73.62,73.63,231936.28,7.0
CCMFUT,02/05/2026 10:41:00,73.62,73.62,73.62,73.62,33128.34,1.0
CCMFUT,02/05/2026 10:38:00,73.63,73.63,73.63,73.63,33133.08,1.0
CCMFUT,02/05/2026 10:37:00,73.64,73.64,73.59,73.61,1324939.35,40.0
CCMFUT,02/05/2026 10:36:00,73.64,73.64,73.64,73.64,132551.26,4.0
CCMFUT,02/05/2026 10:35:00,73.66,73.69,73.66,73.67,895279.99,27.0
CCMFUT,02/05/2026 10:34:00,73.67,73.67,73.66,73.66,66299.32,2.0
CCMFUT,02/05/2026 10:33:00,73.65,73.67,73.65,73.65,132579.68,4.0
CCMFUT,02/05/2026 10:32:00,73.66,73.66,73.66,73.66,165736.44,5.0
CCMFUT,02/05/2026 10:31:00,73.69,73.69,73.69,73.69,364776.51,11.0
CCMFUT,02/05/2026 10:30:00,73.69,73.72,73.69,73.72,132679.17,4.0
CCMFUT,02/05/2026 10:28:00,73.72,73.72,73.72,73.72,132702.85,4.0
CCMFUT,02/05/2026 10:26:00,73.72,73.72,73.72,73.72,33175.71,1.0
CCMFUT,02/05/2026 10:23:00,73.69,73.69,73.69,73.69,33161.5,1.0
CCMFUT,02/05/2026 10:21:00,73.67,73.72,73.67,73.72,629912.19,19.0
CCMFUT,02/05/2026 10:19:00,73.69,73.69,73.66,73.66,165793.29,5.0
CCMFUT,02/05/2026 10:18:00,73.7,73.7,73.7,73.7,198997.43,6.0
CCMFUT,02/05/2026 10:17:00,73.72,73.72,73.72,73.72,33175.71,1.0
CCMFUT,02/05/2026 10:15:00,73.72,73.74,73.72,73.74,232267.89,7.0
CCMFUT,02/05/2026 10:14:00,73.7,73.74,73.7,73.74,265405.7,8.0
CCMFUT,02/05/2026 10:10:00,73.69,73.7,73.69,73.7,331624.48,10.0
CCMFUT,02/05/2026 10:08:00,73.66,73.66,73.66,73.66,33147.29,1.0
CCMFUT,02/05/2026 10:07:00,73.68,73.68,73.65,73.65,331458.68,10.0
CCMFUT,02/05/2026 10:06:00,73.68,73.69,73.68,73.69,298434.56,9.0
CCMFUT,02/05/2026 10:05:00,73.67,73.69,73.66,73.69,165760.13,5.0
CCMFUT,02/05/2026 10:04:00,73.74,73.74,73.7,73.7,99517.66,3.0
CCMFUT,02/05/2026 10:02:00,73.72,73.72,73.72,73.72,33175.71,1.0
CCMFUT,02/05/2026 10:01:00,73.72,73.74,73.72,73.74,464540.52,14.0
CCMFUT,02/05/2026 10:00:00,73.69,73.7,73.69,73.7,132655.48,4.0
CCMFUT,02/05/2026 09:59:00,73.69,73.69,73.69,73.69,66323.0,2.0
CCMFUT,02/05/2026 09:55:00,73.67,73.69,73.67,73.69,132636.53,4.0
CCMFUT,02/05/2026 09:54:00,73.69,73.69,73.66,73.66,132617.58,4.0
CCMFUT,02/05/2026 09:52:00,73.68,73.69,73.67,73.69,629992.72,19.0
CCMFUT,02/05/2026 09:51:00,73.71,73.71,73.69,73.69,464284.7,14.0
CCMFUT,02/05/2026 09:50:00,73.69,73.73,73.69,73.73,530806.67,16.0
CCMFUT,02/05/2026 09:49:00,73.69,73.69,73.69,73.69,99484.5,3.0
CCMFUT,02/05/2026 09:48:00,73.73,73.73,73.71,73.71,398084.87,12.0
CCMFUT,02/05/2026 09:46:00,73.74,73.74,73.72,73.72,265462.55,8.0
CCMFUT,02/05/2026 09:45:00,73.74,73.78,73.73,73.73,763349.33,23.0
CCMFUT,02/05/2026 09:44:00,73.74,73.74,73.74,73.74,431407.44,13.0
CCMFUT,02/05/2026 09:42:00,73.74,73.74,73.74,73.74,265481.5,8.0
CCMFUT,02/05/2026 09:40:00,73.73,73.73,73.73,73.73,66360.9,2.0
CCMFUT,02/05/2026 09:39:00,73.73,73.76,73.69,73.73,829250.71,25.0
CCMFUT,02/05/2026 09:38:00,73.76,73.76,73.76,73.76,232329.48,7.0
CCMFUT,02/05/2026 09:37:00,73.74,73.74,73.74,73.74,33185.19,1.0
CCMFUT,02/05/2026 09:36:00,73.7,73.74,73.7,73.72,165859.62,5.0
CCMFUT,02/05/2026 09:35:00,73.69,73.78,73.68,73.72,2653403.29,80.0
CCMFUT,02/05/2026 09:34:00,73.68,73.69,73.67,73.69,364710.19,11.0
CCMFUT,02/05/2026 09:33:00,73.67,73.67,73.65,73.66,696140.44,21.0
CCMFUT,02/05/2026 09:32:00,73.65,73.65,73.65,73.65,33142.55,1.0
CCMFUT,02/05/2026 09:31:00,73.69,73.69,73.66,73.66,464227.85,14.0
CCMFUT,02/05/2026 09:30:00,73.65,73.69,73.65,73.69,464137.84,14.0
CCMFUT,02/05/2026 09:28:00,73.68,73.68,73.66,73.66,66304.05,2.0
CCMFUT,02/05/2026 09:27:00,73.66,73.69,73.66,73.69,331572.37,10.0
CCMFUT,02/05/2026 09:26:00,73.63,73.67,73.63,73.65,198826.89,6.0
CCMFUT,02/05/2026 09:25:00,73.65,73.65,73.65,73.65,165712.76,5.0
CCMFUT,02/05/2026 09:24:00,73.62,73.66,73.62,73.66,165679.6,5.0
CCMFUT,02/05/2026 09:23:00,73.66,73.66,73.59,73.6,4208213.42,127.0
CCMFUT,02/05/2026 09:22:00,73.69,73.69,73.68,73.69,7461290.34,225.0
CCMFUT,02/05/2026 09:21:00,73.62,73.69,73.62,73.69,1790597.88,54.0
CCMFUT,02/05/2026 09:20:00,73.63,73.63,73.61,73.61,66256.68,2.0
CCMFUT,02/05/2026 09:19:00,73.63,73.63,73.61,73.63,99389.76,3.0
CCMFUT,02/05/2026 09:18:00,73.65,73.66,73.65,73.66,132584.42,4.0
CCMFUT,02/05/2026 09:17:00,73.63,73.63,73.62,73.63,99394.49,3.0
CCMFUT,02/05/2026 09:16:00,73.65,73.69,73.63,73.63,3514384.81,106.0
CCMFUT,02/05/2026 09:15:00,73.62,73.64,73.62,73.63,497024.58,15.0
CCMFUT,02/05/2026 09:14:00,73.64,73.64,73.64,73.64,33137.81,1.0
CCMFUT,02/05/2026 09:13:00,73.63,73.64,73.63,73.64,132541.78,4.0
CCMFUT,02/05/2026 09:12:00,73.63,73.63,73.63,73.63,132532.31,4.0
CCMFUT,02/05/2026 09:11:00,73.6,73.6,73.6,73.6,66237.73,2.0
CCMFUT,02/05/2026 09:09:00,73.6,73.62,73.59,73.6,496839.82,15.0
CCMFUT,02/05/2026 09:08:00,73.6,73.6,73.6,73.6,66237.73,2.0
CCMFUT,02/05/2026 09:06:00,73.59,73.59,73.59,73.59,33114.13,1.0
CCMFUT,02/05/2026 09:05:00,73.56,73.56,73.56,73.56,66199.83,2.0
CCMFUT,02/05/2026 09:04:00,73.59,73.59,73.56,73.56,99328.17,3.0
CCMFUT,02/05/2026 09:03:00,73.53,73.64,73.53,73.64,1059614.18,32.0
CCMFUT,02/05/2026 09:02:00,73.48,73.52,73.48,73.49,363833.78,11.0
CCMFUT,02/05/2026 09:01:00,73.52,73.58,73.48,73.53,595798.48,18.0
CCMFUT,02/05/2026 09:00:00,73.5,73.52,73.21,73.52,858461.25,26.0
CCMFUT,02/02/2026 17:05:00,73.0,73.1,72.99,73.02,2727751.37,83.0
CCMFUT,02/02/2026 16:19:00,72.87,72.98,72.87,72.94,2723681.98,83.0
CCMFUT,02/02/2026 16:18:00,72.87,72.87,72.83,72.84,1508085.58,46.0
CCMFUT,02/02/2026 16:17:00,72.9,72.9,72.86,72.86,6035137.36,184.0
CCMFUT,02/02/2026 16:16:00,72.89,72.9,72.89,72.9,656105.03,20.0
CCMFUT,02/02/2026 16:15:00,72.89,72.89,72.87,72.88,491955.6,15.0
CCMFUT,02/02/2026 16:14:00,72.84,72.89,72.84,72.89,426276.88,13.0
CCMFUT,02/02/2026 16:13:00,72.85,72.88,72.84,72.85,1606433.12,49.0
CCMFUT,02/02/2026 16:12:00,72.84,72.85,72.84,72.85,819534.39,25.0
CCMFUT,02/02/2026 16:11:00,72.86,72.86,72.83,72.83,819520.17,25.0
CCMFUT,02/02/2026 16:10:00,72.86,72.86,72.86,72.86,196723.5,6.0
CCMFUT,02/02/2026 16:09:00,72.87,72.88,72.87,72.88,295151.57,9.0
CCMFUT,02/02/2026 16:08:00,72.87,72.9,72.87,72.88,426362.16,13.0
CCMFUT,02/02/2026 16:07:00,72.87,72.87,72.87,72.87,590255.77,18.0
CCMFUT,02/02/2026 16:06:00,72.86,72.86,72.86,72.86,131149.0,4.0
CCMFUT,02/02/2026 16:05:00,72.84,72.86,72.84,72.86,295023.66,9.0
CCMFUT,02/02/2026 16:04:00,72.88,72.88,72.84,72.84,327896.18,10.0
CCMFUT,02/02/2026 16:02:00,72.88,72.9,72.88,72.88,721575.31,22.0
CCMFUT,02/02/2026 16:01:00,72.88,72.89,72.88,72.88,1311935.3,40.0
CCMFUT,02/02/2026 16:00:00,72.9,72.9,72.88,72.89,196799.3,6.0
CCMFUT,02/02/2026 15:59:00,72.92,72.92,72.88,72.89,1509052.0,46.0
CCMFUT,02/02/2026 15:58:00,72.86,72.9,72.86,72.9,327910.4,10.0
CCMFUT,02/02/2026 15:56:00,72.88,72.88,72.88,72.88,163983.62,5.0
CCMFUT,02/02/2026 15:55:00,72.87,72.89,72.87,72.89,196770.87,6.0
CCMFUT,02/02/2026 15:54:00,72.87,72.87,72.87,72.87,65583.97,2.0
CCMFUT,02/02/2026 15:53:00,72.86,72.87,72.86,72.87,131158.47,4.0
CCMFUT,02/02/2026 15:52:00,72.8,72.8,72.8,72.8,98276.48,3.0
CCMFUT,02/02/2026 15:51:00,72.88,72.89,72.79,72.8,1900983.04,58.0
CCMFUT,02/02/2026 15:50:00,72.97,72.97,72.86,72.88,1509743.65,46.0
CCMFUT,02/02/2026 15:49:00,72.98,72.98,72.98,72.98,32839.36,1.0
CCMFUT,02/02/2026 15:48:00,73.01,73.01,73.01,73.01,65707.15,2.0
CCMFUT,02/02/2026 15:46:00,72.99,72.99,72.99,72.99,32844.1,1.0
CCMFUT,02/02/2026 15:45:00,73.02,73.02,73.0,73.0,98565.46,3.0
CCMFUT,02/02/2026 15:41:00,73.0,73.02,73.0,73.02,131404.82,4.0
CCMFUT,02/02/2026 15:39:00,73.0,73.0,73.0,73.0,32848.84,1.0
CCMFUT,02/02/2026 15:37:00,73.01,73.01,73.01,73.01,197121.44,6.0
CCMFUT,02/02/2026 15:36:00,73.01,73.02,73.0,73.0,328530.99,10.0
CCMFUT,02/02/2026 15:34:00,73.0,73.0,72.99,72.99,65692.93,2.0
CCMFUT,02/02/2026 15:32:00,72.98,72.99,72.98,72.99,164211.02,5.0
CCMFUT,02/02/2026 15:29:00,72.97,72.99,72.94,72.97,623853.11,19.0
CCMFUT,02/02/2026 15:28:00,73.01,73.01,72.96,72.96,426954.32,13.0
CCMFUT,02/02/2026 15:27:00,73.02,73.02,72.98,72.98,164258.39,5.0
CCMFUT,02/02/2026 15:26:00,73.01,73.02,73.01,73.02,98570.19,3.0
CCMFUT,02/02/2026 15:25:00,73.06,73.06,73.04,73.04,98622.3,3.0
CCMFUT,02/02/2026 15:24:00,72.99,73.06,72.99,73.06,1215710.1,37.0
CCMFUT,02/02/2026 15:23:00,72.94,73.01,72.94,72.98,1050722.16,32.0
CCMFUT,02/02/2026 15:22:00,72.98,72.98,72.93,72.96,755224.76,23.0
CCMFUT,02/02/2026 15:21:00,72.93,73.0,72.93,72.97,1149140.76,35.0
CCMFUT,02/02/2026 15:19:00,72.92,72.93,72.92,72.93,98451.76,3.0
CCMFUT,02/02/2026 15:18:00,72.91,72.91,72.91,72.91,65621.87,2.0
CCMFUT,02/02/2026 15:17:00,72.9,72.9,72.9,72.9,164031.0,5.0
CCMFUT,02/02/2026 15:16:00,72.87,72.89,72.87,72.89,98394.91,3.0
CCMFUT,02/02/2026 15:15:00,72.87,72.87,72.87,72.87,32791.99,1.0
CCMFUT,02/02/2026 15:14:00,72.86,72.86,72.86,72.86,196723.5,6.0
CCMFUT,02/02/2026 15:13:00,72.89,72.89,72.74,72.8,2817775.37,86.0
CCMFUT,02/02/2026 15:12:00,72.89,72.89,72.89,72.89,32801.46,1.0
CCMFUT,02/02/2026 15:10:00,72.91,72.91,72.91,72.91,32810.94,1.0
CCMFUT,02/02/2026 15:09:00,72.9,72.9,72.9,72.9,131224.8,4.0
CCMFUT,02/02/2026 15:08:00,72.9,72.9,72.9,72.9,65612.4,2.0
CCMFUT,02/02/2026 15:05:00,72.93,72.93,72.93,72.93,262563.29,8.0
CCMFUT,02/02/2026 15:04:00,72.96,72.96,72.93,72.93,98475.45,3.0
CCMFUT,02/02/2026 15:03:00,72.98,72.98,72.94,72.94,656730.37,20.0
CCMFUT,02/02/2026 15:02:00,72.97,72.97,72.97,72.97,361180.86,11.0
CCMFUT,02/02/2026 14:59:00,72.96,72.96,72.96,72.96,131319.54,4.0
CCMFUT,02/02/2026 14:58:00,72.98,72.98,72.94,72.97,196998.27,6.0
CCMFUT,02/02/2026 14:56:00,72.98,72.98,72.98,72.98,32839.36,1.0
CCMFUT,02/02/2026 14:54:00,72.93,72.98,72.9,72.98,229776.04,7.0
CCMFUT,02/02/2026 14:52:00,72.98,72.98,72.96,72.96,393987.06,12.0
CCMFUT,02/02/2026 14:51:00,73.0,73.0,72.99,72.99,98537.03,3.0
CCMFUT,02/02/2026 14:50:00,73.03,73.06,73.0,73.01,1314285.03,40.0
CCMFUT,02/02/2026 14:46:00,73.02,73.03,73.01,73.03,459987.92,14.0
CCMFUT,02/02/2026 14:41:00,73.03,73.03,73.03,73.03,98589.14,3.0
CCMFUT,02/02/2026 14:39:00,73.04,73.04,73.04,73.04,131471.14,4.0
CCMFUT,02/02/2026 14:38:00,73.06,73.06,73.05,73.05,65749.78,2.0
CCMFUT,02/02/2026 14:37:00,73.03,73.04,73.03,73.04,65730.83,2.0
CCMFUT,02/02/2026 14:36:00,73.04,73.04,73.04,73.04,98603.35,3.0
CCMFUT,02/02/2026 14:32:00,73.03,73.03,73.03,73.03,262904.38,8.0
CCMFUT,02/02/2026 14:27:00,73.04,73.04,73.04,73.04,65735.57,2.0
CCMFUT,02/02/2026 14:26:00,73.04,73.07,73.04,73.05,1380750.15,42.0
CCMFUT,02/02/2026 14:24:00,73.04,73.04,73.04,73.04,32867.78,1.0
CCMFUT,02/02/2026 14:22:00,73.03,73.03,73.03,73.03,65726.09,2.0
CCMFUT,02/02/2026 14:21:00,73.0,73.03,73.0,73.03,295739.0,9.0
CCMFUT,02/02/2026 14:16:00,72.94,72.96,72.94,72.96,295445.29,9.0
CCMFUT,02/02/2026 14:15:00,72.93,72.93,72.93,72.93,32820.41,1.0
CCMFUT,02/02/2026 14:14:00,72.92,72.92,72.92,72.92,98447.02,3.0
CCMFUT,02/02/2026 14:12:00,72.96,72.96,72.91,72.91,131276.91,4.0
CCMFUT,02/02/2026 14:11:00,72.99,72.99,72.98,72.98,131366.92,4.0
CCMFUT,02/02/2026 14:10:00,72.97,72.99,72.97,72.99,164196.8,5.0
CCMFUT,02/02/2026 14:09:00,72.96,72.97,72.96,72.96,295487.92,9.0
CCMFUT,02/02/2026 14:06:00,72.96,72.96,72.93,72.96,393939.68,12.0
CCMFUT,02/02/2026 14:05:00,72.97,72.97,72.96,72.96,262658.04,8.0
CCMFUT,02/02/2026 14:04:00,72.99,73.01,72.96,72.99,492652.0,15.0
CCMFUT,02/02/2026 14:03:00,72.93,72.96,72.93,72.96,1838094.63,56.0
CCMFUT,02/02/2026 14:02:00,72.9,72.92,72.9,72.92,196856.14,6.0
CCMFUT,02/02/2026 13:57:00,72.89,72.89,72.89,72.89,32801.46,1.0
CCMFUT,02/02/2026 13:56:00,72.89,72.89,72.89,72.89,32801.46,1.0
CCMFUT,02/02/2026 13:55:00,72.89,72.89,72.89,72.89,65602.92,2.0
CCMFUT,02/02/2026 13:51:00,72.91,72.91,72.91,72.91,32810.94,1.0
CCMFUT,02/02/2026 13:50:00,72.9,72.9,72.9,72.9,131224.8,4.0
CCMFUT,02/02/2026 13:47:00,72.91,72.91,72.91,72.91,32810.94,1.0
CCMFUT,02/02/2026 13:46:00,72.88,72.88,72.88,72.88,131186.9,4.0
CCMFUT,02/02/2026 13:37:00,72.88,72.89,72.88,72.89,196799.3,6.0
CCMFUT,02/02/2026 13:34:00,72.88,72.88,72.88,72.88,65593.45,2.0
CCMFUT,02/02/2026 13:33:00,72.84,72.85,72.84,72.85,360602.9,11.0
CCMFUT,02/02/2026 13:31:00,72.85,72.85,72.81,72.83,753813.03,23.0
CCMFUT,02/02/2026 13:28:00,72.85,72.85,72.85,72.85,65565.02,2.0
CCMFUT,02/02/2026 13:27:00,72.87,72.87,72.87,72.87,65583.97,2.0
CCMFUT,02/02/2026 13:25:00,72.87,72.87,72.87,72.87,32791.99,1.0
CCMFUT,02/02/2026 13:24:00,72.87,72.88,72.87,72.88,65588.71,2.0
CCMFUT,02/02/2026 13:21:00,72.86,72.86,72.85,72.85,65569.76,2.0
CCMFUT,02/02/2026 13:20:00,72.92,72.94,72.83,72.83,3149328.8,96.0
CCMFUT,02/02/2026 13:14:00,72.93,72.93,72.93,72.93,65640.82,2.0
CCMFUT,02/02/2026 13:13:00,72.92,72.92,72.92,72.92,32815.67,1.0
CCMFUT,02/02/2026 13:12:00,72.93,72.93,72.93,72.93,32820.41,1.0
CCMFUT,02/02/2026 13:10:00,72.96,72.96,72.94,72.94,65655.03,2.0
CCMFUT,02/02/2026 13:09:00,72.93,72.94,72.93,72.94,98470.71,3.0
CCMFUT,02/02/2026 13:07:00,72.96,72.96,72.96,72.96,98489.66,3.0
CCMFUT,02/02/2026 13:05:00,72.92,72.93,72.92,72.93,65636.09,2.0
CCMFUT,02/02/2026 13:04:00,72.9,72.9,72.89,72.89,98413.86,3.0
CCMFUT,02/02/2026 12:59:00,72.91,72.91,72.91,72.91,131243.75,4.0
CCMFUT,02/02/2026 12:58:00,72.91,72.91,72.91,72.91,32810.94,1.0
CCMFUT,02/02/2026 12:55:00,72.9,72.9,72.9,72.9,32806.2,1.0
CCMFUT,02/02/2026 12:51:00,72.91,72.91,72.91,72.91,32810.94,1.0
CCMFUT,02/02/2026 12:48:00,72.9,72.9,72.9,72.9,98418.6,3.0
CCMFUT,02/02/2026 12:40:00,72.9,72.92,72.9,72.92,131234.27,4.0
CCMFUT,02/02/2026 12:38:00,72.9,72.9,72.88,72.88,65602.92,2.0
CCMFUT,02/02/2026 12:35:00,72.93,72.93,72.93,72.93,65640.82,2.0
CCMFUT,02/02/2026 12:30:00,72.96,72.96,72.96,72.96,98489.66,3.0
CCMFUT,02/02/2026 12:29:00,72.89,72.94,72.89,72.94,164045.21,5.0
CCMFUT,02/02/2026 12:27:00,72.9,72.9,72.89,72.9,1049793.64,32.0
CCMFUT,02/02/2026 12:26:00,72.88,72.88,72.88,72.88,98390.17,3.0
CCMFUT,02/02/2026 12:25:00,72.88,72.88,72.88,72.88,32796.72,1.0
CCMFUT,02/02/2026 12:24:00,72.85,72.85,72.85,72.85,131130.05,4.0
CCMFUT,02/02/2026 12:23:00,72.84,72.85,72.84,72.84,163893.61,5.0
CCMFUT,02/02/2026 12:21:00,72.84,72.84,72.84,72.84,32777.78,1.0
CCMFUT,02/02/2026 12:19:00,72.85,72.85,72.84,72.84,196685.6,6.0
CCMFUT,02/02/2026 12:15:00,72.88,72.88,72.86,72.88,327948.3,10.0
CCMFUT,02/02/2026 12:14:00,72.87,72.87,72.87,72.87,65583.97,2.0
CCMFUT,02/02/2026 12:12:00,72.84,72.84,72.84,72.84,98333.33,3.0
CCMFUT,02/02/2026 12:11:00,72.85,72.85,72.8,72.84,557103.74,17.0
CCMFUT,02/02/2026 12:10:00,72.88,72.88,72.86,72.86,65583.97,2.0
CCMFUT,02/02/2026 12:09:00,72.85,72.85,72.85,72.85,163912.56,5.0
CCMFUT,02/02/2026 12:06:00,72.89,72.89,72.89,72.89,32801.46,1.0
CCMFUT,02/02/2026 12:03:00,72.92,72.92,72.85,72.87,819946.54,25.0
CCMFUT,02/02/2026 12:01:00,72.92,72.92,72.92,72.92,32815.67,1.0
CCMFUT,02/02/2026 12:00:00,72.93,72.93,72.92,72.92,65636.09,2.0
CCMFUT,02/02/2026 11:59:00,72.96,72.96,72.96,72.96,65659.77,2.0
CCMFUT,02/02/2026 11:57:00,72.96,72.96,72.96,72.96,98489.66,3.0
CCMFUT,02/02/2026 11:55:00,72.96,72.99,72.96,72.96,328332.02,10.0
CCMFUT,02/02/2026 11:54:00,72.9,72.9,72.9,72.9,98418.6,3.0
CCMFUT,02/02/2026 11:53:00,72.91,72.91,72.88,72.88,196822.98,6.0
CCMFUT,02/02/2026 11:52:00,72.92,72.94,72.92,72.94,98456.5,3.0
CCMFUT,02/02/2026 11:51:00,72.96,72.97,72.96,72.96,164154.17,5.0
CCMFUT,02/02/2026 11:50:00,72.92,72.92,72.92,72.92,32815.67,1.0
CCMFUT,02/02/2026 11:46:00,72.89,72.89,72.87,72.87,98390.17,3.0
CCMFUT,02/02/2026 11:45:00,72.87,72.92,72.87,72.92,98423.33,3.0
CCMFUT,02/02/2026 11:44:00,72.82,72.89,72.82,72.86,1671837.07,51.0
CCMFUT,02/02/2026 11:43:00,72.93,72.93,72.85,72.85,655925.01,20.0
CCMFUT,02/02/2026 11:42:00,72.92,72.92,72.92,72.92,131262.7,4.0
CCMFUT,02/02/2026 11:40:00,72.93,72.93,72.93,72.93,32820.41,1.0
CCMFUT,02/02/2026 11:39:00,72.94,72.94,72.94,72.94,32825.15,1.0
CCMFUT,02/02/2026 11:38:00,73.03,73.03,73.01,73.01,164286.81,5.0
CCMFUT,02/02/2026 11:37:00,73.01,73.02,73.01,73.02,131419.03,4.0
CCMFUT,02/02/2026 11:36:00,73.04,73.04,73.04,73.04,65735.57,2.0
CCMFUT,02/02/2026 11:35:00,73.02,73.02,73.02,73.02,65716.62,2.0
CCMFUT,02/02/2026 11:34:00,73.02,73.02,73.02,73.02,164291.55,5.0
CCMFUT,02/02/2026 11:33:00,73.03,73.06,73.02,73.02,558794.98,17.0
CCMFUT,02/02/2026 11:32:00,72.99,73.01,72.99,73.01,98541.77,3.0
CCMFUT,02/02/2026 11:31:00,72.99,72.99,72.99,72.99,32844.1,1.0
CCMFUT,02/02/2026 11:30:00,72.99,73.01,72.99,73.01,164239.44,5.0
CCMFUT,02/02/2026 11:29:00,73.01,73.01,72.92,73.0,2068505.47,63.0
CCMFUT,02/02/2026 11:26:00,73.06,73.06,73.06,73.06,32877.26,1.0
CCMFUT,02/02/2026 11:25:00,73.05,73.06,73.05,73.06,65749.78,2.0
CCMFUT,02/02/2026 11:24:00,73.12,73.12,73.02,73.02,1150869.89,35.0
CCMFUT,02/02/2026 11:22:00,73.16,73.16,73.13,73.13,98740.74,3.0
CCMFUT,02/02/2026 11:21:00,73.22,73.22,73.17,73.17,592733.41,18.0
CCMFUT,02/02/2026 11:18:00,73.21,73.21,73.21,73.21,362379.41,11.0
CCMFUT,02/02/2026 11:17:00,73.2,73.21,73.2,73.21,98826.01,3.0
CCMFUT,02/02/2026 11:15:00,73.19,73.19,73.19,73.19,32934.11,1.0
CCMFUT,02/02/2026 11:14:00,73.2,73.2,73.2,73.2,32938.85,1.0
CCMFUT,02/02/2026 11:13:00,73.19,73.19,73.19,73.19,98802.32,3.0
CCMFUT,02/02/2026 11:10:00,73.16,73.17,73.16,73.17,98764.42,3.0
CCMFUT,02/02/2026 11:09:00,73.21,73.21,73.21,73.21,32943.58,1.0
CCMFUT,02/02/2026 11:08:00,73.19,73.22,73.19,73.22,1021303.17,31.0
CCMFUT,02/02/2026 11:07:00,73.17,73.17,73.16,73.16,98769.16,3.0
CCMFUT,02/02/2026 11:06:00,73.1,73.16,73.07,73.16,263164.93,8.0
CCMFUT,02/02/2026 11:05:00,73.17,73.17,73.12,73.12,1020242.0,31.0
CCMFUT,02/02/2026 11:04:00,73.19,73.19,73.18,73.18,65863.48,2.0
CCMFUT,02/02/2026 11:02:00,73.22,73.22,73.2,73.2,164717.91,5.0
CCMFUT,02/02/2026 11:01:00,73.22,73.22,73.22,73.22,65896.64,2.0
CCMFUT,02/02/2026 11:00:00,73.21,73.22,73.21,73.22,197670.97,6.0
CCMFUT,02/02/2026 10:59:00,73.25,73.25,73.21,73.21,724896.2,22.0
CCMFUT,02/02/2026 10:58:00,73.24,73.25,73.24,73.25,131845.39,4.0
CCMFUT,02/02/2026 10:57:00,73.24,73.24,73.24,73.24,131831.18,4.0
CCMFUT,02/02/2026 10:56:00,73.26,73.26,73.25,73.25,131859.6,4.0
CCMFUT,02/02/2026 10:55:00,73.27,73.27,73.26,73.26,65939.28,2.0
CCMFUT,02/02/2026 10:54:00,73.27,73.27,73.27,73.27,32972.01,1.0
CCMFUT,02/02/2026 10:52:00,73.26,73.26,73.26,73.26,65934.54,2.0
CCMFUT,02/02/2026 10:51:00,73.26,73.27,73.26,73.27,65939.28,2.0
CCMFUT,02/02/2026 10:50:00,73.25,73.25,73.25,73.25,65925.06,2.0
CCMFUT,02/02/2026 10:49:00,73.25,73.25,73.25,73.25,98887.6,3.0
CCMFUT,02/02/2026 10:48:00,73.27,73.27,73.27,73.27,65944.01,2.0
CCMFUT,02/02/2026 10:46:00,73.23,73.25,73.23,73.25,230709.3,7.0
CCMFUT,02/02/2026 10:43:00,73.27,73.27,73.25,73.25,98897.07,3.0
CCMFUT,02/02/2026 10:42:00,73.26,73.3,73.26,73.3,263785.53,8.0
CCMFUT,02/02/2026 10:41:00,73.24,73.24,73.24,73.24,98873.38,3.0
CCMFUT,02/02/2026 10:40:00,73.24,73.24,73.24,73.24,65915.59,2.0
CCMFUT,02/02/2026 10:39:00,73.26,73.26,73.24,73.24,98887.6,3.0
CCMFUT,02/02/2026 10:36:00,73.25,73.25,73.25,73.25,32962.53,1.0
CCMFUT,02/02/2026 10:35:00,73.23,73.23,73.23,73.23,32953.06,1.0
CCMFUT,02/02/2026 10:33:00,73.21,73.22,73.21,73.22,164722.65,5.0
CCMFUT,02/02/2026 10:32:00,73.19,73.21,73.18,73.21,428100.77,13.0
CCMFUT,02/02/2026 10:31:00,73.34,73.34,73.2,73.2,989117.56,30.0
CCMFUT,02/02/2026 10:30:00,73.32,73.36,73.32,73.33,264036.61,8.0
CCMFUT,02/02/2026 10:29:00,73.34,73.34,73.32,73.32,165006.89,5.0
CCMFUT,02/02/2026 10:28:00,73.38,73.38,73.37,73.38,1650954.8,50.0
CCMFUT,02/02/2026 10:27:00,73.34,73.37,73.34,73.37,99034.45,3.0
CCMFUT,02/02/2026 10:26:00,73.37,73.37,73.33,73.37,198040.48,6.0
CCMFUT,02/02/2026 10:25:00,73.36,73.36,73.36,73.36,99029.72,3.0
CCMFUT,02/02/2026 10:24:00,73.32,73.32,73.32,73.32,32995.69,1.0
CCMFUT,02/02/2026 10:23:00,73.31,73.36,73.31,73.36,132015.94,4.0
CCMFUT,02/02/2026 10:22:00,73.34,73.38,73.34,73.38,264117.14,8.0
CCMFUT,02/02/2026 10:21:00,73.34,73.34,73.34,73.34,66010.34,2.0
CCMFUT,02/02/2026 10:19:00,73.36,73.36,73.36,73.36,33009.91,1.0
CCMFUT,02/02/2026 10:17:00,73.36,73.37,73.36,73.37,132049.1,4.0
CCMFUT,02/02/2026 10:16:00,73.32,73.34,73.32,73.34,198021.53,6.0
CCMFUT,02/02/2026 10:15:00,73.31,73.34,73.31,73.34,230979.33,7.0
CCMFUT,02/02/2026 10:13:00,73.36,73.37,73.32,73.32,165025.84,5.0
CCMFUT,02/02/2026 10:12:00,73.34,73.37,73.33,73.37,330056.42,10.0
CCMFUT,02/02/2026 10:11:00,73.34,73.38,73.33,73.38,495105.95,15.0
CCMFUT,02/02/2026 10:10:00,73.3,73.38,73.29,73.34,858172.27,26.0
CCMFUT,02/02/2026 10:09:00,73.28,73.44,73.28,73.32,1518190.36,46.0
CCMFUT,02/02/2026 10:08:00,73.11,73.28,73.11,73.27,2108157.15,64.0
CCMFUT,02/02/2026 10:07:00,73.16,73.16,73.12,73.12,691237.28,21.0
CCMFUT,02/02/2026 10:06:00,73.06,73.16,73.04,73.16,1217036.56,37.0
CCMFUT,02/02/2026 10:05:00,72.85,73.07,72.85,73.07,4923497.52,150.0
CCMFUT,02/02/2026 10:04:00,72.83,72.87,72.83,72.85,917910.35,28.0
CCMFUT,02/02/2026 10:03:00,72.85,72.87,72.85,72.85,819581.76,25.0
CCMFUT,02/02/2026 10:02:00,72.84,72.84,72.84,72.84,65555.55,2.0
CCMFUT,02/02/2026 10:01:00,72.82,72.84,72.81,72.84,360474.99,11.0
CCMFUT,02/02/2026 10:00:00,72.78,72.8,72.77,72.8,425803.15,13.0
CCMFUT,02/02/2026 09:59:00,72.81,72.81,72.77,72.8,491316.06,15.0
CCMFUT,02/02/2026 09:58:00,72.82,72.85,72.82,72.85,655598.14,20.0
CCMFUT,02/02/2026 09:57:00,72.78,72.83,72.77,72.83,327540.88,10.0
CCMFUT,02/02/2026 09:56:00,72.78,72.8,72.78,72.8,98267.0,3.0
CCMFUT,02/02/2026 09:55:00,72.74,72.74,72.67,72.74,1014429.26,31.0
CCMFUT,02/02/2026 09:54:00,72.73,72.8,72.72,72.8,3404601.29,104.0
CCMFUT,02/02/2026 09:53:00,72.7,72.74,72.7,72.73,556426.3,17.0
CCMFUT,02/02/2026 09:52:00,72.68,72.69,72.68,72.69,196249.76,6.0
CCMFUT,02/02/2026 09:51:00,72.68,72.68,72.68,72.68,32706.71,1.0
CCMFUT,02/02/2026 09:50:00,72.69,72.69,72.66,72.69,359769.12,11.0
CCMFUT,02/02/2026 09:48:00,72.71,72.71,72.67,72.7,196259.24,6.0
CCMFUT,02/02/2026 09:46:00,72.72,72.74,72.72,72.74,294587.83,9.0
CCMFUT,02/02/2026 09:45:00,72.73,72.76,72.73,72.73,883858.22,27.0
CCMFUT,02/02/2026 09:43:00,72.71,72.72,72.71,72.72,65446.59,2.0
CCMFUT,02/02/2026 09:42:00,72.7,72.7,72.7,72.7,261729.52,8.0
CCMFUT,02/02/2026 09:41:00,72.68,72.7,72.68,72.7,98134.36,3.0
CCMFUT,02/02/2026 09:40:00,72.67,72.67,72.64,72.64,457661.87,14.0
CCMFUT,02/02/2026 09:39:00,72.65,72.65,72.64,72.65,163453.04,5.0
CCMFUT,02/02/2026 09:38:00,72.65,72.65,72.64,72.64,163457.78,5.0
CCMFUT,02/02/2026 09:37:00,72.63,72.68,72.63,72.68,457614.5,14.0
CCMFUT,02/02/2026 09:36:00,72.62,72.63,72.61,72.63,163400.93,5.0
CCMFUT,02/02/2026 09:35:00,72.59,72.63,72.54,72.63,881735.89,27.0
CCMFUT,02/02/2026 09:34:00,72.65,72.65,72.57,72.62,2875921.7,88.0
CCMFUT,02/02/2026 09:33:00,72.68,72.68,72.65,72.65,523212.69,16.0
CCMFUT,02/02/2026 09:32:00,72.7,72.7,72.69,72.69,65427.64,2.0
CCMFUT,02/02/2026 09:31:00,72.7,72.7,72.68,72.68,228994.38,7.0
CCMFUT,02/02/2026 09:30:00,72.69,72.71,72.69,72.71,359854.4,11.0
CCMFUT,02/02/2026 09:29:00,72.67,72.69,72.67,72.69,65413.43,2.0
CCMFUT,02/02/2026 09:28:00,72.69,72.69,72.68,72.68,98129.62,3.0
CCMFUT,02/02/2026 09:26:00,72.69,72.69,72.65,72.66,784823.77,24.0
CCMFUT,02/02/2026 09:25:00,72.7,72.7,72.67,72.68,392513.74,12.0
CCMFUT,02/02/2026 09:24:00,72.78,72.78,72.67,72.67,1112753.11,34.0
CCMFUT,02/02/2026 09:23:00,72.79,72.8,72.79,72.8,65512.91,2.0
CCMFUT,02/02/2026 09:22:00,72.82,72.85,72.82,72.82,1442335.8,44.0
CCMFUT,02/02/2026 09:21:00,72.8,72.8,72.8,72.8,65517.65,2.0
CCMFUT,02/02/2026 09:20:00,72.79,72.8,72.79,72.8,65512.91,2.0
CCMFUT,02/02/2026 09:19:00,72.78,72.78,72.78,72.78,32749.35,1.0
CCMFUT,02/02/2026 09:18:00,72.82,72.82,72.8,72.8,163822.55,5.0
CCMFUT,02/02/2026 09:16:00,72.81,72.81,72.78,72.78,131016.35,4.0
CCMFUT,02/02/2026 09:12:00,72.77,72.77,72.77,72.77,163723.07,5.0
CCMFUT,02/02/2026 09:10:00,72.79,72.79,72.78,72.78,262018.49,8.0
CCMFUT,02/02/2026 09:08:00,72.83,72.86,72.83,72.83,2130536.43,65.0
CCMFUT,02/02/2026 09:07:00,72.85,72.85,72.82,72.82,196680.86,6.0
CCMFUT,02/02/2026 09:06:00,72.83,72.85,72.83,72.85,65555.55,2.0
CCMFUT,02/02/2026 09:05:00,72.82,72.87,72.82,72.85,2720924.84,83.0
CCMFUT,02/02/2026 09:04:00,72.81,72.93,72.77,72.85,3179377.85,97.0
CCMFUT,02/02/2026 09:03:00,72.78,72.83,72.78,72.83,491510.29,15.0
CCMFUT,02/02/2026 09:02:00,72.61,72.77,72.61,72.77,556113.63,17.0
CCMFUT,02/02/2026 09:01:00,72.8,72.85,72.66,72.66,720414.66,22.0
CCMFUT,02/02/2026 09:00:00,72.78,72.84,72.67,72.79,851407.33,26.0
CCMFUT,01/28/2026 17:05:00,71.39,71.65,71.39,71.45,4152956.89,129.0
CCMFUT,01/28/2026 16:19:00,71.52,71.54,71.5,71.54,1158800.23,36.0
CCMFUT,01/28/2026 16:18:00,71.51,71.56,71.51,71.56,193151.53,6.0
CCMFUT,01/28/2026 16:17:00,71.56,71.56,71.53,71.53,386307.8,12.0
CCMFUT,01/28/2026 16:16:00,71.58,71.59,71.54,71.59,3672224.08,114.0
CCMFUT,01/28/2026 16:15:00,71.59,71.61,71.57,71.57,3833412.66,119.0
CCMFUT,01/28/2026 16:14:00,71.53,71.62,71.53,71.59,6506329.13,202.0
CCMFUT,01/28/2026 16:13:00,71.47,71.57,71.47,71.53,3926719.65,122.0
CCMFUT,01/28/2026 16:12:00,71.45,71.47,71.45,71.45,482296.13,15.0
CCMFUT,01/28/2026 16:11:00,71.42,71.44,71.41,71.43,932136.63,29.0
CCMFUT,01/28/2026 16:10:00,71.41,71.41,71.38,71.41,2184201.21,68.0
CCMFUT,01/28/2026 16:09:00,71.41,71.41,71.41,71.41,32133.49,1.0
CCMFUT,01/28/2026 16:07:00,71.41,71.41,71.41,71.41,32133.49,1.0
CCMFUT,01/28/2026 16:06:00,71.41,71.41,71.38,71.4,2505360.87,78.0
CCMFUT,01/28/2026 16:05:00,71.41,71.41,71.4,71.4,257034.79,8.0
CCMFUT,01/28/2026 16:04:00,71.4,71.4,71.4,71.4,289158.81,9.0
CCMFUT,01/28/2026 16:03:00,71.41,71.41,71.41,71.41,128533.98,4.0
CCMFUT,01/28/2026 16:02:00,71.44,71.45,71.41,71.41,1060528.49,33.0
CCMFUT,01/28/2026 16:01:00,71.41,71.43,71.41,71.43,417830.17,13.0
CCMFUT,01/28/2026 15:59:00,71.4,71.4,71.4,71.4,128515.03,4.0
CCMFUT,01/28/2026 15:58:00,71.41,71.41,71.4,71.4,128524.5,4.0
CCMFUT,01/28/2026 15:57:00,71.4,71.4,71.4,71.4,96386.27,3.0
CCMFUT,01/28/2026 15:56:00,71.38,71.38,71.38,71.38,706624.21,22.0
CCMFUT,01/28/2026 15:55:00,71.4,71.4,71.38,71.38,96376.8,3.0
CCMFUT,01/28/2026 15:53:00,71.41,71.41,71.38,71.38,7130608.59,222.0
CCMFUT,01/28/2026 15:52:00,71.39,71.39,71.38,71.38,321211.77,10.0
CCMFUT,01/28/2026 15:50:00,71.41,71.41,71.39,71.39,610455.86,19.0
CCMFUT,01/28/2026 15:49:00,71.44,71.44,71.41,71.42,2153564.72,67.0
CCMFUT,01/28/2026 15:48:00,71.45,71.45,71.44,71.44,482281.92,15.0
CCMFUT,01/28/2026 15:47:00,71.45,71.45,71.45,71.45,643048.88,20.0
CCMFUT,01/28/2026 15:46:00,71.45,71.45,71.43,71.45,417972.3,13.0
CCMFUT,01/28/2026 15:44:00,71.44,71.44,71.43,71.43,192881.5,6.0
CCMFUT,01/28/2026 15:43:00,71.44,71.44,71.44,71.44,32147.71,1.0
CCMFUT,01/28/2026 15:41:00,71.44,71.44,71.44,71.44,32147.71,1.0
CCMFUT,01/28/2026 15:39:00,71.46,71.46,71.44,71.44,225090.79,7.0
CCMFUT,01/28/2026 15:38:00,71.47,71.47,71.46,71.46,64319.1,2.0
CCMFUT,01/28/2026 15:36:00,71.49,71.5,71.49,71.49,611313.32,19.0
CCMFUT,01/28/2026 15:35:00,71.48,71.49,71.48,71.49,514675.97,16.0
CCMFUT,01/28/2026 15:34:00,71.47,71.49,71.47,71.48,1061490.17,33.0
CCMFUT,01/28/2026 15:33:00,71.46,71.47,71.46,71.46,1125610.3,35.0
CCMFUT,01/28/2026 15:32:00,71.45,71.45,71.43,71.44,610759.05,19.0
CCMFUT,01/28/2026 15:31:00,71.45,71.45,71.45,71.45,32152.44,1.0
CCMFUT,01/28/2026 15:30:00,71.44,71.44,71.43,71.43,321448.64,10.0
CCMFUT,01/28/2026 15:29:00,71.45,71.46,71.45,71.46,96466.81,3.0
CCMFUT,01/28/2026 15:28:00,71.45,71.45,71.45,71.45,32152.44,1.0
CCMFUT,01/28/2026 15:26:00,71.43,71.43,71.41,71.41,64276.46,2.0
CCMFUT,01/28/2026 15:25:00,71.43,71.43,71.43,71.43,160714.85,5.0
CCMFUT,01/28/2026 15:21:00,71.48,71.48,71.46,71.46,578952.43,18.0
CCMFUT,01/28/2026 15:20:00,71.48,71.48,71.48,71.48,932833.02,29.0
CCMFUT,01/28/2026 15:19:00,71.49,71.49,71.48,71.48,772004.48,24.0
CCMFUT,01/28/2026 15:18:00,71.48,71.5,71.46,71.48,2122819.27,66.0
CCMFUT,01/28/2026 15:17:00,71.47,71.48,71.46,71.46,1254447.47,39.0
CCMFUT,01/28/2026 15:16:00,71.47,71.5,71.43,71.46,1543378.89,48.0
CCMFUT,01/28/2026 15:15:00,71.41,71.48,71.41,71.47,1672249.22,52.0
CCMFUT,01/28/2026 15:14:00,71.41,71.43,71.39,71.39,1285363.46,40.0
CCMFUT,01/28/2026 15:13:00,71.4,71.4,71.39,71.39,738876.14,23.0
CCMFUT,01/28/2026 15:12:00,71.42,71.42,71.39,71.39,2345261.88,73.0
CCMFUT,01/28/2026 15:10:00,71.43,71.43,71.41,71.41,321363.37,10.0
CCMFUT,01/28/2026 15:09:00,71.45,71.45,71.43,71.43,321448.64,10.0
CCMFUT,01/28/2026 15:08:00,71.45,71.45,71.45,71.45,32152.44,1.0
CCMFUT,01/28/2026 15:07:00,71.48,71.48,71.44,71.44,450314.23,14.0
CCMFUT,01/28/2026 15:05:00,71.48,71.48,71.48,71.48,418166.53,13.0
CCMFUT,01/28/2026 15:04:00,71.48,71.49,71.48,71.48,3088003.71,96.0
CCMFUT,01/28/2026 15:02:00,71.47,71.47,71.47,71.47,64323.84,2.0
CCMFUT,01/28/2026 14:58:00,71.48,71.49,71.48,71.48,160838.02,5.0
CCMFUT,01/28/2026 14:57:00,71.47,71.48,71.45,71.45,643219.42,20.0
CCMFUT,01/28/2026 14:56:00,71.47,71.47,71.47,71.47,32161.92,1.0
CCMFUT,01/28/2026 14:55:00,71.45,71.46,71.45,71.46,96466.81,3.0
CCMFUT,01/28/2026 14:54:00,71.41,71.45,71.41,71.43,289286.72,9.0
CCMFUT,01/28/2026 14:53:00,71.39,71.41,71.39,71.41,353449.49,11.0
CCMFUT,01/28/2026 14:52:00,71.41,71.41,71.38,71.38,1798892.99,56.0
CCMFUT,01/28/2026 14:51:00,71.41,71.43,71.41,71.41,224953.41,7.0
CCMFUT,01/28/2026 14:50:00,71.41,71.41,71.41,71.41,96400.48,3.0
CCMFUT,01/28/2026 14:49:00,71.46,71.46,71.42,71.42,482191.91,15.0
CCMFUT,01/28/2026 14:46:00,71.46,71.46,71.46,71.46,32157.18,1.0
CCMFUT,01/28/2026 14:45:00,71.47,71.47,71.47,71.47,353781.1,11.0
CCMFUT,01/28/2026 14:43:00,71.51,71.51,71.46,71.48,836475.18,26.0
CCMFUT,01/28/2026 14:42:00,71.51,71.51,71.51,71.51,321808.68,10.0
CCMFUT,01/28/2026 14:41:00,71.49,71.49,71.49,71.49,32171.39,1.0
CCMFUT,01/28/2026 14:40:00,71.51,71.51,71.5,71.51,225256.6,7.0
CCMFUT,01/28/2026 14:39:00,71.51,71.53,71.5,71.53,514931.79,16.0
CCMFUT,01/28/2026 14:38:00,71.5,71.51,71.5,71.51,96537.87,3.0
CCMFUT,01/28/2026 14:37:00,71.49,71.49,71.49,71.49,128685.57,4.0
CCMFUT,01/28/2026 14:36:00,71.48,71.49,71.46,71.49,1737023.11,54.0
CCMFUT,01/28/2026 14:35:00,71.51,71.51,71.47,71.48,450352.13,14.0
CCMFUT,01/28/2026 14:34:00,71.47,71.51,71.43,71.48,4759603.91,148.0
CCMFUT,01/28/2026 14:33:00,71.5,71.5,71.44,71.47,2509008.64,78.0
CCMFUT,01/28/2026 14:32:00,71.51,71.53,71.49,71.53,965520.79,30.0
CCMFUT,01/28/2026 14:31:00,71.53,71.54,71.51,71.51,321832.37,10.0
CCMFUT,01/28/2026 14:30:00,71.54,71.57,71.54,71.57,64399.63,2.0
CCMFUT,01/28/2026 14:29:00,71.54,71.54,71.52,71.53,1480779.45,46.0
CCMFUT,01/28/2026 14:28:00,71.57,71.57,71.57,71.57,322045.55,10.0
CCMFUT,01/28/2026 14:26:00,71.56,71.56,71.56,71.56,64399.63,2.0
CCMFUT,01/28/2026 14:24:00,71.57,71.57,71.56,71.56,418649.74,13.0
CCMFUT,01/28/2026 14:23:00,71.57,71.57,71.57,71.57,64409.11,2.0
CCMFUT,01/28/2026 14:21:00,71.56,71.56,71.56,71.56,128799.27,4.0
CCMFUT,01/28/2026 14:20:00,71.57,71.57,71.54,71.54,96604.19,3.0
CCMFUT,01/28/2026 14:19:00,71.57,71.57,71.56,71.57,161018.04,5.0
CCMFUT,01/28/2026 14:15:00,71.57,71.57,71.57,71.57,96613.66,3.0
CCMFUT,01/28/2026 14:10:00,71.56,71.59,71.56,71.59,64413.85,2.0
CCMFUT,01/28/2026 14:09:00,71.59,71.59,71.59,71.59,740922.68,23.0
CCMFUT,01/28/2026 14:08:00,71.65,71.65,71.59,71.59,966918.31,30.0
CCMFUT,01/28/2026 14:03:00,71.62,71.62,71.62,71.62,32228.24,1.0
CCMFUT,01/28/2026 14:02:00,71.64,71.64,71.64,71.64,451328.03,14.0
CCMFUT,01/28/2026 14:01:00,71.7,71.7,71.66,71.66,290328.94,9.0
CCMFUT,01/28/2026 14:00:00,71.68,71.78,71.68,71.72,1581680.42,49.0
CCMFUT,01/28/2026 13:59:00,71.59,71.69,71.59,71.69,676887.82,21.0
CCMFUT,01/28/2026 13:58:00,71.58,71.59,71.58,71.59,161060.67,5.0
CCMFUT,01/28/2026 13:56:00,71.51,71.59,71.51,71.59,1159264.49,36.0
CCMFUT,01/28/2026 13:54:00,71.54,71.57,71.53,71.54,1126695.16,35.0
CCMFUT,01/28/2026 13:53:00,71.53,71.58,71.48,71.58,1898628.58,59.0
CCMFUT,01/28/2026 13:52:00,71.62,71.62,71.53,71.53,3736822.69,116.0
CCMFUT,01/28/2026 13:51:00,71.64,71.64,71.62,71.62,322334.53,10.0
CCMFUT,01/28/2026 13:50:00,71.66,71.66,71.64,71.64,902736.59,28.0
CCMFUT,01/28/2026 13:49:00,71.69,71.69,71.67,71.67,3999267.54,124.0
CCMFUT,01/28/2026 13:47:00,71.7,71.7,71.7,71.7,32266.14,1.0
CCMFUT,01/28/2026 13:45:00,71.69,71.69,71.69,71.69,32261.4,1.0
CCMFUT,01/28/2026 13:44:00,71.7,71.71,71.69,71.69,677626.85,21.0
CCMFUT,01/28/2026 13:43:00,71.69,71.69,71.69,71.69,96784.21,3.0
CCMFUT,01/28/2026 13:42:00,71.65,71.69,71.65,71.69,1903380.15,59.0
CCMFUT,01/28/2026 13:37:00,71.68,71.68,71.68,71.68,322566.66,10.0
CCMFUT,01/28/2026 13:36:00,71.68,71.69,71.67,71.68,1322618.04,41.0
CCMFUT,01/28/2026 13:35:00,71.68,71.68,71.66,71.68,709589.8,22.0
CCMFUT,01/28/2026 13:34:00,71.68,71.68,71.68,71.68,96770.0,3.0
CCMFUT,01/28/2026 13:33:00,71.69,71.69,71.68,71.68,258077.01,8.0
CCMFUT,01/28/2026 13:32:00,71.68,71.68,71.68,71.68,709646.65,22.0
CCMFUT,01/28/2026 13:30:00,71.68,71.68,71.68,71.68,32256.67,1.0
CCMFUT,01/28/2026 13:28:00,71.68,71.69,71.68,71.69,580672.09,18.0
CCMFUT,01/28/2026 13:27:00,71.68,71.68,71.68,71.68,290309.99,9.0
CCMFUT,01/28/2026 13:25:00,71.68,71.69,71.68,71.69,451645.43,14.0
CCMFUT,01/28/2026 13:24:00,71.68,71.69,71.68,71.69,419393.5,13.0
CCMFUT,01/28/2026 13:20:00,71.69,71.69,71.68,71.68,1290408.75,40.0
CCMFUT,01/28/2026 13:19:00,71.69,71.69,71.69,71.69,64522.81,2.0
CCMFUT,01/28/2026 13:17:00,71.67,71.74,71.67,71.72,1871194.54,58.0
CCMFUT,01/28/2026 13:16:00,71.67,71.67,71.65,71.65,161231.22,5.0
CCMFUT,01/28/2026 13:15:00,71.69,71.69,71.69,71.69,290352.63,9.0
CCMFUT,01/28/2026 13:14:00,71.67,71.67,71.67,71.67,516030.85,16.0
CCMFUT,01/28/2026 13:13:00,71.65,71.67,71.65,71.67,483745.76,15.0
CCMFUT,01/28/2026 13:11:00,71.62,71.62,71.62,71.62,161141.21,5.0
CCMFUT,01/28/2026 13:07:00,71.62,71.62,71.62,71.62,64456.48,2.0
CCMFUT,01/28/2026 13:05:00,71.62,71.65,71.62,71.65,193435.77,6.0
CCMFUT,01/28/2026 13:04:00,71.63,71.64,71.63,71.64,193421.56,6.0
CCMFUT,01/28/2026 13:03:00,71.63,71.63,71.63,71.63,32232.98,1.0
CCMFUT,01/28/2026 13:02:00,71.6,71.63,71.6,71.63,451166.96,14.0
CCMFUT,01/28/2026 12:59:00,71.61,71.61,71.61,71.61,32223.5,1.0
CCMFUT,01/28/2026 12:56:00,71.65,71.69,71.59,71.61,7410681.16,230.0
CCMFUT,01/28/2026 12:53:00,71.67,71.67,71.64,71.64,322448.22,10.0
CCMFUT,01/28/2026 12:52:00,71.66,71.67,71.66,71.67,193506.83,6.0
CCMFUT,01/28/2026 12:51:00,71.63,71.63,71.63,71.63,32232.98,1.0
CCMFUT,01/28/2026 12:50:00,71.6,71.6,71.6,71.6,64437.53,2.0
CCMFUT,01/28/2026 12:49:00,71.59,71.59,71.59,71.59,2319410.13,72.0
CCMFUT,01/28/2026 12:48:00,71.6,71.6,71.6,71.6,64437.53,2.0
CCMFUT,01/28/2026 12:47:00,71.6,71.61,71.6,71.61,64442.27,2.0
CCMFUT,01/28/2026 12:46:00,71.61,71.61,71.59,71.61,773226.72,24.0
CCMFUT,01/28/2026 12:45:00,71.65,71.65,71.61,71.61,2965836.74,92.0
CCMFUT,01/28/2026 12:44:00,71.65,71.65,71.65,71.65,96727.36,3.0
CCMFUT,01/28/2026 12:43:00,71.68,71.68,71.68,71.68,32256.67,1.0
CCMFUT,01/28/2026 12:40:00,71.66,71.67,71.66,71.67,225758.76,7.0
CCMFUT,01/28/2026 12:38:00,71.67,71.67,71.67,71.67,32251.93,1.0
CCMFUT,01/28/2026 12:37:00,71.67,71.68,71.67,71.68,64508.59,2.0
CCMFUT,01/28/2026 12:35:00,71.68,71.68,71.67,71.67,129017.19,4.0
CCMFUT,01/28/2026 12:33:00,71.67,71.67,71.67,71.67,32251.93,1.0
CCMFUT,01/28/2026 12:32:00,71.67,71.67,71.67,71.67,32251.93,1.0
CCMFUT,01/28/2026 12:26:00,71.72,71.72,71.7,71.7,129092.99,4.0
CCMFUT,01/28/2026 12:24:00,71.71,71.71,71.71,71.71,96812.63,3.0
CCMFUT,01/28/2026 12:22:00,71.72,71.72,71.7,71.7,258157.55,8.0
CCMFUT,01/28/2026 12:20:00,71.69,71.7,71.67,71.68,419303.49,13.0
CCMFUT,01/28/2026 12:17:00,71.72,71.72,71.7,71.7,322694.57,10.0
CCMFUT,01/28/2026 12:14:00,71.72,71.72,71.72,71.72,32275.62,1.0
CCMFUT,01/28/2026 12:12:00,71.73,71.74,71.73,71.73,129130.88,4.0
CCMFUT,01/28/2026 12:09:00,71.74,71.78,71.74,71.74,322921.96,10.0
CCMFUT,01/28/2026 12:08:00,71.71,71.74,71.71,71.74,193677.38,6.0
CCMFUT,01/28/2026 12:07:00,71.74,71.74,71.74,71.74,64570.18,2.0
CCMFUT,01/28/2026 12:05:00,71.67,71.74,71.67,71.74,806866.69,25.0
CCMFUT,01/28/2026 12:04:00,71.71,71.71,71.66,71.66,999790.83,31.0
CCMFUT,01/28/2026 12:03:00,71.74,71.74,71.69,71.69,290485.27,9.0
CCMFUT,01/28/2026 12:02:00,71.74,71.74,71.73,71.74,516537.75,16.0
CCMFUT,01/28/2026 12:01:00,71.74,71.74,71.73,71.73,64565.44,2.0
CCMFUT,01/28/2026 11:59:00,71.74,71.76,71.74,71.76,96860.01,3.0
CCMFUT,01/28/2026 11:58:00,71.74,71.74,71.74,71.74,32285.09,1.0
CCMFUT,01/28/2026 11:52:00,71.78,71.78,71.77,71.77,64593.87,2.0
CCMFUT,01/28/2026 11:51:00,71.8,71.8,71.8,71.8,32308.78,1.0
CCMFUT,01/28/2026 11:49:00,71.78,71.78,71.78,71.78,64598.6,2.0
CCMFUT,01/28/2026 11:44:00,71.8,71.8,71.8,71.8,1163115.96,36.0
CCMFUT,01/28/2026 11:42:00,71.81,71.81,71.81,71.81,32313.51,1.0
CCMFUT,01/28/2026 11:37:00,71.83,71.83,71.8,71.8,969377.0,30.0
CCMFUT,01/28/2026 11:35:00,71.82,71.82,71.82,71.82,32318.25,1.0
CCMFUT,01/28/2026 11:34:00,71.87,71.87,71.85,71.85,388008.51,12.0
CCMFUT,01/28/2026 11:33:00,71.8,71.85,71.79,71.85,2003376.28,62.0
CCMFUT,01/28/2026 11:31:00,71.8,71.8,71.8,71.8,807719.42,25.0
CCMFUT,01/28/2026 11:29:00,71.77,71.78,71.74,71.78,613535.14,19.0
CCMFUT,01/28/2026 11:28:00,71.79,71.8,71.79,71.79,290741.09,9.0
CCMFUT,01/28/2026 11:27:00,71.78,71.79,71.78,71.79,96907.38,3.0
CCMFUT,01/28/2026 11:26:00,71.78,71.8,71.78,71.8,129220.89,4.0
CCMFUT,01/28/2026 11:25:00,71.8,71.8,71.8,71.8,64617.55,2.0
CCMFUT,01/28/2026 11:24:00,71.81,71.81,71.8,71.81,1260051.76,39.0
CCMFUT,01/28/2026 11:23:00,71.82,71.82,71.76,71.78,1163049.64,36.0
CCMFUT,01/28/2026 11:22:00,71.83,71.84,71.83,71.84,96973.7,3.0
CCMFUT,01/28/2026 11:21:00,71.87,71.87,71.85,71.85,1131858.88,35.0
CCMFUT,01/28/2026 11:20:00,71.88,71.88,71.88,71.88,129386.7,4.0
CCMFUT,01/28/2026 11:16:00,71.88,71.9,71.88,71.88,97049.5,3.0
CCMFUT,01/28/2026 11:15:00,71.86,71.87,71.86,71.87,64679.14,2.0
CCMFUT,01/28/2026 11:12:00,71.88,71.88,71.88,71.88,194080.05,6.0
CCMFUT,01/28/2026 11:11:00,71.89,71.89,71.89,71.89,32351.41,1.0
CCMFUT,01/28/2026 11:09:00,71.9,71.9,71.9,71.9,161780.75,5.0
CCMFUT,01/28/2026 11:08:00,71.91,71.91,71.89,71.89,3785617.47,117.0
CCMFUT,01/28/2026 11:07:00,71.9,71.9,71.9,71.9,32356.15,1.0
CCMFUT,01/28/2026 11:02:00,71.92,71.92,71.92,71.92,194193.75,6.0
CCMFUT,01/28/2026 10:59:00,71.9,71.9,71.9,71.9,226493.05,7.0
CCMFUT,01/28/2026 10:58:00,71.91,71.91,71.91,71.91,32360.89,1.0
CCMFUT,01/28/2026 10:57:00,71.92,71.96,71.92,71.92,744542.02,23.0
CCMFUT,01/28/2026 10:55:00,71.9,71.9,71.9,71.9,32356.15,1.0
CCMFUT,01/28/2026 10:54:00,71.92,71.92,71.92,71.92,194193.75,6.0
CCMFUT,01/28/2026 10:52:00,71.91,71.91,71.91,71.91,32360.89,1.0
CCMFUT,01/28/2026 10:48:00,71.92,71.92,71.92,71.92,161828.12,5.0
CCMFUT,01/28/2026 10:47:00,71.9,71.9,71.83,71.9,3428965.52,106.0
CCMFUT,01/28/2026 10:46:00,71.9,71.9,71.9,71.9,64712.3,2.0
CCMFUT,01/28/2026 10:45:00,71.92,71.92,71.91,71.91,64726.51,2.0
CCMFUT,01/28/2026 10:44:00,71.9,71.9,71.9,71.9,323561.5,10.0
CCMFUT,01/28/2026 10:42:00,71.92,71.93,71.92,71.92,356031.35,11.0
CCMFUT,01/28/2026 10:41:00,71.9,71.91,71.9,71.91,355941.34,11.0
CCMFUT,01/28/2026 10:37:00,71.93,71.93,71.91,71.91,64731.25,2.0
CCMFUT,01/28/2026 10:35:00,71.9,71.9,71.9,71.9,32356.15,1.0
CCMFUT,01/28/2026 10:34:00,71.9,71.9,71.9,71.9,32356.15,1.0
CCMFUT,01/28/2026 10:31:00,71.93,71.93,71.92,71.92,64735.99,2.0
CCMFUT,01/28/2026 10:30:00,71.93,71.93,71.93,71.93,32370.36,1.0
CCMFUT,01/28/2026 10:29:00,71.96,71.99,71.91,71.91,485678.61,15.0
CCMFUT,01/28/2026 10:26:00,71.94,71.94,71.94,71.94,32375.1,1.0
CCMFUT,01/28/2026 10:25:00,71.91,71.93,71.91,71.93,97101.61,3.0
CCMFUT,01/28/2026 10:21:00,71.93,71.93,71.93,71.93,32370.36,1.0
CCMFUT,01/28/2026 10:20:00,71.93,71.94,71.9,71.9,388387.5,12.0
CCMFUT,01/28/2026 10:19:00,71.96,71.96,71.94,71.94,97130.04,3.0
CCMFUT,01/28/2026 10:18:00,71.94,71.98,71.94,71.98,194307.45,6.0
CCMFUT,01/28/2026 10:17:00,71.97,72.08,71.97,72.01,2721933.9,84.0
CCMFUT,01/28/2026 10:14:00,71.94,71.97,71.94,71.97,97139.51,3.0
CCMFUT,01/28/2026 10:13:00,71.96,71.96,71.96,71.96,97139.51,3.0
CCMFUT,01/28/2026 10:12:00,71.96,71.96,71.96,71.96,64759.67,2.0
CCMFUT,01/28/2026 10:11:00,71.94,71.94,71.94,71.94,420876.3,13.0
CCMFUT,01/28/2026 10:10:00,71.87,71.94,71.87,71.94,258901.31,8.0
CCMFUT,01/28/2026 10:09:00,71.88,71.88,71.88,71.88,32346.68,1.0
CCMFUT,01/28/2026 10:08:00,71.85,71.86,71.85,71.86,97006.87,3.0
CCMFUT,01/28/2026 10:04:00,71.83,71.85,71.83,71.85,420208.33,13.0
CCMFUT,01/28/2026 10:03:00,71.88,71.88,71.85,71.85,291020.6,9.0
CCMFUT,01/28/2026 10:00:00,71.89,71.9,71.87,71.87,97049.5,3.0
CCMFUT,01/28/2026 09:57:00,71.9,71.9,71.9,71.9,97068.45,3.0
CCMFUT,01/28/2026 09:56:00,71.9,71.9,71.9,71.9,291205.35,9.0
CCMFUT,01/28/2026 09:55:00,71.92,71.92,71.92,71.92,32365.62,1.0
CCMFUT,01/28/2026 09:54:00,71.96,71.96,71.9,71.91,485550.7,15.0
CCMFUT,01/28/2026 09:50:00,71.89,71.97,71.89,71.93,615126.89,19.0
CCMFUT,01/28/2026 09:48:00,71.88,71.88,71.87,71.87,64688.61,2.0
CCMFUT,01/28/2026 09:47:00,71.9,71.91,71.9,71.91,226502.53,7.0
CCMFUT,01/28/2026 09:45:00,71.86,71.91,71.86,71.91,679360.72,21.0
CCMFUT,01/28/2026 09:44:00,71.77,71.85,71.77,71.85,549315.53,17.0
CCMFUT,01/28/2026 09:42:00,71.77,71.78,71.77,71.77,645896.03,20.0
CCMFUT,01/28/2026 09:41:00,71.74,71.74,71.72,71.72,129121.41,4.0
CCMFUT,01/28/2026 09:40:00,71.78,71.79,71.78,71.79,64603.34,2.0
CCMFUT,01/28/2026 09:38:00,71.8,71.85,71.71,71.71,1550195.95,48.0
CCMFUT,01/28/2026 09:37:00,71.81,71.81,71.79,71.8,258474.95,8.0
CCMFUT,01/28/2026 09:36:00,71.82,71.82,71.82,71.82,32318.25,1.0
CCMFUT,01/28/2026 09:34:00,71.79,71.87,71.79,71.87,1551375.55,48.0
CCMFUT,01/28/2026 09:33:00,71.7,71.8,71.7,71.8,1162424.31,36.0
CCMFUT,01/28/2026 09:32:00,71.64,71.69,71.64,71.67,1709693.29,53.0
CCMFUT,01/28/2026 09:31:00,71.6,71.6,71.6,71.6,161093.83,5.0
CCMFUT,01/28/2026 09:30:00,71.61,71.62,71.57,71.57,483276.77,15.0
CCMFUT,01/28/2026 09:29:00,71.62,71.62,71.62,71.62,96684.72,3.0
CCMFUT,01/28/2026 09:28:00,71.57,71.66,71.56,71.62,805393.37,25.0
CCMFUT,01/28/2026 09:27:00,71.66,71.66,71.49,71.59,5798885.35,180.0
CCMFUT,01/28/2026 09:26:00,71.71,71.71,71.68,71.68,806601.4,25.0
CCMFUT,01/28/2026 09:25:00,71.71,71.71,71.71,71.71,32270.88,1.0
CCMFUT,01/28/2026 09:24:00,71.73,71.73,71.7,71.7,64546.49,2.0
CCMFUT,01/28/2026 09:23:00,71.71,71.72,71.7,71.7,193625.27,6.0
CCMFUT,01/28/2026 09:20:00,71.77,71.77,71.72,71.72,322831.95,10.0
CCMFUT,01/28/2026 09:19:00,71.78,71.81,71.76,71.76,258389.68,8.0
CCMFUT,01/28/2026 09:18:00,71.78,71.8,71.78,71.8,193833.71,6.0
CCMFUT,01/28/2026 09:17:00,71.72,71.8,71.71,71.78,613563.57,19.0
CCMFUT,01/28/2026 09:16:00,71.8,71.82,71.74,71.74,1033553.98,32.0
CCMFUT,01/28/2026 09:15:00,71.9,71.9,71.81,71.81,3363850.55,104.0
CCMFUT,01/28/2026 09:13:00,71.91,71.91,71.91,71.91,97082.66,3.0
CCMFUT,01/28/2026 09:12:00,71.96,71.96,71.9,71.9,388306.96,12.0
CCMFUT,01/28/2026 09:11:00,71.96,71.96,71.96,71.96,194279.02,6.0
CCMFUT,01/28/2026 09:09:00,71.9,71.94,71.9,71.94,1553189.96,48.0
CCMFUT,01/28/2026 09:08:00,71.91,71.91,71.86,71.87,355875.02,11.0
CCMFUT,01/28/2026 09:07:00,71.96,71.97,71.92,71.94,291347.47,9.0
CCMFUT,01/28/2026 09:06:00,71.88,71.96,71.88,71.96,258820.78,8.0
CCMFUT,01/28/2026 09:05:00,72.0,72.01,71.87,71.87,2267057.59,70.0
CCMFUT,01/28/2026 09:04:00,71.96,72.0,71.96,72.0,421061.05,13.0
CCMFUT,01/28/2026 09:03:00,72.03,72.11,72.0,72.01,2237477.53,69.0
CCMFUT,01/28/2026 09:02:00,71.99,72.04,71.99,72.03,1588037.96,49.0
CCMFUT,01/28/2026 09:01:00,71.92,71.98,71.89,71.97,1229907.96,38.0
CCMFUT,01/28/2026 09:00:00,72.02,72.02,71.92,71.92,1555250.71,48.0
CCMFUT,01/26/2026 17:05:00,72.57,72.82,72.57,72.82,2258615.62,69.0
CCMFUT,01/26/2026 16:19:00,72.63,72.64,72.59,72.63,686239.36,21.0
CCMFUT,01/26/2026 16:18:00,72.63,72.64,72.61,72.63,2941747.28,90.0
CCMFUT,01/26/2026 16:17:00,72.62,72.64,72.62,72.64,1013311.25,31.0
CCMFUT,01/26/2026 16:16:00,72.64,72.64,72.64,72.64,555692.01,17.0
CCMFUT,01/26/2026 16:15:00,72.62,72.64,72.62,72.64,490283.32,15.0
CCMFUT,01/26/2026 16:14:00,72.63,72.64,72.61,72.64,326820.8,10.0
CCMFUT,01/26/2026 16:13:00,72.63,72.63,72.59,72.62,816867.25,25.0
CCMFUT,01/26/2026 16:12:00,72.64,72.65,72.62,72.64,3824454.32,117.0
CCMFUT,01/26/2026 16:11:00,72.62,72.69,72.62,72.63,5262697.04,161.0
CCMFUT,01/26/2026 16:10:00,72.61,72.62,72.6,72.62,751581.73,23.0
CCMFUT,01/26/2026 16:09:00,72.64,72.64,72.58,72.61,3398177.44,104.0
CCMFUT,01/26/2026 16:08:00,72.63,72.64,72.63,72.64,4053207.09,124.0
CCMFUT,01/26/2026 16:07:00,72.63,72.64,72.62,72.63,2287916.17,70.0
CCMFUT,01/26/2026 16:06:00,72.6,72.62,72.6,72.62,392073.16,12.0
CCMFUT,01/26/2026 16:05:00,72.63,72.64,72.61,72.61,2843679.24,87.0
CCMFUT,01/26/2026 16:04:00,72.59,72.6,72.59,72.6,294005.13,9.0
CCMFUT,01/26/2026 16:03:00,72.59,72.59,72.59,72.59,32664.08,1.0
CCMFUT,01/26/2026 16:02:00,72.59,72.6,72.59,72.59,555317.76,17.0
CCMFUT,01/26/2026 16:01:00,72.64,72.65,72.57,72.59,2941230.9,90.0
CCMFUT,01/26/2026 16:00:00,72.6,72.67,72.6,72.64,2811076.75,86.0
CCMFUT,01/26/2026 15:59:00,72.6,72.6,72.6,72.6,65337.63,2.0
CCMFUT,01/26/2026 15:58:00,72.6,72.65,72.6,72.6,5883380.86,180.0
CCMFUT,01/26/2026 15:57:00,72.58,72.59,72.58,72.59,587939.2,18.0
CCMFUT,01/26/2026 15:56:00,72.52,72.56,72.52,72.54,1566786.17,48.0
CCMFUT,01/26/2026 15:55:00,72.51,72.53,72.51,72.52,130542.62,4.0
CCMFUT,01/26/2026 15:54:00,72.51,72.51,72.51,72.51,32630.92,1.0
CCMFUT,01/26/2026 15:51:00,72.51,72.51,72.51,72.51,32630.92,1.0
CCMFUT,01/26/2026 15:50:00,72.53,72.53,72.53,72.53,326403.92,10.0
CCMFUT,01/26/2026 15:48:00,72.53,72.53,72.53,72.53,32640.39,1.0
CCMFUT,01/26/2026 15:47:00,72.52,72.53,72.51,72.51,685415.06,21.0
CCMFUT,01/26/2026 15:45:00,72.51,72.53,72.51,72.53,97911.7,3.0
CCMFUT,01/26/2026 15:44:00,72.51,72.51,72.51,72.51,32630.92,1.0
CCMFUT,01/26/2026 15:43:00,72.51,72.51,72.51,72.51,97892.75,3.0
CCMFUT,01/26/2026 15:42:00,72.51,72.51,72.51,72.51,587356.51,18.0
CCMFUT,01/26/2026 15:41:00,72.52,72.52,72.52,72.52,97906.96,3.0
CCMFUT,01/26/2026 15:40:00,72.51,72.52,72.51,72.52,326351.81,10.0
CCMFUT,01/26/2026 15:37:00,72.53,72.53,72.51,72.51,97902.23,3.0
CCMFUT,01/26/2026 15:34:00,72.51,72.53,72.51,72.53,685258.73,21.0
CCMFUT,01/26/2026 15:33:00,72.52,72.52,72.51,72.51,65266.57,2.0
CCMFUT,01/26/2026 15:30:00,72.52,72.52,72.52,72.52,32635.65,1.0
CCMFUT,01/26/2026 15:29:00,72.53,72.53,72.53,72.53,32640.39,1.0
CCMFUT,01/26/2026 15:25:00,72.53,72.53,72.53,72.53,32640.39,1.0
CCMFUT,01/26/2026 15:23:00,72.5,72.51,72.5,72.51,228392.73,7.0
CCMFUT,01/26/2026 15:21:00,72.5,72.5,72.5,72.5,32626.18,1.0
CCMFUT,01/26/2026 15:20:00,72.54,72.59,72.53,72.53,1795870.56,55.0
CCMFUT,01/26/2026 15:17:00,72.58,72.58,72.58,72.58,32659.34,1.0
CCMFUT,01/26/2026 15:15:00,72.56,72.58,72.56,72.58,97968.55,3.0
CCMFUT,01/26/2026 15:14:00,72.57,72.57,72.57,72.57,163273.02,5.0
CCMFUT,01/26/2026 15:13:00,72.53,72.56,72.53,72.56,359082.21,11.0
CCMFUT,01/26/2026 15:09:00,72.53,72.53,72.53,72.53,32640.39,1.0
CCMFUT,01/26/2026 15:05:00,72.53,72.56,72.53,72.56,718164.41,22.0
CCMFUT,01/26/2026 15:04:00,72.53,72.53,72.53,72.53,32640.39,1.0
CCMFUT,01/26/2026 15:00:00,72.53,72.59,72.53,72.54,653096.81,20.0
CCMFUT,01/26/2026 14:58:00,72.53,72.53,72.53,72.53,65280.78,2.0
CCMFUT,01/26/2026 14:56:00,72.53,72.53,72.53,72.53,32640.39,1.0
CCMFUT,01/26/2026 14:50:00,72.5,72.57,72.5,72.57,750662.69,23.0
CCMFUT,01/26/2026 14:49:00,72.5,72.5,72.5,72.5,32626.18,1.0
CCMFUT,01/26/2026 14:45:00,72.5,72.51,72.48,72.5,522009.4,16.0
CCMFUT,01/26/2026 14:44:00,72.54,72.6,72.52,72.52,1241036.01,38.0
CCMFUT,01/26/2026 14:43:00,72.53,72.53,72.53,72.53,195842.35,6.0
CCMFUT,01/26/2026 14:41:00,72.54,72.54,72.53,72.53,97925.91,3.0
CCMFUT,01/26/2026 14:40:00,72.57,72.57,72.57,72.57,130618.41,4.0
CCMFUT,01/26/2026 14:38:00,72.54,72.54,72.54,72.54,32645.13,1.0
CCMFUT,01/26/2026 14:37:00,72.49,72.54,72.49,72.54,913874.12,28.0
CCMFUT,01/26/2026 14:35:00,72.49,72.49,72.49,72.49,32621.44,1.0
CCMFUT,01/26/2026 14:34:00,72.49,72.5,72.49,72.5,65247.62,2.0
CCMFUT,01/26/2026 14:33:00,72.5,72.5,72.5,72.5,32626.18,1.0
CCMFUT,01/26/2026 14:32:00,72.5,72.5,72.5,72.5,32626.18,1.0
CCMFUT,01/26/2026 14:31:00,72.49,72.49,72.48,72.48,65238.15,2.0
CCMFUT,01/26/2026 14:30:00,72.53,72.53,72.5,72.51,293687.73,9.0
CCMFUT,01/26/2026 14:29:00,72.56,72.56,72.53,72.53,130589.99,4.0
CCMFUT,01/26/2026 14:28:00,72.52,72.54,72.52,72.54,326380.23,10.0
CCMFUT,01/26/2026 14:26:00,72.48,72.5,72.48,72.5,195747.6,6.0
CCMFUT,01/26/2026 14:25:00,72.48,72.48,72.48,72.48,65233.41,2.0
CCMFUT,01/26/2026 14:22:00,72.47,72.47,72.47,72.47,32611.97,1.0
CCMFUT,01/26/2026 14:20:00,72.47,72.47,72.47,72.47,32611.97,1.0
CCMFUT,01/26/2026 14:18:00,72.46,72.46,72.46,72.46,32607.23,1.0
CCMFUT,01/26/2026 14:14:00,72.49,72.5,72.49,72.5,97873.8,3.0
CCMFUT,01/26/2026 14:10:00,72.49,72.49,72.48,72.48,65238.15,2.0
CCMFUT,01/26/2026 14:06:00,72.49,72.49,72.49,72.49,32621.44,1.0
CCMFUT,01/26/2026 14:05:00,72.49,72.49,72.49,72.49,32621.44,1.0
CCMFUT,01/26/2026 14:03:00,72.46,72.51,72.46,72.51,456662.29,14.0
CCMFUT,01/26/2026 13:59:00,72.46,72.46,72.46,72.46,32607.23,1.0
CCMFUT,01/26/2026 13:56:00,72.49,72.49,72.49,72.49,32621.44,1.0
CCMFUT,01/26/2026 13:55:00,72.51,72.51,72.49,72.49,65252.36,2.0
CCMFUT,01/26/2026 13:53:00,72.51,72.51,72.51,72.51,32630.92,1.0
CCMFUT,01/26/2026 13:52:00,72.51,72.51,72.51,72.51,32630.92,1.0
CCMFUT,01/26/2026 13:50:00,72.51,72.51,72.49,72.51,228402.21,7.0
CCMFUT,01/26/2026 13:48:00,72.45,72.48,72.44,72.48,1010629.9,31.0
CCMFUT,01/26/2026 13:47:00,72.51,72.51,72.48,72.48,326280.75,10.0
CCMFUT,01/26/2026 13:46:00,72.5,72.5,72.5,72.5,97878.54,3.0
CCMFUT,01/26/2026 13:45:00,72.48,72.48,72.48,72.48,97850.11,3.0
CCMFUT,01/26/2026 13:43:00,72.46,72.48,72.46,72.48,163064.57,5.0
CCMFUT,01/26/2026 13:40:00,72.44,72.44,72.44,72.44,32597.76,1.0
CCMFUT,01/26/2026 13:39:00,72.45,72.45,72.45,72.45,97807.48,3.0
CCMFUT,01/26/2026 13:35:00,72.46,72.46,72.46,72.46,65214.46,2.0
CCMFUT,01/26/2026 13:31:00,72.46,72.46,72.46,72.46,32607.23,1.0
CCMFUT,01/26/2026 13:30:00,72.46,72.46,72.46,72.46,65214.46,2.0
CCMFUT,01/26/2026 13:29:00,72.48,72.48,72.48,72.48,195700.23,6.0
CCMFUT,01/26/2026 13:26:00,72.48,72.48,72.48,72.48,163083.52,5.0
CCMFUT,01/26/2026 13:25:00,72.48,72.48,72.46,72.46,195676.54,6.0
CCMFUT,01/26/2026 13:22:00,72.48,72.48,72.48,72.48,32616.7,1.0
CCMFUT,01/26/2026 13:19:00,72.49,72.49,72.49,72.49,32621.44,1.0
CCMFUT,01/26/2026 13:18:00,72.5,72.5,72.5,72.5,32626.18,1.0
CCMFUT,01/26/2026 13:17:00,72.49,72.49,72.48,72.48,65238.15,2.0
CCMFUT,01/26/2026 13:15:00,72.48,72.48,72.48,72.48,32616.7,1.0
CCMFUT,01/26/2026 13:14:00,72.5,72.5,72.49,72.49,195742.87,6.0
CCMFUT,01/26/2026 13:11:00,72.48,72.48,72.48,72.48,32616.7,1.0
CCMFUT,01/26/2026 13:10:00,72.48,72.48,72.48,72.48,65233.41,2.0
CCMFUT,01/26/2026 13:08:00,72.52,72.52,72.52,72.52,163178.27,5.0
CCMFUT,01/26/2026 13:07:00,72.52,72.52,72.52,72.52,163178.27,5.0
CCMFUT,01/26/2026 13:06:00,72.5,72.5,72.5,72.5,32626.18,1.0
CCMFUT,01/26/2026 13:02:00,72.5,72.53,72.5,72.5,587451.25,18.0
CCMFUT,01/26/2026 13:01:00,72.53,72.54,72.53,72.54,163211.43,5.0
CCMFUT,01/26/2026 13:00:00,72.53,72.53,72.51,72.51,326389.7,10.0
CCMFUT,01/26/2026 12:59:00,72.51,72.51,72.51,72.51,65261.83,2.0
CCMFUT,01/26/2026 12:58:00,72.49,72.49,72.46,72.48,684927.12,21.0
CCMFUT,01/26/2026 12:56:00,72.5,72.5,72.5,72.5,32626.18,1.0
CCMFUT,01/26/2026 12:54:00,72.48,72.48,72.48,72.48,32616.7,1.0
CCMFUT,01/26/2026 12:52:00,72.48,72.48,72.48,72.48,32616.7,1.0
CCMFUT,01/26/2026 12:50:00,72.54,72.54,72.5,72.5,783246.23,24.0
CCMFUT,01/26/2026 12:47:00,72.56,72.56,72.56,72.56,130599.47,4.0
CCMFUT,01/26/2026 12:46:00,72.53,72.53,72.53,72.53,97921.18,3.0
CCMFUT,01/26/2026 12:45:00,72.51,72.51,72.51,72.51,32630.92,1.0
CCMFUT,01/26/2026 12:42:00,72.56,72.56,72.56,72.56,32649.87,1.0
CCMFUT,01/26/2026 12:41:00,72.56,72.58,72.56,72.58,391841.03,12.0
CCMFUT,01/26/2026 12:40:00,72.52,72.58,72.52,72.58,489634.3,15.0
CCMFUT,01/26/2026 12:38:00,72.51,72.51,72.51,72.51,32630.92,1.0
CCMFUT,01/26/2026 12:35:00,72.5,72.5,72.5,72.5,32626.18,1.0
CCMFUT,01/26/2026 12:34:00,72.5,72.51,72.5,72.51,163149.85,5.0
CCMFUT,01/26/2026 12:33:00,72.47,72.48,72.47,72.48,97840.64,3.0
CCMFUT,01/26/2026 12:31:00,72.45,72.46,72.45,72.46,260829.42,8.0
CCMFUT,01/26/2026 12:30:00,72.44,72.44,72.43,72.44,1727458.38,53.0
CCMFUT,01/26/2026 12:27:00,72.44,72.44,72.44,72.44,32597.76,1.0
CCMFUT,01/26/2026 12:26:00,72.44,72.44,72.44,72.44,32597.76,1.0
CCMFUT,01/26/2026 12:22:00,72.44,72.44,72.44,72.44,32597.76,1.0
CCMFUT,01/26/2026 12:20:00,72.45,72.45,72.45,72.45,32602.49,1.0
CCMFUT,01/26/2026 12:16:00,72.47,72.47,72.47,72.47,97835.9,3.0
CCMFUT,01/26/2026 12:15:00,72.44,72.45,72.44,72.45,97802.74,3.0
CCMFUT,01/26/2026 12:14:00,72.44,72.45,72.44,72.45,912746.63,28.0
CCMFUT,01/26/2026 12:13:00,72.44,72.44,72.44,72.44,65195.51,2.0
CCMFUT,01/26/2026 12:09:00,72.44,72.47,72.44,72.47,195648.12,6.0
CCMFUT,01/26/2026 12:05:00,72.44,72.44,72.44,72.44,65195.51,2.0
CCMFUT,01/26/2026 12:01:00,72.48,72.48,72.48,72.48,130466.82,4.0
CCMFUT,01/26/2026 12:00:00,72.51,72.51,72.51,72.51,65261.83,2.0
CCMFUT,01/26/2026 11:59:00,72.48,72.51,72.48,72.49,424111.91,13.0
CCMFUT,01/26/2026 11:57:00,72.46,72.46,72.46,72.46,32607.23,1.0
CCMFUT,01/26/2026 11:56:00,72.44,72.44,72.44,72.44,260782.04,8.0
CCMFUT,01/26/2026 11:55:00,72.47,72.47,72.47,72.47,130447.87,4.0
CCMFUT,01/26/2026 11:54:00,72.48,72.5,72.48,72.5,97859.59,3.0
CCMFUT,01/26/2026 11:52:00,72.45,72.45,72.45,72.45,32602.49,1.0
CCMFUT,01/26/2026 11:51:00,72.44,72.45,72.44,72.45,358603.73,11.0
CCMFUT,01/26/2026 11:50:00,72.44,72.44,72.44,72.44,32597.76,1.0
CCMFUT,01/26/2026 11:49:00,72.47,72.47,72.47,72.47,130447.87,4.0
CCMFUT,01/26/2026 11:48:00,72.46,72.46,72.46,72.46,32607.23,1.0
CCMFUT,01/26/2026 11:47:00,72.46,72.46,72.46,72.46,32607.23,1.0
CCMFUT,01/26/2026 11:46:00,72.43,72.45,72.43,72.45,684462.85,21.0
CCMFUT,01/26/2026 11:44:00,72.44,72.44,72.44,72.44,65195.51,2.0
CCMFUT,01/26/2026 11:41:00,72.49,72.49,72.49,72.49,32621.44,1.0
CCMFUT,01/26/2026 11:40:00,72.49,72.49,72.46,72.46,130466.82,4.0
CCMFUT,01/26/2026 11:39:00,72.48,72.49,72.48,72.49,424031.38,13.0
CCMFUT,01/26/2026 11:36:00,72.44,72.45,72.43,72.45,195581.8,6.0
CCMFUT,01/26/2026 11:35:00,72.46,72.46,72.46,72.46,65214.46,2.0
CCMFUT,01/26/2026 11:33:00,72.48,72.48,72.48,72.48,32616.7,1.0
CCMFUT,01/26/2026 11:32:00,72.46,72.49,72.43,72.49,2575270.05,79.0
CCMFUT,01/26/2026 11:31:00,72.47,72.49,72.47,72.49,195719.18,6.0
CCMFUT,01/26/2026 11:29:00,72.48,72.48,72.48,72.48,32616.7,1.0
CCMFUT,01/26/2026 11:28:00,72.56,72.56,72.51,72.51,424344.04,13.0
CCMFUT,01/26/2026 11:27:00,72.5,72.58,72.5,72.58,326489.19,10.0
CCMFUT,01/26/2026 11:25:00,72.52,72.52,72.48,72.49,195766.55,6.0
CCMFUT,01/26/2026 11:24:00,72.47,72.54,72.47,72.54,1891792.57,58.0
CCMFUT,01/26/2026 11:23:00,72.48,72.51,72.48,72.51,130485.77,4.0
CCMFUT,01/26/2026 11:22:00,72.52,72.52,72.5,72.5,195776.03,6.0
CCMFUT,01/26/2026 11:21:00,72.52,72.52,72.52,72.52,32635.65,1.0
CCMFUT,01/26/2026 11:20:00,72.51,72.51,72.51,72.51,32630.92,1.0
CCMFUT,01/26/2026 11:19:00,72.56,72.57,72.53,72.53,163244.59,5.0
CCMFUT,01/26/2026 11:18:00,72.5,72.5,72.5,72.5,65252.36,2.0
CCMFUT,01/26/2026 11:17:00,72.49,72.5,72.49,72.5,97873.8,3.0
CCMFUT,01/26/2026 11:16:00,72.54,72.54,72.54,72.54,97935.39,3.0
CCMFUT,01/26/2026 11:15:00,72.53,72.53,72.5,72.5,391665.75,12.0
CCMFUT,01/26/2026 11:14:00,72.59,72.62,72.57,72.57,130670.53,4.0
CCMFUT,01/26/2026 11:13:00,72.52,72.58,72.52,72.58,130566.3,4.0
CCMFUT,01/26/2026 11:12:00,72.66,72.66,72.48,72.58,2742953.55,84.0
CCMFUT,01/26/2026 11:10:00,72.67,72.67,72.67,72.67,32701.98,1.0
CCMFUT,01/26/2026 11:09:00,72.67,72.67,72.67,72.67,32701.98,1.0
CCMFUT,01/26/2026 11:07:00,72.7,72.7,72.7,72.7,98148.57,3.0
CCMFUT,01/26/2026 11:06:00,72.67,72.67,72.67,72.67,32701.98,1.0
CCMFUT,01/26/2026 11:05:00,72.69,72.72,72.68,72.69,457984.02,14.0
CCMFUT,01/26/2026 11:03:00,72.67,72.67,72.67,72.67,32701.98,1.0
CCMFUT,01/26/2026 11:00:00,72.64,72.73,72.64,72.69,261682.14,8.0
CCMFUT,01/26/2026 10:59:00,72.64,72.64,72.64,72.64,32687.77,1.0
CCMFUT,01/26/2026 10:57:00,72.68,72.68,72.64,72.64,294251.47,9.0
CCMFUT,01/26/2026 10:55:00,72.66,72.72,72.66,72.71,196306.61,6.0
CCMFUT,01/26/2026 10:54:00,72.61,72.68,72.6,72.68,261492.65,8.0
CCMFUT,01/26/2026 10:53:00,72.66,72.66,72.64,72.64,294204.1,9.0
CCMFUT,01/26/2026 10:52:00,72.66,72.67,72.66,72.67,261592.13,8.0
CCMFUT,01/26/2026 10:51:00,72.7,72.7,72.67,72.69,261663.19,8.0
CCMFUT,01/26/2026 10:49:00,72.7,72.7,72.7,72.7,32716.19,1.0
CCMFUT,01/26/2026 10:47:00,72.7,72.74,72.68,72.72,1308548.09,40.0
CCMFUT,01/26/2026 10:45:00,72.71,72.71,72.7,72.7,65437.12,2.0
CCMFUT,01/26/2026 10:44:00,72.72,72.72,72.71,72.71,65446.59,2.0
CCMFUT,01/26/2026 10:43:00,72.76,72.76,72.76,72.76,32739.88,1.0
CCMFUT,01/26/2026 10:41:00,72.73,72.73,72.73,72.73,32730.4,1.0
CCMFUT,01/26/2026 10:40:00,72.73,72.73,72.73,72.73,32730.4,1.0
CCMFUT,01/26/2026 10:37:00,72.77,72.77,72.77,72.77,32744.61,1.0
CCMFUT,01/26/2026 10:35:00,72.74,72.77,72.74,72.77,65479.75,2.0
CCMFUT,01/26/2026 10:34:00,72.74,72.74,72.74,72.74,32735.14,1.0
CCMFUT,01/26/2026 10:33:00,72.73,72.74,72.7,72.74,261819.52,8.0
CCMFUT,01/26/2026 10:32:00,72.77,72.77,72.73,72.73,196443.99,6.0
CCMFUT,01/26/2026 10:31:00,72.8,72.8,72.79,72.79,65512.91,2.0
CCMFUT,01/26/2026 10:30:00,72.8,72.8,72.8,72.8,32758.83,1.0
CCMFUT,01/26/2026 10:28:00,72.8,72.8,72.8,72.8,65517.65,2.0
CCMFUT,01/26/2026 10:26:00,72.8,72.8,72.8,72.8,32758.83,1.0
CCMFUT,01/26/2026 10:25:00,72.8,72.8,72.8,72.8,32758.83,1.0
CCMFUT,01/26/2026 10:22:00,72.79,72.79,72.79,72.79,32754.09,1.0
CCMFUT,01/26/2026 10:18:00,72.79,72.79,72.79,72.79,65508.18,2.0
CCMFUT,01/26/2026 10:17:00,72.8,72.8,72.8,72.8,32758.83,1.0
CCMFUT,01/26/2026 10:15:00,72.83,72.83,72.83,72.83,32773.04,1.0
CCMFUT,01/26/2026 10:14:00,72.85,72.85,72.85,72.85,32782.51,1.0
CCMFUT,01/26/2026 10:13:00,72.81,72.86,72.81,72.86,98333.33,3.0
CCMFUT,01/26/2026 10:10:00,72.88,72.88,72.84,72.84,426253.2,13.0
CCMFUT,01/26/2026 10:09:00,72.89,72.9,72.88,72.9,164012.05,5.0
CCMFUT,01/26/2026 10:08:00,73.01,73.01,72.87,72.87,623829.42,19.0
CCMFUT,01/26/2026 10:07:00,72.94,72.99,72.94,72.99,755125.28,23.0
CCMFUT,01/26/2026 10:06:00,72.88,72.93,72.88,72.93,1640608.41,50.0
CCMFUT,01/26/2026 10:05:00,72.81,72.86,72.81,72.86,163898.35,5.0
CCMFUT,01/26/2026 10:04:00,72.88,72.88,72.83,72.85,295118.41,9.0
CCMFUT,01/26/2026 10:02:00,72.88,72.88,72.88,72.88,32796.72,1.0
CCMFUT,01/26/2026 10:01:00,72.88,72.91,72.88,72.91,196818.25,6.0
CCMFUT,01/26/2026 10:00:00,72.79,72.91,72.79,72.9,1278769.06,39.0
CCMFUT,01/26/2026 09:59:00,72.83,72.84,72.83,72.84,163869.93,5.0
CCMFUT,01/26/2026 09:58:00,72.8,72.84,72.8,72.81,393262.24,12.0
CCMFUT,01/26/2026 09:57:00,72.79,72.84,72.79,72.84,262136.93,8.0
CCMFUT,01/26/2026 09:55:00,72.77,72.78,72.77,72.78,130992.67,4.0
CCMFUT,01/26/2026 09:54:00,72.7,72.7,72.7,72.7,32716.19,1.0
CCMFUT,01/26/2026 09:53:00,72.74,72.74,72.74,72.74,163675.69,5.0
CCMFUT,01/26/2026 09:51:00,72.78,72.78,72.78,72.78,32749.35,1.0
CCMFUT,01/26/2026 09:50:00,72.78,72.78,72.78,72.78,65498.7,2.0
CCMFUT,01/26/2026 09:49:00,72.78,72.81,72.78,72.81,131030.57,4.0
CCMFUT,01/26/2026 09:48:00,72.77,72.78,72.77,72.78,98238.58,3.0
CCMFUT,01/26/2026 09:47:00,72.73,72.8,72.73,72.76,851374.16,26.0
CCMFUT,01/26/2026 09:46:00,72.74,72.74,72.71,72.71,229074.91,7.0
CCMFUT,01/26/2026 09:45:00,72.74,72.78,72.71,72.71,196415.57,6.0
CCMFUT,01/26/2026 09:44:00,72.79,72.79,72.77,72.77,131002.14,4.0
CCMFUT,01/26/2026 09:43:00,72.79,72.79,72.78,72.78,98257.53,3.0
CCMFUT,01/26/2026 09:42:00,72.78,72.78,72.78,72.78,32749.35,1.0
CCMFUT,01/26/2026 09:41:00,72.82,72.82,72.82,72.82,32768.3,1.0
CCMFUT,01/26/2026 09:39:00,72.85,72.85,72.82,72.82,163869.93,5.0
CCMFUT,01/26/2026 09:38:00,72.82,72.83,72.79,72.83,294838.91,9.0
CCMFUT,01/26/2026 09:37:00,72.73,72.84,72.73,72.84,2097100.16,64.0
CCMFUT,01/26/2026 09:36:00,72.71,72.73,72.71,72.73,196344.51,6.0
CCMFUT,01/26/2026 09:35:00,72.86,72.86,72.74,72.76,2030260.79,62.0
CCMFUT,01/26/2026 09:34:00,72.9,72.9,72.9,72.9,32806.2,1.0
CCMFUT,01/26/2026 09:33:00,72.91,72.91,72.91,72.91,196865.62,6.0
CCMFUT,01/26/2026 09:32:00,72.9,72.9,72.9,72.9,164031.0,5.0
CCMFUT,01/26/2026 09:30:00,72.89,72.96,72.88,72.88,1477164.85,45.0
CCMFUT,01/26/2026 09:28:00,72.9,72.9,72.9,72.9,65612.4,2.0
CCMFUT,01/26/2026 09:26:00,72.88,72.88,72.86,72.86,65583.97,2.0
CCMFUT,01/26/2026 09:24:00,72.9,72.9,72.9,72.9,98418.6,3.0
CCMFUT,01/26/2026 09:23:00,72.9,73.03,72.9,72.99,525344.5,16.0
CCMFUT,01/26/2026 09:22:00,72.94,72.94,72.9,72.9,98437.55,3.0
CCMFUT,01/26/2026 09:20:00,72.89,72.9,72.89,72.9,393664.92,12.0
CCMFUT,01/26/2026 09:19:00,72.94,72.94,72.94,72.94,32825.15,1.0
CCMFUT,01/26/2026 09:18:00,73.0,73.0,73.0,73.0,32848.84,1.0
CCMFUT,01/26/2026 09:17:00,73.0,73.0,72.94,72.99,361190.33,11.0
CCMFUT,01/26/2026 09:16:00,72.94,72.99,72.94,72.97,164168.38,5.0
CCMFUT,01/26/2026 09:15:00,72.93,72.96,72.93,72.96,98470.71,3.0
CCMFUT,01/26/2026 09:14:00,72.9,72.9,72.9,72.9,131224.8,4.0
CCMFUT,01/26/2026 09:13:00,72.91,72.93,72.89,72.89,459357.85,14.0
CCMFUT,01/26/2026 09:12:00,72.86,72.86,72.81,72.85,655621.82,20.0
CCMFUT,01/26/2026 09:11:00,72.9,72.9,72.9,72.9,32806.2,1.0
CCMFUT,01/26/2026 09:10:00,73.0,73.03,72.96,72.96,722513.31,22.0
CCMFUT,01/26/2026 09:08:00,73.13,73.13,73.02,73.02,361962.52,11.0
CCMFUT,01/26/2026 09:07:00,72.94,73.14,72.94,73.14,2103893.53,64.0
CCMFUT,01/26/2026 09:06:00,72.88,72.91,72.87,72.9,787249.3,24.0
CCMFUT,01/26/2026 09:05:00,72.85,72.88,72.81,72.88,754012.0,23.0
CCMFUT,01/26/2026 09:04:00,72.91,73.34,72.91,72.93,4963679.79,151.0
CCMFUT,01/26/2026 09:03:00,72.59,72.92,72.59,72.92,2128622.54,65.0
CCMFUT,01/26/2026 09:01:00,72.57,72.63,72.57,72.63,391954.73,12.0
CCMFUT,01/26/2026 09:00:00,72.54,72.59,72.54,72.59,424490.9,13.0
CCMFUT,01/23/2026 17:14:00,72.43,72.69,72.43,72.51,2155061.73,66.0
CCMFUT,01/23/2026 16:19:00,72.39,72.47,72.39,72.47,2020435.51,62.0
CCMFUT,01/23/2026 16:18:00,72.37,72.39,72.36,72.39,4787720.13,147.0
CCMFUT,01/23/2026 16:17:00,72.36,72.37,72.32,72.36,2571669.66,79.0
CCMFUT,01/23/2026 16:16:00,72.33,72.33,72.33,72.33,97651.15,3.0
CCMFUT,01/23/2026 16:15:00,72.32,72.36,72.32,72.33,683524.86,21.0
CCMFUT,01/23/2026 16:14:00,72.34,72.34,72.3,72.34,2571499.12,79.0
CCMFUT,01/23/2026 16:13:00,72.37,72.37,72.37,72.37,65129.19,2.0
CCMFUT,01/23/2026 16:12:00,72.39,72.39,72.34,72.34,521019.29,16.0
CCMFUT,01/23/2026 16:11:00,72.39,72.4,72.39,72.4,195449.15,6.0
CCMFUT,01/23/2026 16:10:00,72.43,72.43,72.38,72.38,1205714.28,37.0
CCMFUT,01/23/2026 16:09:00,72.43,72.43,72.43,72.43,32593.02,1.0
CCMFUT,01/23/2026 16:08:00,72.45,72.45,72.43,72.43,651888.79,20.0
CCMFUT,01/23/2026 16:07:00,72.45,72.45,72.43,72.43,325972.82,10.0
CCMFUT,01/23/2026 16:06:00,72.48,72.48,72.46,72.46,554450.82,17.0
CCMFUT,01/23/2026 16:05:00,72.5,72.5,72.47,72.47,97850.11,3.0
CCMFUT,01/23/2026 16:04:00,72.47,72.47,72.47,72.47,163059.84,5.0
CCMFUT,01/23/2026 16:03:00,72.45,72.45,72.45,72.45,97807.48,3.0
CCMFUT,01/23/2026 16:02:00,72.44,72.44,72.44,72.44,391173.07,12.0
CCMFUT,01/23/2026 16:00:00,72.43,72.43,72.43,72.43,32593.02,1.0
CCMFUT,01/23/2026 15:58:00,72.43,72.46,72.43,72.46,293365.59,9.0
CCMFUT,01/23/2026 15:56:00,72.44,72.44,72.44,72.44,32597.76,1.0
CCMFUT,01/23/2026 15:54:00,72.43,72.44,72.43,72.44,586679.06,18.0
CCMFUT,01/23/2026 15:51:00,72.44,72.44,72.43,72.43,325953.87,10.0
CCMFUT,01/23/2026 15:50:00,72.44,72.44,72.44,72.44,32597.76,1.0
CCMFUT,01/23/2026 15:47:00,72.48,72.48,72.48,72.48,326167.05,10.0
CCMFUT,01/23/2026 15:45:00,72.45,72.45,72.45,72.45,32602.49,1.0
CCMFUT,01/23/2026 15:40:00,72.47,72.47,72.45,72.45,65214.46,2.0
CCMFUT,01/23/2026 15:35:00,72.47,72.47,72.47,72.47,32611.97,1.0
CCMFUT,01/23/2026 15:31:00,72.48,72.5,72.48,72.5,750236.32,23.0
CCMFUT,01/23/2026 15:30:00,72.46,72.47,72.46,72.47,65219.2,2.0
CCMFUT,01/23/2026 15:29:00,72.47,72.47,72.46,72.46,65219.2,2.0
CCMFUT,01/23/2026 15:25:00,72.46,72.46,72.46,72.46,32607.23,1.0
CCMFUT,01/23/2026 15:23:00,72.47,72.47,72.44,72.47,391239.39,12.0
CCMFUT,01/23/2026 15:21:00,72.48,72.49,72.48,72.49,358807.44,11.0
CCMFUT,01/23/2026 15:16:00,72.47,72.47,72.47,72.47,32611.97,1.0
CCMFUT,01/23/2026 15:15:00,72.43,72.43,72.43,72.43,32593.02,1.0
CCMFUT,01/23/2026 15:14:00,72.46,72.48,72.46,72.47,260891.0,8.0
CCMFUT,01/23/2026 15:13:00,72.45,72.46,72.45,72.46,97816.95,3.0
CCMFUT,01/23/2026 15:10:00,72.42,72.43,72.42,72.43,130367.34,4.0
CCMFUT,01/23/2026 15:09:00,72.42,72.42,72.42,72.42,32588.28,1.0
CCMFUT,01/23/2026 15:08:00,72.43,72.43,72.41,72.43,97769.58,3.0
CCMFUT,01/23/2026 15:07:00,72.45,72.45,72.45,72.45,163012.46,5.0
CCMFUT,01/23/2026 15:06:00,72.43,72.46,72.43,72.46,65200.25,2.0
CCMFUT,01/23/2026 15:05:00,72.42,72.46,72.42,72.46,684538.65,21.0
CCMFUT,01/23/2026 15:04:00,72.34,72.42,72.34,72.42,749028.3,23.0
CCMFUT,01/23/2026 15:02:00,72.33,72.34,72.32,72.32,3873140.14,119.0
CCMFUT,01/23/2026 15:00:00,72.36,72.36,72.36,72.36,32559.86,1.0
CCMFUT,01/23/2026 14:54:00,72.36,72.36,72.36,72.36,260478.85,8.0
CCMFUT,01/23/2026 14:52:00,72.36,72.36,72.36,72.36,162799.28,5.0
CCMFUT,01/23/2026 14:51:00,72.36,72.36,72.36,72.36,65119.71,2.0
CCMFUT,01/23/2026 14:50:00,72.37,72.37,72.37,72.37,32564.59,1.0
CCMFUT,01/23/2026 14:41:00,72.37,72.37,72.37,72.37,65129.19,2.0
CCMFUT,01/23/2026 14:40:00,72.34,72.34,72.34,72.34,32555.12,1.0
CCMFUT,01/23/2026 14:39:00,72.37,72.37,72.37,72.37,32564.59,1.0
CCMFUT,01/23/2026 14:35:00,72.34,72.34,72.34,72.34,32555.12,1.0
CCMFUT,01/23/2026 14:34:00,72.33,72.37,72.33,72.37,390633.01,12.0
CCMFUT,01/23/2026 14:33:00,72.36,72.36,72.33,72.33,2148931.59,66.0
CCMFUT,01/23/2026 14:32:00,72.37,72.37,72.36,72.36,455856.94,14.0
CCMFUT,01/23/2026 14:28:00,72.37,72.37,72.32,72.36,1009028.68,31.0
CCMFUT,01/23/2026 14:25:00,72.37,72.37,72.37,72.37,32564.59,1.0
CCMFUT,01/23/2026 14:24:00,72.37,72.39,72.37,72.39,358267.38,11.0
CCMFUT,01/23/2026 14:22:00,72.36,72.37,72.36,72.37,195378.09,6.0
CCMFUT,01/23/2026 14:19:00,72.36,72.36,72.36,72.36,162799.28,5.0
CCMFUT,01/23/2026 14:15:00,72.32,72.37,72.32,72.37,195307.03,6.0
CCMFUT,01/23/2026 14:11:00,72.36,72.36,72.36,72.36,32559.86,1.0
CCMFUT,01/23/2026 14:07:00,72.36,72.36,72.36,72.36,195359.14,6.0
CCMFUT,01/23/2026 14:05:00,72.32,72.36,72.32,72.36,162785.07,5.0
CCMFUT,01/23/2026 14:04:00,72.33,72.37,72.32,72.37,1171704.79,36.0
CCMFUT,01/23/2026 14:03:00,72.39,72.39,72.33,72.33,7458230.01,229.0
CCMFUT,01/23/2026 14:02:00,72.43,72.43,72.38,72.38,1792483.35,55.0
CCMFUT,01/23/2026 14:01:00,72.43,72.43,72.43,72.43,32593.02,1.0
CCMFUT,01/23/2026 14:00:00,72.49,72.49,72.43,72.43,5283659.85,162.0
CCMFUT,01/23/2026 13:58:00,72.49,72.49,72.49,72.49,163107.21,5.0
CCMFUT,01/23/2026 13:56:00,72.51,72.51,72.51,72.51,32630.92,1.0
CCMFUT,01/23/2026 13:50:00,72.48,72.48,72.48,72.48,32616.7,1.0
CCMFUT,01/23/2026 13:45:00,72.48,72.48,72.48,72.48,32616.7,1.0
CCMFUT,01/23/2026 13:43:00,72.48,72.51,72.48,72.49,228373.78,7.0
CCMFUT,01/23/2026 13:40:00,72.44,72.44,72.44,72.44,32597.76,1.0
CCMFUT,01/23/2026 13:32:00,72.46,72.48,72.46,72.48,97840.64,3.0
CCMFUT,01/23/2026 13:30:00,72.44,72.46,72.44,72.46,97812.22,3.0
CCMFUT,01/23/2026 13:29:00,72.45,72.45,72.45,72.45,228217.45,7.0
CCMFUT,01/23/2026 13:28:00,72.45,72.45,72.43,72.45,325991.77,10.0
CCMFUT,01/23/2026 13:25:00,72.45,72.45,72.45,72.45,32602.49,1.0
CCMFUT,01/23/2026 13:15:00,72.46,72.46,72.45,72.45,880272.04,27.0
CCMFUT,01/23/2026 13:14:00,72.47,72.47,72.47,72.47,65223.94,2.0
CCMFUT,01/23/2026 13:12:00,72.45,72.45,72.44,72.44,228203.24,7.0
CCMFUT,01/23/2026 13:10:00,72.48,72.48,72.48,72.48,32616.7,1.0
CCMFUT,01/23/2026 13:08:00,72.48,72.48,72.48,72.48,521867.28,16.0
CCMFUT,01/23/2026 13:07:00,72.48,72.48,72.48,72.48,130466.82,4.0
CCMFUT,01/23/2026 13:06:00,72.48,72.48,72.48,72.48,65233.41,2.0
CCMFUT,01/23/2026 13:05:00,72.49,72.49,72.49,72.49,32621.44,1.0
CCMFUT,01/23/2026 13:02:00,72.49,72.49,72.49,72.49,65242.88,2.0
CCMFUT,01/23/2026 13:00:00,72.48,72.49,72.47,72.49,587100.69,18.0
CCMFUT,01/23/2026 12:58:00,72.5,72.5,72.5,72.5,228383.26,7.0
CCMFUT,01/23/2026 12:55:00,72.51,72.51,72.51,72.51,228416.42,7.0
CCMFUT,01/23/2026 12:53:00,72.54,72.54,72.51,72.51,456908.64,14.0
CCMFUT,01/23/2026 12:50:00,72.54,72.54,72.54,72.54,32645.13,1.0
CCMFUT,01/23/2026 12:49:00,72.57,72.57,72.54,72.54,228568.01,7.0
CCMFUT,01/23/2026 12:46:00,72.57,72.57,72.57,72.57,32654.6,1.0
CCMFUT,01/23/2026 12:42:00,72.57,72.57,72.57,72.57,195927.62,6.0
CCMFUT,01/23/2026 12:40:00,72.6,72.6,72.53,72.53,424443.53,13.0
CCMFUT,01/23/2026 12:39:00,72.58,72.58,72.58,72.58,97978.02,3.0
CCMFUT,01/23/2026 12:38:00,72.6,72.6,72.6,72.6,32668.82,1.0
CCMFUT,01/23/2026 12:37:00,72.59,72.6,72.59,72.6,130670.53,4.0
CCMFUT,01/23/2026 12:36:00,72.58,72.64,72.58,72.61,9347312.81,286.0
CCMFUT,01/23/2026 12:35:00,72.59,72.6,72.59,72.6,196008.16,6.0
CCMFUT,01/23/2026 12:32:00,72.59,72.59,72.59,72.59,65328.16,2.0
CCMFUT,01/23/2026 12:30:00,72.57,72.59,72.57,72.59,130642.1,4.0
CCMFUT,01/23/2026 12:29:00,72.53,72.57,72.53,72.57,522345.75,16.0
CCMFUT,01/23/2026 12:23:00,72.54,72.54,72.54,72.54,32645.13,1.0
CCMFUT,01/23/2026 12:22:00,72.56,72.56,72.54,72.54,130589.99,4.0
CCMFUT,01/23/2026 12:20:00,72.51,72.51,72.51,72.51,32630.92,1.0
CCMFUT,01/23/2026 12:18:00,72.53,72.58,72.53,72.53,555028.78,17.0
CCMFUT,01/23/2026 12:17:00,72.5,72.51,72.5,72.51,489444.8,15.0
CCMFUT,01/23/2026 12:15:00,72.47,72.47,72.47,72.47,32611.97,1.0
CCMFUT,01/23/2026 12:12:00,72.5,72.51,72.5,72.51,163145.11,5.0
CCMFUT,01/23/2026 12:10:00,72.48,72.48,72.48,72.48,65233.41,2.0
CCMFUT,01/23/2026 12:07:00,72.5,72.52,72.5,72.52,163168.8,5.0
CCMFUT,01/23/2026 12:06:00,72.49,72.49,72.49,72.49,32621.44,1.0
CCMFUT,01/23/2026 12:05:00,72.46,72.47,72.46,72.47,195657.59,6.0
CCMFUT,01/23/2026 12:04:00,72.47,72.47,72.47,72.47,65223.94,2.0
CCMFUT,01/23/2026 12:03:00,72.41,72.51,72.41,72.47,1825905.4,56.0
CCMFUT,01/23/2026 12:02:00,72.4,72.4,72.4,72.4,130315.22,4.0
CCMFUT,01/23/2026 12:01:00,72.36,72.4,72.34,72.4,2084531.95,64.0
CCMFUT,01/23/2026 11:58:00,72.33,72.37,72.33,72.36,455795.36,14.0
CCMFUT,01/23/2026 11:57:00,72.32,72.32,72.32,72.32,520730.31,16.0
CCMFUT,01/23/2026 11:55:00,72.32,72.32,72.32,72.32,97636.93,3.0
CCMFUT,01/23/2026 11:51:00,72.32,72.33,72.32,72.33,325461.18,10.0
CCMFUT,01/23/2026 11:50:00,72.33,72.33,72.33,72.33,6021820.65,185.0
CCMFUT,01/23/2026 11:49:00,72.33,72.33,72.32,72.32,1074015.74,33.0
CCMFUT,01/23/2026 11:46:00,72.34,72.34,72.34,72.34,65110.24,2.0
CCMFUT,01/23/2026 11:45:00,72.32,72.32,72.32,72.32,32545.64,1.0
CCMFUT,01/23/2026 11:44:00,72.34,72.34,72.34,72.34,65110.24,2.0
CCMFUT,01/23/2026 11:41:00,72.34,72.34,72.33,72.33,162766.12,5.0
CCMFUT,01/23/2026 11:40:00,72.33,72.33,72.32,72.33,6900576.74,212.0
CCMFUT,01/23/2026 11:35:00,72.33,72.33,72.33,72.33,130201.53,4.0
CCMFUT,01/23/2026 11:32:00,72.38,72.38,72.38,72.38,32569.33,1.0
CCMFUT,01/23/2026 11:31:00,72.38,72.38,72.38,72.38,97707.99,3.0
CCMFUT,01/23/2026 11:30:00,72.34,72.36,72.33,72.33,195335.45,6.0
CCMFUT,01/23/2026 11:28:00,72.32,72.33,72.32,72.33,292929.75,9.0
CCMFUT,01/23/2026 11:27:00,72.36,72.36,72.32,72.32,1952786.04,60.0
CCMFUT,01/23/2026 11:26:00,72.36,72.36,72.36,72.36,32559.86,1.0
CCMFUT,01/23/2026 11:25:00,72.38,72.38,72.32,72.34,1692534.59,52.0
CCMFUT,01/23/2026 11:20:00,72.34,72.38,72.34,72.38,195392.3,6.0
CCMFUT,01/23/2026 11:19:00,72.36,72.38,72.32,72.38,5695909.42,175.0
CCMFUT,01/23/2026 11:18:00,72.44,72.47,72.32,72.33,2671580.53,82.0
CCMFUT,01/23/2026 11:17:00,72.44,72.46,72.44,72.44,130400.5,4.0
CCMFUT,01/23/2026 11:16:00,72.44,72.46,72.44,72.44,162998.25,5.0
CCMFUT,01/23/2026 11:15:00,72.45,72.45,72.44,72.44,260786.78,8.0
CCMFUT,01/23/2026 11:14:00,72.45,72.45,72.44,72.44,554171.32,17.0
CCMFUT,01/23/2026 11:11:00,72.47,72.47,72.47,72.47,32611.97,1.0
CCMFUT,01/23/2026 11:10:00,72.51,72.51,72.46,72.46,195723.92,6.0
CCMFUT,01/23/2026 11:09:00,72.52,72.52,72.52,72.52,32635.65,1.0
CCMFUT,01/23/2026 11:08:00,72.43,72.5,72.43,72.49,847716.92,26.0
CCMFUT,01/23/2026 11:07:00,72.44,72.44,72.44,72.44,97793.27,3.0
CCMFUT,01/23/2026 11:05:00,72.42,72.42,72.42,72.42,32588.28,1.0
CCMFUT,01/23/2026 11:04:00,72.43,72.43,72.43,72.43,65186.04,2.0
CCMFUT,01/23/2026 11:03:00,72.44,72.44,72.42,72.42,97783.79,3.0
CCMFUT,01/23/2026 11:02:00,72.43,72.43,72.4,72.42,651775.09,20.0
CCMFUT,01/23/2026 11:00:00,72.43,72.43,72.42,72.43,325925.44,10.0
CCMFUT,01/23/2026 10:55:00,72.41,72.41,72.41,72.41,32583.54,1.0
CCMFUT,01/23/2026 10:54:00,72.42,72.44,72.42,72.43,521497.76,16.0
CCMFUT,01/23/2026 10:53:00,72.4,72.4,72.4,72.4,32578.81,1.0
CCMFUT,01/23/2026 10:49:00,72.41,72.41,72.38,72.38,195449.15,6.0
CCMFUT,01/23/2026 10:45:00,72.42,72.42,72.42,72.42,65176.56,2.0
CCMFUT,01/23/2026 10:43:00,72.42,72.42,72.42,72.42,32588.28,1.0
CCMFUT,01/23/2026 10:42:00,72.42,72.43,72.42,72.43,162955.62,5.0
CCMFUT,01/23/2026 10:39:00,72.43,72.43,72.43,72.43,32593.02,1.0
CCMFUT,01/23/2026 10:38:00,72.41,72.41,72.4,72.4,130324.7,4.0
CCMFUT,01/23/2026 10:35:00,72.4,72.44,72.4,72.44,391102.01,12.0
CCMFUT,01/23/2026 10:34:00,72.44,72.44,72.44,72.44,97793.27,3.0
CCMFUT,01/23/2026 10:32:00,72.41,72.43,72.41,72.43,325844.91,10.0
CCMFUT,01/23/2026 10:31:00,72.39,72.45,72.39,72.41,423652.39,13.0
CCMFUT,01/23/2026 10:30:00,72.39,72.4,72.39,72.4,97731.68,3.0
CCMFUT,01/23/2026 10:29:00,72.38,72.38,72.38,72.38,293123.98,9.0
CCMFUT,01/23/2026 10:28:00,72.41,72.41,72.41,72.41,32583.54,1.0
CCMFUT,01/23/2026 10:26:00,72.38,72.38,72.38,72.38,325693.31,10.0
CCMFUT,01/23/2026 10:25:00,72.38,72.38,72.38,72.38,32569.33,1.0
CCMFUT,01/23/2026 10:24:00,72.41,72.41,72.39,72.39,456046.44,14.0
CCMFUT,01/23/2026 10:21:00,72.41,72.44,72.41,72.44,195515.47,6.0
CCMFUT,01/23/2026 10:20:00,72.41,72.45,72.41,72.41,162946.14,5.0
CCMFUT,01/23/2026 10:19:00,72.43,72.43,72.42,72.42,65181.3,2.0
CCMFUT,01/23/2026 10:17:00,72.43,72.43,72.43,72.43,162965.09,5.0
CCMFUT,01/23/2026 10:16:00,72.42,72.46,72.42,72.46,97783.79,3.0
CCMFUT,01/23/2026 10:15:00,72.47,72.48,72.47,72.48,65228.67,2.0
CCMFUT,01/23/2026 10:14:00,72.43,72.53,72.43,72.48,2674361.36,82.0
CCMFUT,01/23/2026 10:13:00,72.38,72.43,72.36,72.43,1955078.93,60.0
CCMFUT,01/23/2026 10:10:00,72.32,72.32,72.29,72.31,390400.88,12.0
CCMFUT,01/23/2026 10:09:00,72.3,72.32,72.3,72.32,325380.65,10.0
CCMFUT,01/23/2026 10:08:00,72.3,72.3,72.3,72.3,130144.68,4.0
CCMFUT,01/23/2026 10:03:00,72.33,72.37,72.32,72.32,358111.05,11.0
CCMFUT,01/23/2026 10:02:00,72.28,72.28,72.28,72.28,130106.78,4.0
CCMFUT,01/23/2026 10:01:00,72.31,72.36,72.29,72.29,455672.18,14.0
CCMFUT,01/23/2026 10:00:00,72.27,72.31,72.27,72.31,195169.65,6.0
CCMFUT,01/23/2026 09:59:00,72.28,72.28,72.27,72.27,617936.15,19.0
CCMFUT,01/23/2026 09:56:00,72.34,72.34,72.3,72.3,358016.3,11.0
CCMFUT,01/23/2026 09:55:00,72.38,72.38,72.37,72.37,65133.93,2.0
CCMFUT,01/23/2026 09:53:00,72.4,72.4,72.38,72.39,749189.37,23.0
CCMFUT,01/23/2026 09:52:00,72.42,72.45,72.42,72.43,1792639.68,55.0
CCMFUT,01/23/2026 09:51:00,72.42,72.43,72.41,72.42,521426.7,16.0
CCMFUT,01/23/2026 09:50:00,72.43,72.45,72.43,72.43,1238691.02,38.0
CCMFUT,01/23/2026 09:49:00,72.37,72.43,72.37,72.43,1009952.46,31.0
CCMFUT,01/23/2026 09:48:00,72.38,72.38,72.38,72.38,32569.33,1.0
CCMFUT,01/23/2026 09:46:00,72.38,72.38,72.38,72.38,65138.66,2.0
CCMFUT,01/23/2026 09:45:00,72.34,72.38,72.34,72.38,130258.38,4.0
CCMFUT,01/23/2026 09:41:00,72.39,72.39,72.39,72.39,32574.07,1.0
CCMFUT,01/23/2026 09:40:00,72.36,72.43,72.36,72.37,1921822.68,59.0
CCMFUT,01/23/2026 09:38:00,72.31,72.31,72.24,72.27,813077.37,25.0
CCMFUT,01/23/2026 09:36:00,72.32,72.32,72.32,72.32,32545.64,1.0
CCMFUT,01/23/2026 09:35:00,72.29,72.33,72.29,72.33,130163.63,4.0
CCMFUT,01/23/2026 09:34:00,72.29,72.29,72.29,72.29,65062.86,2.0
CCMFUT,01/23/2026 09:33:00,72.32,72.32,72.3,72.32,553209.63,17.0
CCMFUT,01/23/2026 09:32:00,72.37,72.37,72.32,72.34,423192.86,13.0
CCMFUT,01/23/2026 09:31:00,72.37,72.39,72.37,72.39,390794.08,12.0
CCMFUT,01/23/2026 09:29:00,72.33,72.36,72.33,72.36,325536.98,10.0
CCMFUT,01/23/2026 09:28:00,72.37,72.37,72.32,72.36,488326.79,15.0
CCMFUT,01/23/2026 09:27:00,72.28,72.34,72.28,72.33,1008706.54,31.0
CCMFUT,01/23/2026 09:26:00,72.28,72.28,72.26,72.26,162600.31,5.0
CCMFUT,01/23/2026 09:25:00,72.27,72.27,72.24,72.26,552788.01,17.0
CCMFUT,01/23/2026 09:24:00,72.28,72.28,72.28,72.28,32526.7,1.0
CCMFUT,01/23/2026 09:23:00,72.22,72.25,72.2,72.25,324977.97,10.0
CCMFUT,01/23/2026 09:22:00,72.27,72.3,72.24,72.24,130097.31,4.0
CCMFUT,01/23/2026 09:21:00,72.27,72.29,72.23,72.29,747725.52,23.0
CCMFUT,01/23/2026 09:20:00,72.33,72.33,72.3,72.3,357983.14,11.0
CCMFUT,01/23/2026 09:19:00,72.32,72.37,72.32,72.37,162804.02,5.0
CCMFUT,01/23/2026 09:18:00,72.22,72.32,72.22,72.32,1658747.75,51.0
CCMFUT,01/23/2026 09:17:00,72.23,72.23,72.18,72.18,649794.87,20.0
CCMFUT,01/23/2026 09:16:00,72.24,72.24,72.24,72.24,32507.75,1.0
CCMFUT,01/23/2026 09:15:00,72.21,72.25,72.21,72.25,422472.79,13.0
CCMFUT,01/23/2026 09:14:00,72.21,72.21,72.18,72.18,64972.86,2.0
CCMFUT,01/23/2026 09:13:00,72.24,72.24,72.2,72.2,194989.63,6.0
CCMFUT,01/23/2026 09:12:00,72.24,72.31,72.24,72.27,1105689.71,34.0
CCMFUT,01/23/2026 09:10:00,72.31,72.31,72.24,72.24,325266.95,10.0
CCMFUT,01/23/2026 09:09:00,72.16,72.32,72.16,72.31,650188.07,20.0
CCMFUT,01/23/2026 09:08:00,72.18,72.18,72.11,72.18,3796935.01,117.0
CCMFUT,01/23/2026 09:07:00,72.18,72.2,72.11,72.11,454539.96,14.0
CCMFUT,01/23/2026 09:06:00,72.22,72.22,72.11,72.14,7083699.28,218.0
CCMFUT,01/23/2026 09:05:00,72.19,72.2,72.18,72.18,357329.39,11.0
CCMFUT,01/23/2026 09:04:00,72.32,72.32,72.12,72.2,3249116.49,100.0
CCMFUT,01/23/2026 09:02:00,72.31,72.32,72.24,72.31,487971.49,15.0
CCMFUT,01/23/2026 09:01:00,72.45,72.45,72.22,72.3,2049963.45,63.0
CCMFUT,01/23/2026 09:00:00,72.53,72.53,72.38,72.4,750335.81,23.0
CCMFUT,01/22/2026 17:05:00,72.69,73.03,72.65,72.87,1016589.5,31.0
CCMFUT,01/22/2026 16:19:00,73.04,73.04,72.9,72.9,3775294.76,115.0
CCMFUT,01/22/2026 16:18:00,73.04,73.04,73.0,73.01,1018503.39,31.0
CCMFUT,01/22/2026 16:17:00,72.96,73.06,72.96,73.06,17139479.14,522.0
CCMFUT,01/22/2026 16:16:00,72.93,72.96,72.93,72.96,1904048.11,58.0
CCMFUT,01/22/2026 16:15:00,72.92,72.93,72.91,72.91,590611.07,18.0
CCMFUT,01/22/2026 16:14:00,72.96,72.96,72.94,72.94,65655.03,2.0
CCMFUT,01/22/2026 16:13:00,72.94,72.96,72.94,72.96,590890.57,18.0
CCMFUT,01/22/2026 16:12:00,72.9,72.92,72.9,72.92,98428.07,3.0
CCMFUT,01/22/2026 16:11:00,72.86,72.86,72.86,72.86,229510.75,7.0
CCMFUT,01/22/2026 16:10:00,72.88,72.88,72.86,72.86,196742.45,6.0
CCMFUT,01/22/2026 16:09:00,72.88,72.88,72.87,72.87,65588.71,2.0
CCMFUT,01/22/2026 16:05:00,72.86,72.86,72.86,72.86,98361.75,3.0
CCMFUT,01/22/2026 16:04:00,72.92,72.92,72.85,72.9,1934765.14,59.0
CCMFUT,01/22/2026 16:03:00,72.92,72.92,72.92,72.92,32815.67,1.0
CCMFUT,01/22/2026 16:02:00,72.93,72.94,72.93,72.94,65645.56,2.0
CCMFUT,01/22/2026 15:56:00,72.9,72.9,72.9,72.9,98418.6,3.0
CCMFUT,01/22/2026 15:55:00,72.88,72.88,72.88,72.88,32796.72,1.0
CCMFUT,01/22/2026 15:54:00,72.9,72.91,72.9,72.91,131229.53,4.0
CCMFUT,01/22/2026 15:52:00,72.88,72.92,72.88,72.92,328076.2,10.0
CCMFUT,01/22/2026 15:50:00,72.85,72.87,72.85,72.87,491860.86,15.0
CCMFUT,01/22/2026 15:48:00,72.85,72.85,72.85,72.85,32782.51,1.0
CCMFUT,01/22/2026 15:45:00,72.85,72.89,72.85,72.89,65583.97,2.0
CCMFUT,01/22/2026 15:37:00,72.91,72.91,72.91,72.91,393731.24,12.0
CCMFUT,01/22/2026 15:34:00,72.87,72.89,72.87,72.89,196785.08,6.0
CCMFUT,01/22/2026 15:30:00,72.84,72.84,72.84,72.84,32777.78,1.0
CCMFUT,01/22/2026 15:24:00,72.85,72.85,72.85,72.85,32782.51,1.0
CCMFUT,01/22/2026 15:23:00,72.84,72.85,72.84,72.85,196690.34,6.0
CCMFUT,01/22/2026 15:21:00,72.85,72.85,72.82,72.84,426077.91,13.0
CCMFUT,01/22/2026 15:20:00,72.84,72.87,72.84,72.87,65569.76,2.0
CCMFUT,01/22/2026 15:19:00,72.85,72.86,72.83,72.86,590085.22,18.0
CCMFUT,01/22/2026 15:18:00,72.91,72.91,72.88,72.88,1837132.94,56.0
CCMFUT,01/22/2026 15:16:00,72.94,72.96,72.92,72.92,295407.39,9.0
CCMFUT,01/22/2026 15:15:00,72.92,72.92,72.92,72.92,164078.37,5.0
CCMFUT,01/22/2026 15:13:00,72.98,72.98,72.92,72.92,525282.91,16.0
CCMFUT,01/22/2026 15:11:00,72.98,72.99,72.98,72.99,98522.82,3.0
CCMFUT,01/22/2026 15:10:00,73.01,73.01,72.99,72.99,525590.84,16.0
CCMFUT,01/22/2026 15:08:00,73.0,73.01,73.0,73.01,657047.77,20.0
CCMFUT,01/22/2026 15:07:00,73.0,73.0,73.0,73.0,32848.84,1.0
CCMFUT,01/22/2026 15:06:00,72.99,72.99,72.98,72.98,65683.46,2.0
CCMFUT,01/22/2026 15:05:00,72.98,72.98,72.96,72.96,98499.13,3.0
CCMFUT,01/22/2026 15:04:00,72.98,72.98,72.98,72.98,32839.36,1.0
CCMFUT,01/22/2026 15:03:00,72.97,73.0,72.97,73.0,525453.46,16.0
CCMFUT,01/22/2026 15:00:00,72.92,72.96,72.92,72.96,229794.99,7.0
CCMFUT,01/22/2026 14:59:00,72.96,72.99,72.92,72.92,755040.0,23.0
CCMFUT,01/22/2026 14:58:00,72.93,72.93,72.93,72.93,65640.82,2.0
CCMFUT,01/22/2026 14:57:00,72.96,72.96,72.92,72.92,328237.27,10.0
CCMFUT,01/22/2026 14:55:00,72.94,72.94,72.91,72.91,295383.7,9.0
CCMFUT,01/22/2026 14:54:00,72.94,72.94,72.94,72.94,492377.23,15.0
CCMFUT,01/22/2026 14:53:00,72.93,73.01,72.93,72.96,7189787.66,219.0
CCMFUT,01/22/2026 14:50:00,72.91,72.92,72.91,72.92,229700.24,7.0
CCMFUT,01/22/2026 14:49:00,72.92,72.94,72.92,72.94,65640.82,2.0
CCMFUT,01/22/2026 14:48:00,72.93,72.96,72.92,72.92,1017546.45,31.0
CCMFUT,01/22/2026 14:47:00,72.86,72.93,72.86,72.89,262430.64,8.0
CCMFUT,01/22/2026 14:46:00,72.9,72.9,72.9,72.9,459286.79,14.0
CCMFUT,01/22/2026 14:45:00,72.9,72.93,72.9,72.93,196894.04,6.0
CCMFUT,01/22/2026 14:44:00,72.86,72.9,72.86,72.9,262402.22,8.0
CCMFUT,01/22/2026 14:42:00,72.87,72.87,72.85,72.85,229510.75,7.0
CCMFUT,01/22/2026 14:41:00,72.88,72.94,72.88,72.9,1378059.33,42.0
CCMFUT,01/22/2026 14:40:00,72.89,72.9,72.84,72.86,1541550.27,47.0
CCMFUT,01/22/2026 14:39:00,72.8,72.9,72.8,72.9,3671954.05,112.0
CCMFUT,01/22/2026 14:38:00,72.68,72.8,72.68,72.8,1473057.56,45.0
CCMFUT,01/22/2026 14:37:00,72.67,72.69,72.64,72.67,3596795.88,110.0
CCMFUT,01/22/2026 14:36:00,72.68,72.71,72.67,72.67,1864183.25,57.0
CCMFUT,01/22/2026 14:35:00,72.7,72.72,72.67,72.68,1570149.7,48.0
CCMFUT,01/22/2026 14:34:00,72.69,72.73,72.68,72.71,2126632.85,65.0
CCMFUT,01/22/2026 14:33:00,72.69,72.69,72.69,72.69,686940.49,21.0
CCMFUT,01/22/2026 14:32:00,72.67,72.67,72.67,72.67,65403.95,2.0
CCMFUT,01/22/2026 14:25:00,72.66,72.66,72.66,72.66,32697.24,1.0
CCMFUT,01/22/2026 14:23:00,72.68,72.68,72.68,72.68,65413.43,2.0
CCMFUT,01/22/2026 14:17:00,72.67,72.67,72.67,72.67,32701.98,1.0
CCMFUT,01/22/2026 14:16:00,72.67,72.69,72.67,72.68,1144801.34,35.0
CCMFUT,01/22/2026 14:12:00,72.64,72.64,72.64,72.64,32687.77,1.0
CCMFUT,01/22/2026 14:10:00,72.65,72.67,72.65,72.65,98086.98,3.0
CCMFUT,01/22/2026 14:06:00,72.68,72.68,72.68,72.68,98120.14,3.0
CCMFUT,01/22/2026 14:04:00,72.61,72.67,72.61,72.67,6112351.55,187.0
CCMFUT,01/22/2026 14:03:00,72.62,72.62,72.62,72.62,653565.81,20.0
CCMFUT,01/22/2026 14:02:00,72.59,72.59,72.59,72.59,32664.08,1.0
CCMFUT,01/22/2026 14:00:00,72.57,72.57,72.57,72.57,32654.6,1.0
CCMFUT,01/22/2026 13:59:00,72.58,72.58,72.58,72.58,163296.71,5.0
CCMFUT,01/22/2026 13:58:00,72.59,72.59,72.58,72.58,261303.15,8.0
CCMFUT,01/22/2026 13:55:00,72.56,72.59,72.56,72.59,97978.02,3.0
CCMFUT,01/22/2026 13:54:00,72.6,72.6,72.59,72.59,98001.71,3.0
CCMFUT,01/22/2026 13:51:00,72.64,72.64,72.64,72.64,163438.83,5.0
CCMFUT,01/22/2026 13:50:00,72.63,72.63,72.63,72.63,32683.03,1.0
CCMFUT,01/22/2026 13:49:00,72.65,72.65,72.65,72.65,32692.5,1.0
CCMFUT,01/22/2026 13:44:00,72.62,72.62,72.62,72.62,65356.58,2.0
CCMFUT,01/22/2026 13:42:00,72.61,72.61,72.61,72.61,65347.11,2.0
CCMFUT,01/22/2026 13:40:00,72.61,72.61,72.61,72.61,65347.11,2.0
CCMFUT,01/22/2026 13:39:00,72.61,72.61,72.61,72.61,32673.55,1.0
CCMFUT,01/22/2026 13:38:00,72.58,72.6,72.58,72.6,228648.55,7.0
CCMFUT,01/22/2026 13:34:00,72.59,72.6,72.59,72.6,228653.29,7.0
CCMFUT,01/22/2026 13:33:00,72.53,72.57,72.53,72.57,391751.02,12.0
CCMFUT,01/22/2026 13:32:00,72.53,72.53,72.53,72.53,65280.78,2.0
CCMFUT,01/22/2026 13:31:00,72.48,72.52,72.46,72.52,2380962.61,73.0
CCMFUT,01/22/2026 13:30:00,72.52,72.52,72.5,72.5,391594.69,12.0
CCMFUT,01/22/2026 13:29:00,72.59,72.59,72.48,72.52,2022908.41,62.0
CCMFUT,01/22/2026 13:27:00,72.64,72.64,72.62,72.62,1078686.78,33.0
CCMFUT,01/22/2026 13:26:00,72.64,72.64,72.64,72.64,457628.71,14.0
CCMFUT,01/22/2026 13:25:00,72.62,72.62,72.62,72.62,32678.29,1.0
CCMFUT,01/22/2026 13:23:00,72.63,72.63,72.57,72.57,1078113.56,33.0
CCMFUT,01/22/2026 13:22:00,72.63,72.69,72.63,72.69,686660.99,21.0
CCMFUT,01/22/2026 13:21:00,72.63,72.63,72.63,72.63,32683.03,1.0
CCMFUT,01/22/2026 13:20:00,72.6,72.6,72.6,72.6,32668.82,1.0
CCMFUT,01/22/2026 13:19:00,72.53,72.53,72.53,72.53,32640.39,1.0
CCMFUT,01/22/2026 13:18:00,72.52,72.53,72.52,72.53,163183.01,5.0
CCMFUT,01/22/2026 13:17:00,72.57,72.57,72.53,72.53,1371147.53,42.0
CCMFUT,01/22/2026 13:16:00,72.57,72.59,72.57,72.59,97982.76,3.0
CCMFUT,01/22/2026 13:15:00,72.57,72.57,72.56,72.56,130613.68,4.0
CCMFUT,01/22/2026 13:14:00,72.59,72.59,72.58,72.58,522611.04,16.0
CCMFUT,01/22/2026 13:13:00,72.62,72.62,72.61,72.61,2156525.57,66.0
CCMFUT,01/22/2026 13:12:00,72.62,72.62,72.62,72.62,163391.45,5.0
CCMFUT,01/22/2026 13:11:00,72.64,72.65,72.64,72.64,784511.1,24.0
CCMFUT,01/22/2026 13:10:00,72.64,72.64,72.64,72.64,65375.53,2.0
CCMFUT,01/22/2026 13:09:00,72.67,72.67,72.67,72.67,65403.95,2.0
CCMFUT,01/22/2026 13:08:00,72.67,72.67,72.67,72.67,130807.91,4.0
CCMFUT,01/22/2026 13:07:00,72.65,72.65,72.64,72.64,424964.63,13.0
CCMFUT,01/22/2026 13:05:00,72.67,72.67,72.67,72.67,32701.98,1.0
CCMFUT,01/22/2026 13:04:00,72.7,72.7,72.7,72.7,32716.19,1.0
CCMFUT,01/22/2026 13:00:00,72.67,72.71,72.66,72.71,261663.19,8.0
CCMFUT,01/22/2026 12:56:00,72.69,72.69,72.68,72.68,196249.76,6.0
CCMFUT,01/22/2026 12:52:00,72.7,72.7,72.7,72.7,130864.76,4.0
CCMFUT,01/22/2026 12:50:00,72.68,72.68,72.68,72.68,32706.71,1.0
CCMFUT,01/22/2026 12:49:00,72.68,72.68,72.68,72.68,32706.71,1.0
CCMFUT,01/22/2026 12:45:00,72.7,72.7,72.69,72.69,65427.64,2.0
CCMFUT,01/22/2026 12:44:00,72.69,72.69,72.67,72.67,327043.46,10.0
CCMFUT,01/22/2026 12:43:00,72.74,72.79,72.71,72.71,719969.35,22.0
CCMFUT,01/22/2026 12:40:00,72.71,72.71,72.71,72.71,32720.93,1.0
CCMFUT,01/22/2026 12:39:00,72.72,72.72,72.72,72.72,65451.33,2.0
CCMFUT,01/22/2026 12:37:00,72.7,72.7,72.7,72.7,65432.38,2.0
CCMFUT,01/22/2026 12:36:00,72.69,72.69,72.69,72.69,130845.81,4.0
CCMFUT,01/22/2026 12:34:00,72.67,72.67,72.66,72.66,326986.61,10.0
CCMFUT,01/22/2026 12:33:00,72.66,72.69,72.66,72.69,65408.69,2.0
CCMFUT,01/22/2026 12:31:00,72.66,72.66,72.66,72.66,98091.72,3.0
CCMFUT,01/22/2026 12:30:00,72.62,72.64,72.62,72.64,98053.82,3.0
CCMFUT,01/22/2026 12:29:00,72.62,72.63,72.62,72.63,130727.37,4.0
CCMFUT,01/22/2026 12:28:00,72.59,72.61,72.59,72.61,98006.45,3.0
CCMFUT,01/22/2026 12:26:00,72.58,72.58,72.58,72.58,32659.34,1.0
CCMFUT,01/22/2026 12:25:00,72.58,72.59,72.56,72.56,261255.78,8.0
CCMFUT,01/22/2026 12:24:00,72.52,72.58,72.52,72.58,424415.1,13.0
CCMFUT,01/22/2026 12:23:00,72.53,72.56,72.53,72.53,359077.47,11.0
CCMFUT,01/22/2026 12:22:00,72.54,72.54,72.53,72.53,6136403.11,188.0
CCMFUT,01/22/2026 12:21:00,72.58,72.6,72.49,72.52,1567008.83,48.0
CCMFUT,01/22/2026 12:20:00,72.58,72.61,72.57,72.59,489980.13,15.0
CCMFUT,01/22/2026 12:19:00,72.58,72.6,72.58,72.6,1502504.97,46.0
CCMFUT,01/22/2026 12:18:00,72.57,72.58,72.57,72.58,391878.93,12.0
CCMFUT,01/22/2026 12:17:00,72.58,72.58,72.54,72.54,130613.68,4.0
CCMFUT,01/22/2026 12:16:00,72.65,72.65,72.56,72.58,2319822.28,71.0
CCMFUT,01/22/2026 12:15:00,72.71,72.71,72.65,72.65,3761390.62,115.0
CCMFUT,01/22/2026 12:14:00,72.77,72.77,72.72,72.72,7463587.96,228.0
CCMFUT,01/22/2026 12:13:00,72.78,72.78,72.78,72.78,98248.05,3.0
CCMFUT,01/22/2026 12:07:00,72.79,72.79,72.79,72.79,65508.18,2.0
CCMFUT,01/22/2026 12:06:00,72.8,72.8,72.78,72.78,294791.53,9.0
CCMFUT,01/22/2026 12:05:00,72.8,72.8,72.8,72.8,32758.83,1.0
CCMFUT,01/22/2026 12:03:00,72.81,72.81,72.8,72.81,393124.86,12.0
CCMFUT,01/22/2026 12:02:00,72.82,72.83,72.82,72.83,425997.38,13.0
CCMFUT,01/22/2026 12:01:00,72.82,72.83,72.81,72.83,524259.64,16.0
CCMFUT,01/22/2026 12:00:00,72.9,72.91,72.85,72.85,2689994.64,82.0
CCMFUT,01/22/2026 11:58:00,72.9,72.92,72.9,72.92,688968.08,21.0
CCMFUT,01/22/2026 11:57:00,72.9,72.9,72.9,72.9,196837.2,6.0
CCMFUT,01/22/2026 11:56:00,72.91,72.91,72.91,72.91,32810.94,1.0
CCMFUT,01/22/2026 11:55:00,72.9,72.9,72.9,72.9,65612.4,2.0
CCMFUT,01/22/2026 11:54:00,72.9,72.9,72.9,72.9,196837.2,6.0
CCMFUT,01/22/2026 11:52:00,72.9,72.9,72.9,72.9,229643.39,7.0
CCMFUT,01/22/2026 11:49:00,72.91,72.91,72.91,72.91,65621.87,2.0
CCMFUT,01/22/2026 11:47:00,72.93,72.94,72.93,72.94,262577.5,8.0
CCMFUT,01/22/2026 11:45:00,72.92,72.92,72.92,72.92,32815.67,1.0
CCMFUT,01/22/2026 11:42:00,72.94,72.94,72.94,72.94,65650.3,2.0
CCMFUT,01/22/2026 11:41:00,72.92,72.93,72.92,72.93,98451.76,3.0
CCMFUT,01/22/2026 11:40:00,72.92,72.92,72.9,72.9,1213962.02,37.0
CCMFUT,01/22/2026 11:39:00,72.93,72.93,72.92,72.92,360986.62,11.0
CCMFUT,01/22/2026 11:37:00,72.96,72.96,72.96,72.96,32829.89,1.0
CCMFUT,01/22/2026 11:36:00,72.96,72.96,72.96,72.96,755087.38,23.0
CCMFUT,01/22/2026 11:35:00,72.92,72.96,72.92,72.96,951924.57,29.0
CCMFUT,01/22/2026 11:34:00,72.93,72.93,72.93,72.93,32820.41,1.0
CCMFUT,01/22/2026 11:31:00,72.92,72.92,72.92,72.92,98447.02,3.0
CCMFUT,01/22/2026 11:30:00,72.92,72.92,72.9,72.9,3838377.41,117.0
CCMFUT,01/22/2026 11:28:00,72.92,72.93,72.91,72.93,131262.7,4.0
CCMFUT,01/22/2026 11:27:00,72.92,72.92,72.91,72.91,131257.96,4.0
CCMFUT,01/22/2026 11:26:00,72.92,72.97,72.92,72.93,2396496.4,73.0
CCMFUT,01/22/2026 11:25:00,72.9,72.91,72.9,72.91,164035.73,5.0
CCMFUT,01/22/2026 11:24:00,72.9,72.91,72.9,72.91,426494.8,13.0
CCMFUT,01/22/2026 11:23:00,72.9,72.91,72.9,72.9,5839531.88,178.0
CCMFUT,01/22/2026 11:22:00,72.9,72.9,72.9,72.9,3280619.92,100.0
CCMFUT,01/22/2026 11:20:00,72.91,72.91,72.91,72.91,32810.94,1.0
CCMFUT,01/22/2026 11:19:00,72.91,72.91,72.9,72.9,196851.41,6.0
CCMFUT,01/22/2026 11:17:00,72.93,72.93,72.92,72.92,98456.5,3.0
CCMFUT,01/22/2026 11:16:00,72.92,72.94,72.92,72.94,98456.5,3.0
CCMFUT,01/22/2026 11:13:00,72.93,72.93,72.91,72.91,196898.78,6.0
CCMFUT,01/22/2026 11:12:00,72.94,72.94,72.93,72.93,65645.56,2.0
CCMFUT,01/22/2026 11:11:00,72.96,72.96,72.92,72.93,459537.87,14.0
CCMFUT,01/22/2026 11:10:00,72.91,72.93,72.91,72.93,393835.46,12.0
CCMFUT,01/22/2026 11:09:00,72.93,72.96,72.93,72.93,1673973.62,51.0
CCMFUT,01/22/2026 11:07:00,72.9,72.91,72.9,72.9,328071.47,10.0
CCMFUT,01/22/2026 11:06:00,72.92,72.93,72.91,72.91,1050215.26,32.0
CCMFUT,01/22/2026 11:04:00,72.91,72.91,72.91,72.91,32810.94,1.0
CCMFUT,01/22/2026 11:03:00,72.92,72.92,72.92,72.92,32815.67,1.0
CCMFUT,01/22/2026 11:02:00,72.93,72.93,72.93,72.93,164102.06,5.0
CCMFUT,01/22/2026 11:01:00,72.9,72.91,72.9,72.91,65617.14,2.0
CCMFUT,01/22/2026 11:00:00,72.9,72.91,72.9,72.91,98423.33,3.0
CCMFUT,01/22/2026 10:59:00,72.9,72.9,72.9,72.9,164031.0,5.0
CCMFUT,01/22/2026 10:58:00,72.87,72.91,72.87,72.91,459206.25,14.0
CCMFUT,01/22/2026 10:56:00,72.84,72.84,72.84,72.84,32777.78,1.0
CCMFUT,01/22/2026 10:55:00,72.83,72.84,72.83,72.84,426054.23,13.0
CCMFUT,01/22/2026 10:54:00,72.86,72.86,72.84,72.84,426210.56,13.0
CCMFUT,01/22/2026 10:52:00,72.86,72.86,72.86,72.86,65574.5,2.0
CCMFUT,01/22/2026 10:50:00,72.84,72.86,72.84,72.86,1147378.46,35.0
CCMFUT,01/22/2026 10:49:00,72.82,72.82,72.82,72.82,32768.3,1.0
CCMFUT,01/22/2026 10:48:00,72.83,72.83,72.83,72.83,32773.04,1.0
CCMFUT,01/22/2026 10:47:00,72.8,72.8,72.77,72.8,1080941.76,33.0
CCMFUT,01/22/2026 10:46:00,72.83,72.83,72.81,72.81,65536.6,2.0
CCMFUT,01/22/2026 10:45:00,72.82,72.82,72.8,72.82,458713.57,14.0
CCMFUT,01/22/2026 10:44:00,72.84,72.84,72.84,72.84,163888.88,5.0
CCMFUT,01/22/2026 10:43:00,72.85,72.85,72.82,72.83,327773.01,10.0
CCMFUT,01/22/2026 10:42:00,72.86,72.88,72.82,72.86,1835882.28,56.0
CCMFUT,01/22/2026 10:41:00,72.88,72.88,72.88,72.88,98390.17,3.0
CCMFUT,01/22/2026 10:40:00,72.92,72.93,72.87,72.87,1443515.4,44.0
CCMFUT,01/22/2026 10:38:00,72.91,72.91,72.91,72.91,98432.81,3.0
CCMFUT,01/22/2026 10:35:00,72.9,72.91,72.9,72.91,1509293.61,46.0
CCMFUT,01/22/2026 10:34:00,72.91,72.93,72.9,72.9,328095.15,10.0
CCMFUT,01/22/2026 10:31:00,72.9,72.9,72.9,72.9,6101953.05,186.0
CCMFUT,01/22/2026 10:30:00,72.91,72.93,72.91,72.93,98442.28,3.0
CCMFUT,01/22/2026 10:27:00,72.88,72.92,72.88,72.92,196818.25,6.0
CCMFUT,01/22/2026 10:26:00,72.96,72.96,72.86,72.86,951436.62,29.0
CCMFUT,01/22/2026 10:25:00,72.97,72.97,72.97,72.97,131338.49,4.0
CCMFUT,01/22/2026 10:24:00,72.99,73.0,72.98,72.98,295592.14,9.0
CCMFUT,01/22/2026 10:23:00,73.01,73.01,73.01,73.01,262828.58,8.0
CCMFUT,01/22/2026 10:22:00,73.01,73.01,73.01,73.01,229975.01,7.0
CCMFUT,01/22/2026 10:19:00,73.01,73.01,73.01,73.01,65707.15,2.0
CCMFUT,01/22/2026 10:18:00,73.04,73.04,73.01,73.01,164291.55,5.0
CCMFUT,01/22/2026 10:17:00,73.03,73.06,73.03,73.06,558823.4,17.0
CCMFUT,01/22/2026 10:16:00,73.03,73.03,73.02,73.02,65721.36,2.0
CCMFUT,01/22/2026 10:15:00,73.01,73.04,73.01,73.04,197192.5,6.0
CCMFUT,01/22/2026 10:12:00,73.02,73.02,73.01,73.01,164272.6,5.0
CCMFUT,01/22/2026 10:10:00,73.03,73.05,73.03,73.05,230093.44,7.0
CCMFUT,01/22/2026 10:09:00,73.02,73.02,73.02,73.02,98574.93,3.0
CCMFUT,01/22/2026 10:08:00,73.0,73.03,73.0,73.03,98560.72,3.0
CCMFUT,01/22/2026 10:07:00,72.99,73.01,72.99,73.01,65697.67,2.0
CCMFUT,01/22/2026 10:05:00,72.98,72.98,72.97,72.97,164182.59,5.0
CCMFUT,01/22/2026 10:04:00,72.96,73.0,72.96,73.0,328317.81,10.0
CCMFUT,01/22/2026 10:03:00,72.93,72.94,72.93,72.94,164116.27,5.0
CCMFUT,01/22/2026 10:02:00,72.92,73.0,72.92,72.92,3742635.42,114.0
CCMFUT,01/22/2026 10:01:00,72.89,72.92,72.89,72.91,951403.46,29.0
CCMFUT,01/22/2026 10:00:00,72.89,72.9,72.89,72.9,557700.65,17.0
CCMFUT,01/22/2026 09:59:00,72.9,72.9,72.89,72.89,393655.44,12.0
CCMFUT,01/22/2026 09:58:00,72.86,72.9,72.86,72.9,131196.37,4.0
CCMFUT,01/22/2026 09:55:00,72.89,72.9,72.86,72.86,459220.47,14.0
CCMFUT,01/22/2026 09:54:00,72.86,72.89,72.86,72.89,295137.36,9.0
CCMFUT,01/22/2026 09:50:00,72.83,72.88,72.83,72.85,491822.96,15.0
CCMFUT,01/22/2026 09:49:00,72.83,72.85,72.83,72.85,65555.55,2.0
CCMFUT,01/22/2026 09:47:00,72.83,72.88,72.83,72.86,1508469.31,46.0
CCMFUT,01/22/2026 09:45:00,72.79,72.86,72.79,72.86,655441.8,20.0
CCMFUT,01/22/2026 09:42:00,72.81,72.85,72.81,72.85,589962.05,18.0
CCMFUT,01/22/2026 09:41:00,72.74,72.81,72.73,72.81,2127940.36,65.0
CCMFUT,01/22/2026 09:40:00,72.74,72.76,72.73,72.74,949319.03,29.0
CCMFUT,01/22/2026 09:39:00,72.73,72.74,72.73,72.74,163670.96,5.0
CCMFUT,01/22/2026 09:38:00,72.74,72.74,72.71,72.71,163628.32,5.0
CCMFUT,01/22/2026 09:37:00,72.74,72.74,72.72,72.72,130921.61,4.0
CCMFUT,01/22/2026 09:36:00,72.71,72.74,72.7,72.74,229093.86,7.0
CCMFUT,01/22/2026 09:35:00,72.81,72.81,72.7,72.74,3176274.89,97.0
CCMFUT,01/22/2026 09:34:00,72.82,72.82,72.8,72.81,720741.54,22.0
CCMFUT,01/22/2026 09:33:00,72.82,72.82,72.8,72.82,491510.29,15.0
CCMFUT,01/22/2026 09:32:00,72.82,72.83,72.82,72.83,196628.75,6.0
CCMFUT,01/22/2026 09:31:00,72.84,72.87,72.84,72.84,1212986.12,37.0
CCMFUT,01/22/2026 09:30:00,72.85,72.85,72.85,72.85,98347.54,3.0
CCMFUT,01/22/2026 09:29:00,72.85,72.85,72.85,72.85,65565.02,2.0
CCMFUT,01/22/2026 09:28:00,72.85,72.85,72.85,72.85,163912.56,5.0
CCMFUT,01/22/2026 09:27:00,72.86,72.9,72.86,72.9,656019.76,20.0
CCMFUT,01/22/2026 09:26:00,72.86,72.86,72.85,72.85,98357.01,3.0
CCMFUT,01/22/2026 09:24:00,72.87,72.87,72.87,72.87,32791.99,1.0
CCMFUT,01/22/2026 09:23:00,72.83,72.85,72.81,72.85,393300.14,12.0
CCMFUT,01/22/2026 09:22:00,72.85,72.85,72.78,72.83,491458.18,15.0
CCMFUT,01/22/2026 09:21:00,72.9,72.9,72.83,72.85,4494193.47,137.0
CCMFUT,01/22/2026 09:20:00,73.02,73.02,72.93,72.93,1444657.1,44.0
CCMFUT,01/22/2026 09:19:00,72.97,73.02,72.96,73.02,525472.41,16.0
CCMFUT,01/22/2026 09:18:00,72.94,72.98,72.92,72.98,525268.7,16.0
CCMFUT,01/22/2026 09:17:00,72.85,72.92,72.85,72.92,426433.22,13.0
CCMFUT,01/22/2026 09:16:00,72.88,72.88,72.82,72.85,3704518.65,113.0
CCMFUT,01/22/2026 09:15:00,72.99,72.99,72.86,72.86,2724226.78,83.0
CCMFUT,01/22/2026 09:14:00,73.01,73.01,72.96,72.96,1707367.25,52.0
CCMFUT,01/22/2026 09:13:00,73.02,73.02,73.01,73.01,98565.46,3.0
CCMFUT,01/22/2026 09:12:00,73.0,73.0,73.0,73.0,32848.84,1.0
CCMFUT,01/22/2026 09:11:00,73.01,73.05,73.01,73.05,164338.92,5.0
CCMFUT,01/22/2026 09:09:00,73.02,73.02,72.98,72.99,197074.06,6.0
CCMFUT,01/22/2026 09:08:00,73.09,73.09,73.0,73.0,1413570.56,43.0
CCMFUT,01/22/2026 09:07:00,73.13,73.14,73.11,73.11,197472.0,6.0
CCMFUT,01/22/2026 09:06:00,73.11,73.11,73.11,73.11,32900.95,1.0
CCMFUT,01/22/2026 09:05:00,73.16,73.16,73.16,73.16,263359.17,8.0
CCMFUT,01/22/2026 09:04:00,73.2,73.23,73.14,73.14,691677.85,21.0
CCMFUT,01/22/2026 09:03:00,73.17,73.22,73.14,73.14,922192.92,28.0
CCMFUT,01/22/2026 09:02:00,73.06,73.17,73.02,73.17,427650.72,13.0
CCMFUT,01/22/2026 09:01:00,73.0,73.11,72.97,73.07,2005190.69,61.0
CCMFUT,01/22/2026 09:00:00,73.13,73.13,73.05,73.05,460632.2,14.0
CCMFUT,01/21/2026 17:05:00,73.38,73.45,73.27,73.27,7655801.5,232.0
CCMFUT,01/21/2026 16:19:00,73.45,73.48,73.43,73.43,1950682.66,59.0
CCMFUT,01/21/2026 16:18:00,73.46,73.46,73.43,73.45,297463.4,9.0
CCMFUT,01/21/2026 16:17:00,73.38,73.54,73.38,73.43,6280797.76,190.0
CCMFUT,01/21/2026 16:16:00,73.34,73.41,73.33,73.39,1155597.77,35.0
CCMFUT,01/21/2026 16:15:00,73.32,73.34,73.32,73.34,527978.47,16.0
CCMFUT,01/21/2026 16:14:00,73.33,73.33,73.33,73.33,33000.43,1.0
CCMFUT,01/21/2026 16:13:00,73.27,73.36,73.27,73.32,989771.32,30.0
CCMFUT,01/21/2026 16:12:00,73.27,73.28,73.27,73.28,428640.82,13.0
CCMFUT,01/21/2026 16:11:00,73.3,73.31,73.3,73.31,164940.57,5.0
CCMFUT,01/21/2026 16:10:00,73.3,73.39,73.27,73.27,5674629.21,172.0
CCMFUT,01/21/2026 16:09:00,73.33,73.33,73.3,73.3,395905.69,12.0
CCMFUT,01/21/2026 16:08:00,73.27,73.43,73.26,73.32,5013819.98,152.0
CCMFUT,01/21/2026 16:07:00,73.25,73.31,73.24,73.28,560543.06,17.0
CCMFUT,01/21/2026 16:06:00,73.27,73.27,73.22,73.26,922761.4,28.0
CCMFUT,01/21/2026 16:05:00,73.24,73.27,73.22,73.26,791072.34,24.0
CCMFUT,01/21/2026 16:04:00,73.24,73.24,73.23,73.23,131816.97,4.0
CCMFUT,01/21/2026 16:03:00,73.24,73.24,73.24,73.24,65915.59,2.0
CCMFUT,01/21/2026 16:02:00,73.24,73.27,73.24,73.24,428465.54,13.0
CCMFUT,01/21/2026 16:01:00,73.24,73.24,73.24,73.24,395493.54,12.0
CCMFUT,01/21/2026 16:00:00,73.24,73.27,73.24,73.24,527447.89,16.0
CCMFUT,01/21/2026 15:59:00,73.24,73.25,73.24,73.25,65920.33,2.0
CCMFUT,01/21/2026 15:58:00,73.27,73.28,73.22,73.24,3329026.23,101.0
CCMFUT,01/21/2026 15:57:00,73.31,73.31,73.25,73.27,1450962.53,44.0
CCMFUT,01/21/2026 15:55:00,73.29,73.29,73.28,73.28,65958.23,2.0
CCMFUT,01/21/2026 15:53:00,73.3,73.3,73.24,73.3,3099411.26,94.0
CCMFUT,01/21/2026 15:51:00,73.32,73.32,73.28,73.3,1022496.98,31.0
CCMFUT,01/21/2026 15:50:00,73.3,73.36,73.28,73.36,1352780.8,41.0
CCMFUT,01/21/2026 15:49:00,73.34,73.34,73.28,73.32,2275864.34,69.0
CCMFUT,01/21/2026 15:47:00,73.38,73.4,73.36,73.38,792446.18,24.0
CCMFUT,01/21/2026 15:46:00,73.38,73.38,73.38,73.38,33019.38,1.0
CCMFUT,01/21/2026 15:44:00,73.38,73.38,73.38,73.38,33019.38,1.0
CCMFUT,01/21/2026 15:40:00,73.34,73.34,73.34,73.34,33005.17,1.0
CCMFUT,01/21/2026 15:37:00,73.37,73.37,73.37,73.37,264117.14,8.0
CCMFUT,01/21/2026 15:35:00,73.36,73.36,73.36,73.36,99029.72,3.0
CCMFUT,01/21/2026 15:30:00,73.34,73.34,73.33,73.34,132015.94,4.0
CCMFUT,01/21/2026 15:29:00,73.39,73.39,73.38,73.38,528314.82,16.0
CCMFUT,01/21/2026 15:28:00,73.42,73.42,73.41,73.41,165177.44,5.0
CCMFUT,01/21/2026 15:27:00,73.38,73.47,73.38,73.42,1982707.19,60.0
CCMFUT,01/21/2026 15:26:00,73.37,73.37,73.37,73.37,33014.64,1.0
CCMFUT,01/21/2026 15:25:00,73.37,73.37,73.37,73.37,33014.64,1.0
CCMFUT,01/21/2026 15:24:00,73.37,73.38,73.37,73.38,132063.31,4.0
CCMFUT,01/21/2026 15:23:00,73.32,73.34,73.32,73.34,429010.34,13.0
CCMFUT,01/21/2026 15:22:00,73.3,73.3,73.28,73.28,659568.04,20.0
CCMFUT,01/21/2026 15:21:00,73.33,73.33,73.3,73.3,659975.45,20.0
CCMFUT,01/21/2026 15:20:00,73.34,73.34,73.33,73.33,759014.65,23.0
CCMFUT,01/21/2026 15:19:00,73.36,73.36,73.33,73.33,429109.82,13.0
CCMFUT,01/21/2026 15:18:00,73.38,73.38,73.36,73.36,231097.76,7.0
CCMFUT,01/21/2026 15:17:00,73.38,73.38,73.38,73.38,132077.52,4.0
CCMFUT,01/21/2026 15:16:00,73.38,73.38,73.38,73.38,132077.52,4.0
CCMFUT,01/21/2026 15:15:00,73.39,73.39,73.33,73.39,396180.45,12.0
CCMFUT,01/21/2026 15:14:00,73.42,73.42,73.4,73.4,198211.03,6.0
CCMFUT,01/21/2026 15:13:00,73.41,73.41,73.41,73.41,33033.59,1.0
CCMFUT,01/21/2026 15:12:00,73.42,73.43,73.42,73.43,363464.26,11.0
CCMFUT,01/21/2026 15:11:00,73.4,73.44,73.39,73.41,561566.33,17.0
CCMFUT,01/21/2026 15:10:00,73.38,73.42,73.38,73.39,660472.88,20.0
CCMFUT,01/21/2026 15:09:00,73.34,73.36,73.33,73.36,363018.95,11.0
CCMFUT,01/21/2026 15:08:00,73.37,73.37,73.33,73.33,132030.15,4.0
CCMFUT,01/21/2026 15:06:00,73.38,73.39,73.36,73.38,792450.91,24.0
CCMFUT,01/21/2026 15:05:00,73.38,73.39,73.38,73.38,2377423.8,72.0
CCMFUT,01/21/2026 15:04:00,73.33,73.39,73.33,73.39,231121.45,7.0
CCMFUT,01/21/2026 15:02:00,73.28,73.31,73.27,73.3,1516754.94,46.0
CCMFUT,01/21/2026 15:01:00,73.36,73.42,73.32,73.32,924381.58,28.0
CCMFUT,01/21/2026 15:00:00,73.34,73.38,73.34,73.38,660344.97,20.0
CCMFUT,01/21/2026 14:59:00,73.29,73.38,73.25,73.38,329923.77,10.0
CCMFUT,01/21/2026 14:58:00,73.39,73.39,73.29,73.29,1881915.18,57.0
CCMFUT,01/21/2026 14:57:00,73.4,73.41,73.39,73.4,594467.28,18.0
CCMFUT,01/21/2026 14:56:00,73.46,73.46,73.43,73.43,2313099.97,70.0
CCMFUT,01/21/2026 14:55:00,73.48,73.48,73.48,73.48,33066.75,1.0
CCMFUT,01/21/2026 14:53:00,73.49,73.49,73.44,73.44,2215571.99,67.0
CCMFUT,01/21/2026 14:51:00,73.48,73.48,73.48,73.48,330667.54,10.0
CCMFUT,01/21/2026 14:50:00,73.48,73.48,73.48,73.48,661335.08,20.0
CCMFUT,01/21/2026 14:49:00,73.49,73.49,73.48,73.48,330681.75,10.0
CCMFUT,01/21/2026 14:48:00,73.5,73.5,73.5,73.5,66152.46,2.0
CCMFUT,01/21/2026 14:47:00,73.48,73.54,73.48,73.53,14285661.95,432.0
CCMFUT,01/21/2026 14:46:00,73.54,73.54,73.41,73.48,4332526.41,131.0
CCMFUT,01/21/2026 14:45:00,73.54,73.54,73.54,73.54,330951.78,10.0
CCMFUT,01/21/2026 14:44:00,73.61,73.61,73.59,73.59,430507.34,13.0
CCMFUT,01/21/2026 14:43:00,73.6,73.61,73.59,73.59,298074.52,9.0
CCMFUT,01/21/2026 14:42:00,73.61,73.61,73.59,73.59,1887604.75,57.0
CCMFUT,01/21/2026 14:41:00,73.61,73.61,73.61,73.61,1755550.91,53.0
CCMFUT,01/21/2026 14:40:00,73.61,73.63,73.61,73.63,298131.37,9.0
CCMFUT,01/21/2026 14:39:00,73.61,73.61,73.61,73.61,231865.21,7.0
CCMFUT,01/21/2026 14:38:00,73.62,73.65,73.62,73.62,165655.91,5.0
CCMFUT,01/21/2026 14:37:00,73.63,73.63,73.62,73.62,265036.19,8.0
CCMFUT,01/21/2026 14:36:00,73.68,73.68,73.61,73.64,828360.08,25.0
CCMFUT,01/21/2026 14:31:00,73.63,73.63,73.62,73.62,165646.43,5.0
CCMFUT,01/21/2026 14:30:00,73.64,73.64,73.61,73.61,1523870.45,46.0
CCMFUT,01/21/2026 14:29:00,73.66,73.66,73.62,73.62,430791.58,13.0
CCMFUT,01/21/2026 14:28:00,73.67,73.76,73.67,73.68,3448672.93,104.0
CCMFUT,01/21/2026 14:27:00,73.67,73.67,73.67,73.67,165760.13,5.0
CCMFUT,01/21/2026 14:25:00,73.64,73.66,73.64,73.66,66285.1,2.0
CCMFUT,01/21/2026 14:21:00,73.65,73.65,73.65,73.65,33142.55,1.0
CCMFUT,01/21/2026 14:18:00,73.66,73.66,73.66,73.66,33147.29,1.0
CCMFUT,01/21/2026 14:17:00,73.67,73.68,73.67,73.68,66308.79,2.0
CCMFUT,01/21/2026 14:14:00,73.66,73.66,73.66,73.66,66294.58,2.0
CCMFUT,01/21/2026 14:13:00,73.68,73.68,73.68,73.68,33156.76,1.0
CCMFUT,01/21/2026 14:12:00,73.68,73.68,73.68,73.68,33156.76,1.0
CCMFUT,01/21/2026 14:11:00,73.68,73.68,73.68,73.68,198940.58,6.0
CCMFUT,01/21/2026 14:10:00,73.68,73.68,73.68,73.68,66313.53,2.0
CCMFUT,01/21/2026 14:09:00,73.68,73.68,73.68,73.68,66313.53,2.0
CCMFUT,01/21/2026 14:04:00,73.66,73.66,73.66,73.66,33147.29,1.0
CCMFUT,01/21/2026 14:03:00,73.66,73.67,73.66,73.67,165755.39,5.0
CCMFUT,01/21/2026 14:01:00,73.64,73.64,73.64,73.64,66275.63,2.0
CCMFUT,01/21/2026 13:58:00,73.65,73.65,73.65,73.65,165712.76,5.0
CCMFUT,01/21/2026 13:57:00,73.68,73.68,73.68,73.68,431037.93,13.0
CCMFUT,01/21/2026 13:55:00,73.66,73.66,73.66,73.66,33147.29,1.0
CCMFUT,01/21/2026 13:54:00,73.64,73.68,73.64,73.64,1060566.39,32.0
CCMFUT,01/21/2026 13:53:00,73.63,73.64,73.62,73.62,132537.04,4.0
CCMFUT,01/21/2026 13:52:00,73.64,73.64,73.62,73.62,298188.22,9.0
CCMFUT,01/21/2026 13:51:00,73.66,73.66,73.64,73.64,2220252.5,67.0
CCMFUT,01/21/2026 13:50:00,73.69,73.69,73.68,73.68,364767.04,11.0
CCMFUT,01/21/2026 13:49:00,73.7,73.73,73.7,73.7,597091.77,18.0
CCMFUT,01/21/2026 13:48:00,73.66,73.81,73.66,73.72,3648395.18,110.0
CCMFUT,01/21/2026 13:47:00,73.65,73.66,73.65,73.66,1524765.81,46.0
CCMFUT,01/21/2026 13:45:00,73.69,73.69,73.67,73.67,397928.54,12.0
CCMFUT,01/21/2026 13:44:00,73.65,73.69,73.64,73.69,1027551.74,31.0
CCMFUT,01/21/2026 13:43:00,73.7,73.7,73.65,73.66,2022609.95,61.0
CCMFUT,01/21/2026 13:42:00,73.71,73.72,73.69,73.71,3217096.69,97.0
CCMFUT,01/21/2026 13:41:00,73.77,73.78,73.71,73.71,4811909.07,145.0
CCMFUT,01/21/2026 13:40:00,73.82,73.82,73.79,73.79,3453391.34,104.0
CCMFUT,01/21/2026 13:38:00,73.8,73.84,73.8,73.84,929952.71,28.0
CCMFUT,01/21/2026 13:37:00,73.8,73.8,73.79,73.79,3353925.78,101.0
CCMFUT,01/21/2026 13:36:00,73.8,73.82,73.8,73.8,1062702.93,32.0
CCMFUT,01/21/2026 13:35:00,73.81,73.81,73.8,73.8,664258.03,20.0
CCMFUT,01/21/2026 13:34:00,73.82,73.82,73.81,73.81,564707.2,17.0
CCMFUT,01/21/2026 13:33:00,73.85,73.85,73.82,73.82,598129.26,18.0
CCMFUT,01/21/2026 13:31:00,73.86,73.86,73.86,73.86,33237.3,1.0
CCMFUT,01/21/2026 13:30:00,73.85,73.86,73.85,73.86,498493.16,15.0
CCMFUT,01/21/2026 13:29:00,73.85,73.85,73.85,73.85,166162.81,5.0
CCMFUT,01/21/2026 13:28:00,73.86,73.86,73.85,73.85,731149.51,22.0
CCMFUT,01/21/2026 13:27:00,73.88,73.88,73.87,73.87,232698.99,7.0
CCMFUT,01/21/2026 13:25:00,73.89,73.89,73.89,73.89,166257.55,5.0
CCMFUT,01/21/2026 13:23:00,73.9,73.9,73.89,73.89,332529.32,10.0
CCMFUT,01/21/2026 13:22:00,73.96,73.96,73.88,73.88,1863202.62,56.0
CCMFUT,01/21/2026 13:21:00,73.96,73.96,73.96,73.96,33279.93,1.0
CCMFUT,01/21/2026 13:20:00,73.96,73.96,73.94,73.96,499184.81,15.0
CCMFUT,01/21/2026 13:18:00,73.96,73.96,73.96,73.96,232959.54,7.0
CCMFUT,01/21/2026 13:17:00,73.97,73.97,73.97,73.97,33284.67,1.0
CCMFUT,01/21/2026 13:15:00,73.99,74.0,73.99,74.0,166475.47,5.0
CCMFUT,01/21/2026 13:12:00,73.92,73.98,73.92,73.98,399302.37,12.0
CCMFUT,01/21/2026 13:10:00,73.87,73.92,73.87,73.92,232789.0,7.0
CCMFUT,01/21/2026 13:09:00,73.88,73.9,73.88,73.9,99749.79,3.0
CCMFUT,01/21/2026 13:08:00,73.91,73.91,73.9,73.9,831420.41,25.0
CCMFUT,01/21/2026 13:07:00,73.91,73.92,73.9,73.9,1330363.62,40.0
CCMFUT,01/21/2026 13:06:00,73.9,73.91,73.9,73.91,1596314.12,48.0
CCMFUT,01/21/2026 13:05:00,73.96,73.96,73.9,73.9,5090560.43,153.0
CCMFUT,01/21/2026 13:04:00,73.97,73.97,73.96,73.96,332804.09,10.0
CCMFUT,01/21/2026 13:03:00,73.98,73.98,73.98,73.98,133157.64,4.0
CCMFUT,01/21/2026 13:02:00,73.99,73.99,73.96,73.98,632394.56,19.0
CCMFUT,01/21/2026 13:01:00,74.03,74.03,73.98,73.99,7160188.65,215.0
CCMFUT,01/21/2026 13:00:00,74.02,74.02,74.01,74.01,832609.49,25.0
CCMFUT,01/21/2026 12:57:00,74.01,74.01,74.01,74.01,33303.62,1.0
CCMFUT,01/21/2026 12:54:00,74.03,74.03,74.02,74.02,233177.46,7.0
CCMFUT,01/21/2026 12:53:00,74.02,74.02,74.02,74.02,333083.59,10.0
CCMFUT,01/21/2026 12:51:00,74.03,74.03,74.02,74.02,66621.46,2.0
CCMFUT,01/21/2026 12:49:00,74.03,74.03,74.02,74.02,433060.78,13.0
CCMFUT,01/21/2026 12:47:00,74.02,74.02,74.01,74.01,732693.89,22.0
CCMFUT,01/21/2026 12:46:00,74.03,74.03,74.02,74.02,99929.81,3.0
CCMFUT,01/21/2026 12:44:00,74.03,74.06,74.03,74.06,533113.76,16.0
CCMFUT,01/21/2026 12:42:00,74.03,74.04,74.03,74.04,133266.6,4.0
CCMFUT,01/21/2026 12:41:00,74.06,74.06,74.04,74.04,766475.98,23.0
CCMFUT,01/21/2026 12:40:00,74.06,74.08,74.06,74.06,933249.91,28.0
CCMFUT,01/21/2026 12:39:00,74.07,74.07,74.07,74.07,33332.05,1.0
CCMFUT,01/21/2026 12:36:00,74.06,74.06,74.06,74.06,66654.62,2.0
CCMFUT,01/21/2026 12:35:00,74.06,74.07,74.06,74.06,466596.53,14.0
CCMFUT,01/21/2026 12:33:00,74.06,74.06,74.06,74.06,133309.23,4.0
CCMFUT,01/21/2026 12:32:00,74.07,74.07,74.07,74.07,166660.23,5.0
CCMFUT,01/21/2026 12:30:00,74.07,74.07,74.07,74.07,99996.14,3.0
CCMFUT,01/21/2026 12:29:00,74.08,74.08,74.07,74.07,1633303.41,49.0
CCMFUT,01/21/2026 12:28:00,74.06,74.06,74.06,74.06,733200.79,22.0
CCMFUT,01/21/2026 12:26:00,74.08,74.09,74.08,74.09,300068.95,9.0
CCMFUT,01/21/2026 12:25:00,74.09,74.09,74.07,74.07,2000405.96,60.0
CCMFUT,01/21/2026 12:23:00,74.08,74.08,74.08,74.08,66673.57,2.0
CCMFUT,01/21/2026 12:22:00,74.08,74.08,74.08,74.08,33336.78,1.0
CCMFUT,01/21/2026 12:20:00,74.09,74.09,74.09,74.09,33341.52,1.0
CCMFUT,01/21/2026 12:18:00,74.07,74.08,74.07,74.08,100005.61,3.0
CCMFUT,01/21/2026 12:14:00,74.08,74.08,74.07,74.08,166679.18,5.0
CCMFUT,01/21/2026 12:09:00,74.09,74.09,74.06,74.07,633436.78,19.0
CCMFUT,01/21/2026 12:08:00,74.07,74.08,74.07,74.08,66668.83,2.0
CCMFUT,01/21/2026 12:07:00,74.07,74.08,74.07,74.08,133332.92,4.0
CCMFUT,01/21/2026 12:06:00,74.08,74.08,74.07,74.07,199997.01,6.0
CCMFUT,01/21/2026 12:03:00,74.1,74.1,74.1,74.1,66692.52,2.0
CCMFUT,01/21/2026 12:01:00,74.09,74.09,74.09,74.09,100024.56,3.0
CCMFUT,01/21/2026 12:00:00,74.08,74.09,74.08,74.09,333396.26,10.0
CCMFUT,01/21/2026 11:59:00,74.11,74.11,74.08,74.09,1967533.44,59.0
CCMFUT,01/21/2026 11:58:00,74.12,74.12,74.11,74.11,100057.72,3.0
CCMFUT,01/21/2026 11:57:00,74.12,74.12,74.12,74.12,66711.47,2.0
CCMFUT,01/21/2026 11:56:00,74.13,74.13,74.12,74.12,166792.88,5.0
CCMFUT,01/21/2026 11:55:00,74.11,74.13,74.11,74.12,3902142.24,117.0
CCMFUT,01/21/2026 11:54:00,74.11,74.13,74.11,74.13,100071.94,3.0
CCMFUT,01/21/2026 11:53:00,74.11,74.12,74.11,74.12,66706.73,2.0
CCMFUT,01/21/2026 11:52:00,74.13,74.14,74.11,74.12,1200834.8,36.0
CCMFUT,01/21/2026 11:51:00,74.14,74.14,74.13,74.13,567142.2,17.0
CCMFUT,01/21/2026 11:50:00,74.14,74.16,74.14,74.16,600606.89,18.0
CCMFUT,01/21/2026 11:49:00,74.16,74.16,74.13,74.13,100100.36,3.0
CCMFUT,01/21/2026 11:48:00,74.25,74.25,74.13,74.18,12925760.91,387.0
CCMFUT,01/21/2026 11:46:00,74.27,74.27,74.26,74.26,267366.97,8.0
CCMFUT,01/21/2026 11:45:00,74.27,74.27,74.27,74.27,133688.22,4.0
CCMFUT,01/21/2026 11:42:00,74.27,74.27,74.27,74.27,334220.56,10.0
CCMFUT,01/21/2026 11:30:00,74.28,74.28,74.27,74.27,66848.85,2.0
CCMFUT,01/21/2026 11:27:00,74.3,74.3,74.26,74.28,1771577.39,53.0
CCMFUT,01/21/2026 11:26:00,74.3,74.32,74.3,74.3,2006597.69,60.0
CCMFUT,01/21/2026 11:25:00,74.28,74.28,74.28,74.28,434548.31,13.0
CCMFUT,01/21/2026 11:24:00,74.29,74.3,74.29,74.29,802380.41,24.0
CCMFUT,01/21/2026 11:22:00,74.28,74.28,74.27,74.27,3342229.25,100.0
CCMFUT,01/21/2026 11:20:00,74.29,74.29,74.29,74.29,33431.53,1.0
CCMFUT,01/21/2026 11:17:00,74.3,74.3,74.3,74.3,33436.27,1.0
CCMFUT,01/21/2026 11:12:00,74.32,74.32,74.28,74.32,234101.25,7.0
CCMFUT,01/21/2026 11:11:00,74.31,74.34,74.31,74.34,334471.64,10.0
CCMFUT,01/21/2026 11:10:00,74.29,74.3,74.28,74.28,300855.35,9.0
CCMFUT,01/21/2026 11:07:00,74.28,74.31,74.28,74.31,133721.38,4.0
CCMFUT,01/21/2026 11:06:00,74.28,74.28,74.28,74.28,33426.79,1.0
CCMFUT,01/21/2026 11:03:00,74.29,74.29,74.29,74.29,33431.53,1.0
CCMFUT,01/21/2026 10:56:00,74.32,74.33,74.32,74.33,869598.78,26.0
CCMFUT,01/21/2026 10:55:00,74.3,74.31,74.3,74.31,300931.15,9.0
CCMFUT,01/21/2026 10:53:00,74.3,74.3,74.3,74.3,133745.07,4.0
CCMFUT,01/21/2026 10:47:00,74.32,74.32,74.32,74.32,100337.23,3.0
CCMFUT,01/21/2026 10:43:00,74.29,74.33,74.29,74.33,635421.73,19.0
CCMFUT,01/21/2026 10:41:00,74.27,74.27,74.27,74.27,33422.06,1.0
CCMFUT,01/21/2026 10:40:00,74.27,74.27,74.27,74.27,33422.06,1.0
CCMFUT,01/21/2026 10:38:00,74.34,74.34,74.3,74.3,434789.91,13.0
CCMFUT,01/21/2026 10:35:00,74.32,74.34,74.32,74.34,167252.4,5.0
CCMFUT,01/21/2026 10:31:00,74.3,74.34,74.3,74.32,1672391.34,50.0
CCMFUT,01/21/2026 10:30:00,74.27,74.27,74.27,74.27,33422.06,1.0
CCMFUT,01/21/2026 10:22:00,74.3,74.3,74.3,74.3,66872.54,2.0
CCMFUT,01/21/2026 10:18:00,74.29,74.29,74.27,74.27,768735.7,23.0
CCMFUT,01/21/2026 10:17:00,74.33,74.33,74.28,74.28,1070277.97,32.0
CCMFUT,01/21/2026 10:13:00,74.34,74.34,74.34,74.34,66910.43,2.0
CCMFUT,01/21/2026 10:12:00,74.34,74.34,74.33,74.33,167271.35,5.0
CCMFUT,01/21/2026 10:10:00,74.39,74.39,74.39,74.39,66948.33,2.0
CCMFUT,01/21/2026 10:05:00,74.4,74.4,74.4,74.4,66957.81,2.0
CCMFUT,01/21/2026 10:04:00,74.42,74.42,74.42,74.42,167441.89,5.0
CCMFUT,01/21/2026 10:03:00,74.4,74.41,74.4,74.41,133929.83,4.0
CCMFUT,01/21/2026 10:02:00,74.37,74.39,74.37,74.39,133877.72,4.0
CCMFUT,01/21/2026 10:01:00,74.38,74.38,74.36,74.36,267727.01,8.0
CCMFUT,01/21/2026 10:00:00,74.39,74.39,74.38,74.38,234295.48,7.0
CCMFUT,01/21/2026 09:58:00,74.39,74.41,74.38,74.4,401694.74,12.0
CCMFUT,01/21/2026 09:55:00,74.39,74.47,74.39,74.39,4019159.71,120.0
CCMFUT,01/21/2026 09:52:00,74.4,74.41,74.4,74.41,200892.37,6.0
CCMFUT,01/21/2026 09:51:00,74.38,74.42,74.38,74.38,803351.57,24.0
CCMFUT,01/21/2026 09:50:00,74.34,74.39,74.34,74.38,1606480.49,48.0
CCMFUT,01/21/2026 09:49:00,74.34,74.38,74.34,74.38,334656.39,10.0
CCMFUT,01/21/2026 09:48:00,74.3,74.38,74.3,74.33,1103856.36,33.0
CCMFUT,01/21/2026 09:47:00,74.3,74.3,74.3,74.3,100308.8,3.0
CCMFUT,01/21/2026 09:46:00,74.3,74.3,74.3,74.3,100308.8,3.0
CCMFUT,01/21/2026 09:42:00,74.27,74.29,74.27,74.29,467956.15,14.0
CCMFUT,01/21/2026 09:41:00,74.3,74.3,74.27,74.27,668497.96,20.0
CCMFUT,01/21/2026 09:38:00,74.33,74.33,74.31,74.31,100341.96,3.0
CCMFUT,01/21/2026 09:35:00,74.27,74.42,74.27,74.36,5317375.62,159.0
CCMFUT,01/21/2026 09:34:00,74.26,74.32,74.25,74.26,4412701.45,132.0
CCMFUT,01/21/2026 09:33:00,74.24,74.26,74.24,74.26,133645.59,4.0
CCMFUT,01/21/2026 09:32:00,74.28,74.28,74.24,74.26,902253.38,27.0
CCMFUT,01/21/2026 09:31:00,74.31,74.31,74.27,74.29,1470911.54,44.0
CCMFUT,01/21/2026 09:30:00,74.3,74.34,74.3,74.32,3745946.84,112.0
CCMFUT,01/21/2026 09:29:00,74.29,74.29,74.29,74.29,100294.59,3.0
CCMFUT,01/21/2026 09:28:00,74.31,74.31,74.29,74.29,200627.08,6.0
CCMFUT,01/21/2026 09:27:00,74.33,74.33,74.32,74.32,468254.61,14.0
CCMFUT,01/21/2026 09:26:00,74.36,74.36,74.34,74.36,133835.08,4.0
CCMFUT,01/21/2026 09:25:00,74.38,74.39,74.38,74.38,3614703.09,108.0
CCMFUT,01/21/2026 09:22:00,74.33,74.33,74.32,74.32,334466.9,10.0
CCMFUT,01/21/2026 09:20:00,74.36,74.36,74.31,74.33,434842.02,13.0
CCMFUT,01/21/2026 09:19:00,74.36,74.36,74.36,74.36,33459.95,1.0
CCMFUT,01/21/2026 09:17:00,74.36,74.37,74.36,74.37,133854.03,4.0
CCMFUT,01/21/2026 09:16:00,74.31,74.33,74.31,74.33,434794.65,13.0
CCMFUT,01/21/2026 09:15:00,74.31,74.32,74.27,74.3,1203672.48,36.0
CCMFUT,01/21/2026 09:14:00,74.33,74.33,74.3,74.3,2742195.58,82.0
CCMFUT,01/21/2026 09:11:00,74.32,74.32,74.32,74.32,903035.04,27.0
CCMFUT,01/21/2026 09:10:00,74.34,74.34,74.33,74.33,434860.97,13.0
CCMFUT,01/21/2026 09:08:00,74.38,74.38,74.33,74.33,167309.25,5.0
CCMFUT,01/21/2026 09:07:00,74.38,74.38,74.38,74.38,334694.29,10.0
CCMFUT,01/21/2026 09:06:00,74.4,74.4,74.38,74.38,200845.0,6.0
CCMFUT,01/21/2026 09:05:00,74.38,74.38,74.36,74.36,401557.35,12.0
CCMFUT,01/21/2026 09:04:00,74.38,74.38,74.33,74.33,401533.67,12.0
CCMFUT,01/21/2026 09:03:00,74.32,74.42,74.3,74.42,3378019.98,101.0
CCMFUT,01/21/2026 09:02:00,74.3,74.37,74.28,74.36,3243403.24,97.0
CCMFUT,01/20/2026 17:05:00,74.69,74.69,74.47,74.63,1745592.99,52.0
CCMFUT,01/20/2026 16:19:00,74.59,74.63,74.59,74.63,3223458.96,96.0
CCMFUT,01/20/2026 16:17:00,74.61,74.63,74.59,74.59,2182329.95,65.0
CCMFUT,01/20/2026 16:16:00,74.6,74.6,74.59,74.59,302101.27,9.0
CCMFUT,01/20/2026 16:15:00,74.59,74.62,74.59,74.6,1678512.01,50.0
CCMFUT,01/20/2026 16:14:00,74.59,74.6,74.59,74.6,234963.45,7.0
CCMFUT,01/20/2026 16:13:00,74.6,74.62,74.59,74.59,1107864.16,33.0
CCMFUT,01/20/2026 16:12:00,74.57,74.6,74.57,74.59,1510421.1,45.0
CCMFUT,01/20/2026 16:10:00,74.56,74.58,74.56,74.58,402628.0,12.0
CCMFUT,01/20/2026 16:09:00,74.56,74.58,74.56,74.56,402628.0,12.0
CCMFUT,01/20/2026 16:05:00,74.56,74.59,74.56,74.57,1241528.7,37.0
CCMFUT,01/20/2026 16:04:00,74.57,74.57,74.56,74.57,570406.24,17.0
CCMFUT,01/20/2026 16:03:00,74.57,74.62,74.57,74.58,637733.56,19.0
CCMFUT,01/20/2026 16:02:00,74.57,74.59,74.56,74.56,1141101.46,34.0
CCMFUT,01/20/2026 16:01:00,74.57,74.57,74.57,74.57,33554.7,1.0
CCMFUT,01/20/2026 16:00:00,74.56,74.58,74.56,74.57,335528.07,10.0
CCMFUT,01/20/2026 15:59:00,74.56,74.56,74.56,74.56,100649.89,3.0
CCMFUT,01/20/2026 15:58:00,74.56,74.56,74.56,74.56,603899.36,18.0
CCMFUT,01/20/2026 15:57:00,74.56,74.56,74.56,74.56,67099.93,2.0
CCMFUT,01/20/2026 15:56:00,74.57,74.57,74.57,74.57,33554.7,1.0
CCMFUT,01/20/2026 15:55:00,74.57,74.57,74.57,74.57,67109.4,2.0
CCMFUT,01/20/2026 15:54:00,74.57,74.57,74.57,74.57,33554.7,1.0
CCMFUT,01/20/2026 15:52:00,74.58,74.58,74.57,74.57,67114.14,2.0
CCMFUT,01/20/2026 15:51:00,74.58,74.58,74.58,74.58,33559.44,1.0
CCMFUT,01/20/2026 15:49:00,74.58,74.58,74.58,74.58,134237.76,4.0
CCMFUT,01/20/2026 15:46:00,74.59,74.59,74.59,74.59,134256.71,4.0
CCMFUT,01/20/2026 15:44:00,74.59,74.59,74.59,74.59,67128.35,2.0
CCMFUT,01/20/2026 15:43:00,74.57,74.57,74.57,74.57,33554.7,1.0
CCMFUT,01/20/2026 15:42:00,74.56,74.57,74.56,74.57,301978.1,9.0
CCMFUT,01/20/2026 15:39:00,74.56,74.57,74.54,74.54,2684001.88,80.0
CCMFUT,01/20/2026 15:38:00,74.56,74.56,74.56,74.56,167749.82,5.0
CCMFUT,01/20/2026 15:37:00,74.54,74.54,74.54,74.54,234816.59,7.0
CCMFUT,01/20/2026 15:35:00,74.54,74.54,74.54,74.54,301907.04,9.0
CCMFUT,01/20/2026 15:32:00,74.54,74.54,74.54,74.54,536723.63,16.0
CCMFUT,01/20/2026 15:31:00,74.54,74.54,74.54,74.54,134180.91,4.0
CCMFUT,01/20/2026 15:30:00,74.54,74.54,74.54,74.54,167726.13,5.0
CCMFUT,01/20/2026 15:29:00,74.53,74.54,74.53,74.53,268328.65,8.0
CCMFUT,01/20/2026 15:28:00,74.54,74.54,74.53,74.53,570202.53,17.0
CCMFUT,01/20/2026 15:27:00,74.53,74.57,74.53,74.53,939157.39,28.0
CCMFUT,01/20/2026 15:26:00,74.54,74.54,74.54,74.54,33545.23,1.0
CCMFUT,01/20/2026 15:25:00,74.57,74.57,74.57,74.57,33554.7,1.0
CCMFUT,01/20/2026 15:23:00,74.57,74.58,74.57,74.58,100668.84,3.0
CCMFUT,01/20/2026 15:21:00,74.56,74.56,74.56,74.56,100649.89,3.0
CCMFUT,01/20/2026 15:20:00,74.53,74.54,74.53,74.54,1543047.28,46.0
CCMFUT,01/20/2026 15:19:00,74.54,74.54,74.53,74.53,737938.14,22.0
CCMFUT,01/20/2026 15:18:00,74.54,74.54,74.53,74.53,1710574.44,51.0
CCMFUT,01/20/2026 15:14:00,74.56,74.56,74.56,74.56,167749.82,5.0
CCMFUT,01/20/2026 15:13:00,74.54,74.54,74.54,74.54,67090.45,2.0
CCMFUT,01/20/2026 15:12:00,74.54,74.56,74.53,74.53,167726.13,5.0
CCMFUT,01/20/2026 15:11:00,74.56,74.56,74.56,74.56,67099.93,2.0
CCMFUT,01/20/2026 15:10:00,74.57,74.57,74.57,74.57,67109.4,2.0
CCMFUT,01/20/2026 15:09:00,74.56,74.56,74.56,74.56,67099.93,2.0
CCMFUT,01/20/2026 15:08:00,74.6,74.6,74.54,74.54,536927.34,16.0
CCMFUT,01/20/2026 15:07:00,74.58,74.59,74.58,74.59,503457.91,15.0
CCMFUT,01/20/2026 15:03:00,74.57,74.57,74.56,74.56,100659.37,3.0
CCMFUT,01/20/2026 15:00:00,74.54,74.57,74.54,74.57,301954.42,9.0
CCMFUT,01/20/2026 14:59:00,74.53,74.53,74.53,74.53,67080.98,2.0
CCMFUT,01/20/2026 14:58:00,74.54,74.54,74.53,74.53,268342.87,8.0
CCMFUT,01/20/2026 14:57:00,74.54,74.54,74.54,74.54,100635.68,3.0
CCMFUT,01/20/2026 14:55:00,74.57,74.57,74.53,74.53,2046036.19,61.0
CCMFUT,01/20/2026 14:52:00,74.58,74.58,74.58,74.58,134237.76,4.0
CCMFUT,01/20/2026 14:51:00,74.58,74.58,74.58,74.58,503391.58,15.0
CCMFUT,01/20/2026 14:50:00,74.58,74.58,74.58,74.58,33559.44,1.0
CCMFUT,01/20/2026 14:49:00,74.58,74.59,74.58,74.59,268499.2,8.0
CCMFUT,01/20/2026 14:48:00,74.62,74.62,74.57,74.57,2282491.9,68.0
CCMFUT,01/20/2026 14:47:00,74.63,74.63,74.62,74.62,201479.81,6.0
CCMFUT,01/20/2026 14:46:00,74.63,74.64,74.63,74.63,201517.7,6.0
CCMFUT,01/20/2026 14:45:00,74.64,74.64,74.64,74.64,167939.32,5.0
CCMFUT,01/20/2026 14:44:00,74.65,74.65,74.65,74.65,369518.61,11.0
CCMFUT,01/20/2026 14:43:00,74.66,74.66,74.66,74.66,167986.69,5.0
CCMFUT,01/20/2026 14:39:00,74.61,74.62,74.61,74.62,268617.63,8.0
CCMFUT,01/20/2026 14:38:00,74.61,74.61,74.61,74.61,67147.3,2.0
CCMFUT,01/20/2026 14:36:00,74.61,74.61,74.61,74.61,100720.95,3.0
CCMFUT,01/20/2026 14:31:00,74.61,74.61,74.61,74.61,167868.26,5.0
CCMFUT,01/20/2026 14:29:00,74.63,74.64,74.63,74.64,134346.72,4.0
CCMFUT,01/20/2026 14:26:00,74.69,74.69,74.61,74.64,1646492.21,49.0
CCMFUT,01/20/2026 14:25:00,74.66,74.7,74.66,74.69,8335635.95,248.0
CCMFUT,01/20/2026 14:24:00,74.66,74.67,74.66,74.67,638406.27,19.0
CCMFUT,01/20/2026 14:23:00,74.65,74.67,74.64,74.64,436751.18,13.0
CCMFUT,01/20/2026 14:21:00,74.64,74.64,74.64,74.64,403054.36,12.0
CCMFUT,01/20/2026 14:20:00,74.64,74.64,74.64,74.64,235115.04,7.0
CCMFUT,01/20/2026 14:19:00,74.64,74.64,74.64,74.64,1007635.89,30.0
CCMFUT,01/20/2026 14:18:00,74.64,74.64,74.64,74.64,873284.44,26.0
CCMFUT,01/20/2026 14:17:00,74.62,74.65,74.62,74.64,2216737.38,66.0
CCMFUT,01/20/2026 14:15:00,74.58,74.58,74.58,74.58,67118.88,2.0
CCMFUT,01/20/2026 14:12:00,74.61,74.62,74.61,74.62,335755.46,10.0
CCMFUT,01/20/2026 14:11:00,74.59,74.61,74.59,74.59,2181723.57,65.0
CCMFUT,01/20/2026 14:10:00,74.59,74.59,74.59,74.59,1342567.05,40.0
CCMFUT,01/20/2026 14:08:00,74.59,74.59,74.57,74.58,805369.69,24.0
CCMFUT,01/20/2026 14:07:00,74.57,74.59,74.57,74.59,234916.07,7.0
CCMFUT,01/20/2026 14:06:00,74.51,74.54,74.51,74.54,704350.28,21.0
CCMFUT,01/20/2026 14:05:00,74.53,74.54,74.51,74.51,6473124.99,193.0
CCMFUT,01/20/2026 14:04:00,74.53,74.53,74.53,74.53,637269.3,19.0
CCMFUT,01/20/2026 14:03:00,74.53,74.53,74.53,74.53,33540.49,1.0
CCMFUT,01/20/2026 14:02:00,74.54,74.54,74.53,74.53,637292.99,19.0
CCMFUT,01/20/2026 14:01:00,74.54,74.54,74.53,74.54,1744185.99,52.0
CCMFUT,01/20/2026 14:00:00,74.56,74.56,74.53,74.56,201280.84,6.0
CCMFUT,01/20/2026 13:59:00,74.59,74.59,74.57,74.57,268503.94,8.0
CCMFUT,01/20/2026 13:57:00,74.54,74.61,74.54,74.61,469836.88,14.0
CCMFUT,01/20/2026 13:56:00,74.54,74.54,74.54,74.54,368997.5,11.0
CCMFUT,01/20/2026 13:55:00,74.53,74.57,74.53,74.54,1610024.03,48.0
CCMFUT,01/20/2026 13:54:00,74.59,74.59,74.56,74.58,2483687.46,74.0
CCMFUT,01/20/2026 13:53:00,74.59,74.59,74.58,74.58,268508.67,8.0
CCMFUT,01/20/2026 13:52:00,74.59,74.6,74.56,74.59,3087842.64,92.0
CCMFUT,01/20/2026 13:51:00,74.61,74.61,74.59,74.6,3490892.26,104.0
CCMFUT,01/20/2026 13:50:00,74.64,74.64,74.61,74.61,436556.95,13.0
CCMFUT,01/20/2026 13:49:00,74.64,74.64,74.64,74.64,167939.32,5.0
CCMFUT,01/20/2026 13:47:00,74.66,74.66,74.66,74.66,67194.68,2.0
CCMFUT,01/20/2026 13:45:00,74.65,74.65,74.65,74.65,100777.8,3.0
CCMFUT,01/20/2026 13:43:00,74.66,74.66,74.66,74.66,369570.72,11.0
CCMFUT,01/20/2026 13:42:00,74.66,74.69,74.65,74.69,134408.3,4.0
CCMFUT,01/20/2026 13:40:00,74.67,74.69,74.67,74.69,168029.33,5.0
CCMFUT,01/20/2026 13:37:00,74.62,74.62,74.62,74.62,33578.39,1.0
CCMFUT,01/20/2026 13:36:00,74.65,74.65,74.62,74.62,67170.99,2.0
CCMFUT,01/20/2026 13:35:00,74.61,74.64,74.61,74.64,100749.38,3.0
CCMFUT,01/20/2026 13:33:00,74.62,74.62,74.59,74.6,1242064.02,37.0
CCMFUT,01/20/2026 13:32:00,74.64,74.64,74.64,74.64,67175.73,2.0
CCMFUT,01/20/2026 13:30:00,74.66,74.66,74.65,74.65,67189.94,2.0
CCMFUT,01/20/2026 13:29:00,74.64,74.66,74.6,74.66,1141513.61,34.0
CCMFUT,01/20/2026 13:28:00,74.59,74.62,74.59,74.62,201422.96,6.0
CCMFUT,01/20/2026 13:27:00,74.57,74.57,74.57,74.57,67109.4,2.0
CCMFUT,01/20/2026 13:26:00,74.54,74.54,74.53,74.54,771469.16,23.0
CCMFUT,01/20/2026 13:25:00,74.54,74.56,74.53,74.56,3488362.51,104.0
CCMFUT,01/20/2026 13:24:00,74.6,74.61,74.53,74.53,10806911.54,322.0
CCMFUT,01/20/2026 13:22:00,74.59,74.62,74.59,74.61,1175020.94,35.0
CCMFUT,01/20/2026 13:21:00,74.6,74.61,74.6,74.6,1644886.25,49.0
CCMFUT,01/20/2026 13:20:00,74.62,74.62,74.61,74.61,470059.54,14.0
CCMFUT,01/20/2026 13:19:00,74.62,74.62,74.62,74.62,67156.78,2.0
CCMFUT,01/20/2026 13:18:00,74.62,74.62,74.62,74.62,67156.78,2.0
CCMFUT,01/20/2026 13:17:00,74.64,74.64,74.64,74.64,67175.73,2.0
CCMFUT,01/20/2026 13:16:00,74.64,74.64,74.64,74.64,33587.86,1.0
CCMFUT,01/20/2026 13:15:00,74.64,74.66,74.64,74.65,302319.19,9.0
CCMFUT,01/20/2026 13:14:00,74.62,74.65,74.62,74.62,1041157.43,31.0
CCMFUT,01/20/2026 13:13:00,74.63,74.63,74.63,74.63,33583.13,1.0
CCMFUT,01/20/2026 13:12:00,74.59,74.63,74.59,74.63,369253.31,11.0
CCMFUT,01/20/2026 13:11:00,74.67,74.69,74.59,74.59,2149372.16,64.0
CCMFUT,01/20/2026 13:10:00,74.74,74.74,74.61,74.66,7596252.92,226.0
CCMFUT,01/20/2026 13:08:00,74.74,74.74,74.74,74.74,33635.24,1.0
CCMFUT,01/20/2026 13:07:00,74.74,74.76,74.74,74.76,3195356.96,95.0
CCMFUT,01/20/2026 13:06:00,74.74,74.76,74.74,74.76,605448.47,18.0
CCMFUT,01/20/2026 13:05:00,74.76,74.76,74.74,74.74,403641.79,12.0
CCMFUT,01/20/2026 13:04:00,74.76,74.76,74.74,74.74,672728.42,20.0
CCMFUT,01/20/2026 13:03:00,74.77,74.77,74.77,74.77,201868.27,6.0
CCMFUT,01/20/2026 13:01:00,74.74,74.76,74.74,74.76,1446338.86,43.0
CCMFUT,01/20/2026 12:59:00,74.76,74.77,74.74,74.77,874591.95,26.0
CCMFUT,01/20/2026 12:58:00,74.74,74.74,74.74,74.74,369987.6,11.0
CCMFUT,01/20/2026 12:57:00,74.74,74.74,74.74,74.74,3733511.27,111.0
CCMFUT,01/20/2026 12:56:00,74.76,74.76,74.74,74.76,739998.89,22.0
CCMFUT,01/20/2026 12:51:00,74.77,74.77,74.77,74.77,33644.71,1.0
CCMFUT,01/20/2026 12:50:00,74.76,74.76,74.74,74.74,706344.71,21.0
CCMFUT,01/20/2026 12:42:00,74.79,74.79,74.76,74.78,471044.91,14.0
CCMFUT,01/20/2026 12:38:00,74.8,74.8,74.8,74.8,168294.62,5.0
CCMFUT,01/20/2026 12:37:00,74.8,74.82,74.8,74.82,302944.52,9.0
CCMFUT,01/20/2026 12:35:00,74.79,74.79,74.79,74.79,67308.37,2.0
CCMFUT,01/20/2026 12:29:00,74.77,74.78,74.77,74.78,336456.59,10.0
CCMFUT,01/20/2026 12:27:00,74.76,74.76,74.74,74.74,168185.66,5.0
CCMFUT,01/20/2026 12:26:00,74.74,74.76,74.74,74.76,739998.89,22.0
CCMFUT,01/20/2026 12:25:00,74.77,74.77,74.74,74.74,773719.4,23.0
CCMFUT,01/20/2026 12:19:00,74.74,74.78,74.74,74.78,235484.56,7.0
CCMFUT,01/20/2026 12:18:00,74.76,74.78,74.74,74.74,4170930.42,124.0
CCMFUT,01/20/2026 12:17:00,74.76,74.77,74.74,74.76,1480002.53,44.0
CCMFUT,01/20/2026 12:16:00,74.76,74.77,74.74,74.74,1009099.74,30.0
CCMFUT,01/20/2026 12:14:00,74.77,74.77,74.77,74.77,67289.42,2.0
CCMFUT,01/20/2026 12:13:00,74.8,74.8,74.74,74.76,1110095.46,33.0
CCMFUT,01/20/2026 12:11:00,74.79,74.79,74.78,74.78,67303.63,2.0
CCMFUT,01/20/2026 12:10:00,74.79,74.81,74.79,74.81,67317.85,2.0
CCMFUT,01/20/2026 12:09:00,74.8,74.8,74.8,74.8,33658.92,1.0
CCMFUT,01/20/2026 12:08:00,74.8,74.8,74.8,74.8,67317.85,2.0
CCMFUT,01/20/2026 12:06:00,74.81,74.81,74.81,74.81,908918.84,27.0
CCMFUT,01/20/2026 12:05:00,74.81,74.82,74.81,74.81,168327.78,5.0
CCMFUT,01/20/2026 12:00:00,74.81,74.81,74.8,74.8,67322.58,2.0
CCMFUT,01/20/2026 11:59:00,74.8,74.8,74.8,74.8,33658.92,1.0
CCMFUT,01/20/2026 11:57:00,74.81,74.81,74.8,74.8,168313.57,5.0
CCMFUT,01/20/2026 11:55:00,74.81,74.83,74.81,74.81,437665.49,13.0
CCMFUT,01/20/2026 11:53:00,74.8,74.8,74.8,74.8,33658.92,1.0
CCMFUT,01/20/2026 11:51:00,74.8,74.8,74.8,74.8,100976.77,3.0
CCMFUT,01/20/2026 11:49:00,74.8,74.81,74.8,74.8,807918.39,24.0
CCMFUT,01/20/2026 11:48:00,74.79,74.8,74.79,74.8,100967.3,3.0
CCMFUT,01/20/2026 11:47:00,74.79,74.81,74.79,74.79,1144408.14,34.0
CCMFUT,01/20/2026 11:46:00,74.81,74.81,74.8,74.8,572272.76,17.0
CCMFUT,01/20/2026 11:45:00,74.8,74.84,74.8,74.81,774297.36,23.0
CCMFUT,01/20/2026 11:43:00,74.79,74.79,74.79,74.79,67308.37,2.0
CCMFUT,01/20/2026 11:42:00,74.79,74.79,74.79,74.79,100962.56,3.0
CCMFUT,01/20/2026 11:41:00,74.78,74.78,74.78,74.78,100948.35,3.0
CCMFUT,01/20/2026 11:40:00,74.76,74.77,74.74,74.77,4238101.41,126.0
CCMFUT,01/20/2026 11:38:00,74.74,74.77,74.74,74.77,100915.18,3.0
CCMFUT,01/20/2026 11:37:00,74.76,74.76,74.74,74.74,504566.45,15.0
CCMFUT,01/20/2026 11:36:00,74.74,74.77,74.74,74.74,11133500.22,331.0
CCMFUT,01/20/2026 11:35:00,74.77,74.77,74.74,74.74,7635326.64,227.0
CCMFUT,01/20/2026 11:34:00,74.76,74.79,74.74,74.78,9687573.5,288.0
CCMFUT,01/20/2026 11:33:00,74.76,74.76,74.76,74.76,336399.74,10.0
CCMFUT,01/20/2026 11:32:00,74.77,74.78,74.76,74.78,302797.67,9.0
CCMFUT,01/20/2026 11:31:00,74.81,74.81,74.76,74.76,235565.09,7.0
CCMFUT,01/20/2026 11:30:00,74.78,74.81,74.78,74.79,235621.94,7.0
CCMFUT,01/20/2026 11:24:00,74.78,74.78,74.77,74.78,336489.75,10.0
CCMFUT,01/20/2026 11:19:00,74.78,74.78,74.77,74.77,672917.92,20.0
CCMFUT,01/20/2026 11:17:00,74.78,74.78,74.78,74.78,134597.8,4.0
CCMFUT,01/20/2026 11:14:00,74.8,74.8,74.8,74.8,33658.92,1.0
CCMFUT,01/20/2026 11:05:00,74.77,74.77,74.77,74.77,33644.71,1.0
CCMFUT,01/20/2026 11:03:00,74.8,74.8,74.8,74.8,67317.85,2.0
CCMFUT,01/20/2026 11:01:00,74.82,74.82,74.82,74.82,67336.8,2.0
CCMFUT,01/20/2026 10:59:00,74.82,74.82,74.82,74.82,33668.4,1.0
CCMFUT,01/20/2026 10:57:00,74.81,74.81,74.81,74.81,33663.66,1.0
CCMFUT,01/20/2026 10:56:00,74.79,74.79,74.78,74.78,67303.63,2.0
CCMFUT,01/20/2026 10:55:00,74.79,74.79,74.79,74.79,100962.56,3.0
CCMFUT,01/20/2026 10:51:00,74.84,74.85,74.84,74.84,336797.68,10.0
CCMFUT,01/20/2026 10:50:00,74.82,74.82,74.82,74.82,33668.4,1.0
CCMFUT,01/20/2026 10:49:00,74.84,74.84,74.84,74.84,101033.62,3.0
CCMFUT,01/20/2026 10:47:00,74.83,74.89,74.83,74.84,539021.25,16.0
CCMFUT,01/20/2026 10:46:00,74.82,74.82,74.82,74.82,33668.4,1.0
CCMFUT,01/20/2026 10:37:00,74.8,74.8,74.8,74.8,33658.92,1.0
CCMFUT,01/20/2026 10:36:00,74.82,74.82,74.82,74.82,33668.4,1.0
CCMFUT,01/20/2026 10:34:00,74.81,74.82,74.81,74.82,101000.46,3.0
CCMFUT,01/20/2026 10:33:00,74.83,74.83,74.82,74.82,134678.33,4.0
CCMFUT,01/20/2026 10:26:00,74.83,74.83,74.83,74.83,33673.14,1.0
CCMFUT,01/20/2026 10:25:00,74.81,74.81,74.81,74.81,33663.66,1.0
CCMFUT,01/20/2026 10:24:00,74.82,74.82,74.8,74.8,168323.04,5.0
CCMFUT,01/20/2026 10:23:00,74.84,74.84,74.84,74.84,101033.62,3.0
CCMFUT,01/20/2026 10:21:00,74.83,74.83,74.83,74.83,33673.14,1.0
CCMFUT,01/20/2026 10:19:00,74.81,74.81,74.81,74.81,33663.66,1.0
CCMFUT,01/20/2026 10:14:00,74.81,74.81,74.8,74.8,168308.83,5.0
CCMFUT,01/20/2026 10:13:00,74.83,74.83,74.83,74.83,33673.14,1.0
CCMFUT,01/20/2026 10:10:00,74.82,74.82,74.82,74.82,33668.4,1.0
CCMFUT,01/20/2026 10:00:00,74.82,74.84,74.82,74.84,235716.69,7.0
CCMFUT,01/20/2026 09:58:00,74.81,74.81,74.79,74.8,538547.51,16.0
CCMFUT,01/20/2026 09:56:00,74.81,74.81,74.81,74.81,33663.66,1.0
CCMFUT,01/20/2026 09:55:00,74.85,74.85,74.78,74.78,1212275.52,36.0
CCMFUT,01/20/2026 09:54:00,74.85,74.85,74.85,74.85,707334.82,21.0
CCMFUT,01/20/2026 09:52:00,74.85,74.86,74.85,74.86,134739.92,4.0
CCMFUT,01/20/2026 09:50:00,74.85,74.85,74.85,74.85,67365.22,2.0
CCMFUT,01/20/2026 09:49:00,74.85,74.85,74.85,74.85,67365.22,2.0
CCMFUT,01/20/2026 09:48:00,74.85,74.86,74.85,74.86,606310.67,18.0
CCMFUT,01/20/2026 09:47:00,74.85,74.85,74.85,74.85,370508.71,11.0
CCMFUT,01/20/2026 09:46:00,74.86,74.87,74.86,74.86,336887.69,10.0
CCMFUT,01/20/2026 09:45:00,74.86,74.89,74.86,74.87,1078151.46,32.0
CCMFUT,01/20/2026 09:43:00,74.86,74.86,74.86,74.86,33687.35,1.0
CCMFUT,01/20/2026 09:42:00,74.87,74.87,74.85,74.85,741050.59,22.0
CCMFUT,01/20/2026 09:41:00,74.85,74.86,74.85,74.86,168427.26,5.0
CCMFUT,01/20/2026 09:40:00,74.85,74.85,74.85,74.85,67365.22,2.0
CCMFUT,01/20/2026 09:38:00,74.85,74.86,74.85,74.85,471575.49,14.0
CCMFUT,01/20/2026 09:37:00,74.86,74.86,74.86,74.86,33687.35,1.0
CCMFUT,01/20/2026 09:36:00,74.86,74.86,74.85,74.85,4580839.73,136.0
CCMFUT,01/20/2026 09:33:00,74.87,74.87,74.86,74.86,134754.13,4.0
CCMFUT,01/20/2026 09:32:00,74.88,74.89,74.88,74.89,67398.38,2.0
CCMFUT,01/20/2026 09:30:00,74.9,74.91,74.89,74.89,370745.58,11.0
CCMFUT,01/20/2026 09:29:00,74.89,74.89,74.89,74.89,168507.8,5.0
CCMFUT,01/20/2026 09:27:00,74.87,74.87,74.86,74.86,202128.82,6.0
CCMFUT,01/20/2026 09:24:00,74.86,74.86,74.86,74.86,33687.35,1.0
CCMFUT,01/20/2026 09:23:00,74.87,74.87,74.87,74.87,101076.25,3.0
CCMFUT,01/20/2026 09:20:00,74.85,74.85,74.85,74.85,33682.61,1.0
CCMFUT,01/20/2026 09:19:00,74.85,74.86,74.85,74.86,370527.66,11.0
CCMFUT,01/20/2026 09:18:00,74.88,74.88,74.85,74.85,1717912.61,51.0
CCMFUT,01/20/2026 09:17:00,74.9,74.91,74.88,74.88,134825.19,4.0
CCMFUT,01/20/2026 09:16:00,74.89,74.92,74.85,74.92,1415228.64,42.0
CCMFUT,01/20/2026 09:15:00,74.85,74.89,74.85,74.89,1515878.53,45.0
CCMFUT,01/20/2026 09:11:00,74.86,74.86,74.86,74.86,33687.35,1.0
CCMFUT,01/20/2026 09:10:00,74.89,74.89,74.88,74.88,303299.83,9.0
CCMFUT,01/20/2026 09:09:00,74.87,74.88,74.87,74.88,168474.64,5.0
CCMFUT,01/20/2026 09:08:00,74.88,74.88,74.87,74.87,134782.55,4.0
CCMFUT,01/20/2026 09:07:00,74.88,74.88,74.88,74.88,33696.82,1.0
CCMFUT,01/20/2026 09:06:00,74.85,74.87,74.85,74.86,202124.09,6.0
CCMFUT,01/20/2026 09:05:00,74.87,74.87,74.87,74.87,33692.08,1.0
CCMFUT,01/20/2026 09:04:00,74.81,74.87,74.81,74.87,370461.34,11.0
CCMFUT,01/20/2026 09:03:00,74.84,74.84,74.84,74.84,67355.75,2.0
CCMFUT,01/20/2026 09:02:00,74.81,74.86,74.81,74.86,505187.04,15.0
CCMFUT,01/20/2026 09:01:00,74.74,74.78,74.74,74.78,1278229.0,38.0
CCMFUT,01/20/2026 09:00:00,74.74,74.82,74.74,74.74,672737.9,20.0
CCMFUT,01/19/2026 17:05:00,74.89,74.96,74.87,74.9,1045018.38,31.0
CCMFUT,01/19/2026 16:19:00,74.86,74.9,74.85,74.85,1853472.09,55.0
CCMFUT,01/19/2026 16:18:00,74.86,74.86,74.84,74.86,437926.04,13.0
CCMFUT,01/19/2026 16:16:00,74.85,74.86,74.85,74.86,269465.62,8.0
CCMFUT,01/19/2026 16:15:00,74.85,74.86,74.85,74.86,505277.05,15.0
CCMFUT,01/19/2026 16:14:00,74.84,74.86,74.84,74.86,303143.49,9.0
CCMFUT,01/19/2026 16:12:00,74.82,74.84,74.82,74.84,370447.13,11.0
CCMFUT,01/19/2026 16:10:00,74.82,74.82,74.82,74.82,33668.4,1.0
CCMFUT,01/19/2026 16:08:00,74.82,74.82,74.82,74.82,33668.4,1.0
CCMFUT,01/19/2026 16:06:00,74.84,74.84,74.84,74.84,404134.47,12.0
CCMFUT,01/19/2026 16:04:00,74.84,74.84,74.84,74.84,67355.75,2.0
CCMFUT,01/19/2026 16:03:00,74.84,74.84,74.84,74.84,168389.36,5.0
CCMFUT,01/19/2026 15:56:00,74.84,74.84,74.84,74.84,235745.11,7.0
CCMFUT,01/19/2026 15:55:00,74.84,74.84,74.84,74.84,572523.84,17.0
CCMFUT,01/19/2026 15:54:00,74.85,74.85,74.85,74.85,269460.88,8.0
CCMFUT,01/19/2026 15:53:00,74.84,74.84,74.84,74.84,33677.87,1.0
CCMFUT,01/19/2026 15:51:00,74.84,74.84,74.84,74.84,168389.36,5.0
CCMFUT,01/19/2026 15:50:00,74.84,74.85,74.84,74.84,505177.57,15.0
CCMFUT,01/19/2026 15:46:00,74.84,74.84,74.84,74.84,235745.11,7.0
CCMFUT,01/19/2026 15:41:00,74.83,74.83,74.83,74.83,134692.54,4.0
CCMFUT,01/19/2026 15:38:00,74.82,74.82,74.82,74.82,168341.99,5.0
CCMFUT,01/19/2026 15:35:00,74.84,74.85,74.84,74.85,437826.56,13.0
CCMFUT,01/19/2026 15:31:00,74.82,74.84,74.82,74.84,2323223.7,69.0
CCMFUT,01/19/2026 15:27:00,74.83,74.83,74.83,74.83,67346.27,2.0
CCMFUT,01/19/2026 15:26:00,74.84,74.85,74.84,74.84,336783.47,10.0
CCMFUT,01/19/2026 15:25:00,74.83,74.84,74.83,74.84,134697.28,4.0
CCMFUT,01/19/2026 15:21:00,74.83,74.83,74.83,74.83,67346.27,2.0
CCMFUT,01/19/2026 15:20:00,74.82,74.83,74.82,74.83,437693.91,13.0
CCMFUT,01/19/2026 15:13:00,74.83,74.83,74.83,74.83,33673.14,1.0
CCMFUT,01/19/2026 15:05:00,74.82,74.83,74.82,74.83,202034.08,6.0
CCMFUT,01/19/2026 15:02:00,74.83,74.83,74.83,74.83,101019.41,3.0
CCMFUT,01/19/2026 15:00:00,74.83,74.83,74.83,74.83,33673.14,1.0
CCMFUT,01/19/2026 14:56:00,74.84,74.85,74.83,74.83,1077592.45,32.0
CCMFUT,01/19/2026 14:53:00,74.84,74.84,74.84,74.84,639879.59,19.0
CCMFUT,01/19/2026 14:51:00,74.83,74.84,74.83,74.84,740861.09,22.0
CCMFUT,01/19/2026 14:48:00,74.82,74.82,74.82,74.82,404020.78,12.0
CCMFUT,01/19/2026 14:39:00,74.81,74.82,74.81,74.82,134659.38,4.0
CCMFUT,01/19/2026 14:35:00,74.81,74.81,74.81,74.81,33663.66,1.0
CCMFUT,01/19/2026 14:34:00,74.82,74.84,74.82,74.83,370395.02,11.0
CCMFUT,01/19/2026 14:33:00,74.82,74.82,74.82,74.82,202010.39,6.0
CCMFUT,01/19/2026 14:32:00,74.82,74.82,74.81,74.81,841610.47,25.0
CCMFUT,01/19/2026 14:31:00,74.81,74.81,74.81,74.81,908918.84,27.0
CCMFUT,01/19/2026 14:29:00,74.82,74.82,74.82,74.82,134673.59,4.0
CCMFUT,01/19/2026 14:24:00,74.81,74.81,74.81,74.81,67327.32,2.0
CCMFUT,01/19/2026 14:22:00,74.82,74.82,74.82,74.82,134673.59,4.0
CCMFUT,01/19/2026 14:20:00,74.81,74.81,74.81,74.81,673273.22,20.0
CCMFUT,01/19/2026 14:18:00,74.81,74.81,74.81,74.81,33663.66,1.0
CCMFUT,01/19/2026 14:17:00,74.81,74.81,74.81,74.81,2019819.65,60.0
CCMFUT,01/19/2026 14:16:00,74.81,74.81,74.81,74.81,33663.66,1.0
CCMFUT,01/19/2026 14:15:00,74.82,74.82,74.81,74.81,1312892.25,39.0
CCMFUT,01/19/2026 14:14:00,74.82,74.82,74.82,74.82,875378.35,26.0
CCMFUT,01/19/2026 14:10:00,74.83,74.84,74.83,74.84,134706.75,4.0
CCMFUT,01/19/2026 14:03:00,74.84,74.86,74.84,74.85,303143.49,9.0
CCMFUT,01/19/2026 14:02:00,74.81,74.83,74.81,74.83,370347.64,11.0
CCMFUT,01/19/2026 13:54:00,74.83,74.84,74.83,74.83,235716.69,7.0
CCMFUT,01/19/2026 13:45:00,74.81,74.81,74.81,74.81,33663.66,1.0
CCMFUT,01/19/2026 13:42:00,74.83,74.84,74.83,74.84,336750.3,10.0
CCMFUT,01/19/2026 13:41:00,74.83,74.83,74.83,74.83,33673.14,1.0
CCMFUT,01/19/2026 13:31:00,74.82,74.82,74.82,74.82,134673.59,4.0
CCMFUT,01/19/2026 13:21:00,74.84,74.84,74.84,74.84,168389.36,5.0
CCMFUT,01/19/2026 13:20:00,74.82,74.82,74.82,74.82,33668.4,1.0
CCMFUT,01/19/2026 13:19:00,74.83,74.83,74.83,74.83,202038.81,6.0
CCMFUT,01/19/2026 13:18:00,74.81,74.82,74.81,74.82,101000.46,3.0
CCMFUT,01/19/2026 13:16:00,74.83,74.83,74.81,74.81,168337.25,5.0
CCMFUT,01/19/2026 13:14:00,74.84,74.84,74.84,74.84,33677.87,1.0
CCMFUT,01/19/2026 13:11:00,74.85,74.85,74.85,74.85,101047.83,3.0
CCMFUT,01/19/2026 13:10:00,74.84,74.84,74.84,74.84,134711.49,4.0
CCMFUT,01/19/2026 13:09:00,74.83,74.83,74.83,74.83,168365.68,5.0
CCMFUT,01/19/2026 13:08:00,74.8,74.8,74.8,74.8,33658.92,1.0
CCMFUT,01/19/2026 13:05:00,74.8,74.82,74.8,74.82,774183.66,23.0
CCMFUT,01/19/2026 13:04:00,74.81,74.81,74.8,74.8,168313.57,5.0
CCMFUT,01/19/2026 12:56:00,74.84,74.85,74.84,74.85,235749.85,7.0
CCMFUT,01/19/2026 12:55:00,74.82,74.82,74.82,74.82,33668.4,1.0
CCMFUT,01/19/2026 12:44:00,74.83,74.83,74.83,74.83,235711.95,7.0
CCMFUT,01/19/2026 12:41:00,74.83,74.83,74.83,74.83,33673.14,1.0
CCMFUT,01/19/2026 12:37:00,74.84,74.84,74.84,74.84,67355.75,2.0
CCMFUT,01/19/2026 12:36:00,74.83,74.84,74.83,74.84,235726.16,7.0
CCMFUT,01/19/2026 12:32:00,74.85,74.85,74.84,74.84,67360.48,2.0
CCMFUT,01/19/2026 12:30:00,74.86,74.86,74.86,74.86,168436.74,5.0
CCMFUT,01/19/2026 12:25:00,74.85,74.85,74.85,74.85,67365.22,2.0
CCMFUT,01/19/2026 12:22:00,74.86,74.86,74.86,74.86,269498.78,8.0
CCMFUT,01/19/2026 12:20:00,74.83,74.9,74.83,74.86,1179132.96,35.0
CCMFUT,01/19/2026 12:19:00,74.87,74.87,74.8,74.8,1346953.85,40.0
CCMFUT,01/19/2026 12:17:00,74.87,74.87,74.87,74.87,202152.51,6.0
CCMFUT,01/19/2026 12:16:00,74.88,74.91,74.84,74.88,9701861.37,288.0
CCMFUT,01/19/2026 12:01:00,74.9,74.9,74.9,74.9,269650.38,8.0
CCMFUT,01/19/2026 12:00:00,74.9,74.9,74.9,74.9,168531.49,5.0
CCMFUT,01/19/2026 11:56:00,74.88,74.9,74.88,74.9,1112250.95,33.0
CCMFUT,01/19/2026 11:55:00,74.88,75.0,74.88,74.92,1955685.31,58.0
CCMFUT,01/19/2026 11:52:00,74.88,74.88,74.88,74.88,33696.82,1.0
CCMFUT,01/19/2026 11:49:00,74.87,74.87,74.86,74.86,101066.78,3.0
CCMFUT,01/19/2026 11:46:00,74.89,74.89,74.89,74.89,33701.56,1.0
CCMFUT,01/19/2026 11:45:00,74.89,74.89,74.89,74.89,235910.92,7.0
CCMFUT,01/19/2026 11:44:00,74.88,74.88,74.88,74.88,67393.64,2.0
CCMFUT,01/19/2026 11:43:00,74.88,74.88,74.87,74.87,134782.55,4.0
CCMFUT,01/19/2026 11:39:00,74.86,74.87,74.86,74.87,134754.13,4.0
CCMFUT,01/19/2026 11:38:00,74.85,74.85,74.85,74.85,134730.44,4.0
CCMFUT,01/19/2026 11:36:00,74.88,74.88,74.88,74.88,235877.76,7.0
CCMFUT,01/19/2026 11:35:00,74.86,74.86,74.86,74.86,33687.35,1.0
CCMFUT,01/19/2026 11:34:00,74.88,74.88,74.88,74.88,168484.11,5.0
CCMFUT,01/19/2026 11:33:00,74.87,74.87,74.86,74.86,808529.5,24.0
CCMFUT,01/19/2026 11:31:00,74.87,74.87,74.87,74.87,168460.42,5.0
CCMFUT,01/19/2026 11:26:00,74.88,74.88,74.88,74.88,67393.64,2.0
CCMFUT,01/19/2026 11:24:00,74.9,74.9,74.89,74.89,2595380.14,77.0
CCMFUT,01/19/2026 11:23:00,74.88,74.88,74.88,74.88,33696.82,1.0
CCMFUT,01/19/2026 11:19:00,74.88,74.89,74.88,74.88,404395.03,12.0
CCMFUT,01/19/2026 11:17:00,74.88,74.89,74.88,74.89,235882.49,7.0
CCMFUT,01/19/2026 11:16:00,74.87,74.88,74.87,74.88,168474.64,5.0
CCMFUT,01/19/2026 11:14:00,74.81,74.81,74.81,74.81,168318.3,5.0
CCMFUT,01/19/2026 11:10:00,74.78,74.78,74.78,74.78,33649.45,1.0
CCMFUT,01/19/2026 11:05:00,74.83,74.83,74.81,74.81,134673.59,4.0
CCMFUT,01/19/2026 10:59:00,74.77,74.78,74.77,74.78,168242.51,5.0
CCMFUT,01/19/2026 10:58:00,74.82,74.82,74.78,74.78,875060.95,26.0
CCMFUT,01/19/2026 10:55:00,74.84,74.84,74.84,74.84,33677.87,1.0
CCMFUT,01/19/2026 10:53:00,74.83,74.83,74.83,74.83,67346.27,2.0
CCMFUT,01/19/2026 10:52:00,74.82,74.83,74.82,74.83,235702.47,7.0
CCMFUT,01/19/2026 10:48:00,74.81,74.81,74.81,74.81,100990.98,3.0
CCMFUT,01/19/2026 10:47:00,74.81,74.81,74.81,74.81,302972.95,9.0
CCMFUT,01/19/2026 10:46:00,74.82,74.82,74.79,74.8,976151.42,29.0
CCMFUT,01/19/2026 10:45:00,74.8,74.8,74.8,74.8,67317.85,2.0
CCMFUT,01/19/2026 10:44:00,74.87,74.87,74.81,74.82,1818766.21,54.0
CCMFUT,01/19/2026 10:24:00,74.89,74.93,74.89,74.91,1045061.02,31.0
CCMFUT,01/19/2026 10:22:00,74.91,74.91,74.89,74.89,370769.27,11.0
CCMFUT,01/19/2026 10:20:00,74.91,74.91,74.91,74.91,33711.03,1.0
CCMFUT,01/19/2026 10:12:00,74.9,74.91,74.9,74.91,168540.96,5.0
CCMFUT,01/19/2026 10:11:00,74.88,74.88,74.88,74.88,33696.82,1.0
CCMFUT,01/19/2026 10:10:00,74.89,74.89,74.89,74.89,33701.56,1.0
CCMFUT,01/19/2026 10:07:00,74.9,74.91,74.9,74.91,101128.37,3.0
CCMFUT,01/19/2026 10:05:00,74.91,74.91,74.89,74.9,235948.82,7.0
CCMFUT,01/19/2026 10:04:00,74.93,75.01,74.9,74.94,1011908.99,30.0
CCMFUT,01/19/2026 10:01:00,74.89,74.96,74.89,74.96,303451.42,9.0
CCMFUT,01/19/2026 10:00:00,74.89,74.89,74.88,74.89,168503.06,5.0
CCMFUT,01/19/2026 09:59:00,74.85,74.9,74.85,74.9,1280180.8,38.0
CCMFUT,01/19/2026 09:55:00,74.89,74.9,74.88,74.9,202223.57,6.0
CCMFUT,01/19/2026 09:53:00,74.96,74.96,74.96,74.96,337299.84,10.0
CCMFUT,01/19/2026 09:52:00,74.98,74.99,74.98,74.98,168711.5,5.0
CCMFUT,01/19/2026 09:51:00,74.96,74.96,74.96,74.96,67459.97,2.0
CCMFUT,01/19/2026 09:49:00,74.94,74.94,74.94,74.94,33725.25,1.0
CCMFUT,01/19/2026 09:48:00,74.93,74.96,74.93,74.96,202337.27,6.0
CCMFUT,01/19/2026 09:47:00,74.87,74.93,74.87,74.91,404456.62,12.0
CCMFUT,01/19/2026 09:46:00,74.9,74.9,74.9,74.9,337062.97,10.0
CCMFUT,01/19/2026 09:40:00,74.88,74.9,74.88,74.9,134806.24,4.0
CCMFUT,01/19/2026 09:39:00,74.87,74.88,74.87,74.88,134782.55,4.0
CCMFUT,01/19/2026 09:38:00,74.85,74.87,74.85,74.85,235806.7,7.0
CCMFUT,01/19/2026 09:35:00,74.85,74.85,74.85,74.85,336826.1,10.0
CCMFUT,01/19/2026 09:34:00,74.84,74.84,74.84,74.84,134711.49,4.0
CCMFUT,01/19/2026 09:33:00,74.86,74.86,74.81,74.84,943027.82,28.0
CCMFUT,01/19/2026 09:32:00,74.83,74.86,74.83,74.86,336802.42,10.0
CCMFUT,01/19/2026 09:31:00,74.84,74.84,74.83,74.83,67351.01,2.0
CCMFUT,01/19/2026 09:30:00,74.83,74.84,74.82,74.84,168365.68,5.0
CCMFUT,01/19/2026 09:28:00,74.8,74.82,74.8,74.82,471310.2,14.0
CCMFUT,01/19/2026 09:27:00,74.79,74.83,74.78,74.8,437575.48,13.0
CCMFUT,01/19/2026 09:26:00,74.77,74.8,74.77,74.8,639377.43,19.0
CCMFUT,01/19/2026 09:25:00,74.77,74.77,74.74,74.74,1883691.69,56.0
CCMFUT,01/19/2026 09:24:00,74.8,74.8,74.8,74.8,33658.92,1.0
CCMFUT,01/19/2026 09:23:00,74.82,74.82,74.82,74.82,67336.8,2.0
CCMFUT,01/19/2026 09:22:00,74.77,74.82,74.77,74.82,67313.11,2.0
CCMFUT,01/19/2026 09:21:00,74.8,74.8,74.8,74.8,33658.92,1.0
CCMFUT,01/19/2026 09:20:00,74.85,74.85,74.79,74.8,1514983.17,45.0
CCMFUT,01/19/2026 09:19:00,74.91,74.96,74.88,74.91,6811310.71,202.0
CCMFUT,01/19/2026 09:18:00,74.98,74.98,74.92,74.92,1483844.52,44.0
CCMFUT,01/19/2026 09:15:00,75.05,75.05,74.85,75.05,3945564.86,117.0
CCMFUT,01/19/2026 09:12:00,75.04,75.04,75.03,75.03,67531.03,2.0
CCMFUT,01/19/2026 09:10:00,75.09,75.09,75.06,75.06,270252.02,8.0
CCMFUT,01/19/2026 09:06:00,75.13,75.13,75.13,75.13,33810.52,1.0
CCMFUT,01/19/2026 09:03:00,75.13,75.13,75.13,75.13,33810.52,1.0
CCMFUT,01/19/2026 09:02:00,75.16,75.17,75.13,75.13,1217652.42,36.0
CCMFUT,01/19/2026 09:01:00,75.18,75.24,75.08,75.08,642864.12,19.0
CCMFUT,01/16/2026 17:05:00,75.03,75.17,74.92,75.17,2060717.26,61.0
CCMFUT,01/16/2026 16:19:00,74.94,74.96,74.94,74.96,640860.22,19.0
CCMFUT,01/16/2026 16:17:00,74.88,75.04,74.86,74.91,5226764.19,155.0
CCMFUT,01/16/2026 16:16:00,74.88,74.88,74.88,74.88,235877.76,7.0
CCMFUT,01/16/2026 16:15:00,74.86,74.88,74.86,74.87,235863.54,7.0
CCMFUT,01/16/2026 16:14:00,74.85,74.86,74.85,74.86,538926.5,16.0
CCMFUT,01/16/2026 16:13:00,74.87,74.87,74.85,74.87,640078.55,19.0
CCMFUT,01/16/2026 16:12:00,74.88,74.88,74.87,74.87,134777.81,4.0
CCMFUT,01/16/2026 16:11:00,74.88,74.88,74.88,74.88,977207.85,29.0
CCMFUT,01/16/2026 16:10:00,74.87,74.89,74.87,74.88,1280512.41,38.0
CCMFUT,01/16/2026 16:09:00,74.87,74.87,74.86,74.87,202138.3,6.0
CCMFUT,01/16/2026 16:07:00,74.87,74.87,74.87,74.87,67384.17,2.0
CCMFUT,01/16/2026 16:06:00,74.88,74.89,74.88,74.89,101099.94,3.0
CCMFUT,01/16/2026 16:05:00,74.87,74.88,74.87,74.87,168469.9,5.0
CCMFUT,01/16/2026 16:03:00,74.89,74.89,74.87,74.87,370679.26,11.0
CCMFUT,01/16/2026 16:02:00,74.89,74.89,74.87,74.89,303299.83,9.0
CCMFUT,01/16/2026 16:01:00,74.89,74.89,74.89,74.89,33701.56,1.0
CCMFUT,01/16/2026 16:00:00,74.88,74.89,74.88,74.89,404380.82,12.0
CCMFUT,01/16/2026 15:59:00,74.87,74.9,74.87,74.89,640315.42,19.0
CCMFUT,01/16/2026 15:58:00,74.9,74.9,74.87,74.88,775064.81,23.0
CCMFUT,01/16/2026 15:57:00,74.92,74.92,74.9,74.9,235981.98,7.0
CCMFUT,01/16/2026 15:56:00,74.93,74.93,74.91,74.91,269707.22,8.0
CCMFUT,01/16/2026 15:55:00,74.91,74.91,74.91,74.91,33711.03,1.0
CCMFUT,01/16/2026 15:52:00,74.93,74.94,74.93,74.94,168612.02,5.0
CCMFUT,01/16/2026 15:50:00,74.93,74.93,74.93,74.93,67441.02,2.0
CCMFUT,01/16/2026 15:48:00,74.93,74.94,74.93,74.94,236053.04,7.0
CCMFUT,01/16/2026 15:43:00,74.92,74.92,74.92,74.92,33715.77,1.0
CCMFUT,01/16/2026 15:39:00,74.93,74.93,74.93,74.93,33720.51,1.0
CCMFUT,01/16/2026 15:37:00,74.94,74.96,74.94,74.94,843225.91,25.0
CCMFUT,01/16/2026 15:35:00,74.93,74.93,74.93,74.93,33720.51,1.0
CCMFUT,01/16/2026 15:34:00,74.96,74.96,74.96,74.96,67459.97,2.0
CCMFUT,01/16/2026 15:24:00,74.96,75.02,74.93,74.96,2699483.56,80.0
CCMFUT,01/16/2026 15:23:00,74.94,74.96,74.94,74.96,67455.23,2.0
CCMFUT,01/16/2026 15:21:00,74.96,74.96,74.96,74.96,67459.97,2.0
CCMFUT,01/16/2026 15:20:00,74.96,74.96,74.96,74.96,134919.94,4.0
CCMFUT,01/16/2026 15:17:00,74.96,74.96,74.94,74.94,168645.18,5.0
CCMFUT,01/16/2026 15:15:00,74.97,74.97,74.97,74.97,33734.72,1.0
CCMFUT,01/16/2026 15:12:00,74.98,74.98,74.98,74.98,67478.92,2.0
CCMFUT,01/16/2026 15:08:00,74.96,74.96,74.96,74.96,33729.98,1.0
CCMFUT,01/16/2026 15:07:00,74.92,74.93,74.92,74.93,134867.82,4.0
CCMFUT,01/16/2026 15:04:00,74.92,74.92,74.92,74.92,33715.77,1.0
CCMFUT,01/16/2026 15:03:00,74.92,74.92,74.91,74.91,707936.46,21.0
CCMFUT,01/16/2026 15:02:00,74.91,74.91,74.91,74.91,168555.17,5.0
CCMFUT,01/16/2026 15:01:00,74.92,74.92,74.91,74.91,1517034.45,45.0
CCMFUT,01/16/2026 15:00:00,74.92,74.93,74.92,74.92,876619.54,26.0
CCMFUT,01/16/2026 14:59:00,74.92,74.92,74.92,74.92,168578.86,5.0
CCMFUT,01/16/2026 14:58:00,74.92,74.92,74.92,74.92,168578.86,5.0
CCMFUT,01/16/2026 14:57:00,74.93,74.93,74.92,74.92,168583.6,5.0
CCMFUT,01/16/2026 14:56:00,74.91,74.93,74.91,74.93,943994.24,28.0
CCMFUT,01/16/2026 14:55:00,74.91,74.91,74.91,74.91,235977.24,7.0
CCMFUT,01/16/2026 14:54:00,74.94,74.94,74.91,74.91,370911.39,11.0
CCMFUT,01/16/2026 14:52:00,74.96,74.96,74.93,74.93,269811.45,8.0
CCMFUT,01/16/2026 14:49:00,74.93,74.93,74.91,74.91,370864.01,11.0
CCMFUT,01/16/2026 14:46:00,74.92,74.98,74.92,74.98,202375.17,6.0
CCMFUT,01/16/2026 14:45:00,74.93,74.93,74.9,74.9,303413.52,9.0
CCMFUT,01/16/2026 14:40:00,74.91,74.91,74.91,74.91,33711.03,1.0
CCMFUT,01/16/2026 14:38:00,74.92,74.93,74.9,74.9,235996.19,7.0
CCMFUT,01/16/2026 14:36:00,74.86,74.86,74.86,74.86,134749.39,4.0
CCMFUT,01/16/2026 14:35:00,74.86,74.86,74.84,74.85,404196.06,12.0
CCMFUT,01/16/2026 14:33:00,74.87,74.87,74.87,74.87,101076.25,3.0
CCMFUT,01/16/2026 14:32:00,74.88,74.88,74.83,74.86,976885.71,29.0
CCMFUT,01/16/2026 14:31:00,74.91,74.91,74.88,74.88,67407.86,2.0
CCMFUT,01/16/2026 14:30:00,74.92,74.92,74.87,74.92,1112322.01,33.0
CCMFUT,01/16/2026 14:29:00,75.03,75.03,74.89,74.93,3610396.83,107.0
CCMFUT,01/16/2026 14:27:00,75.08,75.08,75.08,75.08,33786.83,1.0
CCMFUT,01/16/2026 14:21:00,75.07,75.07,75.07,75.07,33782.09,1.0
CCMFUT,01/16/2026 14:18:00,75.06,75.06,75.06,75.06,101332.07,3.0
CCMFUT,01/16/2026 14:15:00,75.07,75.07,75.04,75.06,574177.18,17.0
CCMFUT,01/16/2026 14:14:00,75.08,75.08,75.08,75.08,202720.99,6.0
CCMFUT,01/16/2026 14:12:00,75.15,75.15,75.13,75.13,67625.78,2.0
CCMFUT,01/16/2026 14:10:00,75.17,75.17,75.16,75.17,101469.46,3.0
CCMFUT,01/16/2026 14:09:00,75.17,75.17,75.17,75.17,202948.39,6.0
CCMFUT,01/16/2026 14:08:00,75.18,75.18,75.18,75.18,33829.47,1.0
CCMFUT,01/16/2026 14:07:00,75.18,75.18,75.17,75.17,304446.27,9.0
CCMFUT,01/16/2026 14:06:00,75.17,75.17,75.13,75.17,338214.15,10.0
CCMFUT,01/16/2026 14:05:00,75.19,75.19,75.19,75.19,169171.03,5.0
CCMFUT,01/16/2026 14:04:00,75.22,75.27,75.22,75.22,1930198.33,57.0
CCMFUT,01/16/2026 14:03:00,75.19,75.23,75.19,75.19,642949.39,19.0
CCMFUT,01/16/2026 14:01:00,75.18,75.18,75.18,75.18,33829.47,1.0
CCMFUT,01/16/2026 14:00:00,75.16,75.17,75.16,75.17,67644.72,2.0
CCMFUT,01/16/2026 13:59:00,75.13,75.16,75.13,75.16,101441.03,3.0
CCMFUT,01/16/2026 13:58:00,75.11,75.12,75.11,75.12,101407.87,3.0
CCMFUT,01/16/2026 13:57:00,75.1,75.12,75.08,75.08,270389.4,8.0
CCMFUT,01/16/2026 13:56:00,75.1,75.1,75.1,75.1,33796.31,1.0
CCMFUT,01/16/2026 13:55:00,75.1,75.1,75.1,75.1,33796.31,1.0
CCMFUT,01/16/2026 13:53:00,75.1,75.1,75.1,75.1,33796.31,1.0
CCMFUT,01/16/2026 13:52:00,75.07,75.1,75.07,75.08,473006.18,14.0
CCMFUT,01/16/2026 13:49:00,75.09,75.09,75.07,75.07,101355.76,3.0
CCMFUT,01/16/2026 13:48:00,75.17,75.17,75.09,75.11,811580.36,24.0
CCMFUT,01/16/2026 13:47:00,75.17,75.17,75.17,75.17,33824.73,1.0
CCMFUT,01/16/2026 13:44:00,75.18,75.18,75.18,75.18,169147.34,5.0
CCMFUT,01/16/2026 13:43:00,75.17,75.17,75.17,75.17,304422.58,9.0
CCMFUT,01/16/2026 13:40:00,75.19,75.19,75.19,75.19,304507.85,9.0
CCMFUT,01/16/2026 13:35:00,75.17,75.18,75.17,75.18,405929.93,12.0
CCMFUT,01/16/2026 13:33:00,75.18,75.19,75.18,75.19,101497.88,3.0
CCMFUT,01/16/2026 13:27:00,75.17,75.18,75.17,75.18,270602.59,8.0
CCMFUT,01/16/2026 13:23:00,75.22,75.22,75.2,75.2,1455292.47,43.0
CCMFUT,01/16/2026 13:22:00,75.23,75.23,75.22,75.22,677006.25,20.0
CCMFUT,01/16/2026 13:21:00,75.19,75.22,75.19,75.22,1387481.94,41.0
CCMFUT,01/16/2026 13:20:00,75.18,75.18,75.18,75.18,169147.34,5.0
CCMFUT,01/16/2026 13:18:00,75.18,75.18,75.18,75.18,33829.47,1.0
CCMFUT,01/16/2026 13:17:00,75.17,75.17,75.17,75.17,169123.65,5.0
CCMFUT,01/16/2026 13:16:00,75.17,75.17,75.17,75.17,236773.12,7.0
CCMFUT,01/16/2026 13:15:00,75.17,75.18,75.17,75.18,135303.66,4.0
CCMFUT,01/16/2026 13:14:00,75.18,75.18,75.16,75.17,439688.34,13.0
CCMFUT,01/16/2026 13:13:00,75.17,75.19,75.17,75.19,135317.87,4.0
CCMFUT,01/16/2026 13:11:00,75.17,75.17,75.15,75.17,744106.18,22.0
CCMFUT,01/16/2026 13:08:00,75.12,75.16,75.12,75.16,338095.71,10.0
CCMFUT,01/16/2026 13:07:00,75.11,75.11,75.11,75.11,33801.04,1.0
CCMFUT,01/16/2026 13:05:00,75.11,75.11,75.11,75.11,33801.04,1.0
CCMFUT,01/16/2026 13:01:00,75.12,75.12,75.12,75.12,33805.78,1.0
CCMFUT,01/16/2026 13:00:00,75.11,75.12,75.11,75.11,135208.91,4.0
CCMFUT,01/16/2026 12:55:00,75.11,75.11,75.11,75.11,33801.04,1.0
CCMFUT,01/16/2026 12:54:00,75.12,75.12,75.12,75.12,33805.78,1.0
CCMFUT,01/16/2026 12:52:00,75.13,75.15,75.13,75.15,236687.84,7.0
CCMFUT,01/16/2026 12:51:00,75.13,75.13,75.13,75.13,101431.56,3.0
CCMFUT,01/16/2026 12:50:00,75.16,75.16,75.16,75.16,67639.99,2.0
CCMFUT,01/16/2026 12:49:00,75.12,75.16,75.12,75.15,304323.09,9.0
CCMFUT,01/16/2026 12:48:00,75.1,75.1,75.1,75.1,101388.92,3.0
CCMFUT,01/16/2026 12:47:00,75.13,75.15,75.12,75.12,270479.41,8.0
CCMFUT,01/16/2026 12:46:00,75.12,75.12,75.12,75.12,67611.56,2.0
CCMFUT,01/16/2026 12:45:00,75.12,75.13,75.11,75.12,202834.69,6.0
CCMFUT,01/16/2026 12:44:00,75.11,75.11,75.09,75.1,337963.07,10.0
CCMFUT,01/16/2026 12:43:00,75.13,75.13,75.1,75.1,135213.65,4.0
CCMFUT,01/16/2026 12:42:00,75.12,75.15,75.12,75.15,304299.41,9.0
CCMFUT,01/16/2026 12:41:00,75.1,75.11,75.1,75.11,168995.75,5.0
CCMFUT,01/16/2026 12:40:00,75.11,75.12,75.08,75.08,304209.4,9.0
CCMFUT,01/16/2026 12:39:00,75.13,75.13,75.1,75.11,236635.73,7.0
CCMFUT,01/16/2026 12:38:00,75.15,75.15,75.12,75.12,101436.29,3.0
CCMFUT,01/16/2026 12:35:00,75.17,75.17,75.17,75.17,67649.46,2.0
CCMFUT,01/16/2026 12:33:00,75.17,75.17,75.17,75.17,67649.46,2.0
CCMFUT,01/16/2026 12:31:00,75.19,75.2,75.17,75.17,304498.38,9.0
CCMFUT,01/16/2026 12:29:00,75.17,75.18,75.17,75.18,202972.07,6.0
CCMFUT,01/16/2026 12:28:00,75.17,75.17,75.16,75.17,304413.1,9.0
CCMFUT,01/16/2026 12:27:00,75.16,75.17,75.16,75.16,101464.72,3.0
CCMFUT,01/16/2026 12:25:00,75.13,75.13,75.13,75.13,33810.52,1.0
CCMFUT,01/16/2026 12:24:00,75.16,75.17,75.15,75.17,439674.13,13.0
CCMFUT,01/16/2026 12:23:00,75.12,75.17,75.12,75.17,1251240.28,37.0
CCMFUT,01/16/2026 12:22:00,75.1,75.16,75.1,75.1,912850.85,27.0
CCMFUT,01/16/2026 12:18:00,75.09,75.1,75.07,75.1,202730.47,6.0
CCMFUT,01/16/2026 12:17:00,75.09,75.09,75.07,75.07,540546.68,16.0
CCMFUT,01/16/2026 12:15:00,75.09,75.09,75.08,75.08,67578.4,2.0
CCMFUT,01/16/2026 12:11:00,75.11,75.11,75.11,75.11,33801.04,1.0
CCMFUT,01/16/2026 12:10:00,75.13,75.13,75.13,75.13,169052.59,5.0
CCMFUT,01/16/2026 12:06:00,75.13,75.13,75.13,75.13,33810.52,1.0
CCMFUT,01/16/2026 12:05:00,75.17,75.18,75.17,75.17,169128.39,5.0
CCMFUT,01/16/2026 12:00:00,75.15,75.22,75.15,75.18,913447.76,27.0
CCMFUT,01/16/2026 11:58:00,75.1,75.1,75.09,75.09,168972.06,5.0
CCMFUT,01/16/2026 11:57:00,75.15,75.15,75.15,75.15,169076.28,5.0
CCMFUT,01/16/2026 11:55:00,75.11,75.15,75.11,75.15,67616.3,2.0
CCMFUT,01/16/2026 11:54:00,75.11,75.13,75.11,75.13,371839.91,11.0
CCMFUT,01/16/2026 11:52:00,75.11,75.11,75.11,75.11,33801.04,1.0
CCMFUT,01/16/2026 11:48:00,75.11,75.11,75.11,75.11,439413.57,13.0
CCMFUT,01/16/2026 11:43:00,75.11,75.19,75.11,75.19,1522288.18,45.0
CCMFUT,01/16/2026 11:41:00,75.11,75.11,75.11,75.11,101403.13,3.0
CCMFUT,01/16/2026 11:38:00,75.11,75.11,75.11,75.11,135204.18,4.0
CCMFUT,01/16/2026 11:35:00,75.13,75.18,75.13,75.18,67639.99,2.0
CCMFUT,01/16/2026 11:34:00,75.15,75.15,75.15,75.15,101445.77,3.0
CCMFUT,01/16/2026 11:33:00,75.15,75.15,75.15,75.15,33815.26,1.0
CCMFUT,01/16/2026 11:31:00,75.17,75.17,75.17,75.17,338247.31,10.0
CCMFUT,01/16/2026 11:30:00,75.1,75.18,75.1,75.18,101422.08,3.0
CCMFUT,01/16/2026 11:28:00,75.17,75.17,75.17,75.17,2300081.71,68.0
CCMFUT,01/16/2026 11:27:00,75.15,75.19,75.12,75.18,304394.15,9.0
CCMFUT,01/16/2026 11:26:00,75.08,75.11,75.08,75.11,405517.78,12.0
CCMFUT,01/16/2026 11:20:00,75.08,75.09,75.08,75.09,236512.56,7.0
CCMFUT,01/16/2026 11:19:00,75.08,75.08,75.08,75.08,33786.83,1.0
CCMFUT,01/16/2026 11:16:00,75.06,75.06,75.06,75.06,33777.36,1.0
CCMFUT,01/16/2026 11:15:00,75.02,75.06,75.02,75.06,303944.11,9.0
CCMFUT,01/16/2026 11:08:00,75.08,75.08,75.06,75.06,236460.45,7.0
CCMFUT,01/16/2026 11:06:00,75.05,75.05,75.05,75.05,67545.24,2.0
CCMFUT,01/16/2026 11:02:00,75.08,75.08,75.08,75.08,33786.83,1.0
CCMFUT,01/16/2026 11:01:00,75.05,75.12,75.05,75.12,3141895.88,93.0
CCMFUT,01/16/2026 11:00:00,75.03,75.07,75.02,75.04,540390.35,16.0
CCMFUT,01/16/2026 10:59:00,75.06,75.06,75.0,75.04,2396965.4,71.0
CCMFUT,01/16/2026 10:58:00,75.08,75.1,75.06,75.06,2128290.92,63.0
CCMFUT,01/16/2026 10:57:00,75.08,75.08,75.08,75.08,33786.83,1.0
CCMFUT,01/16/2026 10:55:00,75.1,75.1,75.1,75.1,67592.61,2.0
CCMFUT,01/16/2026 10:44:00,75.15,75.15,75.15,75.15,202891.54,6.0
CCMFUT,01/16/2026 10:36:00,75.16,75.16,75.16,75.16,67639.99,2.0
CCMFUT,01/16/2026 10:35:00,75.17,75.17,75.17,75.17,33824.73,1.0
CCMFUT,01/16/2026 10:34:00,75.19,75.19,75.18,75.19,372147.84,11.0
CCMFUT,01/16/2026 10:33:00,75.21,75.21,75.21,75.21,101531.04,3.0
CCMFUT,01/16/2026 10:30:00,75.19,75.19,75.18,75.18,67663.67,2.0
CCMFUT,01/16/2026 10:29:00,75.23,75.23,75.23,75.23,33853.16,1.0
CCMFUT,01/16/2026 10:28:00,75.26,75.26,75.26,75.26,33867.37,1.0
CCMFUT,01/16/2026 10:27:00,75.24,75.24,75.24,75.24,33857.89,1.0
CCMFUT,01/16/2026 10:26:00,75.25,75.25,75.25,75.25,101587.89,3.0
CCMFUT,01/16/2026 10:24:00,75.26,75.26,75.26,75.26,33867.37,1.0
CCMFUT,01/16/2026 10:23:00,75.27,75.27,75.27,75.27,33872.1,1.0
CCMFUT,01/16/2026 10:22:00,75.29,75.29,75.28,75.28,101640.0,3.0
CCMFUT,01/16/2026 10:20:00,75.27,75.29,75.27,75.29,67753.68,2.0
CCMFUT,01/16/2026 10:19:00,75.27,75.29,75.27,75.29,406522.1,12.0
CCMFUT,01/16/2026 10:18:00,75.26,75.26,75.26,75.26,474143.14,14.0
CCMFUT,01/16/2026 10:15:00,75.23,75.23,75.23,75.23,33853.16,1.0
CCMFUT,01/16/2026 10:12:00,75.29,75.29,75.29,75.29,33881.58,1.0
CCMFUT,01/16/2026 10:06:00,75.28,75.28,75.28,75.28,33876.84,1.0
CCMFUT,01/16/2026 10:05:00,75.29,75.29,75.29,75.29,33881.58,1.0
CCMFUT,01/16/2026 10:04:00,75.24,75.24,75.24,75.24,33857.89,1.0
CCMFUT,01/16/2026 10:02:00,75.29,75.29,75.28,75.28,135521.58,4.0
CCMFUT,01/16/2026 10:01:00,75.26,75.29,75.26,75.29,372597.89,11.0
CCMFUT,01/16/2026 10:00:00,75.28,75.38,75.25,75.25,1322139.57,39.0
CCMFUT,01/16/2026 09:58:00,75.25,75.31,75.25,75.25,711366.31,21.0
CCMFUT,01/16/2026 09:57:00,75.21,75.26,75.21,75.23,507821.01,15.0
CCMFUT,01/16/2026 09:56:00,75.22,75.25,75.21,75.25,609352.06,18.0
CCMFUT,01/16/2026 09:55:00,75.18,75.23,75.18,75.23,304597.86,9.0
CCMFUT,01/16/2026 09:54:00,75.18,75.23,75.18,75.19,744641.5,22.0
CCMFUT,01/16/2026 09:53:00,75.2,75.22,75.18,75.2,676845.18,20.0
CCMFUT,01/16/2026 09:52:00,75.18,75.18,75.18,75.18,33829.47,1.0
CCMFUT,01/16/2026 09:51:00,75.2,75.2,75.2,75.2,33838.94,1.0
CCMFUT,01/16/2026 09:50:00,75.2,75.24,75.18,75.18,643025.19,19.0
CCMFUT,01/16/2026 09:46:00,75.17,75.17,75.17,75.17,33824.73,1.0
CCMFUT,01/16/2026 09:45:00,75.08,75.25,75.08,75.16,1048651.93,31.0
CCMFUT,01/16/2026 09:44:00,75.06,75.1,75.06,75.1,236507.82,7.0
CCMFUT,01/16/2026 09:43:00,75.09,75.09,75.06,75.06,641864.54,19.0
CCMFUT,01/16/2026 09:42:00,75.13,75.13,75.11,75.11,439494.11,13.0
CCMFUT,01/16/2026 09:41:00,75.22,75.22,75.17,75.17,202995.76,6.0
CCMFUT,01/16/2026 09:40:00,75.22,75.22,75.2,75.22,812328.87,24.0
CCMFUT,01/16/2026 09:38:00,75.25,75.25,75.24,75.24,169294.2,5.0
CCMFUT,01/16/2026 09:37:00,75.25,75.25,75.25,75.25,101587.89,3.0
CCMFUT,01/16/2026 09:36:00,75.28,75.28,75.24,75.24,372522.09,11.0
CCMFUT,01/16/2026 09:35:00,75.3,75.31,75.3,75.31,203336.85,6.0
CCMFUT,01/16/2026 09:34:00,75.3,75.3,75.27,75.3,440398.94,13.0
CCMFUT,01/16/2026 09:33:00,75.27,75.29,75.27,75.27,609712.09,18.0
CCMFUT,01/16/2026 09:32:00,75.25,75.27,75.23,75.23,440256.82,13.0
CCMFUT,01/16/2026 09:31:00,75.23,75.25,75.23,75.25,812627.32,24.0
CCMFUT,01/16/2026 09:30:00,75.2,75.24,75.2,75.24,67696.84,2.0
CCMFUT,01/16/2026 09:28:00,75.22,75.22,75.22,75.22,33848.42,1.0
CCMFUT,01/16/2026 09:27:00,75.22,75.22,75.22,75.22,101545.25,3.0
CCMFUT,01/16/2026 09:26:00,75.22,75.22,75.22,75.22,609271.52,18.0
CCMFUT,01/16/2026 09:25:00,75.24,75.24,75.24,75.24,33857.89,1.0
CCMFUT,01/16/2026 09:24:00,75.27,75.27,75.27,75.27,169360.52,5.0
CCMFUT,01/16/2026 09:23:00,75.24,75.29,75.24,75.28,2438592.56,72.0
CCMFUT,01/16/2026 09:22:00,75.22,75.23,75.22,75.23,203104.72,6.0
CCMFUT,01/16/2026 09:21:00,75.21,75.23,75.21,75.23,406152.59,12.0
CCMFUT,01/16/2026 09:20:00,75.2,75.2,75.2,75.2,67677.89,2.0
CCMFUT,01/16/2026 09:17:00,75.18,75.18,75.18,75.18,33829.47,1.0
CCMFUT,01/16/2026 09:16:00,75.2,75.21,75.2,75.21,338413.12,10.0
CCMFUT,01/16/2026 09:15:00,75.15,75.24,75.15,75.22,1049125.67,31.0
CCMFUT,01/16/2026 09:14:00,75.15,75.15,75.15,75.15,33815.26,1.0
CCMFUT,01/16/2026 09:10:00,75.18,75.18,75.15,75.15,67644.72,2.0
CCMFUT,01/16/2026 09:09:00,75.16,75.16,75.15,75.15,135270.5,4.0
CCMFUT,01/16/2026 09:08:00,75.11,75.22,75.11,75.18,1285216.61,38.0
CCMFUT,01/16/2026 09:06:00,75.1,75.1,75.1,75.1,67592.61,2.0
CCMFUT,01/16/2026 09:05:00,75.09,75.09,75.06,75.06,67568.93,2.0
CCMFUT,01/16/2026 09:04:00,75.12,75.12,75.1,75.1,67602.09,2.0
CCMFUT,01/16/2026 09:03:00,75.1,75.12,75.1,75.12,202825.21,6.0
CCMFUT,01/16/2026 09:02:00,75.1,75.13,75.08,75.13,270394.14,8.0
CCMFUT,01/16/2026 09:01:00,75.23,75.24,75.16,75.16,304602.6,9.0
CCMFUT,01/15/2026 17:13:00,75.18,75.21,75.02,75.03,1521155.95,45.0
CCMFUT,01/15/2026 16:19:00,75.03,75.05,75.01,75.02,506494.55,15.0
CCMFUT,01/15/2026 16:18:00,75.03,75.03,75.01,75.01,236332.54,7.0
CCMFUT,01/15/2026 16:17:00,75.02,75.05,75.02,75.05,1080576.98,32.0
CCMFUT,01/15/2026 16:16:00,75.02,75.02,75.02,75.02,33758.41,1.0
CCMFUT,01/15/2026 16:15:00,75.02,75.02,75.02,75.02,101275.22,3.0
CCMFUT,01/15/2026 16:14:00,75.02,75.02,75.02,75.02,270067.26,8.0
CCMFUT,01/15/2026 16:13:00,75.02,75.02,75.02,75.02,101275.22,3.0
CCMFUT,01/15/2026 16:12:00,75.02,75.02,75.02,75.02,101275.22,3.0
CCMFUT,01/15/2026 16:11:00,75.0,75.05,75.0,75.04,641457.13,19.0
CCMFUT,01/15/2026 16:10:00,75.03,75.03,74.97,74.97,269972.52,8.0
CCMFUT,01/15/2026 16:09:00,74.98,75.05,74.98,75.04,911600.19,27.0
CCMFUT,01/15/2026 16:08:00,74.98,75.0,74.98,74.99,202460.44,6.0
CCMFUT,01/15/2026 16:07:00,74.96,74.96,74.96,74.96,33729.98,1.0
CCMFUT,01/15/2026 16:05:00,74.96,74.96,74.96,74.96,33729.98,1.0
CCMFUT,01/15/2026 16:02:00,74.99,74.99,74.96,74.96,168664.13,5.0
CCMFUT,01/15/2026 16:01:00,74.96,74.96,74.96,74.96,101189.95,3.0
CCMFUT,01/15/2026 16:00:00,74.96,74.96,74.96,74.96,269839.87,8.0
CCMFUT,01/15/2026 15:57:00,74.94,74.94,74.94,74.94,33725.25,1.0
CCMFUT,01/15/2026 15:55:00,74.94,74.94,74.94,74.94,33725.25,1.0
CCMFUT,01/15/2026 15:51:00,74.97,74.97,74.97,74.97,67469.44,2.0
CCMFUT,01/15/2026 15:50:00,74.96,74.96,74.96,74.96,33729.98,1.0
CCMFUT,01/15/2026 15:49:00,74.96,74.96,74.96,74.96,33729.98,1.0
CCMFUT,01/15/2026 15:47:00,74.94,74.94,74.94,74.94,67450.49,2.0
CCMFUT,01/15/2026 15:46:00,74.91,74.92,74.91,74.92,134848.88,4.0
CCMFUT,01/15/2026 15:44:00,74.89,74.96,74.89,74.91,1719812.29,51.0
CCMFUT,01/15/2026 15:43:00,74.9,74.9,74.88,74.88,67403.12,2.0
CCMFUT,01/15/2026 15:38:00,74.89,74.92,74.89,74.92,505599.19,15.0
CCMFUT,01/15/2026 15:37:00,74.88,74.88,74.88,74.88,33696.82,1.0
CCMFUT,01/15/2026 15:35:00,74.9,74.9,74.89,74.89,1415655.0,42.0
CCMFUT,01/15/2026 15:34:00,74.9,74.91,74.9,74.91,573021.26,17.0
CCMFUT,01/15/2026 15:29:00,74.93,74.96,74.93,74.96,539660.79,16.0
CCMFUT,01/15/2026 15:27:00,74.89,74.89,74.89,74.89,33701.56,1.0
CCMFUT,01/15/2026 15:26:00,74.88,74.88,74.86,74.86,572722.81,17.0
CCMFUT,01/15/2026 15:25:00,74.86,74.86,74.86,74.86,33687.35,1.0
CCMFUT,01/15/2026 15:24:00,74.89,74.89,74.86,74.86,438030.27,13.0
CCMFUT,01/15/2026 15:23:00,74.9,74.9,74.9,74.9,33706.3,1.0
CCMFUT,01/15/2026 15:20:00,74.88,74.88,74.87,74.88,303261.93,9.0
CCMFUT,01/15/2026 15:19:00,74.86,74.86,74.86,74.86,269498.78,8.0
CCMFUT,01/15/2026 15:17:00,74.93,74.93,74.87,74.87,3674929.11,109.0
CCMFUT,01/15/2026 15:16:00,74.99,74.99,74.96,74.96,2631241.93,78.0
CCMFUT,01/15/2026 15:15:00,74.99,74.99,74.98,74.99,1923267.57,57.0
CCMFUT,01/15/2026 15:11:00,75.01,75.01,75.0,75.0,101256.27,3.0
CCMFUT,01/15/2026 15:09:00,75.0,75.0,75.0,75.0,101246.8,3.0
CCMFUT,01/15/2026 15:07:00,74.99,74.99,74.99,74.99,33744.2,1.0
CCMFUT,01/15/2026 15:06:00,74.99,75.0,74.99,74.99,1552242.49,46.0
CCMFUT,01/15/2026 15:05:00,74.98,74.99,74.98,74.98,1585830.35,47.0
CCMFUT,01/15/2026 15:04:00,74.99,74.99,74.98,74.99,1147179.49,34.0
CCMFUT,01/15/2026 15:03:00,74.99,75.0,74.98,74.99,776102.29,23.0
CCMFUT,01/15/2026 15:02:00,74.99,74.99,74.98,74.98,202450.96,6.0
CCMFUT,01/15/2026 14:58:00,74.99,74.99,74.98,74.98,506134.51,15.0
CCMFUT,01/15/2026 14:55:00,75.0,75.0,75.0,75.0,33748.93,1.0
CCMFUT,01/15/2026 14:51:00,75.04,75.04,75.04,75.04,33767.88,1.0
CCMFUT,01/15/2026 14:49:00,75.03,75.06,75.03,75.06,1486170.56,44.0
CCMFUT,01/15/2026 14:45:00,75.01,75.01,75.01,75.01,168768.35,5.0
CCMFUT,01/15/2026 14:44:00,74.98,75.0,74.98,75.0,1079695.84,32.0
CCMFUT,01/15/2026 14:43:00,75.02,75.02,75.02,75.02,101275.22,3.0
CCMFUT,01/15/2026 14:40:00,75.01,75.02,75.01,75.02,438802.46,13.0
CCMFUT,01/15/2026 14:39:00,75.04,75.05,75.02,75.02,506518.24,15.0
CCMFUT,01/15/2026 14:38:00,75.05,75.05,75.05,75.05,33772.62,1.0
CCMFUT,01/15/2026 14:37:00,75.04,75.04,75.04,75.04,33767.88,1.0
CCMFUT,01/15/2026 14:36:00,75.01,75.03,75.01,75.03,371333.01,11.0
CCMFUT,01/15/2026 14:35:00,75.0,75.01,75.0,75.01,67502.6,2.0
CCMFUT,01/15/2026 14:34:00,75.01,75.02,75.01,75.02,67512.08,2.0
CCMFUT,01/15/2026 14:33:00,75.0,75.01,75.0,75.01,135009.95,4.0
CCMFUT,01/15/2026 14:32:00,74.98,74.98,74.98,74.98,33739.46,1.0
CCMFUT,01/15/2026 14:31:00,75.0,75.0,75.0,75.0,33748.93,1.0
CCMFUT,01/15/2026 14:30:00,74.96,75.0,74.96,75.0,472257.67,14.0
CCMFUT,01/15/2026 14:25:00,74.93,74.93,74.93,74.93,33720.51,1.0
CCMFUT,01/15/2026 14:22:00,74.94,74.94,74.94,74.94,33725.25,1.0
CCMFUT,01/15/2026 14:18:00,74.96,74.96,74.96,74.96,67459.97,2.0
CCMFUT,01/15/2026 14:16:00,74.96,74.96,74.96,74.96,67459.97,2.0
CCMFUT,01/15/2026 14:15:00,74.93,74.93,74.93,74.93,404646.11,12.0
CCMFUT,01/15/2026 14:14:00,74.94,74.94,74.94,74.94,67450.49,2.0
CCMFUT,01/15/2026 14:12:00,74.96,74.96,74.96,74.96,236109.89,7.0
CCMFUT,01/15/2026 14:09:00,74.97,74.97,74.96,74.96,67464.71,2.0
CCMFUT,01/15/2026 14:03:00,74.97,74.98,74.96,74.96,371081.93,11.0
CCMFUT,01/15/2026 14:02:00,74.96,74.96,74.96,74.96,33729.98,1.0
CCMFUT,01/15/2026 14:00:00,74.94,74.94,74.93,74.93,168616.76,5.0
CCMFUT,01/15/2026 13:59:00,74.96,74.96,74.96,74.96,33729.98,1.0
CCMFUT,01/15/2026 13:57:00,74.98,74.99,74.98,74.99,67483.65,2.0
CCMFUT,01/15/2026 13:55:00,74.94,74.98,74.93,74.98,506011.34,15.0
CCMFUT,01/15/2026 13:54:00,74.96,74.99,74.96,74.99,202394.12,6.0
CCMFUT,01/15/2026 13:53:00,74.94,74.98,74.94,74.98,101204.16,3.0
CCMFUT,01/15/2026 13:52:00,74.91,74.91,74.91,74.91,168555.17,5.0
CCMFUT,01/15/2026 13:51:00,74.94,74.96,74.94,74.96,67455.23,2.0
CCMFUT,01/15/2026 13:49:00,74.93,74.96,74.93,74.96,168612.02,5.0
CCMFUT,01/15/2026 13:48:00,74.96,74.96,74.9,74.9,370816.64,11.0
CCMFUT,01/15/2026 13:47:00,74.93,74.96,74.93,74.96,101180.48,3.0
CCMFUT,01/15/2026 13:46:00,74.93,74.96,74.93,74.96,67450.49,2.0
CCMFUT,01/15/2026 13:45:00,74.93,74.96,74.93,74.94,1214179.93,36.0
CCMFUT,01/15/2026 13:44:00,74.93,74.93,74.9,74.9,370882.96,11.0
CCMFUT,01/15/2026 13:43:00,74.88,74.91,74.88,74.9,505589.72,15.0
CCMFUT,01/15/2026 13:42:00,74.9,74.9,74.88,74.88,2561664.36,76.0
CCMFUT,01/15/2026 13:41:00,74.89,74.89,74.89,74.89,67403.12,2.0
CCMFUT,01/15/2026 13:39:00,74.87,74.9,74.87,74.9,943672.1,28.0
CCMFUT,01/15/2026 13:37:00,74.86,74.86,74.86,74.86,33687.35,1.0
CCMFUT,01/15/2026 13:36:00,74.86,74.86,74.86,74.86,33687.35,1.0
CCMFUT,01/15/2026 13:35:00,74.88,74.9,74.88,74.9,404447.14,12.0
CCMFUT,01/15/2026 13:34:00,74.87,74.87,74.87,74.87,202152.51,6.0
CCMFUT,01/15/2026 13:33:00,74.84,74.87,74.84,74.86,808406.33,24.0
CCMFUT,01/15/2026 13:31:00,74.83,74.83,74.83,74.83,33673.14,1.0
CCMFUT,01/15/2026 13:29:00,74.82,74.84,74.82,74.82,235702.47,7.0
CCMFUT,01/15/2026 13:27:00,74.83,74.83,74.83,74.83,33673.14,1.0
CCMFUT,01/15/2026 13:25:00,74.86,74.86,74.85,74.86,909501.54,27.0
CCMFUT,01/15/2026 13:21:00,74.87,74.87,74.87,74.87,235844.59,7.0
CCMFUT,01/15/2026 13:20:00,74.89,74.89,74.89,74.89,33701.56,1.0
CCMFUT,01/15/2026 13:19:00,74.89,74.9,74.89,74.89,438139.23,13.0
CCMFUT,01/15/2026 13:17:00,74.86,74.87,74.85,74.87,976847.81,29.0
CCMFUT,01/15/2026 13:16:00,74.86,74.9,74.86,74.89,9336360.04,277.0
CCMFUT,01/15/2026 13:15:00,74.85,74.85,74.85,74.85,101047.83,3.0
CCMFUT,01/15/2026 13:14:00,74.82,74.85,74.82,74.85,909222.03,27.0
CCMFUT,01/15/2026 13:13:00,74.86,74.88,74.82,74.82,1549452.18,46.0
CCMFUT,01/15/2026 13:12:00,74.85,74.87,74.85,74.86,1280071.84,38.0
CCMFUT,01/15/2026 13:11:00,74.91,74.91,74.85,74.86,12638781.28,375.0
CCMFUT,01/15/2026 13:10:00,74.91,74.91,74.91,74.91,640509.65,19.0
CCMFUT,01/15/2026 13:09:00,74.91,74.91,74.91,74.91,202266.21,6.0
CCMFUT,01/15/2026 13:08:00,74.92,74.92,74.91,74.91,101142.58,3.0
CCMFUT,01/15/2026 13:05:00,74.92,74.92,74.92,74.92,33715.77,1.0
CCMFUT,01/15/2026 13:04:00,74.96,74.96,74.93,74.93,67450.49,2.0
CCMFUT,01/15/2026 13:03:00,74.93,74.94,74.93,74.93,472091.87,14.0
CCMFUT,01/15/2026 13:02:00,74.94,74.94,74.94,74.94,337252.46,10.0
CCMFUT,01/15/2026 13:00:00,74.97,74.97,74.94,74.97,101194.69,3.0
CCMFUT,01/15/2026 12:59:00,74.94,74.97,74.94,74.97,303584.07,9.0
CCMFUT,01/15/2026 12:54:00,74.98,74.99,74.98,74.99,607348.15,18.0
CCMFUT,01/15/2026 12:53:00,74.96,74.96,74.96,74.96,67459.97,2.0
CCMFUT,01/15/2026 12:50:00,74.93,74.97,74.93,74.97,505902.38,15.0
CCMFUT,01/15/2026 12:46:00,74.93,74.96,74.92,74.96,370925.6,11.0
CCMFUT,01/15/2026 12:45:00,74.97,74.98,74.92,74.92,2361136.77,70.0
CCMFUT,01/15/2026 12:44:00,74.96,74.96,74.96,74.96,809519.61,24.0
CCMFUT,01/15/2026 12:42:00,74.98,74.98,74.96,74.96,5059592.32,150.0
CCMFUT,01/15/2026 12:41:00,74.98,74.98,74.98,74.98,742268.09,22.0
CCMFUT,01/15/2026 12:40:00,74.98,74.98,74.98,74.98,641049.71,19.0
CCMFUT,01/15/2026 12:39:00,74.99,74.99,74.98,74.98,472399.79,14.0
CCMFUT,01/15/2026 12:38:00,74.99,74.99,74.99,74.99,67488.39,2.0
CCMFUT,01/15/2026 12:34:00,75.0,75.01,74.99,75.01,202503.07,6.0
CCMFUT,01/15/2026 12:30:00,75.02,75.02,75.01,75.01,270062.53,8.0
CCMFUT,01/15/2026 12:29:00,75.0,75.02,75.0,75.02,168763.62,5.0
CCMFUT,01/15/2026 12:25:00,75.03,75.03,75.03,75.03,236342.02,7.0
CCMFUT,01/15/2026 12:24:00,75.0,75.0,75.0,75.0,168744.67,5.0
CCMFUT,01/15/2026 12:22:00,75.0,75.01,75.0,75.0,404991.94,12.0
CCMFUT,01/15/2026 12:19:00,75.0,75.02,75.0,75.02,472508.75,14.0
CCMFUT,01/15/2026 12:16:00,74.99,75.0,74.99,74.99,168725.72,5.0
CCMFUT,01/15/2026 12:15:00,75.01,75.01,75.0,75.01,202503.07,6.0
CCMFUT,01/15/2026 12:13:00,74.98,75.0,74.98,75.0,472409.27,14.0
CCMFUT,01/15/2026 12:12:00,74.98,74.98,74.98,74.98,573570.8,17.0
CCMFUT,01/15/2026 12:10:00,74.99,74.99,74.99,74.99,101232.59,3.0
CCMFUT,01/15/2026 12:09:00,74.99,74.99,74.99,74.99,404930.35,12.0
CCMFUT,01/15/2026 12:07:00,75.01,75.01,75.01,75.01,67507.34,2.0
CCMFUT,01/15/2026 12:06:00,75.0,75.01,74.99,75.01,877420.15,26.0
CCMFUT,01/15/2026 12:04:00,75.01,75.01,75.0,75.0,101256.27,3.0
CCMFUT,01/15/2026 12:00:00,75.03,75.03,74.99,75.02,506248.21,15.0
CCMFUT,01/15/2026 11:58:00,75.02,75.02,75.02,75.02,168792.04,5.0
CCMFUT,01/15/2026 11:57:00,75.01,75.01,75.0,75.0,405029.84,12.0
CCMFUT,01/15/2026 11:55:00,75.04,75.04,75.04,75.04,67535.77,2.0
CCMFUT,01/15/2026 11:54:00,75.03,75.03,75.03,75.03,67526.29,2.0
CCMFUT,01/15/2026 11:53:00,75.02,75.06,75.02,75.03,1013173.86,30.0
CCMFUT,01/15/2026 11:52:00,75.02,75.02,75.01,75.01,67512.08,2.0
CCMFUT,01/15/2026 11:49:00,75.03,75.04,75.03,75.04,270109.9,8.0
CCMFUT,01/15/2026 11:48:00,75.02,75.02,75.02,75.02,202550.45,6.0
CCMFUT,01/15/2026 11:45:00,75.04,75.07,75.03,75.05,574082.43,17.0
CCMFUT,01/15/2026 11:44:00,75.12,75.12,75.06,75.06,844812.92,25.0
CCMFUT,01/15/2026 11:43:00,75.13,75.13,75.13,75.13,33810.52,1.0
CCMFUT,01/15/2026 11:42:00,75.13,75.13,75.12,75.12,135237.34,4.0
CCMFUT,01/15/2026 11:41:00,75.12,75.15,75.12,75.15,169047.86,5.0
CCMFUT,01/15/2026 11:37:00,75.13,75.15,75.13,75.15,67625.78,2.0
CCMFUT,01/15/2026 11:36:00,75.15,75.15,75.15,75.15,67630.51,2.0
CCMFUT,01/15/2026 11:35:00,75.12,75.13,75.12,75.13,338081.5,10.0
CCMFUT,01/15/2026 11:34:00,75.12,75.12,75.12,75.12,202834.69,6.0
CCMFUT,01/15/2026 11:33:00,75.13,75.13,75.11,75.12,371868.33,11.0
CCMFUT,01/15/2026 11:31:00,75.12,75.15,75.12,75.13,608560.92,18.0
CCMFUT,01/15/2026 11:30:00,75.12,75.15,75.12,75.13,946618.73,28.0
CCMFUT,01/15/2026 11:27:00,75.16,75.16,75.12,75.12,270526.79,8.0
CCMFUT,01/15/2026 11:24:00,75.16,75.16,75.16,75.16,101459.98,3.0
CCMFUT,01/15/2026 11:21:00,75.16,75.16,75.16,75.16,101459.98,3.0
CCMFUT,01/15/2026 11:19:00,75.17,75.17,75.16,75.16,67644.72,2.0
CCMFUT,01/15/2026 11:18:00,75.17,75.17,75.16,75.16,338228.36,10.0
CCMFUT,01/15/2026 11:17:00,75.13,75.13,75.13,75.13,67621.04,2.0
CCMFUT,01/15/2026 11:12:00,75.17,75.17,75.17,75.17,67649.46,2.0
CCMFUT,01/15/2026 11:10:00,75.16,75.23,75.16,75.17,3450496.81,102.0
CCMFUT,01/15/2026 11:08:00,75.12,75.18,75.12,75.18,642456.71,19.0
CCMFUT,01/15/2026 11:07:00,75.09,75.12,75.09,75.12,777452.44,23.0
CCMFUT,01/15/2026 11:04:00,75.06,75.09,75.06,75.09,236479.4,7.0
CCMFUT,01/15/2026 11:03:00,75.08,75.08,75.06,75.06,270252.02,8.0
CCMFUT,01/15/2026 10:55:00,75.12,75.12,75.1,75.1,405650.43,12.0
CCMFUT,01/15/2026 10:51:00,75.12,75.12,75.12,75.12,135223.13,4.0
CCMFUT,01/15/2026 10:50:00,75.1,75.11,75.1,75.11,101398.4,3.0
CCMFUT,01/15/2026 10:47:00,75.19,75.19,75.17,75.17,1759340.8,52.0
CCMFUT,01/15/2026 10:46:00,75.19,75.19,75.19,75.19,67668.41,2.0
CCMFUT,01/15/2026 10:45:00,75.15,75.17,75.15,75.17,202910.49,6.0
CCMFUT,01/15/2026 10:44:00,75.17,75.17,75.15,75.15,338176.25,10.0
CCMFUT,01/15/2026 10:43:00,75.19,75.2,75.16,75.16,575148.34,17.0
CCMFUT,01/15/2026 10:42:00,75.19,75.19,75.19,75.19,33834.21,1.0
CCMFUT,01/15/2026 10:41:00,75.16,75.16,75.16,75.16,67639.99,2.0
CCMFUT,01/15/2026 10:39:00,75.16,75.16,75.16,75.16,67639.99,2.0
CCMFUT,01/15/2026 10:38:00,75.13,75.13,75.13,75.13,202863.11,6.0
CCMFUT,01/15/2026 10:36:00,75.15,75.16,75.15,75.16,2569968.95,76.0
CCMFUT,01/15/2026 10:35:00,75.12,75.16,75.11,75.15,642352.49,19.0
CCMFUT,01/15/2026 10:33:00,75.16,75.16,75.16,75.16,67639.99,2.0
CCMFUT,01/15/2026 10:32:00,75.16,75.16,75.16,75.16,33819.99,1.0
CCMFUT,01/15/2026 10:31:00,75.12,75.12,75.12,75.12,67611.56,2.0
CCMFUT,01/15/2026 10:29:00,75.16,75.17,75.16,75.17,169114.18,5.0
CCMFUT,01/15/2026 10:28:00,75.09,75.17,75.09,75.17,169033.65,5.0
CCMFUT,01/15/2026 10:24:00,75.07,75.07,75.07,75.07,270256.76,8.0
CCMFUT,01/15/2026 10:23:00,75.06,75.06,75.06,75.06,33777.36,1.0
CCMFUT,01/15/2026 10:20:00,75.07,75.07,75.07,75.07,67564.19,2.0
CCMFUT,01/15/2026 10:19:00,75.08,75.08,75.08,75.08,33786.83,1.0
CCMFUT,01/15/2026 10:17:00,75.11,75.11,75.11,75.11,169005.22,5.0
CCMFUT,01/15/2026 10:10:00,75.12,75.12,75.12,75.12,33805.78,1.0
CCMFUT,01/15/2026 10:08:00,75.13,75.16,75.13,75.16,135261.03,4.0
CCMFUT,01/15/2026 10:04:00,75.12,75.13,75.12,75.13,169038.38,5.0
CCMFUT,01/15/2026 10:03:00,75.1,75.12,75.1,75.12,338038.87,10.0
CCMFUT,01/15/2026 10:02:00,75.07,75.09,75.07,75.09,202716.26,6.0
CCMFUT,01/15/2026 10:01:00,75.02,75.05,75.01,75.05,303868.31,9.0
CCMFUT,01/15/2026 10:00:00,75.03,75.03,75.01,75.02,1046453.8,31.0
CCMFUT,01/15/2026 09:59:00,75.05,75.05,75.02,75.04,607807.68,18.0
CCMFUT,01/15/2026 09:58:00,75.12,75.12,75.06,75.07,574338.25,17.0
CCMFUT,01/15/2026 09:56:00,75.1,75.1,75.1,75.1,33796.31,1.0
CCMFUT,01/15/2026 09:55:00,75.1,75.1,75.1,75.1,101388.92,3.0
CCMFUT,01/15/2026 09:53:00,75.08,75.08,75.08,75.08,33786.83,1.0
CCMFUT,01/15/2026 09:52:00,75.09,75.09,75.09,75.09,135166.28,4.0
CCMFUT,01/15/2026 09:51:00,75.07,75.11,75.07,75.09,473081.97,14.0
CCMFUT,01/15/2026 09:49:00,75.07,75.07,75.07,75.07,168910.47,5.0
CCMFUT,01/15/2026 09:47:00,75.09,75.09,75.08,75.08,101369.97,3.0
CCMFUT,01/15/2026 09:46:00,75.1,75.11,75.1,75.1,101393.66,3.0
CCMFUT,01/15/2026 09:44:00,75.08,75.11,75.08,75.11,135166.28,4.0
CCMFUT,01/15/2026 09:43:00,75.07,75.09,75.06,75.06,608087.18,18.0
CCMFUT,01/15/2026 09:42:00,75.09,75.09,75.09,75.09,67583.14,2.0
CCMFUT,01/15/2026 09:41:00,75.09,75.09,75.09,75.09,135166.28,4.0
CCMFUT,01/15/2026 09:40:00,75.06,75.07,75.06,75.07,67559.45,2.0
CCMFUT,01/15/2026 09:39:00,75.08,75.08,75.08,75.08,33786.83,1.0
CCMFUT,01/15/2026 09:38:00,75.07,75.07,75.07,75.07,33782.09,1.0
CCMFUT,01/15/2026 09:37:00,75.04,75.07,75.04,75.05,101322.6,3.0
CCMFUT,01/15/2026 09:36:00,75.08,75.09,75.05,75.05,304072.01,9.0
CCMFUT,01/15/2026 09:35:00,75.06,75.06,75.06,75.06,202664.14,6.0
CCMFUT,01/15/2026 09:34:00,75.07,75.07,75.04,75.06,911993.39,27.0
CCMFUT,01/15/2026 09:33:00,75.1,75.1,75.06,75.09,2162248.3,64.0
CCMFUT,01/15/2026 09:32:00,75.1,75.1,75.1,75.1,33796.31,1.0
CCMFUT,01/15/2026 09:31:00,75.13,75.13,75.13,75.13,33810.52,1.0
CCMFUT,01/15/2026 09:30:00,75.11,75.13,75.09,75.13,1690061.68,50.0
CCMFUT,01/15/2026 09:29:00,75.11,75.12,75.11,75.12,135218.39,4.0
CCMFUT,01/15/2026 09:28:00,75.11,75.11,75.11,75.11,33801.04,1.0
CCMFUT,01/15/2026 09:27:00,75.09,75.09,75.09,75.09,33791.57,1.0
CCMFUT,01/15/2026 09:26:00,75.11,75.11,75.11,75.11,101403.13,3.0
CCMFUT,01/15/2026 09:25:00,75.11,75.11,75.11,75.11,169005.22,5.0
CCMFUT,01/15/2026 09:24:00,75.1,75.1,75.07,75.1,506849.86,15.0
CCMFUT,01/15/2026 09:23:00,75.08,75.11,75.07,75.1,337910.96,10.0
CCMFUT,01/15/2026 09:22:00,75.17,75.17,75.06,75.08,2230437.82,66.0
CCMFUT,01/15/2026 09:21:00,75.18,75.2,75.17,75.17,3991503.01,118.0
CCMFUT,01/15/2026 09:20:00,75.24,75.24,75.22,75.22,575432.58,17.0
CCMFUT,01/15/2026 09:19:00,75.19,75.22,75.19,75.22,203062.08,6.0
CCMFUT,01/15/2026 09:18:00,75.23,75.24,75.2,75.2,270820.5,8.0
CCMFUT,01/15/2026 09:17:00,75.21,75.22,75.21,75.22,744570.44,22.0
CCMFUT,01/15/2026 09:16:00,75.27,75.27,75.19,75.21,3251044.6,96.0
CCMFUT,01/15/2026 09:15:00,75.32,75.32,75.27,75.27,3489021.0,103.0
CCMFUT,01/15/2026 09:14:00,75.3,75.32,75.3,75.32,372844.23,11.0
CCMFUT,01/15/2026 09:13:00,75.35,75.35,75.27,75.29,5352488.91,158.0
CCMFUT,01/15/2026 09:11:00,75.42,75.43,75.39,75.39,237554.78,7.0
CCMFUT,01/15/2026 09:10:00,75.43,75.43,75.42,75.43,746740.15,22.0
CCMFUT,01/15/2026 09:09:00,75.43,75.43,75.43,75.43,509147.47,15.0
CCMFUT,01/15/2026 09:08:00,75.45,75.46,75.43,75.43,645071.73,19.0
CCMFUT,01/15/2026 09:07:00,75.31,75.43,75.31,75.43,474853.74,14.0
CCMFUT,01/15/2026 09:06:00,75.29,75.29,75.27,75.27,169388.95,5.0
CCMFUT,01/15/2026 09:05:00,75.32,75.38,75.29,75.29,915380.6,27.0
CCMFUT,01/15/2026 09:04:00,75.3,75.32,75.28,75.32,576124.23,17.0
CCMFUT,01/15/2026 09:03:00,75.31,75.35,75.31,75.32,508451.08,15.0
CCMFUT,01/15/2026 09:02:00,75.25,75.32,75.25,75.32,2506909.99,74.0
CCMFUT,01/15/2026 09:01:00,75.27,75.27,75.15,75.27,1692629.33,50.0
CCMFUT,01/15/2026 09:00:00,75.27,75.27,75.27,75.27,474209.46,14.0
CCMFUT,01/14/2026 17:05:00,75.49,75.57,75.46,75.46,271905.36,8.0
CCMFUT,01/14/2026 16:19:00,75.55,75.58,75.55,75.56,646052.36,19.0
CCMFUT,01/14/2026 16:18:00,75.53,75.57,75.5,75.55,3331129.62,98.0
CCMFUT,01/14/2026 16:17:00,75.53,75.55,75.53,75.55,203947.97,6.0
CCMFUT,01/14/2026 16:16:00,75.53,75.53,75.53,75.53,67981.08,2.0
CCMFUT,01/14/2026 16:15:00,75.53,75.57,75.53,75.57,238009.57,7.0
CCMFUT,01/14/2026 16:13:00,75.55,75.57,75.53,75.53,1087820.4,32.0
CCMFUT,01/14/2026 16:12:00,75.55,75.56,75.55,75.55,101990.56,3.0
CCMFUT,01/14/2026 16:11:00,75.55,75.55,75.55,75.55,33995.28,1.0
CCMFUT,01/14/2026 16:10:00,75.56,75.59,75.56,75.56,680199.23,20.0
CCMFUT,01/14/2026 16:09:00,75.57,75.57,75.56,75.56,238028.52,7.0
CCMFUT,01/14/2026 16:08:00,75.59,75.59,75.57,75.57,884360.38,26.0
CCMFUT,01/14/2026 16:07:00,75.57,75.58,75.57,75.58,136028.48,4.0
CCMFUT,01/14/2026 16:06:00,75.62,75.62,75.57,75.57,612227.63,18.0
CCMFUT,01/14/2026 16:04:00,75.61,75.61,75.61,75.61,102071.1,3.0
CCMFUT,01/14/2026 16:03:00,75.59,75.6,75.59,75.6,170090.08,5.0
CCMFUT,01/14/2026 16:02:00,75.59,75.59,75.58,75.59,170056.91,5.0
CCMFUT,01/14/2026 16:01:00,75.59,75.59,75.59,75.59,68028.45,2.0
CCMFUT,01/14/2026 16:00:00,75.58,75.63,75.58,75.6,816559.33,24.0
CCMFUT,01/14/2026 15:59:00,75.56,75.59,75.56,75.59,136042.69,4.0
CCMFUT,01/14/2026 15:58:00,75.59,75.59,75.59,75.59,1428597.46,42.0
CCMFUT,01/14/2026 15:57:00,75.59,75.6,75.59,75.59,1870791.87,55.0
CCMFUT,01/14/2026 15:56:00,75.56,75.64,75.56,75.6,2926559.31,86.0
CCMFUT,01/14/2026 15:55:00,75.59,75.62,75.56,75.56,1224445.79,36.0
CCMFUT,01/14/2026 15:54:00,75.6,75.61,75.58,75.58,1020478.87,30.0
CCMFUT,01/14/2026 15:53:00,75.49,75.61,75.49,75.57,20475455.08,602.0
CCMFUT,01/14/2026 15:52:00,75.52,75.52,75.48,75.48,1324816.18,39.0
CCMFUT,01/14/2026 15:51:00,75.53,75.64,75.5,75.52,4285186.0,126.0
CCMFUT,01/14/2026 15:50:00,75.42,75.59,75.42,75.58,7814995.65,230.0
CCMFUT,01/14/2026 15:49:00,75.4,75.4,75.4,75.4,67857.91,2.0
CCMFUT,01/14/2026 15:46:00,75.41,75.42,75.39,75.42,339341.64,10.0
CCMFUT,01/14/2026 15:44:00,75.4,75.42,75.4,75.4,373280.07,11.0
CCMFUT,01/14/2026 15:42:00,75.41,75.42,75.41,75.42,101805.81,3.0
CCMFUT,01/14/2026 15:41:00,75.37,75.43,75.37,75.42,712588.54,21.0
CCMFUT,01/14/2026 15:40:00,75.32,75.35,75.32,75.35,135611.59,4.0
CCMFUT,01/14/2026 15:36:00,75.32,75.37,75.32,75.35,169516.86,5.0
CCMFUT,01/14/2026 15:35:00,75.28,75.31,75.28,75.31,542110.01,16.0
CCMFUT,01/14/2026 15:34:00,75.28,75.28,75.28,75.28,338768.42,10.0
CCMFUT,01/14/2026 15:33:00,75.29,75.29,75.29,75.29,33881.58,1.0
CCMFUT,01/14/2026 15:31:00,75.29,75.29,75.29,75.29,33881.58,1.0
CCMFUT,01/14/2026 15:30:00,75.27,75.27,75.27,75.27,914546.82,27.0
CCMFUT,01/14/2026 15:29:00,75.27,75.29,75.27,75.28,304901.05,9.0
CCMFUT,01/14/2026 15:28:00,75.27,75.28,75.27,75.28,846821.56,25.0
CCMFUT,01/14/2026 15:27:00,75.27,75.28,75.27,75.27,4606620.43,136.0
CCMFUT,01/14/2026 15:26:00,75.28,75.28,75.27,75.27,2404999.96,71.0
CCMFUT,01/14/2026 15:25:00,75.28,75.29,75.28,75.29,203280.0,6.0
CCMFUT,01/14/2026 15:23:00,75.28,75.28,75.28,75.28,880797.89,26.0
CCMFUT,01/14/2026 15:22:00,75.28,75.28,75.28,75.28,135507.37,4.0
CCMFUT,01/14/2026 15:21:00,75.28,75.28,75.28,75.28,2032610.52,60.0
CCMFUT,01/14/2026 15:20:00,75.29,75.29,75.29,75.29,33881.58,1.0
CCMFUT,01/14/2026 15:19:00,75.3,75.3,75.3,75.3,67772.63,2.0
CCMFUT,01/14/2026 15:18:00,75.3,75.3,75.3,75.3,135545.27,4.0
CCMFUT,01/14/2026 15:17:00,75.28,75.28,75.28,75.28,338768.42,10.0
CCMFUT,01/14/2026 15:16:00,75.3,75.3,75.28,75.28,1456727.89,43.0
CCMFUT,01/14/2026 15:15:00,75.32,75.32,75.29,75.3,1287950.06,38.0
CCMFUT,01/14/2026 15:14:00,75.32,75.35,75.32,75.32,1830401.16,54.0
CCMFUT,01/14/2026 15:13:00,75.32,75.32,75.32,75.32,33895.79,1.0
CCMFUT,01/14/2026 15:10:00,75.37,75.37,75.35,75.35,101725.27,3.0
CCMFUT,01/14/2026 15:07:00,75.32,75.32,75.32,75.32,33895.79,1.0
CCMFUT,01/14/2026 15:06:00,75.32,75.33,75.31,75.33,881271.63,26.0
CCMFUT,01/14/2026 15:05:00,75.35,75.35,75.32,75.32,372896.34,11.0
CCMFUT,01/14/2026 15:00:00,75.36,75.36,75.36,75.36,33910.0,1.0
CCMFUT,01/14/2026 14:54:00,75.38,75.38,75.38,75.38,67838.96,2.0
CCMFUT,01/14/2026 14:52:00,75.37,75.37,75.37,75.37,33914.74,1.0
CCMFUT,01/14/2026 14:50:00,75.37,75.37,75.36,75.36,135654.23,4.0
CCMFUT,01/14/2026 14:49:00,75.32,75.35,75.3,75.35,711816.36,21.0
CCMFUT,01/14/2026 14:48:00,75.39,75.39,75.32,75.37,1356447.51,40.0
CCMFUT,01/14/2026 14:46:00,75.4,75.4,75.4,75.4,339289.53,10.0
CCMFUT,01/14/2026 14:45:00,75.39,75.39,75.39,75.39,33924.22,1.0
CCMFUT,01/14/2026 14:44:00,75.41,75.41,75.38,75.39,1458698.63,43.0
CCMFUT,01/14/2026 14:38:00,75.43,75.43,75.43,75.43,33943.16,1.0
CCMFUT,01/14/2026 14:37:00,75.46,75.46,75.46,75.46,101872.13,3.0
CCMFUT,01/14/2026 14:30:00,75.49,75.49,75.47,75.47,577450.69,17.0
CCMFUT,01/14/2026 14:29:00,75.49,75.49,75.49,75.49,169857.95,5.0
CCMFUT,01/14/2026 14:27:00,75.48,75.49,75.48,75.49,169843.73,5.0
CCMFUT,01/14/2026 14:26:00,75.48,75.48,75.48,75.48,67933.7,2.0
CCMFUT,01/14/2026 14:25:00,75.5,75.5,75.5,75.5,33976.33,1.0
CCMFUT,01/14/2026 14:24:00,75.5,75.5,75.5,75.5,33976.33,1.0
CCMFUT,01/14/2026 14:23:00,75.52,75.52,75.52,75.52,169929.01,5.0
CCMFUT,01/14/2026 14:21:00,75.49,75.5,75.49,75.5,509611.73,15.0
CCMFUT,01/14/2026 14:19:00,75.48,75.49,75.48,75.49,203824.8,6.0
CCMFUT,01/14/2026 14:17:00,75.47,75.48,75.47,75.47,475483.81,14.0
CCMFUT,01/14/2026 14:14:00,75.46,75.48,75.46,75.48,271711.13,8.0
CCMFUT,01/14/2026 14:13:00,75.45,75.45,75.45,75.45,101857.92,3.0
CCMFUT,01/14/2026 14:12:00,75.43,75.45,75.43,75.45,203682.68,6.0
CCMFUT,01/14/2026 14:11:00,75.41,75.46,75.41,75.46,407355.88,12.0
CCMFUT,01/14/2026 14:05:00,75.4,75.4,75.4,75.4,67857.91,2.0
CCMFUT,01/14/2026 14:03:00,75.4,75.44,75.4,75.44,475152.2,14.0
CCMFUT,01/14/2026 14:02:00,75.41,75.42,75.41,75.42,67872.12,2.0
CCMFUT,01/14/2026 14:00:00,75.41,75.41,75.41,75.41,101801.07,3.0
CCMFUT,01/14/2026 13:59:00,75.43,75.45,75.43,75.45,169734.77,5.0
CCMFUT,01/14/2026 13:57:00,75.41,75.41,75.41,75.41,33933.69,1.0
CCMFUT,01/14/2026 13:56:00,75.39,75.39,75.39,75.39,33924.22,1.0
CCMFUT,01/14/2026 13:55:00,75.41,75.41,75.41,75.41,67867.38,2.0
CCMFUT,01/14/2026 13:53:00,75.39,75.39,75.39,75.39,101772.65,3.0
CCMFUT,01/14/2026 13:51:00,75.38,75.38,75.38,75.38,33919.48,1.0
CCMFUT,01/14/2026 13:50:00,75.38,75.38,75.38,75.38,33919.48,1.0
CCMFUT,01/14/2026 13:49:00,75.39,75.39,75.39,75.39,169621.08,5.0
CCMFUT,01/14/2026 13:48:00,75.39,75.39,75.38,75.38,101767.91,3.0
CCMFUT,01/14/2026 13:42:00,75.37,75.39,75.37,75.39,203535.82,6.0
CCMFUT,01/14/2026 13:41:00,75.37,75.37,75.37,75.37,33914.74,1.0
CCMFUT,01/14/2026 13:40:00,75.35,75.36,75.35,75.36,339062.14,10.0
CCMFUT,01/14/2026 13:39:00,75.33,75.35,75.33,75.35,440711.61,13.0
CCMFUT,01/14/2026 13:38:00,75.44,75.44,75.32,75.33,4577561.48,135.0
CCMFUT,01/14/2026 13:37:00,75.44,75.44,75.44,75.44,33947.9,1.0
CCMFUT,01/14/2026 13:36:00,75.44,75.44,75.44,75.44,67895.8,2.0
CCMFUT,01/14/2026 13:34:00,75.47,75.47,75.47,75.47,33962.11,1.0
CCMFUT,01/14/2026 13:32:00,75.47,75.48,75.46,75.48,237739.54,7.0
CCMFUT,01/14/2026 13:31:00,75.47,75.47,75.47,75.47,203772.69,6.0
CCMFUT,01/14/2026 13:30:00,75.5,75.52,75.48,75.48,305758.51,9.0
CCMFUT,01/14/2026 13:28:00,75.49,75.49,75.49,75.49,33971.59,1.0
CCMFUT,01/14/2026 13:27:00,75.51,75.51,75.5,75.5,101938.45,3.0
CCMFUT,01/14/2026 13:26:00,75.52,75.52,75.52,75.52,33985.8,1.0
CCMFUT,01/14/2026 13:25:00,75.55,75.55,75.55,75.55,441938.59,13.0
CCMFUT,01/14/2026 13:20:00,75.52,75.52,75.52,75.52,33985.8,1.0
CCMFUT,01/14/2026 13:19:00,75.52,75.52,75.52,75.52,33985.8,1.0
CCMFUT,01/14/2026 13:12:00,75.55,75.55,75.55,75.55,101985.83,3.0
CCMFUT,01/14/2026 13:11:00,75.55,75.55,75.55,75.55,101985.83,3.0
CCMFUT,01/14/2026 13:10:00,75.52,75.52,75.52,75.52,33985.8,1.0
CCMFUT,01/14/2026 13:02:00,75.55,75.55,75.55,75.55,67990.55,2.0
CCMFUT,01/14/2026 13:00:00,75.52,75.52,75.52,75.52,135943.2,4.0
CCMFUT,01/14/2026 12:56:00,75.51,75.55,75.51,75.55,339929.07,10.0
CCMFUT,01/14/2026 12:51:00,75.56,75.56,75.55,75.55,237995.36,7.0
CCMFUT,01/14/2026 12:50:00,75.55,75.57,75.55,75.57,340019.08,10.0
CCMFUT,01/14/2026 12:49:00,75.59,75.59,75.58,75.58,374151.74,11.0
CCMFUT,01/14/2026 12:48:00,75.6,75.62,75.59,75.6,646436.09,19.0
CCMFUT,01/14/2026 12:47:00,75.63,75.64,75.63,75.64,102109.0,3.0
CCMFUT,01/14/2026 12:46:00,75.62,75.64,75.6,75.64,612568.72,18.0
CCMFUT,01/14/2026 12:45:00,75.55,75.71,75.55,75.61,2382151.68,70.0
CCMFUT,01/14/2026 12:44:00,75.46,75.53,75.46,75.53,1630475.2,48.0
CCMFUT,01/14/2026 12:43:00,75.43,75.46,75.43,75.46,373441.14,11.0
CCMFUT,01/14/2026 12:40:00,75.44,75.44,75.44,75.44,271583.22,8.0
CCMFUT,01/14/2026 12:37:00,75.45,75.47,75.45,75.46,577275.41,17.0
CCMFUT,01/14/2026 12:36:00,75.41,75.44,75.41,75.44,305464.8,9.0
CCMFUT,01/14/2026 12:35:00,75.4,75.4,75.4,75.4,33928.95,1.0
CCMFUT,01/14/2026 12:34:00,75.42,75.42,75.42,75.42,305445.85,9.0
CCMFUT,01/14/2026 12:33:00,75.42,75.43,75.42,75.43,101820.02,3.0
CCMFUT,01/14/2026 12:31:00,75.42,75.42,75.42,75.42,67876.86,2.0
CCMFUT,01/14/2026 12:29:00,75.43,75.43,75.43,75.43,67886.33,2.0
CCMFUT,01/14/2026 12:27:00,75.39,75.39,75.39,75.39,542787.45,16.0
CCMFUT,01/14/2026 12:26:00,75.39,75.41,75.39,75.39,508886.92,15.0
CCMFUT,01/14/2026 12:25:00,75.37,75.39,75.37,75.39,101763.17,3.0
CCMFUT,01/14/2026 12:24:00,75.37,75.39,75.37,75.37,169602.13,5.0
CCMFUT,01/14/2026 12:22:00,75.39,75.4,75.39,75.4,305322.68,9.0
CCMFUT,01/14/2026 12:18:00,75.39,75.39,75.39,75.39,203545.29,6.0
CCMFUT,01/14/2026 12:16:00,75.38,75.38,75.38,75.38,169597.39,5.0
CCMFUT,01/14/2026 12:15:00,75.36,75.36,75.36,75.36,33910.0,1.0
CCMFUT,01/14/2026 12:13:00,75.36,75.41,75.36,75.36,1255134.39,37.0
CCMFUT,01/14/2026 12:12:00,75.36,75.36,75.35,75.35,101720.54,3.0
CCMFUT,01/14/2026 12:11:00,75.36,75.36,75.36,75.36,33910.0,1.0
CCMFUT,01/14/2026 12:09:00,75.37,75.37,75.36,75.36,67824.74,2.0
CCMFUT,01/14/2026 12:08:00,75.35,75.36,75.35,75.36,203436.33,6.0
CCMFUT,01/14/2026 12:06:00,75.35,75.36,75.35,75.36,203445.81,6.0
CCMFUT,01/14/2026 12:05:00,75.35,75.36,75.35,75.36,3458716.13,102.0
CCMFUT,01/14/2026 12:02:00,75.36,75.36,75.36,75.36,33910.0,1.0
CCMFUT,01/14/2026 12:00:00,75.35,75.38,75.32,75.36,2135832.79,63.0
CCMFUT,01/14/2026 11:59:00,75.38,75.38,75.36,75.36,406967.41,12.0
CCMFUT,01/14/2026 11:58:00,75.39,75.39,75.39,75.39,67848.43,2.0
CCMFUT,01/14/2026 11:57:00,75.36,75.36,75.36,75.36,33910.0,1.0
CCMFUT,01/14/2026 11:55:00,75.36,75.36,75.36,75.36,33910.0,1.0
CCMFUT,01/14/2026 11:54:00,75.35,75.37,75.35,75.37,135649.49,4.0
CCMFUT,01/14/2026 11:52:00,75.38,75.39,75.37,75.37,814043.79,24.0
CCMFUT,01/14/2026 11:51:00,75.39,75.39,75.37,75.37,271341.61,8.0
CCMFUT,01/14/2026 11:50:00,75.38,75.39,75.38,75.39,373119.0,11.0
CCMFUT,01/14/2026 11:49:00,75.4,75.41,75.37,75.38,1390821.77,41.0
CCMFUT,01/14/2026 11:48:00,75.39,75.39,75.38,75.38,814072.21,24.0
CCMFUT,01/14/2026 11:47:00,75.4,75.4,75.39,75.39,67853.17,2.0
CCMFUT,01/14/2026 11:46:00,75.42,75.42,75.4,75.4,101801.07,3.0
CCMFUT,01/14/2026 11:44:00,75.42,75.42,75.41,75.41,135739.5,4.0
CCMFUT,01/14/2026 11:40:00,75.46,75.46,75.46,75.46,33957.38,1.0
CCMFUT,01/14/2026 11:39:00,75.46,75.48,75.46,75.48,917019.72,27.0
CCMFUT,01/14/2026 11:37:00,75.46,75.46,75.46,75.46,169786.88,5.0
CCMFUT,01/14/2026 11:36:00,75.44,75.49,75.44,75.45,543318.03,16.0
CCMFUT,01/14/2026 11:35:00,75.44,75.48,75.44,75.45,611251.74,18.0
CCMFUT,01/14/2026 11:33:00,75.43,75.46,75.42,75.42,441322.73,13.0
CCMFUT,01/14/2026 11:32:00,75.42,75.42,75.42,75.42,67876.86,2.0
CCMFUT,01/14/2026 11:31:00,75.44,75.44,75.43,75.44,339464.81,10.0
CCMFUT,01/14/2026 11:30:00,75.43,75.43,75.43,75.43,33943.16,1.0
CCMFUT,01/14/2026 11:29:00,75.44,75.44,75.44,75.44,169739.51,5.0
CCMFUT,01/14/2026 11:27:00,75.44,75.44,75.44,75.44,33947.9,1.0
CCMFUT,01/14/2026 11:26:00,75.41,75.45,75.41,75.43,543048.0,16.0
CCMFUT,01/14/2026 11:24:00,75.41,75.41,75.4,75.4,67862.64,2.0
CCMFUT,01/14/2026 11:23:00,75.42,75.42,75.42,75.42,33938.43,1.0
CCMFUT,01/14/2026 11:22:00,75.42,75.43,75.41,75.41,237568.99,7.0
CCMFUT,01/14/2026 11:21:00,75.41,75.43,75.41,75.42,339398.49,10.0
CCMFUT,01/14/2026 11:20:00,75.5,75.5,75.41,75.43,1731489.87,51.0
CCMFUT,01/14/2026 11:16:00,75.51,75.53,75.51,75.52,611758.63,18.0
CCMFUT,01/14/2026 11:11:00,75.53,75.53,75.52,75.52,203938.49,6.0
CCMFUT,01/14/2026 11:10:00,75.52,75.52,75.49,75.51,747512.34,22.0
CCMFUT,01/14/2026 11:09:00,75.52,75.55,75.52,75.55,339919.6,10.0
CCMFUT,01/14/2026 11:07:00,75.49,75.51,75.48,75.51,475602.25,14.0
CCMFUT,01/14/2026 11:05:00,75.49,75.5,75.48,75.5,305730.09,9.0
CCMFUT,01/14/2026 11:03:00,75.51,75.51,75.49,75.49,305782.2,9.0
CCMFUT,01/14/2026 11:01:00,75.53,75.53,75.53,75.53,101971.62,3.0
CCMFUT,01/14/2026 11:00:00,75.5,75.53,75.5,75.52,203905.33,6.0
CCMFUT,01/14/2026 10:59:00,75.59,75.59,75.52,75.52,816265.61,24.0
CCMFUT,01/14/2026 10:55:00,75.59,75.59,75.59,75.59,102042.68,3.0
CCMFUT,01/14/2026 10:53:00,75.6,75.6,75.58,75.58,272109.06,8.0
CCMFUT,01/14/2026 10:51:00,75.59,75.59,75.59,75.59,34014.23,1.0
CCMFUT,01/14/2026 10:50:00,75.57,75.58,75.57,75.58,170033.23,5.0
CCMFUT,01/14/2026 10:48:00,75.62,75.63,75.58,75.58,680455.05,20.0
CCMFUT,01/14/2026 10:47:00,75.6,75.65,75.59,75.63,918658.85,27.0
CCMFUT,01/14/2026 10:46:00,75.53,75.8,75.53,75.64,3540544.5,104.0
CCMFUT,01/14/2026 10:45:00,75.53,75.53,75.53,75.53,67981.08,2.0
CCMFUT,01/14/2026 10:44:00,75.53,75.53,75.53,75.53,339905.38,10.0
CCMFUT,01/14/2026 10:43:00,75.52,75.55,75.52,75.55,135952.68,4.0
CCMFUT,01/14/2026 10:42:00,75.5,75.53,75.5,75.52,747626.04,22.0
CCMFUT,01/14/2026 10:41:00,75.48,75.5,75.48,75.48,645422.29,19.0
CCMFUT,01/14/2026 10:40:00,75.55,75.55,75.49,75.5,849649.77,25.0
CCMFUT,01/14/2026 10:39:00,75.61,75.61,75.49,75.57,4897299.94,144.0
CCMFUT,01/14/2026 10:38:00,75.64,75.64,75.61,75.61,680606.65,20.0
CCMFUT,01/14/2026 10:37:00,75.63,75.64,75.63,75.64,68071.09,2.0
CCMFUT,01/14/2026 10:36:00,75.63,75.63,75.63,75.63,34033.17,1.0
CCMFUT,01/14/2026 10:35:00,75.64,75.64,75.64,75.64,204227.47,6.0
CCMFUT,01/14/2026 10:34:00,75.64,75.64,75.64,75.64,68075.82,2.0
CCMFUT,01/14/2026 10:33:00,75.64,75.64,75.63,75.64,442483.38,13.0
CCMFUT,01/14/2026 10:32:00,75.66,75.66,75.65,75.65,374478.62,11.0
CCMFUT,01/14/2026 10:28:00,75.67,75.67,75.67,75.67,170260.62,5.0
CCMFUT,01/14/2026 10:27:00,75.67,75.67,75.65,75.65,476710.79,14.0
CCMFUT,01/14/2026 10:26:00,75.67,75.68,75.66,75.68,1123805.37,33.0
CCMFUT,01/14/2026 10:25:00,75.72,75.72,75.65,75.67,4462083.66,131.0
CCMFUT,01/14/2026 10:24:00,75.73,75.73,75.73,75.73,34080.55,1.0
CCMFUT,01/14/2026 10:23:00,75.72,75.76,75.72,75.76,579402.48,17.0
CCMFUT,01/14/2026 10:22:00,75.79,75.79,75.7,75.73,1056478.05,31.0
CCMFUT,01/14/2026 10:21:00,75.82,75.82,75.8,75.8,3513456.29,103.0
CCMFUT,01/14/2026 10:20:00,75.83,75.84,75.83,75.83,375364.5,11.0
CCMFUT,01/14/2026 10:19:00,75.83,75.83,75.83,75.83,170615.92,5.0
CCMFUT,01/14/2026 10:16:00,75.82,75.82,75.82,75.82,204710.68,6.0
CCMFUT,01/14/2026 10:14:00,75.82,75.83,75.82,75.83,409449.79,12.0
CCMFUT,01/14/2026 10:08:00,75.82,75.82,75.81,75.82,511771.97,15.0
CCMFUT,01/14/2026 10:07:00,75.85,75.85,75.85,75.85,1809030.94,53.0
CCMFUT,01/14/2026 10:06:00,75.84,75.84,75.84,75.84,102383.77,3.0
CCMFUT,01/14/2026 10:05:00,75.83,75.85,75.83,75.85,614331.02,18.0
CCMFUT,01/14/2026 10:03:00,75.84,75.84,75.84,75.84,170639.61,5.0
CCMFUT,01/14/2026 10:02:00,75.83,75.87,75.83,75.87,887468.09,26.0
CCMFUT,01/14/2026 10:00:00,75.84,75.85,75.82,75.82,1331050.54,39.0
CCMFUT,01/14/2026 09:58:00,75.82,75.85,75.82,75.83,341269.74,10.0
CCMFUT,01/14/2026 09:57:00,75.82,75.84,75.82,75.84,375350.29,11.0
CCMFUT,01/14/2026 09:55:00,75.82,75.84,75.82,75.84,102374.29,3.0
CCMFUT,01/14/2026 09:54:00,75.82,75.84,75.82,75.84,477743.53,14.0
CCMFUT,01/14/2026 09:53:00,75.82,75.82,75.82,75.82,204710.68,6.0
CCMFUT,01/14/2026 09:52:00,75.82,75.82,75.82,75.82,170592.24,5.0
CCMFUT,01/14/2026 09:51:00,75.84,75.84,75.83,75.83,375402.4,11.0
CCMFUT,01/14/2026 09:50:00,75.84,75.84,75.83,75.83,375402.4,11.0
CCMFUT,01/14/2026 09:49:00,75.84,75.84,75.84,75.84,34127.92,1.0
CCMFUT,01/14/2026 09:48:00,75.82,75.82,75.82,75.82,204710.68,6.0
CCMFUT,01/14/2026 09:45:00,75.82,75.84,75.82,75.84,272976.0,8.0
CCMFUT,01/14/2026 09:42:00,75.84,75.84,75.84,75.84,34127.92,1.0
CCMFUT,01/14/2026 09:41:00,75.82,75.85,75.82,75.83,511847.77,15.0
CCMFUT,01/14/2026 09:39:00,75.83,75.83,75.83,75.83,68246.37,2.0
CCMFUT,01/14/2026 09:38:00,75.84,75.84,75.84,75.84,34127.92,1.0
CCMFUT,01/14/2026 09:37:00,75.83,75.9,75.83,75.84,1194941.53,35.0
CCMFUT,01/14/2026 09:36:00,75.8,75.82,75.8,75.82,375293.44,11.0
CCMFUT,01/14/2026 09:35:00,75.81,75.81,75.81,75.81,34113.71,1.0
CCMFUT,01/14/2026 09:33:00,75.82,75.85,75.78,75.85,2592821.96,76.0
CCMFUT,01/14/2026 09:32:00,75.83,75.85,75.82,75.84,238876.5,7.0
CCMFUT,01/14/2026 09:31:00,75.86,75.86,75.83,75.83,546051.49,16.0
CCMFUT,01/14/2026 09:30:00,75.87,75.96,75.84,75.86,8710285.12,255.0
CCMFUT,01/14/2026 09:29:00,75.86,75.88,75.86,75.86,682837.94,20.0
CCMFUT,01/14/2026 09:28:00,75.84,75.88,75.84,75.86,1331325.3,39.0
CCMFUT,01/14/2026 09:27:00,75.82,75.83,75.82,75.83,375326.61,11.0
CCMFUT,01/14/2026 09:26:00,75.82,75.85,75.82,75.85,682482.64,20.0
CCMFUT,01/14/2026 09:25:00,75.82,75.82,75.81,75.82,750596.36,22.0
CCMFUT,01/14/2026 09:24:00,75.82,75.83,75.82,75.83,682416.32,20.0
CCMFUT,01/14/2026 09:23:00,75.84,75.84,75.81,75.83,1398851.6,41.0
CCMFUT,01/14/2026 09:22:00,75.85,75.86,75.85,75.86,102407.45,3.0
CCMFUT,01/14/2026 09:21:00,75.82,75.83,75.82,75.83,307084.97,9.0
CCMFUT,01/14/2026 09:20:00,75.83,75.83,75.83,75.83,68246.37,2.0
CCMFUT,01/14/2026 09:19:00,75.84,75.84,75.8,75.83,443572.97,13.0
CCMFUT,01/14/2026 09:18:00,75.84,75.87,75.83,75.83,546089.39,16.0
CCMFUT,01/14/2026 09:17:00,75.84,75.84,75.84,75.84,102383.77,3.0
CCMFUT,01/14/2026 09:15:00,75.82,75.83,75.82,75.83,136478.53,4.0
CCMFUT,01/14/2026 09:14:00,75.81,75.82,75.81,75.82,682307.36,20.0
CCMFUT,01/14/2026 09:13:00,75.81,75.81,75.81,75.81,68227.42,2.0
CCMFUT,01/14/2026 09:12:00,75.82,75.82,75.82,75.82,68236.89,2.0
CCMFUT,01/14/2026 09:11:00,75.83,75.83,75.81,75.82,614132.05,18.0
CCMFUT,01/14/2026 09:10:00,75.81,75.82,75.8,75.82,409359.78,12.0
CCMFUT,01/14/2026 09:09:00,75.75,75.81,75.75,75.81,2455590.2,72.0
CCMFUT,01/14/2026 09:08:00,75.76,75.76,75.76,75.76,68180.05,2.0
CCMFUT,01/14/2026 09:07:00,75.76,75.79,75.75,75.79,749994.72,22.0
CCMFUT,01/14/2026 09:06:00,75.75,75.75,75.75,75.75,204511.71,6.0
CCMFUT,01/14/2026 09:05:00,75.76,75.76,75.75,75.75,204530.66,6.0
CCMFUT,01/14/2026 09:04:00,75.78,75.78,75.75,75.75,272772.29,8.0
CCMFUT,01/14/2026 09:03:00,75.76,75.8,75.76,75.76,682013.64,20.0
CCMFUT,01/14/2026 09:02:00,75.75,75.75,75.75,75.75,374938.14,11.0
CCMFUT,01/14/2026 09:01:00,75.79,75.84,75.77,75.8,1193894.57,35.0
CCMFUT,01/14/2026 09:00:00,75.79,75.79,75.79,75.79,341042.35,10.0
CCMFUT,01/12/2026 17:05:00,76.13,76.13,75.98,76.01,2086668.5,61.0
CCMFUT,01/12/2026 16:19:00,75.97,76.01,75.96,76.01,1709750.14,50.0
CCMFUT,01/12/2026 16:18:00,75.97,75.97,75.95,75.97,1093742.1,32.0
CCMFUT,01/12/2026 16:17:00,75.96,76.0,75.96,75.96,3930879.05,115.0
CCMFUT,01/12/2026 16:14:00,75.96,75.98,75.96,75.96,1333030.75,39.0
CCMFUT,01/12/2026 16:13:00,75.96,75.99,75.93,75.96,1435589.8,42.0
CCMFUT,01/12/2026 16:12:00,75.96,75.99,75.96,75.99,4204158.24,123.0
CCMFUT,01/12/2026 16:11:00,76.0,76.0,75.92,75.97,2495218.19,73.0
CCMFUT,01/12/2026 16:10:00,76.07,76.07,75.98,75.98,5473078.34,160.0
CCMFUT,01/12/2026 16:08:00,76.11,76.11,76.09,76.11,239748.18,7.0
CCMFUT,01/12/2026 16:06:00,76.06,76.17,76.06,76.17,1267266.76,37.0
CCMFUT,01/12/2026 16:05:00,76.17,76.17,76.03,76.03,4210899.5,123.0
CCMFUT,01/12/2026 16:04:00,76.17,76.19,76.17,76.17,479903.77,14.0
CCMFUT,01/12/2026 16:03:00,76.11,76.17,76.11,76.17,1027921.26,30.0
CCMFUT,01/12/2026 16:01:00,76.12,76.13,76.1,76.1,171283.89,5.0
CCMFUT,01/12/2026 16:00:00,76.11,76.17,76.06,76.17,2054909.26,60.0
CCMFUT,01/12/2026 15:59:00,76.16,76.16,76.11,76.11,342539.36,10.0
CCMFUT,01/12/2026 15:58:00,76.13,76.13,76.11,76.11,411051.02,12.0
CCMFUT,01/12/2026 15:55:00,76.12,76.12,76.11,76.11,102762.75,3.0
CCMFUT,01/12/2026 15:54:00,76.16,76.16,76.12,76.12,342624.63,10.0
CCMFUT,01/12/2026 15:52:00,76.16,76.18,76.16,76.18,205662.89,6.0
CCMFUT,01/12/2026 15:50:00,76.21,76.21,76.1,76.17,2192538.96,64.0
CCMFUT,01/12/2026 15:49:00,76.22,76.22,76.22,76.22,171492.33,5.0
CCMFUT,01/12/2026 15:48:00,76.18,76.24,76.16,76.24,1028835.57,30.0
CCMFUT,01/12/2026 15:47:00,76.18,76.18,76.18,76.18,34279.52,1.0
CCMFUT,01/12/2026 15:45:00,76.16,76.16,76.15,76.15,205606.04,6.0
CCMFUT,01/12/2026 15:42:00,76.15,76.15,76.11,76.15,890732.13,26.0
CCMFUT,01/12/2026 15:41:00,76.16,76.16,76.16,76.16,137080.17,4.0
CCMFUT,01/12/2026 15:40:00,76.13,76.13,76.11,76.12,890542.63,26.0
CCMFUT,01/12/2026 15:39:00,76.13,76.16,76.12,76.16,342667.26,10.0
CCMFUT,01/12/2026 15:38:00,76.15,76.18,76.12,76.17,890831.61,26.0
CCMFUT,01/12/2026 15:37:00,76.16,76.18,76.15,76.15,308425.65,9.0
CCMFUT,01/12/2026 15:36:00,76.33,76.33,76.03,76.13,20124402.69,587.0
CCMFUT,01/12/2026 15:35:00,76.32,76.33,76.32,76.33,549542.92,16.0
CCMFUT,01/12/2026 15:34:00,76.33,76.33,76.32,76.32,1030394.16,30.0
CCMFUT,01/12/2026 15:33:00,76.33,76.35,76.33,76.35,274828.31,8.0
CCMFUT,01/12/2026 15:32:00,76.36,76.36,76.36,76.36,68720.1,2.0
CCMFUT,01/12/2026 15:31:00,76.36,76.36,76.35,76.35,103070.68,3.0
CCMFUT,01/12/2026 15:30:00,76.39,76.39,76.35,76.35,446709.1,13.0
CCMFUT,01/12/2026 15:29:00,76.4,76.42,76.4,76.41,378202.18,11.0
CCMFUT,01/12/2026 15:28:00,76.4,76.41,76.4,76.41,103146.48,3.0
CCMFUT,01/12/2026 15:27:00,76.42,76.42,76.32,76.4,3745032.53,109.0
CCMFUT,01/12/2026 15:26:00,76.42,76.43,76.42,76.43,103174.9,3.0
CCMFUT,01/12/2026 15:25:00,76.44,76.44,76.41,76.41,343927.4,10.0
CCMFUT,01/12/2026 15:24:00,76.45,76.45,76.44,76.44,68800.64,2.0
CCMFUT,01/12/2026 15:18:00,76.51,76.53,76.51,76.53,1033137.09,30.0
CCMFUT,01/12/2026 15:17:00,76.49,76.49,76.48,76.48,103260.18,3.0
CCMFUT,01/12/2026 15:16:00,76.46,76.46,76.46,76.46,34407.43,1.0
CCMFUT,01/12/2026 15:15:00,76.52,76.52,76.47,76.47,309832.64,9.0
CCMFUT,01/12/2026 15:14:00,76.49,76.52,76.49,76.52,103279.13,3.0
CCMFUT,01/12/2026 15:13:00,76.53,76.53,76.53,76.53,413287.05,12.0
CCMFUT,01/12/2026 15:12:00,76.51,76.53,76.48,76.53,757503.43,22.0
CCMFUT,01/12/2026 15:11:00,76.48,76.5,76.48,76.48,309775.79,9.0
CCMFUT,01/12/2026 15:10:00,76.46,76.48,76.45,76.48,172051.34,5.0
CCMFUT,01/12/2026 15:09:00,76.47,76.49,76.47,76.49,344187.96,10.0
CCMFUT,01/12/2026 15:08:00,76.49,76.5,76.47,76.47,240946.73,7.0
CCMFUT,01/12/2026 15:07:00,76.49,76.5,76.48,76.49,275368.37,8.0
CCMFUT,01/12/2026 15:06:00,76.49,76.51,76.49,76.49,275392.05,8.0
CCMFUT,01/12/2026 15:05:00,76.45,76.49,76.43,76.49,1066682.31,31.0
CCMFUT,01/12/2026 15:04:00,76.46,76.48,76.44,76.47,653750.57,19.0
CCMFUT,01/12/2026 15:03:00,76.46,76.46,76.46,76.46,172037.13,5.0
CCMFUT,01/12/2026 15:02:00,76.46,76.46,76.46,76.46,344074.26,10.0
CCMFUT,01/12/2026 15:01:00,76.42,76.45,76.41,76.45,515921.89,15.0
CCMFUT,01/12/2026 15:00:00,76.44,76.44,76.39,76.44,1891565.18,55.0
CCMFUT,01/12/2026 14:59:00,76.43,76.43,76.43,76.43,34393.21,1.0
CCMFUT,01/12/2026 14:58:00,76.44,76.44,76.43,76.43,687883.23,20.0
CCMFUT,01/12/2026 14:57:00,76.46,76.46,76.44,76.44,894583.6,26.0
CCMFUT,01/12/2026 14:56:00,76.44,76.45,76.44,76.45,412813.31,12.0
CCMFUT,01/12/2026 14:55:00,76.44,76.44,76.44,76.44,240785.66,7.0
CCMFUT,01/12/2026 14:54:00,76.44,76.45,76.41,76.44,515907.68,15.0
CCMFUT,01/12/2026 14:53:00,76.43,76.46,76.42,76.42,584803.07,17.0
CCMFUT,01/12/2026 14:52:00,76.46,76.46,76.46,76.46,137629.7,4.0
CCMFUT,01/12/2026 14:51:00,76.43,76.46,76.43,76.46,447211.26,13.0
CCMFUT,01/12/2026 14:50:00,76.43,76.43,76.43,76.43,137572.86,4.0
CCMFUT,01/12/2026 14:49:00,76.45,76.45,76.4,76.43,791010.76,23.0
CCMFUT,01/12/2026 14:47:00,76.44,76.46,76.44,76.45,378439.05,11.0
CCMFUT,01/12/2026 14:46:00,76.43,76.44,76.38,76.43,3232592.59,94.0
CCMFUT,01/12/2026 14:45:00,76.43,76.43,76.43,76.43,137572.86,4.0
CCMFUT,01/12/2026 14:44:00,76.43,76.43,76.43,76.43,275145.71,8.0
CCMFUT,01/12/2026 14:43:00,76.43,76.43,76.38,76.42,894043.54,26.0
CCMFUT,01/12/2026 14:41:00,76.44,76.44,76.37,76.43,2440819.12,71.0
CCMFUT,01/12/2026 14:40:00,76.44,76.44,76.43,76.44,481566.58,14.0
CCMFUT,01/12/2026 14:39:00,76.44,76.44,76.44,76.44,343979.51,10.0
CCMFUT,01/12/2026 14:37:00,76.43,76.46,76.43,76.46,344050.57,10.0
CCMFUT,01/12/2026 14:36:00,76.43,76.46,76.38,76.41,1822740.85,53.0
CCMFUT,01/12/2026 14:35:00,76.44,76.46,76.43,76.46,1410244.94,41.0
CCMFUT,01/12/2026 14:34:00,76.43,76.44,76.43,76.44,275155.19,8.0
CCMFUT,01/12/2026 14:33:00,76.38,76.43,76.38,76.43,928432.02,27.0
CCMFUT,01/12/2026 14:32:00,76.38,76.4,76.33,76.39,996536.27,29.0
CCMFUT,01/12/2026 14:31:00,76.42,76.42,76.37,76.37,412538.55,12.0
CCMFUT,01/12/2026 14:30:00,76.4,76.4,76.35,76.4,378050.59,11.0
CCMFUT,01/12/2026 14:29:00,76.42,76.42,76.38,76.4,550097.19,16.0
CCMFUT,01/12/2026 14:28:00,76.42,76.43,76.41,76.41,722105.9,21.0
CCMFUT,01/12/2026 14:27:00,76.4,76.44,76.39,76.44,653400.0,19.0
CCMFUT,01/12/2026 14:26:00,76.33,76.4,76.33,76.4,549855.58,16.0
CCMFUT,01/12/2026 14:25:00,76.38,76.4,76.33,76.33,1134014.37,33.0
CCMFUT,01/12/2026 14:24:00,76.48,76.48,76.39,76.39,1066033.3,31.0
CCMFUT,01/12/2026 14:23:00,76.47,76.48,76.43,76.48,1169700.89,34.0
CCMFUT,01/12/2026 14:22:00,76.47,76.48,76.47,76.47,481789.24,14.0
CCMFUT,01/12/2026 14:21:00,76.43,76.46,76.43,76.46,722366.45,21.0
CCMFUT,01/12/2026 14:20:00,76.44,76.45,76.43,76.43,550315.11,16.0
CCMFUT,01/12/2026 14:19:00,76.45,76.45,76.43,76.44,584722.53,17.0
CCMFUT,01/12/2026 14:18:00,76.4,76.43,76.4,76.43,240724.07,7.0
CCMFUT,01/12/2026 14:17:00,76.43,76.43,76.43,76.43,103179.64,3.0
CCMFUT,01/12/2026 14:16:00,76.4,76.41,76.39,76.41,240653.01,7.0
CCMFUT,01/12/2026 14:15:00,76.4,76.4,76.38,76.39,1443738.06,42.0
CCMFUT,01/12/2026 14:14:00,76.43,76.44,76.41,76.42,653442.64,19.0
CCMFUT,01/12/2026 14:13:00,76.52,76.53,76.44,76.45,929483.71,27.0
CCMFUT,01/12/2026 14:12:00,76.39,76.53,76.39,76.53,2133587.29,62.0
CCMFUT,01/12/2026 14:11:00,76.52,76.53,76.38,76.38,4782248.48,139.0
CCMFUT,01/12/2026 14:10:00,76.53,76.53,76.51,76.52,929862.7,27.0
CCMFUT,01/12/2026 14:09:00,76.53,76.57,76.53,76.57,378922.26,11.0
CCMFUT,01/12/2026 14:08:00,76.6,76.6,76.45,76.53,6714886.54,195.0
CCMFUT,01/12/2026 14:07:00,76.61,76.61,76.59,76.6,930658.58,27.0
CCMFUT,01/12/2026 14:06:00,76.59,76.64,76.59,76.63,2172656.27,63.0
CCMFUT,01/12/2026 14:05:00,76.6,76.62,76.59,76.62,551475.76,16.0
CCMFUT,01/12/2026 14:04:00,76.61,76.61,76.56,76.59,1861018.7,54.0
CCMFUT,01/12/2026 14:03:00,76.6,76.6,76.6,76.6,172345.06,5.0
CCMFUT,01/12/2026 14:02:00,76.57,76.64,76.57,76.63,1688844.18,49.0
CCMFUT,01/12/2026 14:01:00,76.6,76.64,76.55,76.56,5342872.08,155.0
CCMFUT,01/12/2026 14:00:00,76.96,76.98,76.59,76.64,13158777.3,381.0
CCMFUT,01/12/2026 13:59:00,76.95,76.97,76.95,76.97,69260.16,2.0
CCMFUT,01/12/2026 13:58:00,76.93,76.93,76.93,76.93,138482.43,4.0
CCMFUT,01/12/2026 13:57:00,76.95,76.95,76.95,76.95,69250.69,2.0
CCMFUT,01/12/2026 13:56:00,77.0,77.02,76.97,76.97,415807.32,12.0
CCMFUT,01/12/2026 13:55:00,77.01,77.01,77.0,77.0,207913.14,6.0
CCMFUT,01/12/2026 13:53:00,77.01,77.01,77.01,77.01,346537.69,10.0
CCMFUT,01/12/2026 13:52:00,77.01,77.01,77.01,77.01,311883.92,9.0
CCMFUT,01/12/2026 13:51:00,77.03,77.03,77.03,77.03,69326.49,2.0
CCMFUT,01/12/2026 13:50:00,77.04,77.04,77.03,77.03,69331.22,2.0
CCMFUT,01/12/2026 13:49:00,77.04,77.06,77.04,77.06,1491031.09,43.0
CCMFUT,01/12/2026 13:48:00,77.03,77.04,77.03,77.04,693345.4,20.0
CCMFUT,01/12/2026 13:47:00,77.03,77.03,77.03,77.03,485285.41,14.0
CCMFUT,01/12/2026 13:46:00,77.01,77.01,77.01,77.01,554460.3,16.0
CCMFUT,01/12/2026 13:45:00,77.0,77.03,77.0,77.0,346514.0,10.0
CCMFUT,01/12/2026 13:42:00,77.0,77.0,77.0,77.0,103947.09,3.0
CCMFUT,01/12/2026 13:41:00,76.99,76.99,76.99,76.99,69288.59,2.0
CCMFUT,01/12/2026 13:40:00,76.95,77.04,76.95,77.03,1178109.7,34.0
CCMFUT,01/12/2026 13:38:00,76.96,76.97,76.96,76.97,1212071.81,35.0
CCMFUT,01/12/2026 13:36:00,76.91,76.93,76.91,76.93,623104.6,18.0
CCMFUT,01/12/2026 13:35:00,76.9,76.9,76.9,76.9,34606.39,1.0
CCMFUT,01/12/2026 13:34:00,76.91,76.91,76.91,76.91,138444.53,4.0
CCMFUT,01/12/2026 13:33:00,76.91,76.91,76.91,76.91,276889.06,8.0
CCMFUT,01/12/2026 13:30:00,76.92,76.92,76.92,76.92,34615.87,1.0
CCMFUT,01/12/2026 13:29:00,76.92,76.92,76.92,76.92,69231.74,2.0
CCMFUT,01/12/2026 13:27:00,76.92,76.92,76.92,76.92,69231.74,2.0
CCMFUT,01/12/2026 13:26:00,76.92,76.92,76.92,76.92,207695.22,6.0
CCMFUT,01/12/2026 13:23:00,76.93,76.93,76.93,76.93,173103.04,5.0
CCMFUT,01/12/2026 13:22:00,76.91,76.91,76.91,76.91,34611.13,1.0
CCMFUT,01/12/2026 13:15:00,76.9,76.93,76.9,76.93,276950.64,8.0
CCMFUT,01/12/2026 13:08:00,76.91,76.96,76.91,76.91,1211863.37,35.0
CCMFUT,01/12/2026 13:07:00,76.91,76.96,76.91,76.92,796264.49,23.0
CCMFUT,01/12/2026 13:06:00,76.88,76.91,76.88,76.91,311400.71,9.0
CCMFUT,01/12/2026 13:05:00,76.9,76.9,76.89,76.89,346035.53,10.0
CCMFUT,01/12/2026 13:04:00,76.89,76.9,76.89,76.9,276827.47,8.0
CCMFUT,01/12/2026 12:59:00,76.86,76.89,76.86,76.89,449693.64,13.0
CCMFUT,01/12/2026 12:57:00,76.85,76.85,76.85,76.85,34582.71,1.0
CCMFUT,01/12/2026 12:53:00,76.85,76.86,76.85,76.86,69170.15,2.0
CCMFUT,01/12/2026 12:51:00,76.87,76.87,76.85,76.85,345874.46,10.0
CCMFUT,01/12/2026 12:50:00,76.84,76.84,76.84,76.84,34577.97,1.0
CCMFUT,01/12/2026 12:46:00,76.87,76.87,76.87,76.87,172960.91,5.0
CCMFUT,01/12/2026 12:45:00,76.87,76.88,76.87,76.88,380547.17,11.0
CCMFUT,01/12/2026 12:44:00,76.86,76.87,76.86,76.87,415082.51,12.0
CCMFUT,01/12/2026 12:43:00,76.87,76.87,76.87,76.87,449698.38,13.0
CCMFUT,01/12/2026 12:41:00,76.88,76.88,76.87,76.87,311367.54,9.0
CCMFUT,01/12/2026 12:38:00,76.86,76.87,76.86,76.87,587996.05,17.0
CCMFUT,01/12/2026 12:32:00,76.87,76.87,76.87,76.87,138368.73,4.0
CCMFUT,01/12/2026 12:31:00,76.85,76.88,76.85,76.88,1279872.87,37.0
CCMFUT,01/12/2026 12:30:00,76.81,76.81,76.81,76.81,34563.76,1.0
CCMFUT,01/12/2026 12:26:00,76.86,76.87,76.86,76.87,242126.33,7.0
CCMFUT,01/12/2026 12:23:00,76.84,76.84,76.84,76.84,34577.97,1.0
CCMFUT,01/12/2026 12:17:00,76.86,76.86,76.86,76.86,172937.23,5.0
CCMFUT,01/12/2026 12:05:00,76.83,76.83,76.83,76.83,34573.23,1.0
CCMFUT,01/12/2026 12:01:00,76.88,76.89,76.87,76.87,484408.99,14.0
CCMFUT,01/12/2026 12:00:00,76.88,76.88,76.88,76.88,69193.84,2.0
CCMFUT,01/12/2026 11:59:00,76.89,76.9,76.89,76.89,242216.34,7.0
CCMFUT,01/12/2026 11:58:00,76.89,76.9,76.89,76.89,276818.0,8.0
CCMFUT,01/12/2026 11:57:00,76.87,76.88,76.87,76.88,172979.86,5.0
CCMFUT,01/12/2026 11:56:00,76.87,76.87,76.87,76.87,172960.91,5.0
CCMFUT,01/12/2026 11:55:00,76.87,76.89,76.87,76.89,380570.86,11.0
CCMFUT,01/12/2026 11:54:00,76.85,76.87,76.85,76.85,5222088.42,151.0
CCMFUT,01/12/2026 11:53:00,76.85,76.85,76.85,76.85,968315.83,28.0
CCMFUT,01/12/2026 11:52:00,76.83,76.86,76.83,76.85,1556079.75,45.0
CCMFUT,01/12/2026 11:49:00,76.8,76.83,76.8,76.83,898643.51,26.0
CCMFUT,01/12/2026 11:45:00,76.77,76.77,76.77,76.77,69089.62,2.0
CCMFUT,01/12/2026 11:38:00,76.77,76.77,76.77,76.77,34544.81,1.0
CCMFUT,01/12/2026 11:35:00,76.8,76.8,76.8,76.8,34559.02,1.0
CCMFUT,01/12/2026 11:26:00,76.8,76.8,76.8,76.8,69118.04,2.0
CCMFUT,01/12/2026 11:23:00,76.77,76.77,76.77,76.77,103634.43,3.0
CCMFUT,01/12/2026 11:20:00,76.79,76.81,76.79,76.81,311021.72,9.0
CCMFUT,01/12/2026 11:19:00,76.8,76.8,76.8,76.8,138236.09,4.0
CCMFUT,01/12/2026 11:17:00,76.8,76.8,76.8,76.8,34559.02,1.0
CCMFUT,01/12/2026 11:07:00,76.81,76.81,76.81,76.81,69127.52,2.0
CCMFUT,01/12/2026 11:06:00,76.81,76.81,76.81,76.81,69127.52,2.0
CCMFUT,01/12/2026 11:00:00,76.79,76.79,76.79,76.79,34554.28,1.0
CCMFUT,01/12/2026 10:58:00,76.8,76.8,76.8,76.8,34559.02,1.0
CCMFUT,01/12/2026 10:55:00,76.78,76.78,76.77,76.77,276377.42,8.0
CCMFUT,01/12/2026 10:54:00,76.8,76.8,76.8,76.8,103677.06,3.0
CCMFUT,01/12/2026 10:50:00,76.78,76.8,76.78,76.8,345552.31,10.0
CCMFUT,01/12/2026 10:48:00,76.78,76.78,76.78,76.78,34549.55,1.0
CCMFUT,01/12/2026 10:47:00,76.77,76.78,76.77,76.78,207287.81,6.0
CCMFUT,01/12/2026 10:46:00,76.75,76.75,76.75,76.75,34535.33,1.0
CCMFUT,01/12/2026 10:45:00,76.76,76.76,76.75,76.75,172681.41,5.0
CCMFUT,01/12/2026 10:43:00,76.77,76.77,76.76,76.77,276344.26,8.0
CCMFUT,01/12/2026 10:40:00,76.8,76.8,76.77,76.77,449177.27,13.0
CCMFUT,01/12/2026 10:35:00,76.8,76.8,76.8,76.8,34559.02,1.0
CCMFUT,01/12/2026 10:31:00,76.85,76.85,76.85,76.85,69165.42,2.0
CCMFUT,01/12/2026 10:29:00,76.86,76.86,76.85,76.85,242097.91,7.0
CCMFUT,01/12/2026 10:25:00,76.86,76.86,76.86,76.86,34587.45,1.0
CCMFUT,01/12/2026 10:24:00,76.85,76.85,76.85,76.85,34582.71,1.0
CCMFUT,01/12/2026 10:23:00,76.86,76.86,76.85,76.85,172923.02,5.0
CCMFUT,01/12/2026 10:22:00,76.86,76.87,76.86,76.87,242121.59,7.0
CCMFUT,01/12/2026 10:21:00,76.85,76.85,76.85,76.85,69165.42,2.0
CCMFUT,01/12/2026 10:15:00,76.85,76.85,76.83,76.83,138311.88,4.0
CCMFUT,01/12/2026 10:13:00,76.87,76.87,76.87,76.87,172960.91,5.0
CCMFUT,01/12/2026 10:12:00,76.85,76.85,76.85,76.85,103748.12,3.0
CCMFUT,01/12/2026 10:11:00,76.85,76.85,76.85,76.85,34582.71,1.0
CCMFUT,01/12/2026 10:10:00,76.85,76.85,76.85,76.85,172913.54,5.0
CCMFUT,01/12/2026 10:09:00,76.85,76.85,76.85,76.85,311244.37,9.0
CCMFUT,01/12/2026 10:07:00,76.81,76.85,76.81,76.84,276571.66,8.0
CCMFUT,01/12/2026 10:06:00,76.76,76.8,76.76,76.8,829340.72,24.0
CCMFUT,01/12/2026 10:04:00,76.77,76.78,76.76,76.76,449063.57,13.0
CCMFUT,01/12/2026 10:03:00,76.8,76.8,76.79,76.79,69113.31,2.0
CCMFUT,01/12/2026 10:02:00,76.82,76.82,76.8,76.8,483868.94,14.0
CCMFUT,01/12/2026 10:01:00,76.86,76.86,76.82,76.82,933534.15,27.0
CCMFUT,01/12/2026 10:00:00,76.88,76.88,76.85,76.85,242107.38,7.0
CCMFUT,01/12/2026 09:59:00,76.89,76.92,76.89,76.92,69217.53,2.0
CCMFUT,01/12/2026 09:58:00,76.91,76.96,76.91,76.96,1142631.63,33.0
CCMFUT,01/12/2026 09:57:00,76.87,76.9,76.87,76.9,692033.15,20.0
CCMFUT,01/12/2026 09:56:00,76.86,76.86,76.86,76.86,172937.23,5.0
CCMFUT,01/12/2026 09:55:00,76.82,76.86,76.82,76.86,345831.82,10.0
CCMFUT,01/12/2026 09:54:00,76.84,76.84,76.84,76.84,138311.88,4.0
CCMFUT,01/12/2026 09:53:00,76.81,76.81,76.8,76.8,69122.78,2.0
CCMFUT,01/12/2026 09:50:00,76.78,76.82,76.78,76.82,172809.32,5.0
CCMFUT,01/12/2026 09:49:00,76.8,76.8,76.8,76.8,34559.02,1.0
CCMFUT,01/12/2026 09:48:00,76.83,76.83,76.82,76.82,242003.16,7.0
CCMFUT,01/12/2026 09:47:00,76.85,76.86,76.85,76.86,242083.69,7.0
CCMFUT,01/12/2026 09:42:00,76.83,76.83,76.83,76.83,34573.23,1.0
CCMFUT,01/12/2026 09:40:00,76.85,76.85,76.83,76.83,933723.65,27.0
CCMFUT,01/12/2026 09:38:00,76.85,76.87,76.85,76.87,415068.3,12.0
CCMFUT,01/12/2026 09:37:00,76.87,76.88,76.77,76.86,1210266.88,35.0
CCMFUT,01/12/2026 09:36:00,76.88,76.96,76.85,76.9,1349545.18,39.0
CCMFUT,01/12/2026 09:35:00,76.86,76.86,76.85,76.85,449608.37,13.0
CCMFUT,01/12/2026 09:34:00,76.85,76.85,76.85,76.85,172913.54,5.0
CCMFUT,01/12/2026 09:33:00,76.85,76.85,76.82,76.85,484124.75,14.0
CCMFUT,01/12/2026 09:30:00,76.82,76.87,76.82,76.87,380476.11,11.0
CCMFUT,01/12/2026 09:29:00,76.81,76.82,76.81,76.82,69132.25,2.0
CCMFUT,01/12/2026 09:28:00,76.8,76.8,76.8,76.8,345590.21,10.0
CCMFUT,01/12/2026 09:27:00,76.8,76.8,76.78,76.78,172776.16,5.0
CCMFUT,01/12/2026 09:25:00,76.84,76.84,76.84,76.84,34577.97,1.0
CCMFUT,01/12/2026 09:23:00,76.83,76.84,76.83,76.84,103724.44,3.0
CCMFUT,01/12/2026 09:22:00,76.83,76.86,76.83,76.86,103748.12,3.0
CCMFUT,01/12/2026 09:21:00,76.87,76.88,76.87,76.88,103781.29,3.0
CCMFUT,01/12/2026 09:20:00,76.82,76.86,76.77,76.86,1693406.26,49.0
CCMFUT,01/12/2026 09:19:00,76.93,76.93,76.82,76.84,553512.82,16.0
CCMFUT,01/12/2026 09:18:00,76.93,76.93,76.92,76.92,103852.35,3.0
CCMFUT,01/12/2026 09:17:00,76.96,76.96,76.96,76.96,138520.33,4.0
CCMFUT,01/12/2026 09:15:00,76.97,76.99,76.97,76.98,277140.14,8.0
CCMFUT,01/12/2026 09:14:00,76.89,76.96,76.89,76.96,2250666.33,65.0
CCMFUT,01/12/2026 09:13:00,76.82,76.9,76.82,76.9,1417914.72,41.0
CCMFUT,01/12/2026 09:12:00,76.77,76.79,76.76,76.79,276367.95,8.0
CCMFUT,01/12/2026 09:11:00,76.77,76.79,76.76,76.77,345462.31,10.0
CCMFUT,01/12/2026 09:10:00,76.81,76.85,76.76,76.76,2143739.44,62.0
CCMFUT,01/12/2026 09:09:00,76.8,76.8,76.8,76.8,69118.04,2.0
CCMFUT,01/12/2026 09:07:00,76.77,76.77,76.77,76.77,34544.81,1.0
CCMFUT,01/12/2026 09:06:00,76.77,76.78,76.75,76.75,172719.31,5.0
CCMFUT,01/12/2026 09:05:00,76.77,76.77,76.76,76.76,138174.5,4.0
CCMFUT,01/12/2026 09:04:00,76.78,76.78,76.78,76.78,103648.64,3.0
CCMFUT,01/12/2026 09:03:00,76.8,76.8,76.8,76.8,34559.02,1.0
CCMFUT,01/12/2026 09:02:00,76.81,76.89,76.81,76.86,172946.7,5.0
CCMFUT,01/12/2026 09:00:00,76.7,76.7,76.7,76.7,103549.16,3.0
CCMFUT,01/06/2026 17:05:00,77.82,77.9,77.82,77.89,1261687.18,36.0
CCMFUT,01/06/2026 16:19:00,77.73,77.8,77.72,77.8,174919.37,5.0
CCMFUT,01/06/2026 16:17:00,77.73,77.73,77.73,77.73,174894.17,5.0
CCMFUT,01/06/2026 16:16:00,77.75,77.78,77.75,77.76,454946.57,13.0
CCMFUT,01/06/2026 16:15:00,77.72,77.73,77.72,77.72,594564.58,17.0
CCMFUT,01/06/2026 16:14:00,77.72,77.75,77.72,77.75,244841.76,7.0
CCMFUT,01/06/2026 16:12:00,77.72,77.74,77.72,77.72,594584.74,17.0
CCMFUT,01/06/2026 16:11:00,77.72,77.72,77.72,77.72,69947.59,2.0
CCMFUT,01/06/2026 16:09:00,77.75,77.76,77.7,77.75,2693183.73,77.0
CCMFUT,01/06/2026 16:08:00,77.78,77.83,77.78,77.81,140041.32,4.0
CCMFUT,01/06/2026 16:07:00,77.84,77.85,77.75,77.78,910155.2,26.0
CCMFUT,01/06/2026 16:05:00,77.81,77.87,77.81,77.83,665545.26,19.0
CCMFUT,01/06/2026 16:03:00,77.83,77.83,77.78,77.78,1050020.14,30.0
CCMFUT,01/06/2026 16:02:00,77.84,77.84,77.84,77.84,175146.14,5.0
CCMFUT,01/06/2026 16:01:00,77.88,77.89,77.84,77.84,140167.31,4.0
CCMFUT,01/06/2026 16:00:00,77.82,77.85,77.8,77.85,1190797.22,34.0
CCMFUT,01/06/2026 15:59:00,77.79,77.82,77.79,77.82,420159.24,12.0
CCMFUT,01/06/2026 15:58:00,77.75,77.75,77.75,77.75,454855.86,13.0
CCMFUT,01/06/2026 15:56:00,77.73,77.74,77.73,77.74,244861.91,7.0
CCMFUT,01/06/2026 15:55:00,77.73,77.73,77.73,77.73,34978.83,1.0
CCMFUT,01/06/2026 15:52:00,77.74,77.75,77.74,77.74,839708.7,24.0
CCMFUT,01/06/2026 15:50:00,77.73,77.75,77.73,77.73,384797.41,11.0
CCMFUT,01/06/2026 15:49:00,77.74,77.74,77.72,77.73,839537.36,24.0
CCMFUT,01/06/2026 15:44:00,77.75,77.75,77.75,77.75,349889.13,10.0
CCMFUT,01/06/2026 15:40:00,77.75,77.75,77.75,77.75,34988.91,1.0
CCMFUT,01/06/2026 15:30:00,77.75,77.75,77.75,77.75,34988.91,1.0
CCMFUT,01/06/2026 15:29:00,77.78,77.78,77.78,77.78,34998.99,1.0
CCMFUT,01/06/2026 15:26:00,77.79,77.79,77.79,77.79,35004.03,1.0
CCMFUT,01/06/2026 15:20:00,77.78,77.78,77.78,77.78,139995.97,4.0
CCMFUT,01/06/2026 15:19:00,77.79,77.79,77.79,77.79,140016.12,4.0
CCMFUT,01/06/2026 15:18:00,77.76,77.78,77.76,77.76,384958.67,11.0
CCMFUT,01/06/2026 15:16:00,77.75,77.75,77.75,77.75,34988.91,1.0
CCMFUT,01/06/2026 15:15:00,77.75,77.76,77.75,77.76,69982.86,2.0
CCMFUT,01/06/2026 15:14:00,77.76,77.76,77.76,77.76,34993.95,1.0
CCMFUT,01/06/2026 15:13:00,77.76,77.76,77.76,77.76,69987.9,2.0
CCMFUT,01/06/2026 15:10:00,77.78,77.78,77.76,77.76,104986.9,3.0
CCMFUT,01/06/2026 15:09:00,77.76,77.76,77.75,77.75,349904.24,10.0
CCMFUT,01/06/2026 15:08:00,77.76,77.78,77.76,77.78,209973.79,6.0
CCMFUT,01/06/2026 15:06:00,77.8,77.8,77.8,77.8,105027.21,3.0
CCMFUT,01/06/2026 15:05:00,77.76,77.76,77.76,77.76,34993.95,1.0
CCMFUT,01/06/2026 15:01:00,77.8,77.8,77.78,77.78,315041.32,9.0
CCMFUT,01/06/2026 14:58:00,77.75,77.76,77.75,77.76,69982.86,2.0
CCMFUT,01/06/2026 14:57:00,77.75,77.8,77.75,77.79,2135190.45,61.0
CCMFUT,01/06/2026 14:56:00,77.74,77.74,77.74,77.74,34983.87,1.0
CCMFUT,01/06/2026 14:54:00,77.72,77.72,77.72,77.72,104921.38,3.0
CCMFUT,01/06/2026 14:52:00,77.74,77.75,77.72,77.75,1853711.88,53.0
CCMFUT,01/06/2026 14:51:00,77.74,77.76,77.74,77.76,209933.48,6.0
CCMFUT,01/06/2026 14:50:00,77.73,77.73,77.72,77.72,314774.23,9.0
CCMFUT,01/06/2026 14:45:00,77.72,77.73,77.72,77.73,559585.75,16.0
CCMFUT,01/06/2026 14:44:00,77.78,77.78,77.72,77.72,454734.92,13.0
CCMFUT,01/06/2026 14:41:00,77.79,77.79,77.79,77.79,70008.06,2.0
CCMFUT,01/06/2026 14:40:00,77.74,77.76,77.74,77.76,139965.73,4.0
CCMFUT,01/06/2026 14:34:00,77.74,77.74,77.74,77.74,34983.87,1.0
CCMFUT,01/06/2026 14:33:00,77.79,77.79,77.75,77.75,209973.79,6.0
CCMFUT,01/06/2026 14:32:00,77.78,77.78,77.78,77.78,69997.98,2.0
CCMFUT,01/06/2026 14:31:00,77.78,77.78,77.78,77.78,69997.98,2.0
CCMFUT,01/06/2026 14:29:00,77.78,77.78,77.78,77.78,69997.98,2.0
CCMFUT,01/06/2026 14:28:00,77.78,77.78,77.78,77.78,104996.97,3.0
CCMFUT,01/06/2026 14:27:00,77.78,77.78,77.78,77.78,69997.98,2.0
CCMFUT,01/06/2026 14:25:00,77.79,77.8,77.74,77.74,979986.88,28.0
CCMFUT,01/06/2026 14:24:00,77.83,77.83,77.79,77.82,630183.42,18.0
CCMFUT,01/06/2026 14:23:00,77.83,77.83,77.83,77.83,2731886.72,78.0
CCMFUT,01/06/2026 14:22:00,77.87,77.87,77.83,77.83,3362453.14,96.0
CCMFUT,01/06/2026 14:21:00,77.88,77.88,77.85,77.85,770799.24,22.0
CCMFUT,01/06/2026 14:19:00,77.88,77.88,77.87,77.87,175211.65,5.0
CCMFUT,01/06/2026 14:18:00,77.89,77.89,77.89,77.89,35049.39,1.0
CCMFUT,01/06/2026 14:17:00,77.91,77.91,77.87,77.89,736067.34,21.0
CCMFUT,01/06/2026 14:16:00,77.94,77.94,77.91,77.92,1964005.32,56.0
CCMFUT,01/06/2026 14:15:00,77.94,78.0,77.94,77.97,1227907.74,35.0
CCMFUT,01/06/2026 14:13:00,77.97,77.97,77.95,77.95,175418.27,5.0
CCMFUT,01/06/2026 14:12:00,78.0,78.0,78.0,78.0,386097.58,11.0
CCMFUT,01/06/2026 14:05:00,78.0,78.0,78.0,78.0,245698.46,7.0
CCMFUT,01/06/2026 14:02:00,78.0,78.0,78.0,78.0,701995.61,20.0
CCMFUT,01/06/2026 14:01:00,77.97,77.97,77.97,77.97,70169.32,2.0
CCMFUT,01/06/2026 14:00:00,77.95,77.95,77.95,77.95,35079.62,1.0
CCMFUT,01/06/2026 13:59:00,77.94,77.94,77.94,77.94,105223.75,3.0
CCMFUT,01/06/2026 13:58:00,77.94,77.94,77.94,77.94,35074.58,1.0
CCMFUT,01/06/2026 13:57:00,77.94,77.94,77.94,77.94,70149.17,2.0
CCMFUT,01/06/2026 13:56:00,77.95,77.95,77.94,77.94,666427.16,19.0
CCMFUT,01/06/2026 13:55:00,77.94,77.94,77.94,77.94,350745.83,10.0
CCMFUT,01/06/2026 13:54:00,77.94,77.94,77.94,77.94,385820.41,11.0
CCMFUT,01/06/2026 13:52:00,77.94,77.94,77.94,77.94,385820.41,11.0
CCMFUT,01/06/2026 13:50:00,77.88,77.88,77.88,77.88,35044.35,1.0
CCMFUT,01/06/2026 13:46:00,77.9,77.9,77.9,77.9,35054.43,1.0
CCMFUT,01/06/2026 13:35:00,77.9,77.9,77.9,77.9,35054.43,1.0
CCMFUT,01/06/2026 13:25:00,77.92,77.92,77.92,77.92,70129.01,2.0
CCMFUT,01/06/2026 13:19:00,77.93,77.93,77.93,77.93,35069.54,1.0
CCMFUT,01/06/2026 13:18:00,77.93,77.93,77.92,77.93,210412.22,6.0
CCMFUT,01/06/2026 13:14:00,77.95,77.95,77.95,77.95,35079.62,1.0
CCMFUT,01/06/2026 13:10:00,77.95,77.95,77.95,77.95,35079.62,1.0
CCMFUT,01/06/2026 13:00:00,77.94,77.94,77.94,77.94,35074.58,1.0
CCMFUT,01/06/2026 12:53:00,77.95,77.95,77.95,77.95,35079.62,1.0
CCMFUT,01/06/2026 12:45:00,77.94,77.99,77.94,77.99,70169.32,2.0
CCMFUT,01/06/2026 12:35:00,77.95,77.99,77.95,77.99,70174.36,2.0
CCMFUT,01/06/2026 12:34:00,77.95,77.95,77.94,77.94,455989.74,13.0
CCMFUT,01/06/2026 12:33:00,77.98,78.0,77.98,77.99,350972.61,10.0
CCMFUT,01/06/2026 12:24:00,77.99,77.99,77.99,77.99,350947.41,10.0
CCMFUT,01/06/2026 12:20:00,77.94,77.94,77.94,77.94,70149.17,2.0
CCMFUT,01/06/2026 12:17:00,77.95,77.95,77.95,77.95,35079.62,1.0
CCMFUT,01/06/2026 12:16:00,77.95,77.95,77.95,77.95,35079.62,1.0
CCMFUT,01/06/2026 12:13:00,77.95,77.95,77.95,77.95,35079.62,1.0
CCMFUT,01/06/2026 12:11:00,77.99,77.99,77.99,77.99,35094.74,1.0
CCMFUT,01/06/2026 12:10:00,77.97,77.97,77.97,77.97,140338.65,4.0
CCMFUT,01/06/2026 11:57:00,77.97,77.97,77.97,77.97,35084.66,1.0
CCMFUT,01/06/2026 11:56:00,77.98,77.98,77.98,77.98,35089.7,1.0
CCMFUT,01/06/2026 11:55:00,78.01,78.01,77.99,77.99,245698.46,7.0
CCMFUT,01/06/2026 11:52:00,78.01,78.01,78.0,78.0,456312.26,13.0
CCMFUT,01/06/2026 11:51:00,78.0,78.0,78.0,78.0,772195.17,22.0
CCMFUT,01/06/2026 11:48:00,78.04,78.04,78.04,78.04,35119.94,1.0
CCMFUT,01/06/2026 11:47:00,78.04,78.04,78.04,78.04,35119.94,1.0
CCMFUT,01/06/2026 11:45:00,77.98,77.98,77.98,77.98,35089.7,1.0
CCMFUT,01/06/2026 11:43:00,78.0,78.06,78.0,78.06,702237.5,20.0
CCMFUT,01/06/2026 11:30:00,77.95,77.95,77.95,77.95,35079.62,1.0
CCMFUT,01/06/2026 11:26:00,77.95,77.95,77.95,77.95,35079.62,1.0
CCMFUT,01/06/2026 11:20:00,77.93,77.93,77.93,77.93,35069.54,1.0
CCMFUT,01/06/2026 11:17:00,77.94,78.0,77.94,78.0,70174.36,2.0
CCMFUT,01/06/2026 11:11:00,77.94,77.94,77.94,77.94,35074.58,1.0
CCMFUT,01/06/2026 11:09:00,77.94,77.94,77.94,77.94,245522.08,7.0
CCMFUT,01/06/2026 11:05:00,77.98,77.98,77.94,77.94,876985.53,25.0
CCMFUT,01/06/2026 11:04:00,78.0,78.06,77.99,77.99,1158569.92,33.0
CCMFUT,01/06/2026 10:55:00,77.98,78.03,77.98,78.03,210654.12,6.0
CCMFUT,01/06/2026 10:54:00,77.97,78.02,77.97,78.02,315923.22,9.0
CCMFUT,01/06/2026 10:49:00,78.0,78.0,77.95,77.95,385956.48,11.0
CCMFUT,01/06/2026 10:47:00,78.01,78.01,77.98,77.98,175488.82,5.0
CCMFUT,01/06/2026 10:43:00,78.01,78.01,78.01,78.01,35104.82,1.0
CCMFUT,01/06/2026 10:40:00,77.99,77.99,77.99,77.99,35094.74,1.0
CCMFUT,01/06/2026 10:37:00,78.02,78.02,78.02,78.02,35109.86,1.0
CCMFUT,01/06/2026 10:36:00,78.02,78.02,78.02,78.02,35109.86,1.0
CCMFUT,01/06/2026 10:34:00,78.0,78.0,78.0,78.0,70199.56,2.0
CCMFUT,01/06/2026 10:31:00,78.0,78.0,78.0,78.0,105299.34,3.0
CCMFUT,01/06/2026 10:28:00,78.03,78.03,78.03,78.03,35114.9,1.0
CCMFUT,01/06/2026 10:21:00,78.06,78.06,78.0,78.02,491608.58,14.0
CCMFUT,01/06/2026 10:19:00,78.03,78.03,78.03,78.03,35114.9,1.0
CCMFUT,01/06/2026 10:18:00,78.07,78.07,78.07,78.07,70260.03,2.0
CCMFUT,01/06/2026 10:16:00,78.13,78.13,78.06,78.06,1300203.71,37.0
CCMFUT,01/06/2026 10:15:00,77.98,78.32,77.98,78.13,7246197.23,206.0
CCMFUT,01/06/2026 10:10:00,78.03,78.03,78.03,78.03,667183.08,19.0
CCMFUT,01/06/2026 10:09:00,77.99,78.01,77.99,78.01,596766.82,17.0
CCMFUT,01/06/2026 10:08:00,77.99,77.99,77.99,77.99,70189.48,2.0
CCMFUT,01/06/2026 10:07:00,78.03,78.06,78.02,78.02,597084.31,17.0
CCMFUT,01/06/2026 10:06:00,78.0,78.01,78.0,78.01,491447.32,14.0
CCMFUT,01/06/2026 10:05:00,77.95,77.98,77.95,77.98,70169.32,2.0
CCMFUT,01/06/2026 10:04:00,78.03,78.03,78.01,78.01,70219.72,2.0
CCMFUT,01/06/2026 10:03:00,78.01,78.01,77.97,78.01,280752.89,8.0
CCMFUT,01/06/2026 10:02:00,78.02,78.04,78.01,78.01,175549.3,5.0
CCMFUT,01/06/2026 10:01:00,78.01,78.06,78.01,78.06,351189.3,10.0
CCMFUT,01/06/2026 10:00:00,78.02,78.04,78.01,78.01,456473.53,13.0
CCMFUT,01/06/2026 09:59:00,78.0,78.01,78.0,78.01,351028.04,10.0
CCMFUT,01/06/2026 09:58:00,77.98,78.0,77.98,78.0,666865.59,19.0
CCMFUT,01/06/2026 09:57:00,77.95,77.95,77.95,77.95,35079.62,1.0
CCMFUT,01/06/2026 09:56:00,77.94,77.94,77.94,77.94,315671.25,9.0
CCMFUT,01/06/2026 09:50:00,77.91,77.94,77.91,77.94,70134.05,2.0
CCMFUT,01/06/2026 09:48:00,77.94,77.94,77.94,77.94,35074.58,1.0
CCMFUT,01/06/2026 09:47:00,77.93,77.93,77.93,77.93,35069.54,1.0
CCMFUT,01/06/2026 09:44:00,77.93,77.93,77.93,77.93,35069.54,1.0
CCMFUT,01/06/2026 09:43:00,77.94,77.94,77.94,77.94,596267.91,17.0
CCMFUT,01/06/2026 09:42:00,77.91,77.98,77.91,77.95,1157249.59,33.0
CCMFUT,01/06/2026 09:40:00,77.91,77.91,77.91,77.91,105178.39,3.0
CCMFUT,01/06/2026 09:39:00,77.91,77.92,77.91,77.92,245431.37,7.0
CCMFUT,01/06/2026 09:36:00,77.85,77.85,77.85,77.85,35034.27,1.0
CCMFUT,01/06/2026 09:35:00,77.87,77.87,77.87,77.87,35039.31,1.0
CCMFUT,01/06/2026 09:33:00,77.83,77.87,77.83,77.87,980793.19,28.0
CCMFUT,01/06/2026 09:32:00,77.83,77.83,77.83,77.83,1155798.23,33.0
CCMFUT,01/06/2026 09:31:00,77.83,77.83,77.83,77.83,35024.19,1.0
CCMFUT,01/06/2026 09:28:00,77.85,77.85,77.83,77.83,875650.07,25.0
CCMFUT,01/06/2026 09:26:00,77.94,77.94,77.89,77.89,1051965.37,30.0
CCMFUT,01/06/2026 09:25:00,77.92,77.94,77.92,77.94,526063.31,15.0
CCMFUT,01/06/2026 09:24:00,77.9,77.92,77.9,77.92,70118.93,2.0
CCMFUT,01/06/2026 09:22:00,77.89,77.89,77.89,77.89,70098.77,2.0
CCMFUT,01/06/2026 09:21:00,77.84,77.85,77.84,77.84,560477.73,16.0
CCMFUT,01/06/2026 09:16:00,77.85,77.85,77.82,77.82,140111.87,4.0
CCMFUT,01/06/2026 09:15:00,77.85,77.89,77.85,77.85,105117.92,3.0
CCMFUT,01/06/2026 09:13:00,77.9,77.9,77.73,77.9,2731982.47,78.0
CCMFUT,01/06/2026 09:12:00,77.89,77.89,77.89,77.89,70098.77,2.0
CCMFUT,01/06/2026 09:11:00,77.9,77.9,77.9,77.9,35054.43,1.0
CCMFUT,01/06/2026 09:10:00,77.9,77.92,77.9,77.92,140227.78,4.0
CCMFUT,01/06/2026 09:09:00,77.89,77.92,77.89,77.92,595930.27,17.0
CCMFUT,01/06/2026 09:07:00,77.82,77.89,77.82,77.89,245199.56,7.0
CCMFUT,01/06/2026 09:04:00,77.87,77.87,77.87,77.87,35039.31,1.0
CCMFUT,01/06/2026 09:02:00,77.83,77.83,77.83,77.83,35024.19,1.0
CCMFUT,01/06/2026 09:00:00,77.78,77.93,77.76,77.93,245123.97,7.0
CCMFUT,01/02/2026 17:21:00,78.47,78.48,78.4,78.46,353018.62,10.0
CCMFUT,01/02/2026 16:19:00,78.31,78.71,78.3,78.34,4871587.47,138.0
CCMFUT,01/02/2026 16:18:00,78.34,78.34,78.31,78.31,211470.51,6.0
CCMFUT,01/02/2026 16:17:00,78.32,78.36,78.3,78.31,2150263.45,61.0
CCMFUT,01/02/2026 16:15:00,78.31,78.35,78.31,78.35,105747.85,3.0
CCMFUT,01/02/2026 16:14:00,78.29,78.31,78.29,78.31,176174.19,5.0
CCMFUT,01/02/2026 16:12:00,78.31,78.31,78.29,78.3,810434.53,23.0
CCMFUT,01/02/2026 16:11:00,78.34,78.34,78.32,78.32,458227.26,13.0
CCMFUT,01/02/2026 16:10:00,78.34,78.36,78.34,78.34,564030.54,16.0
CCMFUT,01/02/2026 16:09:00,78.35,78.35,78.34,78.34,2079832.07,59.0
CCMFUT,01/02/2026 16:08:00,78.39,78.39,78.34,78.35,6736980.8,191.0
CCMFUT,01/02/2026 16:07:00,78.39,78.39,78.39,78.39,35276.16,1.0
CCMFUT,01/02/2026 16:06:00,78.39,78.39,78.39,78.39,1375770.29,39.0
CCMFUT,01/02/2026 16:05:00,78.44,78.44,78.39,78.39,3739434.35,106.0
CCMFUT,01/02/2026 16:03:00,78.46,78.46,78.46,78.46,70612.8,2.0
CCMFUT,01/02/2026 16:01:00,78.46,78.49,78.44,78.44,706188.43,20.0
CCMFUT,01/02/2026 16:00:00,78.4,78.4,78.39,78.39,70557.36,2.0
CCMFUT,01/02/2026 15:59:00,78.39,78.39,78.39,78.39,176380.81,5.0
CCMFUT,01/02/2026 15:58:00,78.39,78.39,78.39,78.39,352761.61,10.0
CCMFUT,01/02/2026 15:56:00,78.39,78.39,78.39,78.39,3457063.8,98.0
CCMFUT,01/02/2026 15:55:00,78.4,78.4,78.39,78.39,3069031.07,87.0
CCMFUT,01/02/2026 15:50:00,78.41,78.41,78.41,78.41,70572.48,2.0
CCMFUT,01/02/2026 15:45:00,78.41,78.41,78.41,78.41,35286.24,1.0
CCMFUT,01/02/2026 15:42:00,78.39,78.4,78.39,78.4,70557.36,2.0
CCMFUT,01/02/2026 15:40:00,78.39,78.39,78.39,78.39,352761.61,10.0
CCMFUT,01/02/2026 15:30:00,78.4,78.4,78.4,78.4,176406.0,5.0
CCMFUT,01/02/2026 15:25:00,78.4,78.4,78.4,78.4,105843.6,3.0
CCMFUT,01/02/2026 15:09:00,78.39,78.39,78.39,78.39,282209.29,8.0
CCMFUT,01/02/2026 15:06:00,78.39,78.39,78.39,78.39,70552.32,2.0
CCMFUT,01/02/2026 15:00:00,78.39,78.39,78.39,78.39,35276.16,1.0
CCMFUT,01/02/2026 14:44:00,78.39,78.39,78.39,78.39,1446322.61,41.0
CCMFUT,01/02/2026 14:35:00,78.4,78.4,78.4,78.4,35281.2,1.0
CCMFUT,01/02/2026 14:25:00,78.39,78.39,78.39,78.39,35276.16,1.0
CCMFUT,01/02/2026 14:20:00,78.39,78.39,78.39,78.39,352761.61,10.0
CCMFUT,01/02/2026 14:14:00,78.39,78.39,78.39,78.39,35276.16,1.0
CCMFUT,01/02/2026 14:11:00,78.41,78.41,78.41,78.41,352862.4,10.0
CCMFUT,01/02/2026 14:10:00,78.41,78.41,78.41,78.41,35286.24,1.0
CCMFUT,01/02/2026 14:09:00,78.44,78.44,78.44,78.44,35296.32,1.0
CCMFUT,01/02/2026 14:08:00,78.4,78.4,78.4,78.4,35281.2,1.0
CCMFUT,01/02/2026 14:04:00,78.39,78.39,78.39,78.39,1058284.84,30.0
CCMFUT,01/02/2026 14:00:00,78.41,78.45,78.39,78.39,705603.86,20.0
CCMFUT,01/02/2026 13:55:00,78.44,78.44,78.41,78.41,247023.84,7.0
CCMFUT,01/02/2026 13:54:00,78.41,78.41,78.41,78.41,105858.72,3.0
CCMFUT,01/02/2026 13:45:00,78.45,78.45,78.44,78.44,70597.68,2.0
CCMFUT,01/02/2026 13:43:00,78.46,78.46,78.46,78.46,35306.4,1.0
CCMFUT,01/02/2026 13:42:00,78.51,78.51,78.47,78.47,211888.78,6.0
CCMFUT,01/02/2026 13:40:00,78.53,78.53,78.53,78.53,35336.63,1.0
CCMFUT,01/02/2026 13:34:00,78.5,78.51,78.5,78.51,70658.15,2.0
CCMFUT,01/02/2026 13:21:00,78.48,78.48,78.48,78.48,35316.48,1.0
CCMFUT,01/02/2026 13:20:00,78.46,78.46,78.46,78.46,35306.4,1.0
CCMFUT,01/02/2026 13:18:00,78.47,78.47,78.46,78.46,105929.27,3.0
CCMFUT,01/02/2026 12:59:00,78.44,78.44,78.44,78.44,105888.96,3.0
CCMFUT,01/02/2026 12:50:00,78.41,78.41,78.41,78.41,35286.24,1.0
CCMFUT,01/02/2026 12:28:00,78.41,78.41,78.4,78.4,635086.81,18.0
CCMFUT,01/02/2026 12:27:00,78.47,78.47,78.39,78.39,2152490.89,61.0
CCMFUT,01/02/2026 12:25:00,78.47,78.47,78.47,78.47,35311.44,1.0
CCMFUT,01/02/2026 12:17:00,78.46,78.47,78.45,78.47,105919.19,3.0
CCMFUT,01/02/2026 12:16:00,78.48,78.48,78.45,78.45,706117.88,20.0
CCMFUT,01/02/2026 12:11:00,78.47,78.47,78.47,78.47,105934.31,3.0
CCMFUT,01/02/2026 12:10:00,78.44,78.44,78.44,78.44,35296.32,1.0
CCMFUT,01/02/2026 12:08:00,78.44,78.45,78.44,78.45,141195.36,4.0
CCMFUT,01/02/2026 12:07:00,78.44,78.44,78.44,78.44,70592.64,2.0
CCMFUT,01/02/2026 12:06:00,78.41,78.41,78.41,78.41,35286.24,1.0
CCMFUT,01/02/2026 12:01:00,78.4,78.4,78.4,78.4,35281.2,1.0
CCMFUT,01/02/2026 12:00:00,78.45,78.45,78.4,78.4,564675.59,16.0
CCMFUT,01/02/2026 11:52:00,78.41,78.41,78.41,78.41,211717.44,6.0
CCMFUT,01/02/2026 11:49:00,78.43,78.43,78.41,78.41,176446.32,5.0
CCMFUT,01/02/2026 11:46:00,78.44,78.44,78.44,78.44,35296.32,1.0
CCMFUT,01/02/2026 11:45:00,78.45,78.45,78.41,78.41,141180.24,4.0
CCMFUT,01/02/2026 11:44:00,78.43,78.43,78.43,78.43,35291.28,1.0
CCMFUT,01/02/2026 11:43:00,78.45,78.45,78.43,78.43,105894.0,3.0
CCMFUT,01/02/2026 11:42:00,78.47,78.47,78.47,78.47,35311.44,1.0
CCMFUT,01/02/2026 11:38:00,78.41,78.41,78.41,78.41,70572.48,2.0
CCMFUT,01/02/2026 11:37:00,78.4,78.41,78.39,78.4,141124.8,4.0
CCMFUT,01/02/2026 11:36:00,78.39,78.4,78.39,78.39,1093601.31,31.0
CCMFUT,01/02/2026 11:35:00,78.37,78.37,78.35,78.37,458383.48,13.0
CCMFUT,01/02/2026 11:34:00,78.43,78.43,78.37,78.38,776146.1,22.0
CCMFUT,01/02/2026 11:33:00,78.47,78.48,78.44,78.44,953383.61,27.0
CCMFUT,01/02/2026 11:28:00,78.48,78.48,78.48,78.48,35316.48,1.0
CCMFUT,01/02/2026 11:26:00,78.51,78.51,78.48,78.48,282622.52,8.0
CCMFUT,01/02/2026 11:25:00,78.53,78.53,78.51,78.51,70668.23,2.0
CCMFUT,01/02/2026 11:23:00,78.54,78.54,78.54,78.54,35341.67,1.0
CCMFUT,01/02/2026 11:21:00,78.53,78.53,78.5,78.5,70663.19,2.0
CCMFUT,01/02/2026 11:18:00,78.5,78.57,78.5,78.53,706813.32,20.0
CCMFUT,01/02/2026 11:16:00,78.5,78.5,78.49,78.49,176612.62,5.0
CCMFUT,01/02/2026 11:15:00,78.45,78.54,78.45,78.54,4028542.65,114.0
CCMFUT,01/02/2026 11:10:00,78.43,78.46,78.43,78.45,247124.63,7.0
CCMFUT,01/02/2026 11:09:00,78.43,78.43,78.41,78.43,105868.8,3.0
CCMFUT,01/02/2026 11:02:00,78.43,78.43,78.39,78.39,423399.61,12.0
CCMFUT,01/02/2026 10:59:00,78.39,78.43,78.36,78.43,529102.1,15.0
CCMFUT,01/02/2026 10:57:00,78.38,78.41,78.38,78.38,282249.61,8.0
CCMFUT,01/02/2026 10:56:00,78.37,78.37,78.37,78.37,35266.08,1.0
CCMFUT,01/02/2026 10:55:00,78.37,78.37,78.37,78.37,458459.07,13.0
CCMFUT,01/02/2026 10:53:00,78.37,78.38,78.37,78.38,176335.45,5.0
CCMFUT,01/02/2026 10:50:00,78.37,78.37,78.36,78.36,141059.29,4.0
CCMFUT,01/02/2026 10:46:00,78.36,78.36,78.34,78.34,70512.01,2.0
CCMFUT,01/02/2026 10:45:00,78.36,78.36,78.36,78.36,35261.04,1.0
CCMFUT,01/02/2026 10:44:00,78.39,78.39,78.39,78.39,35276.16,1.0
CCMFUT,01/02/2026 10:43:00,78.39,78.39,78.39,78.39,105828.48,3.0
CCMFUT,01/02/2026 10:42:00,78.4,78.4,78.39,78.39,317500.57,9.0
CCMFUT,01/02/2026 10:40:00,78.45,78.45,78.43,78.43,282370.55,8.0
CCMFUT,01/02/2026 10:39:00,78.47,78.47,78.46,78.46,176552.15,5.0
CCMFUT,01/02/2026 10:37:00,78.43,78.44,78.43,78.44,564736.07,16.0
CCMFUT,01/02/2026 10:36:00,78.43,78.43,78.41,78.41,105863.76,3.0
CCMFUT,01/02/2026 10:35:00,78.4,78.4,78.4,78.4,458655.61,13.0
CCMFUT,01/02/2026 10:32:00,78.41,78.41,78.41,78.41,35286.24,1.0
CCMFUT,01/02/2026 10:31:00,78.38,78.4,78.38,78.4,352776.73,10.0
CCMFUT,01/02/2026 10:30:00,78.37,78.37,78.34,78.35,282063.15,8.0
CCMFUT,01/02/2026 10:26:00,78.32,78.34,78.3,78.32,458237.33,13.0
CCMFUT,01/02/2026 10:25:00,78.29,78.31,78.29,78.31,176164.11,5.0
CCMFUT,01/02/2026 10:24:00,78.3,78.34,78.22,78.28,1056873.79,30.0
CCMFUT,01/02/2026 10:23:00,78.26,78.31,78.26,78.31,845625.02,24.0
CCMFUT,01/02/2026 10:22:00,78.29,78.3,78.28,78.28,281831.33,8.0
CCMFUT,01/02/2026 10:21:00,78.25,78.28,78.23,78.28,563430.85,16.0
CCMFUT,01/02/2026 10:20:00,78.4,78.46,78.26,78.31,6313329.22,179.0
CCMFUT,01/02/2026 10:19:00,78.41,78.41,78.41,78.41,35286.24,1.0
CCMFUT,01/02/2026 10:18:00,78.41,78.43,78.41,78.41,176436.24,5.0
CCMFUT,01/02/2026 10:14:00,78.4,78.4,78.4,78.4,141124.8,4.0
CCMFUT,01/02/2026 10:13:00,78.41,78.41,78.41,78.41,35286.24,1.0
CCMFUT,01/02/2026 10:09:00,78.41,78.41,78.41,78.41,35286.24,1.0
CCMFUT,01/02/2026 10:08:00,78.45,78.45,78.45,78.45,105904.08,3.0
CCMFUT,01/02/2026 10:06:00,78.41,78.41,78.41,78.41,141144.96,4.0
CCMFUT,01/02/2026 10:04:00,78.44,78.45,78.41,78.45,388254.47,11.0
CCMFUT,01/02/2026 10:03:00,78.45,78.45,78.45,78.45,141205.43,4.0
CCMFUT,01/02/2026 10:02:00,78.45,78.47,78.45,78.46,176537.03,5.0
CCMFUT,01/02/2026 10:01:00,78.53,78.53,78.49,78.49,141306.22,4.0
CCMFUT,01/02/2026 10:00:00,78.56,78.56,78.47,78.54,1837545.32,52.0
CCMFUT,01/02/2026 09:55:00,78.57,78.57,78.57,78.57,35356.79,1.0
CCMFUT,01/02/2026 09:54:00,78.57,78.57,78.57,78.57,141427.17,4.0
CCMFUT,01/02/2026 09:35:00,78.62,78.62,78.62,78.62,35376.95,1.0
CCMFUT,01/02/2026 09:32:00,78.59,78.6,78.59,78.6,70738.78,2.0
CCMFUT,01/02/2026 09:31:00,78.59,78.6,78.59,78.6,70738.78,2.0
CCMFUT,01/02/2026 09:30:00,78.56,78.59,78.54,78.59,318160.74,9.0
CCMFUT,01/02/2026 09:28:00,78.54,78.55,78.54,78.54,2367907.28,67.0
CCMFUT,01/02/2026 09:27:00,78.55,78.55,78.55,78.55,35346.71,1.0
CCMFUT,01/02/2026 09:26:00,78.55,78.55,78.55,78.55,35346.71,1.0
CCMFUT,01/02/2026 09:24:00,78.59,78.59,78.59,78.59,35366.87,1.0
CCMFUT,01/02/2026 09:21:00,78.54,78.54,78.54,78.54,35341.67,1.0
CCMFUT,01/02/2026 09:20:00,78.58,78.58,78.53,78.53,919145.58,26.0
CCMFUT,01/02/2026 09:16:00,78.62,78.62,78.62,78.62,35376.95,1.0
CCMFUT,01/02/2026 09:11:00,78.62,78.62,78.62,78.62,70753.9,2.0
CCMFUT,01/02/2026 09:10:00,78.62,78.63,78.62,78.63,141522.92,4.0
CCMFUT,01/02/2026 09:09:00,78.62,78.63,78.62,78.63,106140.93,3.0
CCMFUT,01/02/2026 09:02:00,78.59,78.62,78.59,78.62,353739.27,10.0
CCMFUT,01/02/2026 09:01:00,78.65,78.65,78.55,78.55,106130.85,3.0
CCMFUT,01/02/2026 09:00:00,78.72,78.72,78.45,78.5,495695.58,14.0
CCMFUT,12/30/2025 17:18:00,78.68,78.69,78.4,78.62,2050336.16,58.0
CCMFUT,12/30/2025 16:19:00,78.64,78.66,78.63,78.66,460041.46,13.0
CCMFUT,12/30/2025 16:18:00,78.63,78.64,78.62,78.64,4811738.95,136.0
CCMFUT,12/30/2025 16:17:00,78.62,78.65,78.62,78.63,990710.83,28.0
CCMFUT,12/30/2025 16:16:00,78.64,78.65,78.6,78.62,3290313.39,93.0
CCMFUT,12/30/2025 16:15:00,78.69,78.72,78.62,78.63,9625942.18,272.0
CCMFUT,12/30/2025 16:14:00,78.77,78.77,78.68,78.68,4499348.38,127.0
CCMFUT,12/30/2025 16:13:00,78.75,78.78,78.71,78.77,2055859.4,58.0
CCMFUT,12/30/2025 16:12:00,78.73,78.75,78.73,78.73,354328.88,10.0
CCMFUT,12/30/2025 16:11:00,78.81,78.81,78.72,78.72,2941537.98,83.0
CCMFUT,12/30/2025 16:10:00,78.82,78.85,78.79,78.82,957697.38,27.0
CCMFUT,12/30/2025 16:09:00,78.81,78.83,78.81,78.81,106397.94,3.0
CCMFUT,12/30/2025 16:08:00,78.84,78.84,78.81,78.81,248263.54,7.0
CCMFUT,12/30/2025 16:07:00,78.84,78.86,78.82,78.84,567643.83,16.0
CCMFUT,12/30/2025 16:06:00,78.9,78.9,78.84,78.84,1171496.12,33.0
CCMFUT,12/30/2025 16:05:00,78.9,78.91,78.9,78.9,532549.09,15.0
CCMFUT,12/30/2025 16:04:00,78.9,78.9,78.87,78.9,1278090.6,36.0
CCMFUT,12/30/2025 16:03:00,78.9,78.9,78.9,78.9,248520.56,7.0
CCMFUT,12/30/2025 16:02:00,78.91,78.91,78.9,78.9,71010.91,2.0
CCMFUT,12/30/2025 16:01:00,78.92,78.93,78.92,78.92,142062.14,4.0
CCMFUT,12/30/2025 16:00:00,78.93,79.0,78.92,78.92,781760.05,22.0
CCMFUT,12/30/2025 15:59:00,78.92,78.96,78.92,78.96,248681.82,7.0
CCMFUT,12/30/2025 15:58:00,78.96,78.96,78.95,78.95,213188.96,6.0
CCMFUT,12/30/2025 15:57:00,78.97,78.97,78.95,78.95,319773.36,9.0
CCMFUT,12/30/2025 15:55:00,78.97,78.97,78.97,78.97,106614.64,3.0
CCMFUT,12/30/2025 15:50:00,79.02,79.02,79.02,79.02,35558.37,1.0
CCMFUT,12/30/2025 15:47:00,79.02,79.06,79.02,79.03,1173839.46,33.0
CCMFUT,12/30/2025 15:43:00,79.0,79.0,79.0,79.0,391031.21,11.0
CCMFUT,12/30/2025 15:41:00,79.0,79.0,79.0,79.0,71096.58,2.0
CCMFUT,12/30/2025 15:40:00,78.97,79.02,78.97,79.02,248858.2,7.0
CCMFUT,12/30/2025 15:39:00,78.96,79.02,78.96,78.97,568722.27,16.0
CCMFUT,12/30/2025 15:38:00,79.01,79.01,78.97,78.97,355477.88,10.0
CCMFUT,12/30/2025 15:36:00,78.93,78.95,78.93,78.95,675004.31,19.0
CCMFUT,12/30/2025 15:34:00,78.92,78.93,78.92,78.93,142057.1,4.0
CCMFUT,12/30/2025 15:33:00,78.92,78.92,78.92,78.92,71026.03,2.0
CCMFUT,12/30/2025 15:32:00,78.92,78.92,78.92,78.92,35513.02,1.0
CCMFUT,12/30/2025 15:30:00,78.93,78.93,78.93,78.93,71036.11,2.0
CCMFUT,12/30/2025 15:27:00,78.93,78.93,78.93,78.93,35518.05,1.0
CCMFUT,12/30/2025 15:26:00,78.92,78.92,78.92,78.92,35513.02,1.0
CCMFUT,12/30/2025 15:25:00,78.92,78.92,78.92,78.92,35513.02,1.0
CCMFUT,12/30/2025 15:24:00,78.92,78.92,78.92,78.92,35513.02,1.0
CCMFUT,12/30/2025 15:23:00,78.91,78.92,78.91,78.92,106528.97,3.0
CCMFUT,12/30/2025 15:20:00,78.91,78.92,78.91,78.92,71020.99,2.0
CCMFUT,12/30/2025 15:19:00,78.91,78.91,78.91,78.91,35507.98,1.0
CCMFUT,12/30/2025 15:18:00,78.91,78.91,78.91,78.91,106523.93,3.0
CCMFUT,12/30/2025 15:16:00,78.92,78.92,78.91,78.91,248575.99,7.0
CCMFUT,12/30/2025 15:15:00,78.94,78.94,78.94,78.94,106569.28,3.0
CCMFUT,12/30/2025 15:14:00,78.94,78.94,78.93,78.93,177600.35,5.0
CCMFUT,12/30/2025 15:13:00,78.92,78.92,78.92,78.92,35513.02,1.0
CCMFUT,12/30/2025 15:12:00,78.95,78.95,78.95,78.95,284225.07,8.0
CCMFUT,12/30/2025 15:11:00,78.97,78.97,78.97,78.97,35538.21,1.0
CCMFUT,12/30/2025 15:10:00,78.96,78.96,78.93,78.95,355220.86,10.0
CCMFUT,12/30/2025 15:09:00,78.96,78.96,78.96,78.96,71066.35,2.0
CCMFUT,12/30/2025 15:07:00,79.02,79.02,78.95,78.96,888566.19,25.0
CCMFUT,12/30/2025 15:06:00,79.02,79.02,79.01,79.01,71111.7,2.0
CCMFUT,12/30/2025 15:05:00,79.14,79.19,79.02,79.03,569417.72,16.0
CCMFUT,12/30/2025 15:04:00,78.86,79.1,78.86,79.1,10269344.09,289.0
CCMFUT,12/30/2025 15:03:00,78.84,78.84,78.84,78.84,70955.48,2.0
CCMFUT,12/30/2025 15:01:00,78.85,78.85,78.83,78.83,70955.48,2.0
CCMFUT,12/30/2025 15:00:00,78.87,78.9,78.86,78.86,212952.11,6.0
CCMFUT,12/30/2025 14:58:00,78.83,78.83,78.83,78.83,177363.5,5.0
CCMFUT,12/30/2025 14:54:00,78.82,78.82,78.82,78.82,35467.66,1.0
CCMFUT,12/30/2025 14:53:00,78.83,78.83,78.83,78.83,35472.7,1.0
CCMFUT,12/30/2025 14:51:00,78.73,78.85,78.73,78.85,1949844.46,55.0
CCMFUT,12/30/2025 14:50:00,78.73,78.73,78.73,78.73,70854.69,2.0
CCMFUT,12/30/2025 14:45:00,78.75,78.75,78.75,78.75,35437.42,1.0
CCMFUT,12/30/2025 14:41:00,78.73,78.73,78.73,78.73,177136.72,5.0
CCMFUT,12/30/2025 14:40:00,78.72,78.73,78.72,78.73,212548.95,6.0
CCMFUT,12/30/2025 14:39:00,78.71,78.71,78.68,78.71,141653.95,4.0
CCMFUT,12/30/2025 14:35:00,78.75,78.75,78.75,78.75,35437.42,1.0
CCMFUT,12/30/2025 14:34:00,78.76,78.78,78.76,78.76,1027856.63,29.0
CCMFUT,12/30/2025 14:33:00,78.75,78.76,78.75,78.76,567049.17,16.0
CCMFUT,12/30/2025 14:30:00,78.74,78.75,78.74,78.74,177177.04,5.0
CCMFUT,12/30/2025 14:29:00,78.75,78.75,78.74,78.74,141744.66,4.0
CCMFUT,12/30/2025 14:28:00,78.68,78.74,78.68,78.74,389655.44,11.0
CCMFUT,12/30/2025 14:25:00,78.66,78.68,78.66,78.68,814249.39,23.0
CCMFUT,12/30/2025 14:19:00,78.64,78.64,78.64,78.64,70774.06,2.0
CCMFUT,12/30/2025 14:18:00,78.64,78.64,78.64,78.64,70774.06,2.0
CCMFUT,12/30/2025 14:17:00,78.56,78.62,78.56,78.62,2192453.74,62.0
CCMFUT,12/30/2025 14:16:00,78.64,78.64,78.57,78.57,2193300.36,62.0
CCMFUT,12/30/2025 14:15:00,78.65,78.66,78.65,78.66,141583.39,4.0
CCMFUT,12/30/2025 14:13:00,78.66,78.67,78.66,78.67,176990.58,5.0
CCMFUT,12/30/2025 14:10:00,78.64,78.64,78.64,78.64,70774.06,2.0
CCMFUT,12/30/2025 14:07:00,78.66,78.66,78.65,78.65,106186.28,3.0
CCMFUT,12/30/2025 14:06:00,78.65,78.66,78.65,78.66,106186.28,3.0
CCMFUT,12/30/2025 14:05:00,78.64,78.64,78.64,78.64,636966.53,18.0
CCMFUT,12/30/2025 14:04:00,78.68,78.68,78.63,78.65,1274437.0,36.0
CCMFUT,12/30/2025 14:02:00,78.73,78.73,78.68,78.68,531243.87,15.0
CCMFUT,12/30/2025 14:01:00,78.74,78.76,78.74,78.75,1134007.64,32.0
CCMFUT,12/30/2025 14:00:00,78.72,78.74,78.72,78.74,460610.92,13.0
CCMFUT,12/30/2025 13:58:00,78.73,78.73,78.73,78.73,247991.41,7.0
CCMFUT,12/30/2025 13:56:00,78.69,78.69,78.69,78.69,70824.45,2.0
CCMFUT,12/30/2025 13:55:00,78.68,78.68,78.68,78.68,35407.19,1.0
CCMFUT,12/30/2025 13:54:00,78.71,78.71,78.71,78.71,35417.27,1.0
CCMFUT,12/30/2025 13:50:00,78.73,78.73,78.69,78.73,885567.71,25.0
CCMFUT,12/30/2025 13:49:00,78.72,78.72,78.69,78.71,531258.99,15.0
CCMFUT,12/30/2025 13:42:00,78.69,78.69,78.69,78.69,177061.13,5.0
CCMFUT,12/30/2025 13:41:00,78.69,78.69,78.69,78.69,35412.23,1.0
CCMFUT,12/30/2025 13:40:00,78.69,78.71,78.67,78.67,460333.75,13.0
CCMFUT,12/30/2025 13:39:00,78.72,78.72,78.72,78.72,70844.61,2.0
CCMFUT,12/30/2025 13:38:00,78.72,78.72,78.72,78.72,106266.92,3.0
CCMFUT,12/30/2025 13:35:00,78.69,78.69,78.69,78.69,35412.23,1.0
CCMFUT,12/30/2025 13:31:00,78.67,78.67,78.66,78.67,495589.75,14.0
CCMFUT,12/30/2025 13:28:00,78.66,78.66,78.66,78.66,106191.32,3.0
CCMFUT,12/30/2025 13:27:00,78.64,78.64,78.62,78.64,1132117.84,32.0
CCMFUT,12/30/2025 13:26:00,78.66,78.66,78.62,78.64,2865825.26,81.0
CCMFUT,12/30/2025 13:21:00,78.67,78.67,78.67,78.67,35402.15,1.0
CCMFUT,12/30/2025 13:20:00,78.67,78.67,78.67,78.67,70804.3,2.0
CCMFUT,12/30/2025 13:18:00,78.68,78.68,78.68,78.68,70814.37,2.0
CCMFUT,12/30/2025 13:16:00,78.65,78.65,78.65,78.65,353920.69,10.0
CCMFUT,12/30/2025 13:14:00,78.64,78.64,78.64,78.64,70774.06,2.0
CCMFUT,12/30/2025 13:12:00,78.65,78.65,78.65,78.65,70784.14,2.0
CCMFUT,12/30/2025 13:10:00,78.66,78.66,78.66,78.66,460162.41,13.0
CCMFUT,12/30/2025 13:09:00,78.64,78.64,78.64,78.64,106161.09,3.0
CCMFUT,12/30/2025 13:08:00,78.64,78.64,78.64,78.64,35387.03,1.0
CCMFUT,12/30/2025 13:07:00,78.63,78.63,78.63,78.63,35381.99,1.0
CCMFUT,12/30/2025 13:05:00,78.63,78.63,78.63,78.63,70763.98,2.0
CCMFUT,12/30/2025 13:04:00,78.64,78.64,78.64,78.64,176935.15,5.0
CCMFUT,12/30/2025 13:02:00,78.63,78.65,78.63,78.65,212342.33,6.0
CCMFUT,12/30/2025 13:01:00,78.64,78.64,78.63,78.63,5696570.9,161.0
CCMFUT,12/30/2025 13:00:00,78.69,78.69,78.66,78.66,601826.43,17.0
CCMFUT,12/30/2025 12:59:00,78.69,78.69,78.69,78.69,35412.23,1.0
CCMFUT,12/30/2025 12:55:00,78.69,78.69,78.68,78.69,247870.47,7.0
CCMFUT,12/30/2025 12:52:00,78.71,78.74,78.71,78.74,177101.45,5.0
CCMFUT,12/30/2025 12:51:00,78.71,78.71,78.68,78.68,849989.18,24.0
CCMFUT,12/30/2025 12:50:00,78.73,78.73,78.72,78.73,814818.85,23.0
CCMFUT,12/30/2025 12:45:00,78.74,78.74,78.74,78.74,35432.38,1.0
CCMFUT,12/30/2025 12:42:00,78.76,78.76,78.76,78.76,106327.39,3.0
CCMFUT,12/30/2025 12:41:00,78.76,78.78,78.76,78.76,460782.26,13.0
CCMFUT,12/30/2025 12:40:00,78.75,78.76,78.75,78.76,389836.86,11.0
CCMFUT,12/30/2025 12:39:00,78.74,78.74,78.74,78.74,35432.38,1.0
CCMFUT,12/30/2025 12:35:00,78.73,78.73,78.73,78.73,106282.03,3.0
CCMFUT,12/30/2025 12:34:00,78.74,78.74,78.74,78.74,35432.38,1.0
CCMFUT,12/30/2025 12:33:00,78.75,78.75,78.74,78.74,106307.23,3.0
CCMFUT,12/30/2025 12:26:00,78.77,78.77,78.77,78.77,35447.5,1.0
CCMFUT,12/30/2025 12:25:00,78.75,78.77,78.75,78.77,106332.43,3.0
CCMFUT,12/30/2025 12:24:00,78.76,78.76,78.76,78.76,141769.85,4.0
CCMFUT,12/30/2025 12:22:00,78.78,78.81,78.78,78.81,106377.78,3.0
CCMFUT,12/30/2025 12:12:00,78.81,78.81,78.81,78.81,35462.62,1.0
CCMFUT,12/30/2025 12:11:00,78.78,78.78,78.77,78.77,141800.09,4.0
CCMFUT,12/30/2025 12:10:00,78.79,78.79,78.79,78.79,35457.58,1.0
CCMFUT,12/30/2025 12:09:00,78.81,78.81,78.81,78.81,35462.62,1.0
CCMFUT,12/30/2025 12:04:00,78.81,78.81,78.81,78.81,35462.62,1.0
CCMFUT,12/30/2025 12:01:00,78.84,78.84,78.84,78.84,35477.74,1.0
CCMFUT,12/30/2025 12:00:00,78.81,78.84,78.81,78.84,248293.78,7.0
CCMFUT,12/30/2025 11:58:00,78.81,78.81,78.81,78.81,70925.24,2.0
CCMFUT,12/30/2025 11:50:00,78.82,78.82,78.82,78.82,106402.98,3.0
CCMFUT,12/30/2025 11:49:00,78.84,78.84,78.84,78.84,141910.96,4.0
CCMFUT,12/30/2025 11:44:00,78.85,78.85,78.84,78.84,70960.52,2.0
CCMFUT,12/30/2025 11:41:00,78.85,78.85,78.84,78.84,70960.52,2.0
CCMFUT,12/30/2025 11:31:00,78.82,78.85,78.79,78.85,319229.1,9.0
CCMFUT,12/30/2025 11:30:00,78.85,78.85,78.85,78.85,35482.78,1.0
CCMFUT,12/30/2025 11:28:00,78.85,78.85,78.85,78.85,70965.56,2.0
CCMFUT,12/30/2025 11:25:00,78.85,78.87,78.85,78.87,141951.27,4.0
CCMFUT,12/30/2025 11:22:00,78.86,78.86,78.85,78.85,141936.15,4.0
CCMFUT,12/30/2025 11:19:00,78.82,78.9,78.82,78.85,1100157.64,31.0
CCMFUT,12/30/2025 11:18:00,78.76,78.78,78.76,78.78,425370.03,12.0
CCMFUT,12/30/2025 11:15:00,78.74,78.74,78.74,78.74,35432.38,1.0
CCMFUT,12/30/2025 11:11:00,78.76,78.76,78.76,78.76,35442.46,1.0
CCMFUT,12/30/2025 11:08:00,78.76,78.76,78.76,78.76,70884.93,2.0
CCMFUT,12/30/2025 11:07:00,78.78,78.78,78.78,78.78,35452.54,1.0
CCMFUT,12/30/2025 11:05:00,78.81,78.81,78.81,78.81,35462.62,1.0
CCMFUT,12/30/2025 11:02:00,78.76,78.79,78.76,78.79,460872.97,13.0
CCMFUT,12/30/2025 10:59:00,78.78,78.78,78.78,78.78,35452.54,1.0
CCMFUT,12/30/2025 10:56:00,78.76,78.76,78.76,78.76,106327.39,3.0
CCMFUT,12/30/2025 10:55:00,78.74,78.74,78.74,78.74,35432.38,1.0
CCMFUT,12/30/2025 10:54:00,78.76,78.76,78.76,78.76,35442.46,1.0
CCMFUT,12/30/2025 10:53:00,78.75,78.76,78.74,78.76,106312.27,3.0
CCMFUT,12/30/2025 10:52:00,78.77,78.77,78.76,78.76,70889.97,2.0
CCMFUT,12/30/2025 10:47:00,78.77,78.77,78.77,78.77,35447.5,1.0
CCMFUT,12/30/2025 10:46:00,78.79,78.79,78.78,78.78,212735.41,6.0
CCMFUT,12/30/2025 10:44:00,78.81,78.81,78.78,78.78,425485.94,12.0
CCMFUT,12/30/2025 10:41:00,78.84,78.84,78.84,78.84,70955.48,2.0
CCMFUT,12/30/2025 10:40:00,78.86,78.91,78.86,78.87,355009.21,10.0
CCMFUT,12/30/2025 10:39:00,78.87,78.87,78.87,78.87,35492.86,1.0
CCMFUT,12/30/2025 10:38:00,78.94,78.94,78.85,78.85,461477.7,13.0
CCMFUT,12/30/2025 10:37:00,78.88,78.94,78.88,78.94,674722.1,19.0
CCMFUT,12/30/2025 10:36:00,78.88,78.88,78.86,78.87,248450.0,7.0
CCMFUT,12/30/2025 10:35:00,78.85,78.88,78.85,78.88,141971.43,4.0
CCMFUT,12/30/2025 10:34:00,78.87,78.87,78.87,78.87,35492.86,1.0
CCMFUT,12/30/2025 10:33:00,78.87,78.87,78.86,78.86,70980.68,2.0
CCMFUT,12/30/2025 10:32:00,78.9,78.9,78.87,78.87,106488.65,3.0
CCMFUT,12/30/2025 10:31:00,78.84,78.9,78.84,78.88,993628.67,28.0
CCMFUT,12/30/2025 10:30:00,78.76,78.84,78.76,78.81,1808981.71,51.0
CCMFUT,12/30/2025 10:29:00,78.75,78.77,78.75,78.77,106332.43,3.0
CCMFUT,12/30/2025 10:28:00,78.76,78.76,78.76,78.76,70884.93,2.0
CCMFUT,12/30/2025 10:25:00,78.75,78.76,78.75,78.76,177192.16,5.0
CCMFUT,12/30/2025 10:20:00,78.73,78.73,78.73,78.73,35427.34,1.0
CCMFUT,12/30/2025 10:16:00,78.74,78.74,78.74,78.74,35432.38,1.0
CCMFUT,12/30/2025 10:13:00,78.72,78.72,78.72,78.72,35422.31,1.0
CCMFUT,12/30/2025 10:12:00,78.72,78.73,78.72,78.73,212538.87,6.0
CCMFUT,12/30/2025 10:11:00,78.72,78.72,78.71,78.71,106261.88,3.0
CCMFUT,12/30/2025 10:10:00,78.74,78.74,78.74,78.74,106297.15,3.0
CCMFUT,12/30/2025 10:05:00,78.73,78.73,78.73,78.73,35427.34,1.0
CCMFUT,12/30/2025 10:01:00,78.74,78.74,78.74,78.74,248026.69,7.0
CCMFUT,12/30/2025 09:59:00,78.73,78.73,78.73,78.73,70854.69,2.0
CCMFUT,12/30/2025 09:56:00,78.73,78.75,78.73,78.75,212589.27,6.0
CCMFUT,12/30/2025 09:53:00,78.72,78.72,78.71,78.71,106261.88,3.0
CCMFUT,12/30/2025 09:52:00,78.76,78.76,78.76,78.76,70884.93,2.0
CCMFUT,12/30/2025 09:49:00,78.78,78.78,78.74,78.74,248107.32,7.0
CCMFUT,12/30/2025 09:48:00,78.75,78.77,78.75,78.77,141764.81,4.0
CCMFUT,12/30/2025 09:46:00,78.73,78.73,78.73,78.73,106282.03,3.0
CCMFUT,12/30/2025 09:45:00,78.73,78.73,78.73,78.73,35427.34,1.0
CCMFUT,12/30/2025 09:44:00,78.73,78.73,78.73,78.73,70854.69,2.0
CCMFUT,12/30/2025 09:41:00,78.73,78.73,78.73,78.73,35427.34,1.0
CCMFUT,12/30/2025 09:40:00,78.73,78.73,78.73,78.73,35427.34,1.0
CCMFUT,12/30/2025 09:35:00,78.73,78.73,78.73,78.73,283418.76,8.0
CCMFUT,12/30/2025 09:33:00,78.71,78.71,78.71,78.71,70834.53,2.0
CCMFUT,12/30/2025 09:31:00,78.69,78.69,78.69,78.69,35412.23,1.0
CCMFUT,12/30/2025 09:30:00,78.66,78.69,78.66,78.67,460243.04,13.0
CCMFUT,12/30/2025 09:29:00,78.66,78.67,78.66,78.67,354001.32,10.0
CCMFUT,12/30/2025 09:28:00,78.64,78.64,78.64,78.64,35387.03,1.0
CCMFUT,12/30/2025 09:24:00,78.66,78.66,78.66,78.66,35397.11,1.0
CCMFUT,12/30/2025 09:23:00,78.62,78.63,78.62,78.63,141512.84,4.0
CCMFUT,12/30/2025 09:22:00,78.62,78.62,78.58,78.6,707413.02,20.0
CCMFUT,12/30/2025 09:21:00,78.62,78.64,78.62,78.62,2228762.99,63.0
CCMFUT,12/30/2025 09:20:00,78.68,78.68,78.62,78.62,601705.48,17.0
CCMFUT,12/30/2025 09:18:00,78.67,78.73,78.67,78.73,991900.14,28.0
CCMFUT,12/30/2025 09:17:00,78.67,78.67,78.67,78.67,106206.44,3.0
CCMFUT,12/30/2025 09:16:00,78.66,78.68,78.66,78.68,318599.17,9.0
CCMFUT,12/30/2025 09:08:00,78.66,78.67,78.66,78.67,70799.26,2.0
CCMFUT,12/30/2025 09:07:00,78.62,78.65,78.62,78.65,1379761.53,39.0
CCMFUT,12/30/2025 09:06:00,78.65,78.65,78.65,78.65,35392.07,1.0
CCMFUT,12/30/2025 09:05:00,78.64,78.66,78.64,78.66,106171.17,3.0
CCMFUT,12/30/2025 09:04:00,78.63,78.68,78.63,78.68,920259.3,26.0
CCMFUT,12/30/2025 09:03:00,78.6,78.6,78.6,78.6,70743.82,2.0
CCMFUT,12/30/2025 09:01:00,78.65,78.65,78.58,78.58,70753.9,2.0
CCMFUT,12/30/2025 09:00:00,78.71,78.72,78.56,78.56,742895.8,21.0
CCMFUT,12/29/2025 17:05:00,78.54,78.87,78.54,78.78,2267909.45,64.0
CCMFUT,12/29/2025 16:19:00,78.65,78.69,78.65,78.66,424805.61,12.0
CCMFUT,12/29/2025 16:18:00,78.65,78.65,78.62,78.63,389196.85,11.0
CCMFUT,12/29/2025 16:17:00,78.68,78.68,78.65,78.65,601821.39,17.0
CCMFUT,12/29/2025 16:16:00,78.71,78.72,78.71,78.72,106261.88,3.0
CCMFUT,12/29/2025 16:14:00,78.76,78.76,78.74,78.74,496103.77,14.0
CCMFUT,12/29/2025 16:11:00,78.69,78.77,78.69,78.74,1098358.56,31.0
CCMFUT,12/29/2025 16:10:00,78.69,78.69,78.67,78.69,212463.28,6.0
CCMFUT,12/29/2025 16:09:00,78.71,78.73,78.71,78.73,70844.61,2.0
CCMFUT,12/29/2025 16:08:00,78.67,78.71,78.63,78.71,849560.83,24.0
CCMFUT,12/29/2025 16:02:00,78.69,78.69,78.69,78.69,35412.23,1.0
CCMFUT,12/29/2025 16:01:00,78.67,78.67,78.67,78.67,1168270.87,33.0
CCMFUT,12/29/2025 16:00:00,78.68,78.69,78.67,78.67,177046.01,5.0
CCMFUT,12/29/2025 15:59:00,78.68,78.68,78.67,78.67,141613.63,4.0
CCMFUT,12/29/2025 15:58:00,78.71,78.71,78.68,78.68,318725.16,9.0
CCMFUT,12/29/2025 15:56:00,78.72,78.72,78.71,78.72,425032.39,12.0
CCMFUT,12/29/2025 15:55:00,78.75,78.75,78.75,78.75,35437.42,1.0
CCMFUT,12/29/2025 15:53:00,78.77,78.77,78.77,78.77,177237.51,5.0
CCMFUT,12/29/2025 15:50:00,78.78,78.78,78.75,78.75,106332.43,3.0
CCMFUT,12/29/2025 15:47:00,78.78,78.78,78.78,78.78,35452.54,1.0
CCMFUT,12/29/2025 15:46:00,78.78,78.78,78.78,78.78,106357.63,3.0
CCMFUT,12/29/2025 15:45:00,78.76,78.76,78.74,78.75,141749.69,4.0
CCMFUT,12/29/2025 15:42:00,78.77,78.77,78.77,78.77,35447.5,1.0
CCMFUT,12/29/2025 15:40:00,78.74,78.78,78.74,78.78,212685.02,6.0
CCMFUT,12/29/2025 15:39:00,78.75,78.76,78.75,78.76,212639.66,6.0
CCMFUT,12/29/2025 15:38:00,78.74,78.74,78.74,78.74,35432.38,1.0
CCMFUT,12/29/2025 15:37:00,78.73,78.74,78.73,78.74,283433.88,8.0
CCMFUT,12/29/2025 15:36:00,78.69,78.69,78.69,78.69,106236.68,3.0
CCMFUT,12/29/2025 15:30:00,78.67,78.69,78.67,78.69,247865.43,7.0
CCMFUT,12/29/2025 15:25:00,78.68,78.68,78.68,78.68,106221.56,3.0
CCMFUT,12/29/2025 15:24:00,78.67,78.67,78.67,78.67,35402.15,1.0
CCMFUT,12/29/2025 15:23:00,78.68,78.68,78.68,78.68,35407.19,1.0
CCMFUT,12/29/2025 15:21:00,78.68,78.68,78.65,78.67,991255.09,28.0
CCMFUT,12/29/2025 15:20:00,78.68,78.68,78.68,78.68,35407.19,1.0
CCMFUT,12/29/2025 15:17:00,78.67,78.68,78.67,78.68,177025.86,5.0
CCMFUT,12/29/2025 15:15:00,78.67,78.67,78.67,78.67,495630.07,14.0
CCMFUT,12/29/2025 15:14:00,78.68,78.68,78.67,78.67,141613.63,4.0
CCMFUT,12/29/2025 15:13:00,78.68,78.68,78.67,78.67,212428.0,6.0
CCMFUT,12/29/2025 15:12:00,78.68,78.72,78.68,78.72,354137.38,10.0
CCMFUT,12/29/2025 15:11:00,78.73,78.74,78.73,78.73,283423.8,8.0
CCMFUT,12/29/2025 15:10:00,78.71,78.73,78.71,78.73,70844.61,2.0
CCMFUT,12/29/2025 15:05:00,78.69,78.71,78.69,78.71,70829.49,2.0
CCMFUT,12/29/2025 15:00:00,78.67,78.75,78.67,78.74,1098156.98,31.0
CCMFUT,12/29/2025 14:55:00,78.68,78.73,78.68,78.73,212523.75,6.0
CCMFUT,12/29/2025 14:54:00,78.69,78.69,78.69,78.69,141648.91,4.0
CCMFUT,12/29/2025 14:53:00,78.67,78.67,78.67,78.67,141608.59,4.0
CCMFUT,12/29/2025 14:45:00,78.68,78.68,78.68,78.68,35407.19,1.0
CCMFUT,12/29/2025 14:43:00,78.67,78.69,78.67,78.69,177046.01,5.0
CCMFUT,12/29/2025 14:40:00,78.67,78.68,78.67,78.67,141613.63,4.0
CCMFUT,12/29/2025 14:38:00,78.67,78.67,78.67,78.67,70804.3,2.0
CCMFUT,12/29/2025 14:36:00,78.67,78.67,78.67,78.67,35402.15,1.0
CCMFUT,12/29/2025 14:34:00,78.65,78.65,78.65,78.65,70784.14,2.0
CCMFUT,12/29/2025 14:33:00,78.62,78.63,78.62,78.63,176894.83,5.0
CCMFUT,12/29/2025 14:31:00,78.57,78.57,78.57,78.57,70713.58,2.0
CCMFUT,12/29/2025 14:30:00,78.54,78.54,78.54,78.54,35341.67,1.0
CCMFUT,12/29/2025 14:28:00,78.56,78.56,78.56,78.56,70703.51,2.0
CCMFUT,12/29/2025 14:27:00,78.58,78.58,78.51,78.53,1590622.27,45.0
CCMFUT,12/29/2025 14:25:00,78.65,78.65,78.62,78.62,849132.48,24.0
CCMFUT,12/29/2025 14:23:00,78.65,78.65,78.65,78.65,35392.07,1.0
CCMFUT,12/29/2025 14:22:00,78.67,78.67,78.62,78.64,778539.84,22.0
CCMFUT,12/29/2025 14:20:00,78.68,78.68,78.68,78.68,70814.37,2.0
CCMFUT,12/29/2025 14:15:00,78.68,78.72,78.68,78.72,70829.49,2.0
CCMFUT,12/29/2025 14:13:00,78.69,78.69,78.69,78.69,354122.26,10.0
CCMFUT,12/29/2025 14:11:00,78.75,78.75,78.75,78.75,35437.42,1.0
CCMFUT,12/29/2025 14:10:00,78.72,78.72,78.72,78.72,35422.31,1.0
CCMFUT,12/29/2025 14:07:00,78.73,78.73,78.73,78.73,70854.69,2.0
CCMFUT,12/29/2025 14:05:00,78.71,78.71,78.71,78.71,106251.8,3.0
CCMFUT,12/29/2025 14:03:00,78.74,78.74,78.72,78.72,70854.69,2.0
CCMFUT,12/29/2025 14:02:00,78.75,78.77,78.75,78.77,70884.93,2.0
CCMFUT,12/29/2025 14:01:00,78.77,78.81,78.77,78.78,389962.84,11.0
CCMFUT,12/29/2025 14:00:00,78.77,78.82,78.75,78.75,425390.19,12.0
CCMFUT,12/29/2025 13:59:00,78.83,78.83,78.75,78.81,496350.71,14.0
CCMFUT,12/29/2025 13:58:00,78.78,78.83,78.78,78.83,602768.81,17.0
CCMFUT,12/29/2025 13:57:00,78.73,78.78,78.73,78.78,496128.97,14.0
CCMFUT,12/29/2025 13:56:00,78.72,78.72,78.72,78.72,35422.31,1.0
CCMFUT,12/29/2025 13:55:00,78.67,78.67,78.66,78.66,70799.26,2.0
CCMFUT,12/29/2025 13:54:00,78.66,78.69,78.66,78.69,106206.44,3.0
CCMFUT,12/29/2025 13:49:00,78.64,78.64,78.64,78.64,106161.09,3.0
CCMFUT,12/29/2025 13:45:00,78.63,78.63,78.63,78.63,35381.99,1.0
CCMFUT,12/29/2025 13:42:00,78.65,78.65,78.65,78.65,106176.21,3.0
CCMFUT,12/29/2025 13:41:00,78.63,78.63,78.63,78.63,35381.99,1.0
CCMFUT,12/29/2025 13:40:00,78.59,78.59,78.59,78.59,35366.87,1.0
CCMFUT,12/29/2025 13:39:00,78.6,78.6,78.6,78.6,141487.64,4.0
CCMFUT,12/29/2025 13:38:00,78.63,78.63,78.62,78.62,106140.93,3.0
CCMFUT,12/29/2025 13:37:00,78.65,78.65,78.65,78.65,176960.34,5.0
CCMFUT,12/29/2025 13:36:00,78.64,78.64,78.64,78.64,35387.03,1.0
CCMFUT,12/29/2025 13:35:00,78.64,78.65,78.64,78.65,212337.29,6.0
CCMFUT,12/29/2025 13:34:00,78.57,78.63,78.57,78.63,495171.48,14.0
CCMFUT,12/29/2025 13:33:00,78.57,78.57,78.57,78.57,35356.79,1.0
CCMFUT,12/29/2025 13:30:00,78.54,78.56,78.54,78.56,70693.43,2.0
CCMFUT,12/29/2025 13:27:00,78.55,78.56,78.55,78.56,247442.11,7.0
CCMFUT,12/29/2025 13:26:00,78.56,78.56,78.5,78.55,1484219.29,42.0
CCMFUT,12/29/2025 13:25:00,78.56,78.59,78.56,78.59,70718.62,2.0
CCMFUT,12/29/2025 13:23:00,78.6,78.62,78.6,78.62,778287.87,22.0
CCMFUT,12/29/2025 13:22:00,78.57,78.62,78.57,78.62,282960.17,8.0
CCMFUT,12/29/2025 13:21:00,78.55,78.55,78.55,78.55,70693.43,2.0
CCMFUT,12/29/2025 13:20:00,78.55,78.55,78.54,78.54,212065.16,6.0
CCMFUT,12/29/2025 13:19:00,78.59,78.59,78.57,78.57,106085.5,3.0
CCMFUT,12/29/2025 13:18:00,78.63,78.63,78.59,78.62,247653.77,7.0
CCMFUT,12/29/2025 13:15:00,78.62,78.62,78.62,78.62,35376.95,1.0
CCMFUT,12/29/2025 13:10:00,78.62,78.62,78.62,78.62,35376.95,1.0
CCMFUT,12/29/2025 13:06:00,78.65,78.65,78.65,78.65,35392.07,1.0
CCMFUT,12/29/2025 13:05:00,78.62,78.62,78.6,78.62,318387.51,9.0
CCMFUT,12/29/2025 13:00:00,78.6,78.64,78.6,78.64,70758.94,2.0
CCMFUT,12/29/2025 12:59:00,78.65,78.65,78.65,78.65,35392.07,1.0
CCMFUT,12/29/2025 12:58:00,78.6,78.62,78.6,78.62,176874.67,5.0
CCMFUT,12/29/2025 12:57:00,78.58,78.58,78.58,78.58,141447.33,4.0
CCMFUT,12/29/2025 12:56:00,78.56,78.56,78.55,78.55,70698.47,2.0
CCMFUT,12/29/2025 12:55:00,78.58,78.58,78.58,78.58,70723.66,2.0
CCMFUT,12/29/2025 12:45:00,78.59,78.62,78.59,78.62,212251.62,6.0
CCMFUT,12/29/2025 12:40:00,78.6,78.6,78.6,78.6,247603.38,7.0
CCMFUT,12/29/2025 12:35:00,78.62,78.62,78.62,78.62,35376.95,1.0
CCMFUT,12/29/2025 12:32:00,78.62,78.64,78.62,78.64,106140.93,3.0
CCMFUT,12/29/2025 12:30:00,78.56,78.56,78.56,78.56,35351.75,1.0
CCMFUT,12/29/2025 12:28:00,78.59,78.59,78.59,78.59,176834.36,5.0
CCMFUT,12/29/2025 12:20:00,78.6,78.6,78.6,78.6,35371.91,1.0
CCMFUT,12/29/2025 12:17:00,78.62,78.62,78.62,78.62,141507.8,4.0
CCMFUT,12/29/2025 12:16:00,78.59,78.62,78.59,78.62,176874.67,5.0
CCMFUT,12/29/2025 12:15:00,78.6,78.6,78.58,78.59,176834.36,5.0
CCMFUT,12/29/2025 12:11:00,78.59,78.62,78.59,78.62,247618.49,7.0
CCMFUT,12/29/2025 12:09:00,78.56,78.57,78.56,78.57,141422.13,4.0
CCMFUT,12/29/2025 12:07:00,78.55,78.55,78.55,78.55,106040.14,3.0
CCMFUT,12/29/2025 12:06:00,78.53,78.53,78.51,78.51,388652.59,11.0
CCMFUT,12/29/2025 12:05:00,78.57,78.57,78.56,78.56,141412.05,4.0
CCMFUT,12/29/2025 12:02:00,78.6,78.6,78.6,78.6,35371.91,1.0
CCMFUT,12/29/2025 12:01:00,78.57,78.57,78.57,78.57,35356.79,1.0
CCMFUT,12/29/2025 12:00:00,78.55,78.6,78.55,78.57,106075.42,3.0
CCMFUT,12/29/2025 11:58:00,78.54,78.58,78.53,78.58,353497.37,10.0
CCMFUT,12/29/2025 11:56:00,78.63,78.63,78.62,78.62,389151.49,11.0
CCMFUT,12/29/2025 11:53:00,78.62,78.63,78.62,78.63,778328.18,22.0
CCMFUT,12/29/2025 11:50:00,78.62,78.62,78.62,78.62,35376.95,1.0
CCMFUT,12/29/2025 11:49:00,78.59,78.63,78.59,78.62,707478.53,20.0
CCMFUT,12/29/2025 11:48:00,78.62,78.62,78.62,78.62,353769.5,10.0
CCMFUT,12/29/2025 11:45:00,78.63,78.63,78.63,78.63,35381.99,1.0
CCMFUT,12/29/2025 11:43:00,78.62,78.62,78.6,78.62,247633.61,7.0
CCMFUT,12/29/2025 11:42:00,78.6,78.62,78.6,78.62,212236.5,6.0
CCMFUT,12/29/2025 11:41:00,78.58,78.6,78.58,78.6,3041807.95,86.0
CCMFUT,12/29/2025 11:40:00,78.54,78.55,78.49,78.55,530094.88,15.0
CCMFUT,12/29/2025 11:39:00,78.68,78.68,78.51,78.53,2546722.15,72.0
CCMFUT,12/29/2025 11:35:00,78.72,78.72,78.72,78.72,35422.31,1.0
CCMFUT,12/29/2025 11:34:00,78.75,78.75,78.75,78.75,35437.42,1.0
CCMFUT,12/29/2025 11:32:00,78.77,78.81,78.77,78.81,354575.82,10.0
CCMFUT,12/29/2025 11:31:00,78.77,78.77,78.77,78.77,35447.5,1.0
CCMFUT,12/29/2025 11:30:00,78.69,78.72,78.69,78.72,177101.45,5.0
CCMFUT,12/29/2025 11:29:00,78.69,78.72,78.69,78.72,106251.8,3.0
CCMFUT,12/29/2025 11:27:00,78.65,78.66,78.65,78.66,106181.25,3.0
CCMFUT,12/29/2025 11:26:00,78.63,78.63,78.6,78.63,247653.77,7.0
CCMFUT,12/29/2025 11:20:00,78.67,78.67,78.67,78.67,70804.3,2.0
CCMFUT,12/29/2025 11:18:00,78.67,78.67,78.67,78.67,177010.74,5.0
CCMFUT,12/29/2025 11:17:00,78.66,78.67,78.66,78.67,106196.36,3.0
CCMFUT,12/29/2025 11:16:00,78.65,78.65,78.64,78.65,176950.26,5.0
CCMFUT,12/29/2025 11:15:00,78.65,78.65,78.65,78.65,35392.07,1.0
CCMFUT,12/29/2025 11:13:00,78.67,78.67,78.67,78.67,35402.15,1.0
CCMFUT,12/29/2025 11:12:00,78.68,78.68,78.68,78.68,106221.56,3.0
CCMFUT,12/29/2025 11:11:00,78.66,78.69,78.66,78.69,283202.06,8.0
CCMFUT,12/29/2025 11:10:00,78.69,78.69,78.64,78.64,566399.08,16.0
CCMFUT,12/29/2025 11:05:00,78.74,78.74,78.72,78.72,106276.99,3.0
CCMFUT,12/29/2025 11:04:00,78.74,78.76,78.74,78.76,248056.93,7.0
CCMFUT,12/29/2025 11:03:00,78.75,78.75,78.75,78.75,106312.27,3.0
CCMFUT,12/29/2025 11:00:00,78.72,78.76,78.72,78.76,248021.65,7.0
CCMFUT,12/29/2025 10:58:00,78.74,78.74,78.74,78.74,35432.38,1.0
CCMFUT,12/29/2025 10:56:00,78.71,78.78,78.71,78.78,673346.33,19.0
CCMFUT,12/29/2025 10:54:00,78.69,78.72,78.69,78.72,318750.35,9.0
CCMFUT,12/29/2025 10:50:00,78.68,78.68,78.68,78.68,35407.19,1.0
CCMFUT,12/29/2025 10:47:00,78.74,78.74,78.74,78.74,35432.38,1.0
CCMFUT,12/29/2025 10:46:00,78.73,78.76,78.73,78.76,354409.51,10.0
CCMFUT,12/29/2025 10:45:00,78.69,78.72,78.69,78.72,141669.06,4.0
CCMFUT,12/29/2025 10:43:00,78.71,78.73,78.71,78.73,141684.18,4.0
CCMFUT,12/29/2025 10:42:00,78.69,78.69,78.69,78.69,106236.68,3.0
CCMFUT,12/29/2025 10:41:00,78.74,78.76,78.72,78.72,531445.45,15.0
CCMFUT,12/29/2025 10:39:00,78.76,78.76,78.76,78.76,141769.85,4.0
CCMFUT,12/29/2025 10:38:00,78.78,78.78,78.73,78.74,673467.27,19.0
CCMFUT,12/29/2025 10:35:00,78.78,78.78,78.78,78.78,35452.54,1.0
CCMFUT,12/29/2025 10:34:00,78.83,78.83,78.78,78.78,780273.41,22.0
CCMFUT,12/29/2025 10:33:00,78.86,78.86,78.86,78.86,70975.64,2.0
CCMFUT,12/29/2025 10:31:00,78.87,78.91,78.86,78.87,425954.61,12.0
CCMFUT,12/29/2025 10:29:00,78.86,78.91,78.86,78.88,780999.09,22.0
CCMFUT,12/29/2025 10:26:00,78.87,78.87,78.85,78.85,106468.49,3.0
CCMFUT,12/29/2025 10:25:00,78.85,78.85,78.85,78.85,461276.12,13.0
CCMFUT,12/29/2025 10:23:00,78.87,78.87,78.86,78.86,141956.31,4.0
CCMFUT,12/29/2025 10:21:00,78.92,78.92,78.91,78.91,390592.78,11.0
CCMFUT,12/29/2025 10:20:00,78.88,78.93,78.88,78.93,355099.92,10.0
CCMFUT,12/29/2025 10:19:00,78.88,78.93,78.88,78.92,958720.39,27.0
CCMFUT,12/29/2025 10:18:00,78.9,78.91,78.88,78.88,497031.03,14.0
CCMFUT,12/29/2025 10:17:00,78.86,78.88,78.85,78.85,780686.65,22.0
CCMFUT,12/29/2025 10:16:00,78.86,78.87,78.86,78.87,70980.68,2.0
CCMFUT,12/29/2025 10:15:00,78.81,78.81,78.81,78.81,35462.62,1.0
CCMFUT,12/29/2025 10:14:00,78.79,78.84,78.78,78.84,1489243.62,42.0
CCMFUT,12/29/2025 10:13:00,78.83,78.83,78.82,78.82,106413.06,3.0
CCMFUT,12/29/2025 10:12:00,78.82,78.87,78.78,78.79,1205658.56,34.0
CCMFUT,12/29/2025 10:11:00,78.76,78.82,78.76,78.82,354565.74,10.0
CCMFUT,12/29/2025 10:09:00,78.69,78.74,78.69,78.74,743903.69,21.0
CCMFUT,12/29/2025 10:08:00,78.62,78.66,78.62,78.66,389166.61,11.0
CCMFUT,12/29/2025 10:07:00,78.57,78.57,78.57,78.57,70713.58,2.0
CCMFUT,12/29/2025 10:05:00,78.53,78.53,78.53,78.53,35336.63,1.0
CCMFUT,12/29/2025 10:04:00,78.53,78.57,78.53,78.56,424190.8,12.0
CCMFUT,12/29/2025 10:03:00,78.53,78.53,78.53,78.53,35336.63,1.0
CCMFUT,12/29/2025 10:02:00,78.53,78.53,78.51,78.51,70668.23,2.0
CCMFUT,12/29/2025 10:01:00,78.56,78.56,78.56,78.56,35351.75,1.0
CCMFUT,12/29/2025 10:00:00,78.55,78.6,78.55,78.57,565703.64,16.0
CCMFUT,12/29/2025 09:59:00,78.54,78.54,78.54,78.54,35341.67,1.0
CCMFUT,12/29/2025 09:58:00,78.54,78.54,78.53,78.53,176693.25,5.0
CCMFUT,12/29/2025 09:57:00,78.55,78.55,78.55,78.55,106040.14,3.0
CCMFUT,12/29/2025 09:54:00,78.57,78.57,78.51,78.55,424226.08,12.0
CCMFUT,12/29/2025 09:52:00,78.48,78.51,78.41,78.49,1624124.54,46.0
CCMFUT,12/29/2025 09:51:00,78.47,78.47,78.47,78.47,176557.19,5.0
CCMFUT,12/29/2025 09:50:00,78.54,78.55,78.45,78.46,918334.23,26.0
CCMFUT,12/29/2025 09:47:00,78.57,78.57,78.57,78.57,35356.79,1.0
CCMFUT,12/29/2025 09:46:00,78.57,78.57,78.56,78.57,247492.51,7.0
CCMFUT,12/29/2025 09:45:00,78.53,78.59,78.53,78.59,388889.44,11.0
CCMFUT,12/29/2025 09:44:00,78.55,78.55,78.55,78.55,35346.71,1.0
CCMFUT,12/29/2025 09:43:00,78.57,78.57,78.57,78.57,176783.96,5.0
CCMFUT,12/29/2025 09:42:00,78.55,78.55,78.55,78.55,35346.71,1.0
CCMFUT,12/29/2025 09:41:00,78.48,78.5,78.48,78.5,494541.54,14.0
CCMFUT,12/29/2025 09:40:00,78.44,78.48,78.44,78.48,529525.42,15.0
CCMFUT,12/29/2025 09:39:00,78.47,78.47,78.45,78.45,70612.8,2.0
CCMFUT,12/29/2025 09:38:00,78.51,78.51,78.51,78.51,35331.6,1.0
CCMFUT,12/29/2025 09:36:00,78.51,78.51,78.51,78.51,35331.6,1.0
CCMFUT,12/29/2025 09:35:00,78.54,78.54,78.51,78.51,106009.9,3.0
CCMFUT,12/29/2025 09:32:00,78.53,78.57,78.53,78.57,176738.61,5.0
CCMFUT,12/29/2025 09:28:00,78.56,78.56,78.56,78.56,35351.75,1.0
CCMFUT,12/29/2025 09:27:00,78.54,78.57,78.5,78.56,1060477.0,30.0
CCMFUT,12/29/2025 09:26:00,78.57,78.57,78.57,78.57,35356.79,1.0
CCMFUT,12/29/2025 09:25:00,78.6,78.6,78.57,78.57,141462.45,4.0
CCMFUT,12/29/2025 09:24:00,78.63,78.63,78.63,78.63,106145.97,3.0
CCMFUT,12/29/2025 09:21:00,78.63,78.63,78.63,78.63,35381.99,1.0
CCMFUT,12/29/2025 09:18:00,78.63,78.66,78.63,78.66,247759.6,7.0
CCMFUT,12/29/2025 09:17:00,78.67,78.67,78.67,78.67,35402.15,1.0
CCMFUT,12/29/2025 09:16:00,78.63,78.67,78.63,78.66,176975.46,5.0
CCMFUT,12/29/2025 09:15:00,78.67,78.67,78.64,78.65,389307.72,11.0
CCMFUT,12/29/2025 09:14:00,78.69,78.73,78.67,78.73,389529.45,11.0
CCMFUT,12/29/2025 09:13:00,78.66,78.71,78.65,78.71,318639.49,9.0
CCMFUT,12/29/2025 09:10:00,78.59,78.69,78.59,78.69,1132616.75,32.0
CCMFUT,12/29/2025 09:09:00,78.57,78.57,78.57,78.57,35356.79,1.0
CCMFUT,12/29/2025 09:07:00,78.56,78.58,78.53,78.53,247426.99,7.0
CCMFUT,12/29/2025 09:06:00,78.55,78.56,78.55,78.56,70698.47,2.0
CCMFUT,12/29/2025 09:05:00,78.53,78.54,78.53,78.53,141356.62,4.0
CCMFUT,12/29/2025 09:04:00,78.5,78.55,78.5,78.55,70673.27,2.0
CCMFUT,12/29/2025 09:03:00,78.5,78.5,78.5,78.5,35326.56,1.0
CCMFUT,12/29/2025 09:02:00,78.56,78.56,78.56,78.56,106055.26,3.0
CCMFUT,12/29/2025 09:01:00,78.47,78.59,78.47,78.54,671380.94,19.0
CCMFUT,12/29/2025 09:00:00,78.47,78.51,78.36,78.48,1165292.55,33.0
CCMFUT,12/26/2025 17:14:00,78.67,78.93,78.53,78.93,2479374.91,70.0
CCMFUT,12/26/2025 16:19:00,78.49,78.55,78.46,78.49,2190478.27,62.0
CCMFUT,12/26/2025 16:18:00,78.53,78.53,78.49,78.49,211964.37,6.0
CCMFUT,12/26/2025 16:17:00,78.57,78.57,78.57,78.57,35356.79,1.0
CCMFUT,12/26/2025 16:15:00,78.48,78.57,78.48,78.57,1978392.95,56.0
CCMFUT,12/26/2025 16:14:00,78.5,78.5,78.45,78.45,1483609.51,42.0
CCMFUT,12/26/2025 16:13:00,78.41,78.51,78.4,78.5,1941403.38,55.0
CCMFUT,12/26/2025 16:12:00,78.43,78.44,78.4,78.41,1199893.43,34.0
CCMFUT,12/26/2025 16:11:00,78.43,78.45,78.4,78.4,1340846.89,38.0
CCMFUT,12/26/2025 16:10:00,78.68,78.68,78.4,78.48,25888413.78,733.0
CCMFUT,12/26/2025 16:07:00,78.69,78.69,78.68,78.68,106231.64,3.0
CCMFUT,12/26/2025 16:06:00,78.73,78.73,78.73,78.73,141709.38,4.0
CCMFUT,12/26/2025 16:05:00,78.73,78.76,78.73,78.74,708793.83,20.0
CCMFUT,12/26/2025 16:04:00,78.73,78.73,78.73,78.73,70854.69,2.0
CCMFUT,12/26/2025 16:03:00,78.73,78.73,78.73,78.73,141709.38,4.0
CCMFUT,12/26/2025 16:02:00,78.76,78.76,78.76,78.76,35442.46,1.0
CCMFUT,12/26/2025 16:01:00,78.77,78.77,78.76,78.76,70889.97,2.0
CCMFUT,12/26/2025 16:00:00,78.67,78.76,78.67,78.76,1027216.62,29.0
CCMFUT,12/26/2025 15:56:00,78.68,78.71,78.68,78.69,849797.68,24.0
CCMFUT,12/26/2025 15:53:00,78.66,78.66,78.66,78.66,106191.32,3.0
CCMFUT,12/26/2025 15:52:00,78.64,78.65,78.64,78.65,318503.42,9.0
CCMFUT,12/26/2025 15:50:00,78.63,78.63,78.63,78.63,35381.99,1.0
CCMFUT,12/26/2025 15:48:00,78.62,78.62,78.62,78.62,35376.95,1.0
CCMFUT,12/26/2025 15:47:00,78.63,78.63,78.62,78.62,778318.1,22.0
CCMFUT,12/26/2025 15:46:00,78.64,78.64,78.64,78.64,70774.06,2.0
CCMFUT,12/26/2025 15:35:00,78.64,78.64,78.64,78.64,35387.03,1.0
CCMFUT,12/26/2025 15:32:00,78.66,78.66,78.66,78.66,424765.3,12.0
CCMFUT,12/26/2025 15:31:00,78.64,78.65,78.64,78.65,601655.09,17.0
CCMFUT,12/26/2025 15:30:00,78.63,78.65,78.63,78.65,1026208.73,29.0
CCMFUT,12/26/2025 15:27:00,78.63,78.63,78.63,78.63,176909.95,5.0
CCMFUT,12/26/2025 15:26:00,78.71,78.71,78.62,78.62,6547603.25,185.0
CCMFUT,12/26/2025 15:25:00,78.73,78.73,78.73,78.73,70854.69,2.0
CCMFUT,12/26/2025 15:20:00,78.71,78.71,78.71,78.71,35417.27,1.0
CCMFUT,12/26/2025 15:18:00,78.72,78.72,78.72,78.72,354223.05,10.0
CCMFUT,12/26/2025 15:17:00,78.74,78.74,78.71,78.71,354197.86,10.0
CCMFUT,12/26/2025 15:11:00,78.71,78.74,78.71,78.74,354243.21,10.0
CCMFUT,12/26/2025 15:09:00,78.68,78.68,78.68,78.68,70814.37,2.0
CCMFUT,12/26/2025 15:05:00,78.68,78.68,78.68,78.68,35407.19,1.0
CCMFUT,12/26/2025 15:03:00,78.71,78.71,78.69,78.69,177076.25,5.0
CCMFUT,12/26/2025 15:00:00,78.71,78.71,78.71,78.71,141669.06,4.0
CCMFUT,12/26/2025 14:57:00,78.67,78.67,78.67,78.67,212412.89,6.0
CCMFUT,12/26/2025 14:55:00,78.65,78.65,78.65,78.65,743233.44,21.0
CCMFUT,12/26/2025 14:54:00,78.66,78.66,78.65,78.65,176970.42,5.0
CCMFUT,12/26/2025 14:52:00,78.68,78.69,78.68,78.68,318689.88,9.0
CCMFUT,12/26/2025 14:50:00,78.67,78.68,78.67,78.68,70809.33,2.0
CCMFUT,12/26/2025 14:49:00,78.67,78.68,78.64,78.67,2477727.01,70.0
CCMFUT,12/26/2025 14:46:00,78.68,78.68,78.67,78.67,1840936.87,52.0
CCMFUT,12/26/2025 14:45:00,78.69,78.72,78.69,78.69,389554.65,11.0
CCMFUT,12/26/2025 14:44:00,78.67,78.67,78.67,78.67,1416085.9,40.0
CCMFUT,12/26/2025 14:42:00,78.66,78.68,78.66,78.67,1062119.86,30.0
CCMFUT,12/26/2025 14:41:00,78.66,78.66,78.65,78.65,566288.22,16.0
CCMFUT,12/26/2025 14:40:00,78.65,78.69,78.65,78.67,531012.06,15.0
CCMFUT,12/26/2025 14:36:00,78.66,78.67,78.64,78.66,1946377.32,55.0
CCMFUT,12/26/2025 14:34:00,78.69,78.69,78.67,78.67,531062.45,15.0
CCMFUT,12/26/2025 14:33:00,78.68,78.68,78.67,78.67,424835.85,12.0
CCMFUT,12/26/2025 14:32:00,78.68,78.69,78.67,78.69,177025.86,5.0
CCMFUT,12/26/2025 14:31:00,78.68,78.68,78.68,78.68,35407.19,1.0
CCMFUT,12/26/2025 14:28:00,78.66,78.69,78.66,78.69,354006.36,10.0
CCMFUT,12/26/2025 14:27:00,78.65,78.65,78.65,78.65,106176.21,3.0
CCMFUT,12/26/2025 14:26:00,78.65,78.65,78.65,78.65,70784.14,2.0
CCMFUT,12/26/2025 14:25:00,78.64,78.64,78.64,78.64,566192.47,16.0
CCMFUT,12/26/2025 14:21:00,78.65,78.65,78.65,78.65,141568.27,4.0
CCMFUT,12/26/2025 14:19:00,78.64,78.64,78.64,78.64,70774.06,2.0
CCMFUT,12/26/2025 14:16:00,78.65,78.65,78.65,78.65,495488.96,14.0
CCMFUT,12/26/2025 14:13:00,78.67,78.67,78.66,78.66,141598.51,4.0
CCMFUT,12/26/2025 14:12:00,78.67,78.71,78.67,78.71,106221.56,3.0
CCMFUT,12/26/2025 14:11:00,78.68,78.68,78.67,78.67,141613.63,4.0
CCMFUT,12/26/2025 14:10:00,78.68,78.68,78.68,78.68,35407.19,1.0
CCMFUT,12/26/2025 14:09:00,78.66,78.73,78.66,78.72,460394.22,13.0
CCMFUT,12/26/2025 14:03:00,78.64,78.64,78.64,78.64,35387.03,1.0
CCMFUT,12/26/2025 14:02:00,78.64,78.64,78.64,78.64,176935.15,5.0
CCMFUT,12/26/2025 14:01:00,78.65,78.65,78.65,78.65,35392.07,1.0
CCMFUT,12/26/2025 14:00:00,78.68,78.68,78.63,78.63,1628065.39,46.0
CCMFUT,12/26/2025 13:59:00,78.69,78.69,78.69,78.69,106236.68,3.0
CCMFUT,12/26/2025 13:58:00,78.69,78.72,78.69,78.69,495796.37,14.0
CCMFUT,12/26/2025 13:57:00,78.73,78.73,78.69,78.69,283368.36,8.0
CCMFUT,12/26/2025 13:56:00,78.73,78.73,78.73,78.73,212564.07,6.0
CCMFUT,12/26/2025 13:55:00,78.73,78.75,78.73,78.73,1594275.87,45.0
CCMFUT,12/26/2025 13:54:00,78.73,78.74,78.73,78.74,425158.37,12.0
CCMFUT,12/26/2025 13:53:00,78.72,78.72,78.72,78.72,35422.31,1.0
CCMFUT,12/26/2025 13:50:00,78.72,78.72,78.72,78.72,70844.61,2.0
CCMFUT,12/26/2025 13:49:00,78.71,78.71,78.71,78.71,141669.06,4.0
CCMFUT,12/26/2025 13:48:00,78.73,78.73,78.68,78.68,2196419.79,62.0
CCMFUT,12/26/2025 13:47:00,78.75,78.75,78.73,78.73,2302822.77,65.0
CCMFUT,12/26/2025 13:46:00,78.73,78.75,78.73,78.75,566882.87,16.0
CCMFUT,12/26/2025 13:40:00,78.72,78.72,78.72,78.72,35422.31,1.0
CCMFUT,12/26/2025 13:36:00,78.73,78.73,78.73,78.73,177136.72,5.0
CCMFUT,12/26/2025 13:34:00,78.74,78.74,78.73,78.73,354288.57,10.0
CCMFUT,12/26/2025 13:33:00,78.69,78.78,78.69,78.73,779537.65,22.0
CCMFUT,12/26/2025 13:32:00,78.69,78.69,78.69,78.69,70824.45,2.0
CCMFUT,12/26/2025 13:30:00,78.71,78.71,78.71,78.71,35417.27,1.0
CCMFUT,12/26/2025 13:29:00,78.69,78.73,78.69,78.72,1239851.24,35.0
CCMFUT,12/26/2025 13:28:00,78.68,78.68,78.68,78.68,141628.75,4.0
CCMFUT,12/26/2025 13:27:00,78.74,78.74,78.67,78.67,1948302.39,55.0
CCMFUT,12/26/2025 13:26:00,78.76,78.77,78.73,78.74,885849.92,25.0
CCMFUT,12/26/2025 13:25:00,78.73,78.75,78.73,78.74,141724.5,4.0
CCMFUT,12/26/2025 13:24:00,78.74,78.74,78.74,78.74,318891.46,9.0
CCMFUT,12/26/2025 13:21:00,78.73,78.74,78.73,78.73,1629662.9,46.0
CCMFUT,12/26/2025 13:20:00,78.75,78.75,78.74,78.74,248041.81,7.0
CCMFUT,12/26/2025 13:19:00,78.73,78.75,78.73,78.75,318881.38,9.0
CCMFUT,12/26/2025 13:15:00,78.71,78.71,78.71,78.71,35417.27,1.0
CCMFUT,12/26/2025 13:13:00,78.71,78.74,78.71,78.73,1168870.56,33.0
CCMFUT,12/26/2025 13:07:00,78.69,78.69,78.69,78.69,106236.68,3.0
CCMFUT,12/26/2025 13:04:00,78.76,78.76,78.68,78.69,6908624.52,195.0
CCMFUT,12/26/2025 13:03:00,78.76,78.76,78.76,78.76,354424.63,10.0
CCMFUT,12/26/2025 13:02:00,78.76,78.77,78.76,78.76,1063299.09,30.0
CCMFUT,12/26/2025 13:01:00,78.76,78.76,78.76,78.76,141769.85,4.0
CCMFUT,12/26/2025 13:00:00,78.76,78.77,78.76,78.76,2799979.79,79.0
CCMFUT,12/26/2025 12:57:00,78.78,78.78,78.76,78.77,886147.25,25.0
CCMFUT,12/26/2025 12:55:00,78.78,78.79,78.78,78.79,177267.75,5.0
CCMFUT,12/26/2025 12:49:00,78.81,78.81,78.81,78.81,35462.62,1.0
CCMFUT,12/26/2025 12:48:00,78.79,78.79,78.79,78.79,141830.33,4.0
CCMFUT,12/26/2025 12:47:00,78.79,78.79,78.79,78.79,35457.58,1.0
CCMFUT,12/26/2025 12:45:00,78.76,78.78,78.76,78.78,141800.09,4.0
CCMFUT,12/26/2025 12:41:00,78.78,78.79,78.78,78.79,283635.45,8.0
CCMFUT,12/26/2025 12:40:00,78.77,78.77,78.77,78.77,70895.01,2.0
CCMFUT,12/26/2025 12:38:00,78.78,78.81,78.78,78.79,921882.0,26.0
CCMFUT,12/26/2025 12:32:00,78.76,78.77,78.76,78.77,141774.89,4.0
CCMFUT,12/26/2025 12:30:00,78.77,78.77,78.76,78.76,673462.23,19.0
CCMFUT,12/26/2025 12:29:00,78.78,78.78,78.78,78.78,177262.71,5.0
CCMFUT,12/26/2025 12:25:00,78.78,78.78,78.76,78.77,1063369.64,30.0
CCMFUT,12/26/2025 12:24:00,78.78,78.79,78.78,78.78,390023.32,11.0
CCMFUT,12/26/2025 12:23:00,78.78,78.79,78.78,78.79,319098.08,9.0
CCMFUT,12/26/2025 12:20:00,78.81,78.85,78.81,78.85,602950.23,17.0
CCMFUT,12/26/2025 12:18:00,78.81,78.81,78.81,78.81,212775.73,6.0
CCMFUT,12/26/2025 12:17:00,78.78,78.79,78.78,78.79,141825.29,4.0
CCMFUT,12/26/2025 12:15:00,78.78,78.78,78.78,78.78,106357.63,3.0
CCMFUT,12/26/2025 12:14:00,78.81,78.82,78.81,78.82,141855.52,4.0
CCMFUT,12/26/2025 12:11:00,78.76,78.78,78.76,78.78,567190.28,16.0
CCMFUT,12/26/2025 12:10:00,78.78,78.78,78.78,78.78,35452.54,1.0
CCMFUT,12/26/2025 12:08:00,78.84,78.84,78.76,78.76,815524.37,23.0
CCMFUT,12/26/2025 12:07:00,78.84,78.84,78.84,78.84,35477.74,1.0
CCMFUT,12/26/2025 12:06:00,78.84,78.86,78.84,78.86,461276.12,13.0
CCMFUT,12/26/2025 12:05:00,78.83,78.85,78.83,78.85,141921.04,4.0
CCMFUT,12/26/2025 12:04:00,78.84,78.84,78.83,78.83,70950.44,2.0
CCMFUT,12/26/2025 12:03:00,78.85,78.85,78.85,78.85,35482.78,1.0
CCMFUT,12/26/2025 12:02:00,78.84,78.84,78.84,78.84,177388.7,5.0
CCMFUT,12/26/2025 12:01:00,78.84,78.84,78.84,78.84,35477.74,1.0
CCMFUT,12/26/2025 12:00:00,78.99,78.99,78.77,78.84,6851260.45,193.0
CCMFUT,12/26/2025 11:59:00,79.0,79.01,79.0,79.01,497691.2,14.0
CCMFUT,12/26/2025 11:54:00,78.99,78.99,78.99,78.99,426519.03,12.0
CCMFUT,12/26/2025 11:51:00,79.01,79.01,79.01,79.01,35553.33,1.0
CCMFUT,12/26/2025 11:50:00,79.01,79.01,78.99,79.0,2097182.9,59.0
CCMFUT,12/26/2025 11:44:00,79.02,79.02,79.02,79.02,71116.74,2.0
CCMFUT,12/26/2025 11:43:00,78.99,79.01,78.99,79.01,675346.99,19.0
CCMFUT,12/26/2025 11:42:00,79.06,79.06,78.99,78.99,2418236.29,68.0
CCMFUT,12/26/2025 11:39:00,79.07,79.09,79.07,79.07,355845.76,10.0
CCMFUT,12/26/2025 11:38:00,79.12,79.12,79.06,79.06,889579.12,25.0
CCMFUT,12/26/2025 11:37:00,79.13,79.13,79.12,79.12,320438.57,9.0
CCMFUT,12/26/2025 11:36:00,79.13,79.13,79.12,79.12,284839.88,8.0
CCMFUT,12/26/2025 11:35:00,79.13,79.14,79.13,79.14,106836.37,3.0
CCMFUT,12/26/2025 11:34:00,79.14,79.14,79.14,79.14,35613.8,1.0
CCMFUT,12/26/2025 11:33:00,79.14,79.14,79.14,79.14,35613.8,1.0
CCMFUT,12/26/2025 11:30:00,79.16,79.18,79.15,79.18,285011.23,8.0
CCMFUT,12/26/2025 11:20:00,79.14,79.14,79.14,79.14,35613.8,1.0
CCMFUT,12/26/2025 11:19:00,79.15,79.15,79.15,79.15,106856.53,3.0
CCMFUT,12/26/2025 11:16:00,79.18,79.18,79.18,79.18,35628.92,1.0
CCMFUT,12/26/2025 11:10:00,79.14,79.15,79.14,79.15,142465.3,4.0
CCMFUT,12/26/2025 11:08:00,79.12,79.13,79.12,79.13,213647.55,6.0
CCMFUT,12/26/2025 11:05:00,79.12,79.12,79.12,79.12,35603.73,1.0
CCMFUT,12/26/2025 11:02:00,79.12,79.12,79.12,79.12,106811.18,3.0
CCMFUT,12/26/2025 11:00:00,79.15,79.15,79.12,79.14,284875.16,8.0
CCMFUT,12/26/2025 10:59:00,79.16,79.16,79.14,79.14,142475.38,4.0
CCMFUT,12/26/2025 10:55:00,79.15,79.15,79.15,79.15,35618.84,1.0
CCMFUT,12/26/2025 10:53:00,79.15,79.16,79.15,79.16,142480.42,4.0
CCMFUT,12/26/2025 10:51:00,79.13,79.14,79.13,79.14,142450.18,4.0
CCMFUT,12/26/2025 10:50:00,79.12,79.13,79.12,79.13,142419.94,4.0
CCMFUT,12/26/2025 10:41:00,79.14,79.14,79.14,79.14,35613.8,1.0
CCMFUT,12/26/2025 10:40:00,79.12,79.12,79.12,79.12,35603.73,1.0
CCMFUT,12/26/2025 10:38:00,79.12,79.12,79.12,79.12,106811.18,3.0
CCMFUT,12/26/2025 10:37:00,79.13,79.14,79.13,79.14,213657.63,6.0
CCMFUT,12/26/2025 10:35:00,79.13,79.13,79.12,79.12,142424.98,4.0
CCMFUT,12/26/2025 10:25:00,79.15,79.15,79.15,79.15,35618.84,1.0
CCMFUT,12/26/2025 10:23:00,79.21,79.21,79.21,79.21,35644.04,1.0
CCMFUT,12/26/2025 10:19:00,79.2,79.2,79.2,79.2,71278.0,2.0
CCMFUT,12/26/2025 10:16:00,79.23,79.23,79.21,79.21,249568.76,7.0
CCMFUT,12/26/2025 10:15:00,79.21,79.21,79.21,79.21,35644.04,1.0
CCMFUT,12/26/2025 10:14:00,79.18,79.18,79.18,79.18,106886.77,3.0
CCMFUT,12/26/2025 10:13:00,79.13,79.13,79.13,79.13,35608.77,1.0
CCMFUT,12/26/2025 10:12:00,79.1,79.13,79.1,79.12,391605.71,11.0
CCMFUT,12/26/2025 10:11:00,79.07,79.09,79.06,79.09,3130955.85,88.0
CCMFUT,12/26/2025 10:10:00,79.07,79.07,79.07,79.07,106750.7,3.0
CCMFUT,12/26/2025 10:09:00,79.1,79.1,79.07,79.07,213521.56,6.0
CCMFUT,12/26/2025 09:58:00,79.14,79.14,79.13,79.13,142440.1,4.0
CCMFUT,12/26/2025 09:57:00,79.14,79.14,79.14,79.14,35613.8,1.0
CCMFUT,12/26/2025 09:55:00,79.15,79.2,79.15,79.2,213783.62,6.0
CCMFUT,12/26/2025 09:54:00,79.2,79.2,79.2,79.2,35639.0,1.0
CCMFUT,12/26/2025 09:53:00,79.15,79.16,79.15,79.16,142480.42,4.0
CCMFUT,12/26/2025 09:51:00,79.15,79.15,79.15,79.15,35618.84,1.0
CCMFUT,12/26/2025 09:50:00,79.16,79.16,79.16,79.16,71247.77,2.0
CCMFUT,12/26/2025 09:49:00,79.14,79.14,79.14,79.14,71227.61,2.0
CCMFUT,12/26/2025 09:46:00,79.14,79.14,79.14,79.14,71227.61,2.0
CCMFUT,12/26/2025 09:45:00,79.13,79.14,79.12,79.13,178043.83,5.0
CCMFUT,12/26/2025 09:44:00,79.1,79.1,79.1,79.1,498311.05,14.0
CCMFUT,12/26/2025 09:42:00,79.1,79.1,79.1,79.1,284749.17,8.0
CCMFUT,12/26/2025 09:40:00,79.1,79.1,79.06,79.07,391464.6,11.0
CCMFUT,12/26/2025 09:37:00,79.12,79.12,79.07,79.11,213551.8,6.0
CCMFUT,12/26/2025 09:36:00,79.13,79.13,79.07,79.11,320317.62,9.0
CCMFUT,12/26/2025 09:35:00,79.21,79.21,79.07,79.09,1994151.32,56.0
CCMFUT,12/26/2025 09:34:00,79.23,79.23,79.23,79.23,35654.12,1.0
CCMFUT,12/26/2025 09:31:00,79.21,79.21,79.21,79.21,35644.04,1.0
CCMFUT,12/26/2025 09:30:00,79.23,79.23,79.2,79.21,320831.65,9.0
CCMFUT,12/26/2025 09:29:00,79.24,79.24,79.23,79.23,71313.28,2.0
CCMFUT,12/26/2025 09:22:00,79.26,79.26,79.26,79.26,71338.48,2.0
CCMFUT,12/26/2025 09:21:00,79.29,79.29,79.29,79.29,35679.32,1.0
CCMFUT,12/26/2025 09:20:00,79.28,79.28,79.28,79.28,35674.28,1.0
CCMFUT,12/26/2025 09:19:00,79.24,79.25,79.24,79.25,142646.72,4.0
CCMFUT,12/26/2025 09:18:00,79.25,79.25,79.25,79.25,35664.2,1.0
CCMFUT,12/26/2025 09:16:00,79.25,79.25,79.25,79.25,71328.4,2.0
CCMFUT,12/26/2025 09:14:00,79.24,79.26,79.24,79.26,178326.03,5.0
CCMFUT,12/26/2025 09:13:00,79.32,79.32,79.28,79.28,1034775.8,29.0
CCMFUT,12/26/2025 09:11:00,79.34,79.34,79.32,79.32,71398.95,2.0
CCMFUT,12/26/2025 09:10:00,79.38,79.38,79.38,79.38,35719.63,1.0
CCMFUT,12/26/2025 09:09:00,79.38,79.38,79.38,79.38,35719.63,1.0
CCMFUT,12/26/2025 09:08:00,79.4,79.4,79.38,79.38,107168.98,3.0
CCMFUT,12/26/2025 09:07:00,79.38,79.43,79.38,79.43,285822.58,8.0
CCMFUT,12/26/2025 09:04:00,79.41,79.41,79.41,79.41,35734.75,1.0
CCMFUT,12/26/2025 09:02:00,79.46,79.46,79.39,79.39,142939.01,4.0
CCMFUT,12/26/2025 09:01:00,79.51,79.59,79.51,79.59,179011.4,5.0
CCMFUT,12/26/2025 09:00:00,79.3,79.49,79.3,79.44,571791.3,16.0
CCMFUT,12/23/2025 17:05:00,79.23,79.49,79.22,79.39,1071946.79,30.0
CCMFUT,12/23/2025 16:19:00,79.3,79.33,79.28,79.32,820699.89,23.0
CCMFUT,12/23/2025 16:18:00,79.35,79.4,79.31,79.32,4106346.75,115.0
CCMFUT,12/23/2025 16:17:00,79.31,79.33,79.31,79.32,285555.49,8.0
CCMFUT,12/23/2025 16:16:00,79.32,79.34,79.32,79.32,249881.21,7.0
CCMFUT,12/23/2025 16:15:00,79.23,79.35,79.22,79.33,4781703.81,134.0
CCMFUT,12/23/2025 16:14:00,79.28,79.28,79.2,79.2,2281914.08,64.0
CCMFUT,12/23/2025 16:13:00,79.28,79.29,79.26,79.26,1641052.06,46.0
CCMFUT,12/23/2025 16:11:00,79.29,79.29,79.26,79.26,499449.97,14.0
CCMFUT,12/23/2025 16:10:00,79.26,79.26,79.25,79.26,142671.91,4.0
CCMFUT,12/23/2025 16:06:00,79.25,79.25,79.25,79.25,35664.2,1.0
CCMFUT,12/23/2025 16:05:00,79.24,79.24,79.24,79.24,356591.6,10.0
CCMFUT,12/23/2025 16:03:00,79.28,79.28,79.25,79.25,356692.38,10.0
CCMFUT,12/23/2025 16:02:00,79.24,79.26,79.24,79.26,71328.4,2.0
CCMFUT,12/23/2025 16:01:00,79.24,79.24,79.24,79.24,178295.8,5.0
CCMFUT,12/23/2025 16:00:00,79.25,79.26,79.24,79.25,213985.19,6.0
CCMFUT,12/23/2025 15:59:00,79.35,79.37,79.18,79.24,4993169.28,140.0
CCMFUT,12/23/2025 15:58:00,79.38,79.38,79.35,79.37,785746.26,22.0
CCMFUT,12/23/2025 15:57:00,79.37,79.4,79.37,79.38,1000139.64,28.0
CCMFUT,12/23/2025 15:54:00,79.37,79.37,79.37,79.37,107143.78,3.0
CCMFUT,12/23/2025 15:53:00,79.35,79.35,79.35,79.35,142838.22,4.0
CCMFUT,12/23/2025 15:52:00,79.35,79.35,79.34,79.34,1178319.54,33.0
CCMFUT,12/23/2025 15:51:00,79.37,79.37,79.35,79.35,392810.13,11.0
CCMFUT,12/23/2025 15:50:00,79.38,79.38,79.35,79.35,642918.12,18.0
CCMFUT,12/23/2025 15:49:00,79.4,79.4,79.38,79.38,714463.21,20.0
CCMFUT,12/23/2025 15:46:00,79.4,79.4,79.4,79.4,35729.71,1.0
CCMFUT,12/23/2025 15:40:00,79.4,79.4,79.38,79.38,464456.02,13.0
CCMFUT,12/23/2025 15:39:00,79.41,79.41,79.41,79.41,107204.25,3.0
CCMFUT,12/23/2025 15:38:00,79.41,79.41,79.41,79.41,107204.25,3.0
CCMFUT,12/23/2025 15:35:00,79.41,79.41,79.41,79.41,35734.75,1.0
CCMFUT,12/23/2025 15:34:00,79.41,79.41,79.4,79.4,71464.46,2.0
CCMFUT,12/23/2025 15:33:00,79.4,79.41,79.4,79.41,178653.6,5.0
CCMFUT,12/23/2025 15:29:00,79.4,79.4,79.4,79.4,107189.14,3.0
CCMFUT,12/23/2025 15:28:00,79.41,79.41,79.39,79.39,321572.45,9.0
CCMFUT,12/23/2025 15:26:00,79.42,79.42,79.42,79.42,107219.37,3.0
CCMFUT,12/23/2025 15:25:00,79.42,79.42,79.42,79.42,35739.79,1.0
CCMFUT,12/23/2025 15:19:00,79.46,79.46,79.46,79.46,35754.91,1.0
CCMFUT,12/23/2025 15:10:00,79.46,79.46,79.46,79.46,35754.91,1.0
CCMFUT,12/23/2025 15:03:00,79.49,79.49,79.49,79.49,35770.03,1.0
CCMFUT,12/23/2025 15:02:00,79.49,79.49,79.49,79.49,71540.06,2.0
CCMFUT,12/23/2025 15:01:00,79.5,79.5,79.5,79.5,35775.07,1.0
CCMFUT,12/23/2025 15:00:00,79.43,79.51,79.43,79.5,1538060.79,43.0
CCMFUT,12/23/2025 14:59:00,79.42,79.42,79.42,79.42,107219.37,3.0
CCMFUT,12/23/2025 14:55:00,79.42,79.42,79.42,79.42,35739.79,1.0
CCMFUT,12/23/2025 14:52:00,79.42,79.42,79.42,79.42,35739.79,1.0
CCMFUT,12/23/2025 14:48:00,79.39,79.41,79.38,79.41,250077.75,7.0
CCMFUT,12/23/2025 14:47:00,79.4,79.4,79.4,79.4,35729.71,1.0
CCMFUT,12/23/2025 14:40:00,79.4,79.4,79.4,79.4,35729.71,1.0
CCMFUT,12/23/2025 14:37:00,79.4,79.4,79.4,79.4,71459.42,2.0
CCMFUT,12/23/2025 14:30:00,79.43,79.43,79.41,79.41,250158.38,7.0
CCMFUT,12/23/2025 14:28:00,79.46,79.46,79.43,79.43,178754.39,5.0
CCMFUT,12/23/2025 14:25:00,79.47,79.47,79.47,79.47,35759.95,1.0
CCMFUT,12/23/2025 14:23:00,79.48,79.48,79.46,79.46,178794.7,5.0
CCMFUT,12/23/2025 14:17:00,79.46,79.46,79.38,79.46,1429778.09,40.0
CCMFUT,12/23/2025 14:15:00,79.46,79.46,79.46,79.46,35754.91,1.0
CCMFUT,12/23/2025 14:14:00,79.46,79.46,79.46,79.46,35754.91,1.0
CCMFUT,12/23/2025 14:11:00,79.47,79.47,79.47,79.47,71519.9,2.0
CCMFUT,12/23/2025 14:10:00,79.42,79.46,79.42,79.46,750752.3,21.0
CCMFUT,12/23/2025 14:08:00,79.44,79.46,79.44,79.46,286034.23,8.0
CCMFUT,12/23/2025 14:06:00,79.44,79.44,79.44,79.44,35749.87,1.0
CCMFUT,12/23/2025 14:05:00,79.44,79.44,79.44,79.44,35749.87,1.0
CCMFUT,12/23/2025 14:04:00,79.41,79.46,79.41,79.46,321708.51,9.0
CCMFUT,12/23/2025 14:01:00,79.4,79.41,79.4,79.4,178663.68,5.0
CCMFUT,12/23/2025 14:00:00,79.38,79.38,79.38,79.38,71439.27,2.0
CCMFUT,12/23/2025 13:59:00,79.39,79.39,79.39,79.39,71449.34,2.0
CCMFUT,12/23/2025 13:51:00,79.35,79.38,79.35,79.38,357135.86,10.0
CCMFUT,12/23/2025 13:45:00,79.32,79.32,79.32,79.32,35694.44,1.0
CCMFUT,12/23/2025 13:38:00,79.33,79.33,79.33,79.33,35699.48,1.0
CCMFUT,12/23/2025 13:35:00,79.33,79.33,79.32,79.32,71393.91,2.0
CCMFUT,12/23/2025 13:29:00,79.34,79.34,79.34,79.34,35704.51,1.0
CCMFUT,12/23/2025 13:24:00,79.29,79.31,79.29,79.3,4602712.57,129.0
CCMFUT,12/23/2025 13:22:00,79.31,79.31,79.29,79.29,535295.59,15.0
CCMFUT,12/23/2025 13:20:00,79.3,79.3,79.3,79.3,35684.36,1.0
CCMFUT,12/23/2025 13:18:00,79.31,79.33,79.31,79.31,606729.82,17.0
CCMFUT,12/23/2025 13:17:00,79.31,79.32,79.31,79.32,249830.81,7.0
CCMFUT,12/23/2025 13:16:00,79.31,79.31,79.31,79.31,71378.79,2.0
CCMFUT,12/23/2025 13:13:00,79.31,79.31,79.31,79.31,71378.79,2.0
CCMFUT,12/23/2025 13:11:00,79.31,79.31,79.3,79.31,214131.34,6.0
CCMFUT,12/23/2025 13:08:00,79.33,79.33,79.33,79.33,35699.48,1.0
CCMFUT,12/23/2025 13:07:00,79.31,79.31,79.31,79.31,107068.19,3.0
CCMFUT,12/23/2025 13:05:00,79.3,79.31,79.29,79.31,249790.5,7.0
CCMFUT,12/23/2025 12:59:00,79.34,79.34,79.3,79.3,142762.62,4.0
CCMFUT,12/23/2025 12:58:00,79.32,79.32,79.32,79.32,107083.31,3.0
CCMFUT,12/23/2025 12:55:00,79.31,79.31,79.31,79.31,35689.4,1.0
CCMFUT,12/23/2025 12:52:00,79.33,79.34,79.33,79.34,71403.99,2.0
CCMFUT,12/23/2025 12:51:00,79.32,79.32,79.32,79.32,71388.87,2.0
CCMFUT,12/23/2025 12:50:00,79.34,79.34,79.29,79.29,785176.8,22.0
CCMFUT,12/23/2025 12:47:00,79.34,79.34,79.34,79.34,35704.51,1.0
CCMFUT,12/23/2025 12:46:00,79.35,79.35,79.35,79.35,35709.55,1.0
CCMFUT,12/23/2025 12:45:00,79.33,79.33,79.33,79.33,35699.48,1.0
CCMFUT,12/23/2025 12:43:00,79.32,79.32,79.32,79.32,35694.44,1.0
CCMFUT,12/23/2025 12:42:00,79.32,79.32,79.32,79.32,35694.44,1.0
CCMFUT,12/23/2025 12:40:00,79.32,79.32,79.32,79.32,71388.87,2.0
CCMFUT,12/23/2025 12:39:00,79.34,79.34,79.34,79.34,71409.03,2.0
CCMFUT,12/23/2025 12:37:00,79.37,79.38,79.37,79.37,142863.41,4.0
CCMFUT,12/23/2025 12:33:00,79.33,79.33,79.33,79.33,35699.48,1.0
CCMFUT,12/23/2025 12:31:00,79.39,79.39,79.32,79.32,392820.21,11.0
CCMFUT,12/23/2025 12:27:00,79.4,79.4,79.39,79.39,214373.23,6.0
CCMFUT,12/23/2025 12:25:00,79.39,79.39,79.39,79.39,35724.67,1.0
CCMFUT,12/23/2025 12:24:00,79.38,79.41,79.38,79.41,178633.44,5.0
CCMFUT,12/23/2025 12:23:00,79.31,79.31,79.31,79.31,178446.98,5.0
CCMFUT,12/23/2025 12:22:00,79.31,79.31,79.31,79.31,71378.79,2.0
CCMFUT,12/23/2025 12:20:00,79.29,79.3,79.29,79.3,142727.35,4.0
CCMFUT,12/23/2025 12:18:00,79.29,79.29,79.26,79.28,463775.69,13.0
CCMFUT,12/23/2025 12:17:00,79.32,79.32,79.3,79.3,178446.98,5.0
CCMFUT,12/23/2025 12:15:00,79.35,79.35,79.34,79.34,178537.69,5.0
CCMFUT,12/23/2025 12:14:00,79.37,79.37,79.35,79.35,142843.26,4.0
CCMFUT,12/23/2025 12:11:00,79.38,79.38,79.37,79.37,107148.82,3.0
CCMFUT,12/23/2025 12:10:00,79.35,79.35,79.34,79.34,142833.18,4.0
CCMFUT,12/23/2025 12:09:00,79.38,79.38,79.35,79.37,178572.97,5.0
CCMFUT,12/23/2025 12:07:00,79.38,79.38,79.38,79.38,71439.27,2.0
CCMFUT,12/23/2025 12:06:00,79.35,79.35,79.35,79.35,142838.22,4.0
CCMFUT,12/23/2025 12:05:00,79.34,79.34,79.34,79.34,35704.51,1.0
CCMFUT,12/23/2025 12:03:00,79.35,79.35,79.33,79.33,714165.88,20.0
CCMFUT,12/23/2025 12:01:00,79.3,79.33,79.3,79.33,392603.52,11.0
CCMFUT,12/23/2025 12:00:00,79.33,79.33,79.24,79.31,1534004.03,43.0
CCMFUT,12/23/2025 11:59:00,79.33,79.33,79.33,79.33,35699.48,1.0
CCMFUT,12/23/2025 11:58:00,79.35,79.35,79.32,79.32,428444.1,12.0
CCMFUT,12/23/2025 11:57:00,79.4,79.4,79.34,79.34,1071765.37,30.0
CCMFUT,12/23/2025 11:56:00,79.4,79.41,79.4,79.4,321572.45,9.0
CCMFUT,12/23/2025 11:55:00,79.42,79.42,79.4,79.4,357347.51,10.0
CCMFUT,12/23/2025 11:54:00,79.43,79.43,79.4,79.42,678980.43,19.0
CCMFUT,12/23/2025 11:50:00,79.43,79.43,79.43,79.43,107234.49,3.0
CCMFUT,12/23/2025 11:48:00,79.44,79.44,79.44,79.44,107249.61,3.0
CCMFUT,12/23/2025 11:47:00,79.44,79.44,79.44,79.44,107249.61,3.0
CCMFUT,12/23/2025 11:45:00,79.44,79.44,79.44,79.44,178749.35,5.0
CCMFUT,12/23/2025 11:44:00,79.47,79.49,79.47,79.48,357634.76,10.0
CCMFUT,12/23/2025 11:42:00,79.44,79.47,79.44,79.46,572088.63,16.0
CCMFUT,12/23/2025 11:41:00,79.47,79.47,79.44,79.44,429074.03,12.0
CCMFUT,12/23/2025 11:40:00,79.44,79.46,79.4,79.46,1679608.9,47.0
CCMFUT,12/23/2025 11:39:00,79.5,79.51,79.46,79.46,3255747.79,91.0
CCMFUT,12/23/2025 11:38:00,79.48,79.48,79.48,79.48,71529.98,2.0
CCMFUT,12/23/2025 11:37:00,79.47,79.47,79.47,79.47,143039.79,4.0
CCMFUT,12/23/2025 11:36:00,79.49,79.49,79.48,79.48,572285.16,16.0
CCMFUT,12/23/2025 11:33:00,79.48,79.48,79.48,79.48,178824.94,5.0
CCMFUT,12/23/2025 11:32:00,79.5,79.5,79.49,79.49,894361.56,25.0
CCMFUT,12/23/2025 11:31:00,79.5,79.51,79.49,79.51,214640.32,6.0
CCMFUT,12/23/2025 11:30:00,79.49,79.49,79.46,79.49,286129.98,8.0
CCMFUT,12/23/2025 11:29:00,79.53,79.53,79.46,79.51,4722460.02,132.0
CCMFUT,12/23/2025 11:28:00,79.56,79.57,79.56,79.57,537074.52,15.0
CCMFUT,12/23/2025 11:27:00,79.59,79.59,79.56,79.57,895112.43,25.0
CCMFUT,12/23/2025 11:18:00,79.61,79.62,79.61,79.62,752430.44,21.0
CCMFUT,12/23/2025 11:15:00,79.6,79.6,79.6,79.6,35820.42,1.0
CCMFUT,12/23/2025 11:13:00,79.62,79.62,79.62,79.62,35830.5,1.0
CCMFUT,12/23/2025 11:12:00,79.62,79.62,79.62,79.62,214983.01,6.0
CCMFUT,12/23/2025 11:09:00,79.71,79.71,79.62,79.62,1075358.5,30.0
CCMFUT,12/23/2025 11:08:00,79.71,79.71,79.71,79.71,35870.82,1.0
CCMFUT,12/23/2025 11:07:00,79.71,79.71,79.71,79.71,35870.82,1.0
CCMFUT,12/23/2025 11:05:00,79.67,79.67,79.67,79.67,35850.66,1.0
CCMFUT,12/23/2025 11:04:00,79.69,79.69,79.69,79.69,35860.74,1.0
CCMFUT,12/23/2025 11:00:00,79.71,79.71,79.71,79.71,35870.82,1.0
CCMFUT,12/23/2025 10:59:00,79.69,79.69,79.69,79.69,71721.48,2.0
CCMFUT,12/23/2025 10:55:00,79.67,79.68,79.67,79.68,358536.82,10.0
CCMFUT,12/23/2025 10:54:00,79.63,79.63,79.63,79.63,71671.08,2.0
CCMFUT,12/23/2025 10:52:00,79.62,79.62,79.57,79.62,1862455.33,52.0
CCMFUT,12/23/2025 10:50:00,79.62,79.62,79.59,79.62,465645.33,13.0
CCMFUT,12/23/2025 10:49:00,79.62,79.63,79.62,79.63,71666.04,2.0
CCMFUT,12/23/2025 10:48:00,79.63,79.63,79.59,79.59,537371.84,15.0
CCMFUT,12/23/2025 10:47:00,79.66,79.66,79.66,79.66,71691.24,2.0
CCMFUT,12/23/2025 10:46:00,79.68,79.68,79.68,79.68,143422.79,4.0
CCMFUT,12/23/2025 10:44:00,79.71,79.71,79.71,79.71,71741.63,2.0
CCMFUT,12/23/2025 10:43:00,79.7,79.7,79.7,79.7,35865.78,1.0
CCMFUT,12/23/2025 10:42:00,79.74,79.79,79.71,79.71,861363.23,24.0
CCMFUT,12/23/2025 10:41:00,79.75,79.75,79.75,79.75,71771.87,2.0
CCMFUT,12/23/2025 10:38:00,79.76,79.77,79.72,79.77,717663.26,20.0
CCMFUT,12/23/2025 10:35:00,79.79,79.79,79.79,79.79,35906.09,1.0
CCMFUT,12/23/2025 10:33:00,79.79,79.8,79.79,79.8,179545.58,5.0
CCMFUT,12/23/2025 10:32:00,79.81,79.82,79.81,79.82,754244.64,21.0
CCMFUT,12/23/2025 10:27:00,79.76,79.77,79.76,79.77,502539.15,14.0
CCMFUT,12/23/2025 10:26:00,79.76,79.76,79.76,79.76,35890.97,1.0
CCMFUT,12/23/2025 10:25:00,79.77,79.77,79.77,79.77,35896.01,1.0
CCMFUT,12/23/2025 10:24:00,79.81,79.85,79.8,79.8,1149559.38,32.0
CCMFUT,12/23/2025 10:22:00,79.85,79.85,79.79,79.79,718343.59,20.0
CCMFUT,12/23/2025 10:21:00,79.85,79.85,79.85,79.85,71862.58,2.0
CCMFUT,12/23/2025 10:20:00,79.84,79.84,79.84,79.84,35926.25,1.0
CCMFUT,12/23/2025 10:19:00,79.84,79.88,79.82,79.88,718625.8,20.0
CCMFUT,12/23/2025 10:17:00,79.84,79.84,79.84,79.84,107778.75,3.0
CCMFUT,12/23/2025 10:13:00,79.84,79.86,79.84,79.85,467106.77,13.0
CCMFUT,12/23/2025 10:10:00,79.81,79.81,79.81,79.81,35916.17,1.0
CCMFUT,12/23/2025 10:08:00,79.82,79.84,79.8,79.84,466925.35,13.0
CCMFUT,12/23/2025 10:07:00,79.86,79.86,79.85,79.86,143735.24,4.0
CCMFUT,12/23/2025 10:06:00,79.84,79.85,79.84,79.84,395229.07,11.0
CCMFUT,12/23/2025 10:05:00,79.82,79.84,79.82,79.84,215532.31,6.0
CCMFUT,12/23/2025 10:04:00,79.85,79.85,79.85,79.85,71862.58,2.0
CCMFUT,12/23/2025 10:03:00,79.79,79.82,79.78,79.82,754038.03,21.0
CCMFUT,12/23/2025 10:02:00,79.81,79.81,79.8,79.8,287299.14,8.0
CCMFUT,12/23/2025 10:01:00,79.91,79.95,79.81,79.81,2408474.87,67.0
CCMFUT,12/23/2025 10:00:00,79.88,79.96,79.88,79.96,899159.11,25.0
CCMFUT,12/23/2025 09:59:00,79.82,79.89,79.82,79.89,323462.24,9.0
CCMFUT,12/23/2025 09:57:00,79.79,79.89,79.79,79.89,323426.96,9.0
CCMFUT,12/23/2025 09:56:00,79.79,79.79,79.79,79.79,35906.09,1.0
CCMFUT,12/23/2025 09:55:00,79.72,79.79,79.7,79.79,825436.98,23.0
CCMFUT,12/23/2025 09:52:00,79.72,79.75,79.72,79.72,430530.43,12.0
CCMFUT,12/23/2025 09:51:00,79.71,79.71,79.71,79.71,35870.82,1.0
CCMFUT,12/23/2025 09:50:00,79.71,79.71,79.71,79.71,35870.82,1.0
CCMFUT,12/23/2025 09:49:00,79.68,79.7,79.61,79.69,2473010.09,69.0
CCMFUT,12/23/2025 09:48:00,79.75,79.75,79.7,79.7,574074.17,16.0
CCMFUT,12/23/2025 09:47:00,79.74,79.74,79.74,79.74,71761.79,2.0
CCMFUT,12/23/2025 09:46:00,79.74,79.76,79.74,79.76,358829.11,10.0
CCMFUT,12/23/2025 09:45:00,79.79,79.79,79.74,79.74,789898.76,22.0
CCMFUT,12/23/2025 09:44:00,79.85,79.85,79.81,79.81,359191.95,10.0
CCMFUT,12/23/2025 09:42:00,79.85,79.85,79.85,79.85,215587.74,6.0
CCMFUT,12/23/2025 09:41:00,79.82,79.84,79.82,79.84,71847.46,2.0
CCMFUT,12/23/2025 09:40:00,79.82,79.86,79.8,79.8,323270.74,9.0
CCMFUT,12/23/2025 09:39:00,79.85,79.85,79.81,79.82,467061.41,13.0
CCMFUT,12/23/2025 09:38:00,79.86,79.86,79.85,79.86,251544.23,7.0
CCMFUT,12/23/2025 09:37:00,79.9,79.9,79.9,79.9,107869.46,3.0
CCMFUT,12/23/2025 09:36:00,79.88,79.93,79.88,79.9,431472.81,12.0
CCMFUT,12/23/2025 09:34:00,79.88,79.88,79.84,79.86,2515013.92,70.0
CCMFUT,12/23/2025 09:33:00,79.9,79.97,79.9,79.91,611643.28,17.0
CCMFUT,12/23/2025 09:32:00,79.9,79.9,79.88,79.9,323588.23,9.0
CCMFUT,12/23/2025 09:31:00,79.93,79.94,79.9,79.9,503466.41,14.0
CCMFUT,12/23/2025 09:30:00,79.88,79.96,79.88,79.96,1402968.21,39.0
CCMFUT,12/23/2025 09:29:00,79.85,79.9,79.85,79.9,575112.3,16.0
CCMFUT,12/23/2025 09:27:00,79.88,79.88,79.88,79.88,107839.22,3.0
CCMFUT,12/23/2025 09:25:00,79.91,79.91,79.91,79.91,35961.53,1.0
CCMFUT,12/23/2025 09:24:00,79.9,79.91,79.9,79.91,251720.61,7.0
CCMFUT,12/23/2025 09:23:00,79.85,79.91,79.85,79.91,215617.98,6.0
CCMFUT,12/23/2025 09:22:00,79.91,79.94,79.85,79.85,251680.29,7.0
CCMFUT,12/23/2025 09:21:00,79.85,79.91,79.85,79.91,790891.54,22.0
CCMFUT,12/23/2025 09:20:00,79.81,79.82,79.79,79.82,107743.48,3.0
CCMFUT,12/23/2025 09:19:00,79.72,79.81,79.7,79.81,1363589.93,38.0
CCMFUT,12/23/2025 09:18:00,79.78,79.79,79.74,79.74,107688.04,3.0
CCMFUT,12/23/2025 09:17:00,79.65,79.88,79.65,79.78,3374709.08,94.0
CCMFUT,12/23/2025 09:16:00,79.62,79.62,79.62,79.62,107491.5,3.0
CCMFUT,12/23/2025 09:15:00,79.65,79.65,79.6,79.63,501662.29,14.0
CCMFUT,12/23/2025 09:14:00,79.6,79.62,79.59,79.62,573227.54,16.0
CCMFUT,12/23/2025 09:13:00,79.56,79.61,79.54,79.61,716070.8,20.0
CCMFUT,12/23/2025 09:11:00,79.57,79.6,79.57,79.59,465554.62,13.0
CCMFUT,12/23/2025 09:08:00,79.51,79.51,79.49,79.49,178880.37,5.0
CCMFUT,12/23/2025 09:07:00,79.52,79.52,79.52,79.52,35785.15,1.0
CCMFUT,12/23/2025 09:06:00,79.51,79.54,79.5,79.52,357846.42,10.0
CCMFUT,12/23/2025 09:05:00,79.51,79.54,79.51,79.54,286271.09,8.0
CCMFUT,12/23/2025 09:03:00,79.47,79.49,79.47,79.49,178809.82,5.0
CCMFUT,12/23/2025 09:02:00,79.47,79.47,79.4,79.47,286009.04,8.0
CCMFUT,12/22/2025 17:09:00,79.56,79.58,79.51,79.57,393737.39,11.0
CCMFUT,12/22/2025 16:19:00,79.52,79.52,79.5,79.51,751382.23,21.0
CCMFUT,12/22/2025 16:18:00,79.52,79.52,79.5,79.5,1645900.01,46.0
CCMFUT,12/22/2025 16:16:00,79.51,79.51,79.49,79.49,6154148.07,172.0
CCMFUT,12/22/2025 16:15:00,79.46,79.51,79.46,79.51,1645159.21,46.0
CCMFUT,12/22/2025 16:14:00,79.5,79.5,79.47,79.47,214605.05,6.0
CCMFUT,12/22/2025 16:12:00,79.5,79.5,79.5,79.5,35775.07,1.0
CCMFUT,12/22/2025 16:11:00,79.5,79.5,79.5,79.5,35775.07,1.0
CCMFUT,12/22/2025 16:10:00,79.5,79.5,79.5,79.5,35775.07,1.0
CCMFUT,12/22/2025 16:09:00,79.51,79.51,79.51,79.51,214680.64,6.0
CCMFUT,12/22/2025 16:08:00,79.51,79.54,79.51,79.51,1824936.61,51.0
CCMFUT,12/22/2025 16:07:00,79.53,79.53,79.51,79.51,143130.5,4.0
CCMFUT,12/22/2025 16:06:00,79.52,79.52,79.52,79.52,35785.15,1.0
CCMFUT,12/22/2025 16:05:00,79.49,79.5,79.46,79.5,464899.49,13.0
CCMFUT,12/22/2025 16:02:00,79.51,79.51,79.51,79.51,286240.85,8.0
CCMFUT,12/22/2025 16:01:00,79.52,79.52,79.51,79.51,536731.83,15.0
CCMFUT,12/22/2025 16:00:00,79.52,79.54,79.51,79.51,894558.09,25.0
CCMFUT,12/22/2025 15:58:00,79.51,79.51,79.5,79.5,357796.02,10.0
CCMFUT,12/22/2025 15:56:00,79.5,79.5,79.5,79.5,71550.13,2.0
CCMFUT,12/22/2025 15:55:00,79.5,79.5,79.5,79.5,35775.07,1.0
CCMFUT,12/22/2025 15:52:00,79.51,79.51,79.51,79.51,572481.7,16.0
CCMFUT,12/22/2025 15:51:00,79.51,79.52,79.51,79.51,1323929.45,37.0
CCMFUT,12/22/2025 15:50:00,79.51,79.53,79.5,79.51,1574485.94,44.0
CCMFUT,12/22/2025 15:48:00,79.5,79.5,79.47,79.5,465000.28,13.0
CCMFUT,12/22/2025 15:45:00,79.48,79.49,79.48,79.49,71535.02,2.0
CCMFUT,12/22/2025 15:42:00,79.49,79.49,79.49,79.49,71540.06,2.0
CCMFUT,12/22/2025 15:41:00,79.47,79.48,79.47,79.48,143044.83,4.0
CCMFUT,12/22/2025 15:40:00,79.47,79.47,79.47,79.47,35759.95,1.0
CCMFUT,12/22/2025 15:39:00,79.49,79.49,79.47,79.47,321879.85,9.0
CCMFUT,12/22/2025 15:37:00,79.49,79.49,79.49,79.49,107310.08,3.0
CCMFUT,12/22/2025 15:35:00,79.49,79.5,79.49,79.49,107315.12,3.0
CCMFUT,12/22/2025 15:33:00,79.5,79.5,79.5,79.5,71550.13,2.0
CCMFUT,12/22/2025 15:32:00,79.5,79.51,79.5,79.5,357785.95,10.0
CCMFUT,12/22/2025 15:30:00,79.49,79.49,79.48,79.48,71535.02,2.0
CCMFUT,12/22/2025 15:29:00,79.49,79.49,79.49,79.49,143080.11,4.0
CCMFUT,12/22/2025 15:28:00,79.5,79.5,79.5,79.5,35775.07,1.0
CCMFUT,12/22/2025 15:25:00,79.5,79.5,79.5,79.5,107325.2,3.0
CCMFUT,12/22/2025 15:24:00,79.51,79.51,79.51,79.51,71560.21,2.0
CCMFUT,12/22/2025 15:23:00,79.53,79.53,79.5,79.51,894568.17,25.0
CCMFUT,12/22/2025 15:22:00,79.51,79.52,79.51,79.51,536706.64,15.0
CCMFUT,12/22/2025 15:21:00,79.5,79.51,79.5,79.5,393550.93,11.0
CCMFUT,12/22/2025 15:20:00,79.51,79.52,79.49,79.49,1252323.88,35.0
CCMFUT,12/22/2025 15:19:00,79.52,79.52,79.51,79.51,322031.04,9.0
CCMFUT,12/22/2025 15:18:00,79.52,79.52,79.51,79.51,357811.14,10.0
CCMFUT,12/22/2025 15:17:00,79.52,79.52,79.51,79.52,357831.3,10.0
CCMFUT,12/22/2025 15:16:00,79.52,79.53,79.52,79.52,536827.58,15.0
CCMFUT,12/22/2025 15:15:00,79.5,79.51,79.5,79.51,214675.6,6.0
CCMFUT,12/22/2025 15:14:00,79.51,79.51,79.51,79.51,178900.53,5.0
CCMFUT,12/22/2025 15:13:00,79.52,79.52,79.51,79.51,429411.67,12.0
CCMFUT,12/22/2025 15:12:00,79.54,79.57,79.53,79.54,572718.56,16.0
CCMFUT,12/22/2025 15:11:00,79.51,79.57,79.51,79.54,2040337.89,57.0
CCMFUT,12/22/2025 15:10:00,79.5,79.5,79.5,79.5,35775.07,1.0
CCMFUT,12/22/2025 15:09:00,79.51,79.51,79.51,79.51,107340.32,3.0
CCMFUT,12/22/2025 15:08:00,79.51,79.51,79.51,79.51,35780.11,1.0
CCMFUT,12/22/2025 15:06:00,79.51,79.51,79.51,79.51,143120.43,4.0
CCMFUT,12/22/2025 15:05:00,79.47,79.53,79.47,79.51,1717465.27,48.0
CCMFUT,12/22/2025 15:04:00,79.44,79.48,79.44,79.48,607914.09,17.0
CCMFUT,12/22/2025 15:01:00,79.43,79.43,79.43,79.43,71489.66,2.0
CCMFUT,12/22/2025 15:00:00,79.47,79.47,79.43,79.43,1930583.67,54.0
CCMFUT,12/22/2025 14:57:00,79.48,79.48,79.48,79.48,214589.93,6.0
CCMFUT,12/22/2025 14:55:00,79.49,79.49,79.49,79.49,178850.14,5.0
CCMFUT,12/22/2025 14:53:00,79.48,79.52,79.48,79.51,1824629.2,51.0
CCMFUT,12/22/2025 14:48:00,79.48,79.48,79.48,79.48,107294.96,3.0
CCMFUT,12/22/2025 14:45:00,79.47,79.47,79.47,79.47,35759.95,1.0
CCMFUT,12/22/2025 14:44:00,79.48,79.48,79.47,79.47,214584.89,6.0
CCMFUT,12/22/2025 14:43:00,79.48,79.48,79.48,79.48,107294.96,3.0
CCMFUT,12/22/2025 14:41:00,79.47,79.47,79.46,79.46,107274.81,3.0
CCMFUT,12/22/2025 14:40:00,79.47,79.47,79.47,79.47,71519.9,2.0
CCMFUT,12/22/2025 14:38:00,79.48,79.48,79.48,79.48,178824.94,5.0
CCMFUT,12/22/2025 14:35:00,79.48,79.48,79.48,79.48,35764.99,1.0
CCMFUT,12/22/2025 14:34:00,79.49,79.49,79.49,79.49,35770.03,1.0
CCMFUT,12/22/2025 14:31:00,79.46,79.47,79.46,79.47,107274.81,3.0
CCMFUT,12/22/2025 14:30:00,79.48,79.48,79.46,79.46,643719.39,18.0
CCMFUT,12/22/2025 14:27:00,79.49,79.49,79.49,79.49,143080.11,4.0
CCMFUT,12/22/2025 14:25:00,79.49,79.49,79.49,79.49,35770.03,1.0
CCMFUT,12/22/2025 14:20:00,79.51,79.51,79.51,79.51,178900.53,5.0
CCMFUT,12/22/2025 14:15:00,79.5,79.5,79.5,79.5,35775.07,1.0
CCMFUT,12/22/2025 14:12:00,79.5,79.53,79.5,79.51,1395449.35,39.0
CCMFUT,12/22/2025 14:10:00,79.49,79.49,79.49,79.49,35770.03,1.0
CCMFUT,12/22/2025 14:06:00,79.5,79.5,79.5,79.5,35775.07,1.0
CCMFUT,12/22/2025 14:05:00,79.48,79.49,79.48,79.49,786834.78,22.0
CCMFUT,12/22/2025 14:00:00,79.48,79.48,79.48,79.48,35764.99,1.0
CCMFUT,12/22/2025 13:56:00,79.49,79.49,79.49,79.49,143080.11,4.0
CCMFUT,12/22/2025 13:55:00,79.5,79.51,79.5,79.51,214675.6,6.0
CCMFUT,12/22/2025 13:50:00,79.51,79.51,79.51,79.51,107340.32,3.0
CCMFUT,12/22/2025 13:49:00,79.53,79.53,79.51,79.51,322056.23,9.0
CCMFUT,12/22/2025 13:48:00,79.51,79.54,79.51,79.54,787288.33,22.0
CCMFUT,12/22/2025 13:47:00,79.52,79.52,79.52,79.52,71570.29,2.0
CCMFUT,12/22/2025 13:45:00,79.5,79.5,79.5,79.5,35775.07,1.0
CCMFUT,12/22/2025 13:44:00,79.51,79.51,79.51,79.51,71560.21,2.0
CCMFUT,12/22/2025 13:42:00,79.51,79.52,79.5,79.5,214675.6,6.0
CCMFUT,12/22/2025 13:41:00,79.51,79.51,79.51,79.51,107340.32,3.0
CCMFUT,12/22/2025 13:40:00,79.5,79.5,79.5,79.5,35775.07,1.0
CCMFUT,12/22/2025 13:39:00,79.52,79.52,79.52,79.52,35785.15,1.0
CCMFUT,12/22/2025 13:37:00,79.5,79.51,79.49,79.51,321980.64,9.0
CCMFUT,12/22/2025 13:35:00,79.5,79.5,79.5,79.5,35775.07,1.0
CCMFUT,12/22/2025 13:34:00,79.51,79.51,79.51,79.51,107340.32,3.0
CCMFUT,12/22/2025 13:33:00,79.51,79.51,79.49,79.49,429295.76,12.0
CCMFUT,12/22/2025 13:32:00,79.51,79.51,79.51,79.51,178900.53,5.0
CCMFUT,12/22/2025 13:31:00,79.53,79.53,79.51,79.52,1574385.16,44.0
CCMFUT,12/22/2025 13:30:00,79.54,79.54,79.53,79.53,214756.23,6.0
CCMFUT,12/22/2025 13:28:00,79.58,79.58,79.58,79.58,179051.72,5.0
CCMFUT,12/22/2025 13:25:00,79.54,79.54,79.54,79.54,35795.22,1.0
CCMFUT,12/22/2025 13:23:00,79.57,79.57,79.57,79.57,35805.3,1.0
CCMFUT,12/22/2025 13:21:00,79.56,79.56,79.56,79.56,35800.26,1.0
CCMFUT,12/22/2025 13:15:00,79.54,79.54,79.54,79.54,35795.22,1.0
CCMFUT,12/22/2025 13:10:00,79.54,79.54,79.54,79.54,35795.22,1.0
CCMFUT,12/22/2025 13:05:00,79.54,79.54,79.54,79.54,35795.22,1.0
CCMFUT,12/22/2025 13:02:00,79.57,79.57,79.57,79.57,35805.3,1.0
CCMFUT,12/22/2025 13:01:00,79.59,79.59,79.59,79.59,71630.77,2.0
CCMFUT,12/22/2025 13:00:00,79.57,79.57,79.56,79.57,250627.05,7.0
CCMFUT,12/22/2025 12:59:00,79.56,79.57,79.56,79.57,465463.91,13.0
CCMFUT,12/22/2025 12:55:00,79.53,79.53,79.53,79.53,35790.19,1.0
CCMFUT,12/22/2025 12:50:00,79.57,79.57,79.57,79.57,214831.82,6.0
CCMFUT,12/22/2025 12:49:00,79.56,79.56,79.56,79.56,35800.26,1.0
CCMFUT,12/22/2025 12:48:00,79.56,79.56,79.56,79.56,35800.26,1.0
CCMFUT,12/22/2025 12:45:00,79.54,79.54,79.54,79.54,35795.22,1.0
CCMFUT,12/22/2025 12:40:00,79.56,79.56,79.56,79.56,35800.26,1.0
CCMFUT,12/22/2025 12:38:00,79.59,79.59,79.59,79.59,35815.38,1.0
CCMFUT,12/22/2025 12:35:00,79.54,79.54,79.54,79.54,35795.22,1.0
CCMFUT,12/22/2025 12:31:00,79.54,79.54,79.52,79.54,858929.17,24.0
CCMFUT,12/22/2025 12:30:00,79.57,79.57,79.57,79.57,35805.3,1.0
CCMFUT,12/22/2025 12:29:00,79.59,79.59,79.59,79.59,35815.38,1.0
CCMFUT,12/22/2025 12:26:00,79.58,79.58,79.58,79.58,35810.34,1.0
CCMFUT,12/22/2025 12:24:00,79.53,79.58,79.53,79.58,143201.06,4.0
CCMFUT,12/22/2025 12:20:00,79.54,79.54,79.54,79.54,35795.22,1.0
CCMFUT,12/22/2025 12:15:00,79.57,79.57,79.57,79.57,35805.3,1.0
CCMFUT,12/22/2025 12:11:00,79.59,79.59,79.56,79.56,358083.27,10.0
CCMFUT,12/22/2025 12:10:00,79.6,79.6,79.6,79.6,71640.84,2.0
CCMFUT,12/22/2025 12:05:00,79.68,79.68,79.63,79.63,71691.24,2.0
CCMFUT,12/22/2025 12:03:00,79.63,79.66,79.63,79.66,358380.6,10.0
CCMFUT,12/22/2025 12:01:00,79.66,79.7,79.63,79.63,250944.53,7.0
CCMFUT,12/22/2025 12:00:00,79.59,79.74,79.59,79.7,3190239.96,89.0
CCMFUT,12/22/2025 11:59:00,79.58,79.58,79.58,79.58,71620.69,2.0
CCMFUT,12/22/2025 11:57:00,79.58,79.58,79.58,79.58,71620.69,2.0
CCMFUT,12/22/2025 11:53:00,79.54,79.59,79.52,79.59,644470.27,18.0
CCMFUT,12/22/2025 11:50:00,79.52,79.52,79.52,79.52,35785.15,1.0
CCMFUT,12/22/2025 11:45:00,79.53,79.53,79.52,79.52,71575.33,2.0
CCMFUT,12/22/2025 11:40:00,79.54,79.57,79.54,79.57,71600.53,2.0
CCMFUT,12/22/2025 11:35:00,79.57,79.57,79.57,79.57,35805.3,1.0
CCMFUT,12/22/2025 11:30:00,79.57,79.6,79.57,79.6,107446.15,3.0
CCMFUT,12/22/2025 11:29:00,79.62,79.62,79.62,79.62,35830.5,1.0
CCMFUT,12/22/2025 11:27:00,79.59,79.62,79.59,79.62,143301.85,4.0
CCMFUT,12/22/2025 11:20:00,79.54,79.57,79.54,79.57,143211.14,4.0
CCMFUT,12/22/2025 11:17:00,79.56,79.56,79.56,79.56,35800.26,1.0
CCMFUT,12/22/2025 11:15:00,79.54,79.56,79.54,79.54,286392.03,8.0
CCMFUT,12/22/2025 11:13:00,79.56,79.56,79.56,79.56,35800.26,1.0
CCMFUT,12/22/2025 11:10:00,79.53,79.53,79.53,79.53,35790.19,1.0
CCMFUT,12/22/2025 11:05:00,79.54,79.54,79.53,79.53,214746.15,6.0
CCMFUT,12/22/2025 11:03:00,79.56,79.61,79.56,79.56,608730.48,17.0
CCMFUT,12/22/2025 11:02:00,79.53,79.62,79.53,79.57,931018.53,26.0
CCMFUT,12/22/2025 11:00:00,79.51,79.52,79.51,79.52,286255.97,8.0
CCMFUT,12/22/2025 10:58:00,79.51,79.51,79.51,79.51,35780.11,1.0
CCMFUT,12/22/2025 10:57:00,79.52,79.52,79.52,79.52,35785.15,1.0
CCMFUT,12/22/2025 10:56:00,79.54,79.54,79.51,79.51,608362.6,17.0
CCMFUT,12/22/2025 10:54:00,79.56,79.56,79.56,79.56,35800.26,1.0
CCMFUT,12/22/2025 10:52:00,79.56,79.56,79.56,79.56,35800.26,1.0
CCMFUT,12/22/2025 10:51:00,79.56,79.57,79.56,79.57,250632.09,7.0
CCMFUT,12/22/2025 10:50:00,79.56,79.56,79.56,79.56,35800.26,1.0
CCMFUT,12/22/2025 10:49:00,79.57,79.57,79.57,79.57,35805.3,1.0
CCMFUT,12/22/2025 10:45:00,79.54,79.58,79.54,79.58,107415.91,3.0
CCMFUT,12/22/2025 10:44:00,79.59,79.59,79.59,79.59,71630.77,2.0
CCMFUT,12/22/2025 10:43:00,79.6,79.6,79.6,79.6,107461.27,3.0
CCMFUT,12/22/2025 10:42:00,79.57,79.65,79.57,79.59,1755180.52,49.0
CCMFUT,12/22/2025 10:41:00,79.5,79.59,79.46,79.56,3756457.62,105.0
CCMFUT,12/22/2025 10:40:00,79.46,79.48,79.46,79.48,143049.87,4.0
CCMFUT,12/22/2025 10:39:00,79.47,79.49,79.47,79.49,393389.67,11.0
CCMFUT,12/22/2025 10:38:00,79.46,79.46,79.46,79.46,321794.18,9.0
CCMFUT,12/22/2025 10:37:00,79.46,79.46,79.46,79.46,178774.55,5.0
CCMFUT,12/22/2025 10:36:00,79.49,79.5,79.49,79.49,393480.38,11.0
CCMFUT,12/22/2025 10:35:00,79.46,79.49,79.46,79.49,178819.9,5.0
CCMFUT,12/22/2025 10:32:00,79.48,79.48,79.46,79.46,214539.53,6.0
CCMFUT,12/22/2025 10:31:00,79.48,79.5,79.48,79.5,107315.12,3.0
CCMFUT,12/22/2025 10:30:00,79.46,79.51,79.46,79.51,1609303.52,45.0
CCMFUT,12/22/2025 10:29:00,79.48,79.48,79.47,79.47,214564.73,6.0
CCMFUT,12/22/2025 10:26:00,79.49,79.49,79.49,79.49,214620.17,6.0
CCMFUT,12/22/2025 10:24:00,79.49,79.49,79.49,79.49,35770.03,1.0
CCMFUT,12/22/2025 10:23:00,79.48,79.5,79.48,79.49,286160.22,8.0
CCMFUT,12/22/2025 10:20:00,79.46,79.46,79.46,79.46,35754.91,1.0
CCMFUT,12/22/2025 10:17:00,79.47,79.49,79.47,79.49,214610.09,6.0
CCMFUT,12/22/2025 10:15:00,79.44,79.44,79.44,79.44,35749.87,1.0
CCMFUT,12/22/2025 10:14:00,79.47,79.47,79.47,79.47,35759.95,1.0
CCMFUT,12/22/2025 10:13:00,79.44,79.46,79.44,79.46,71504.78,2.0
CCMFUT,12/22/2025 10:10:00,79.48,79.48,79.48,79.48,107294.96,3.0
CCMFUT,12/22/2025 10:09:00,79.49,79.49,79.49,79.49,71540.06,2.0
CCMFUT,12/22/2025 10:08:00,79.46,79.47,79.46,79.47,107269.77,3.0
CCMFUT,12/22/2025 10:07:00,79.41,79.49,79.41,79.46,822378.03,23.0
CCMFUT,12/22/2025 10:06:00,79.42,79.42,79.4,79.4,2393925.97,67.0
CCMFUT,12/22/2025 10:05:00,79.47,79.47,79.47,79.47,35759.95,1.0
CCMFUT,12/22/2025 10:00:00,79.47,79.52,79.47,79.5,322000.8,9.0
CCMFUT,12/22/2025 09:59:00,79.52,79.52,79.52,79.52,35785.15,1.0
CCMFUT,12/22/2025 09:58:00,79.51,79.51,79.51,79.51,143120.43,4.0
CCMFUT,12/22/2025 09:57:00,79.51,79.51,79.51,79.51,71560.21,2.0
CCMFUT,12/22/2025 09:56:00,79.51,79.51,79.51,79.51,143120.43,4.0
CCMFUT,12/22/2025 09:55:00,79.51,79.51,79.51,79.51,107340.32,3.0
CCMFUT,12/22/2025 09:54:00,79.47,79.51,79.47,79.51,321894.97,9.0
CCMFUT,12/22/2025 09:50:00,79.44,79.44,79.42,79.42,214463.94,6.0
CCMFUT,12/22/2025 09:48:00,79.47,79.48,79.47,79.48,250349.88,7.0
CCMFUT,12/22/2025 09:46:00,79.42,79.42,79.42,79.42,178698.95,5.0
CCMFUT,12/22/2025 09:45:00,79.4,79.4,79.4,79.4,35729.71,1.0
CCMFUT,12/22/2025 09:44:00,79.43,79.44,79.43,79.44,71494.7,2.0
CCMFUT,12/22/2025 09:40:00,79.41,79.41,79.41,79.41,107204.25,3.0
CCMFUT,12/22/2025 09:39:00,79.43,79.43,79.43,79.43,71489.66,2.0
CCMFUT,12/22/2025 09:36:00,79.43,79.43,79.43,79.43,35744.83,1.0
CCMFUT,12/22/2025 09:35:00,79.42,79.44,79.42,79.44,107239.53,3.0
CCMFUT,12/22/2025 09:32:00,79.43,79.43,79.41,79.41,71479.58,2.0
CCMFUT,12/22/2025 09:31:00,79.44,79.47,79.44,79.47,71509.82,2.0
CCMFUT,12/22/2025 09:27:00,79.44,79.44,79.44,79.44,71499.74,2.0
CCMFUT,12/22/2025 09:24:00,79.47,79.47,79.47,79.47,250319.64,7.0
CCMFUT,12/22/2025 09:21:00,79.46,79.47,79.46,79.47,71514.86,2.0
CCMFUT,12/22/2025 09:20:00,79.51,79.51,79.48,79.49,321935.29,9.0
CCMFUT,12/22/2025 09:19:00,79.44,79.52,79.44,79.52,608075.35,17.0
CCMFUT,12/22/2025 09:18:00,79.41,79.42,79.41,79.42,107214.33,3.0
CCMFUT,12/22/2025 09:15:00,79.41,79.42,79.39,79.42,3465368.82,97.0
CCMFUT,12/22/2025 09:13:00,79.42,79.42,79.41,79.41,71474.54,2.0
CCMFUT,12/22/2025 09:12:00,79.44,79.44,79.44,79.44,35749.87,1.0
CCMFUT,12/22/2025 09:09:00,79.48,79.48,79.4,79.44,2001876.8,56.0
CCMFUT,12/22/2025 09:08:00,79.46,79.48,79.46,79.48,71519.9,2.0
CCMFUT,12/22/2025 09:07:00,79.46,79.46,79.44,79.44,71504.78,2.0
CCMFUT,12/22/2025 09:06:00,79.46,79.46,79.42,79.42,214453.86,6.0
CCMFUT,12/22/2025 09:05:00,79.46,79.46,79.42,79.46,250269.25,7.0
CCMFUT,12/22/2025 09:04:00,79.51,79.51,79.47,79.47,214650.4,6.0
CCMFUT,12/22/2025 09:03:00,79.57,79.59,79.56,79.56,501324.65,14.0
CCMFUT,12/22/2025 09:02:00,79.44,79.57,79.43,79.53,500876.13,14.0
CCMFUT,12/22/2025 09:01:00,79.37,79.44,79.37,79.44,107179.06,3.0
CCMFUT,12/22/2025 09:00:00,79.34,79.61,79.34,79.37,786769.26,22.0
CCMFUT,12/18/2025 17:12:00,79.74,79.74,79.57,79.57,2077246.83,58.0
CCMFUT,12/18/2025 16:19:00,79.66,79.7,79.65,79.7,1254909.12,35.0
CCMFUT,12/18/2025 16:18:00,79.67,79.7,79.66,79.67,1972028.12,55.0
CCMFUT,12/18/2025 16:17:00,79.66,79.66,79.66,79.66,143382.48,4.0
CCMFUT,12/18/2025 16:16:00,79.62,79.66,79.62,79.66,394165.75,11.0
CCMFUT,12/18/2025 16:15:00,79.63,79.63,79.61,79.62,1469040.46,41.0
CCMFUT,12/18/2025 16:14:00,79.65,79.67,79.65,79.67,179228.1,5.0
CCMFUT,12/18/2025 16:13:00,79.67,79.67,79.65,79.65,107541.9,3.0
CCMFUT,12/18/2025 16:12:00,79.67,79.67,79.63,79.63,250889.1,7.0
CCMFUT,12/18/2025 16:11:00,79.67,79.67,79.67,79.67,107551.98,3.0
CCMFUT,12/18/2025 16:10:00,79.7,79.7,79.6,79.66,1971151.26,55.0
CCMFUT,12/18/2025 16:09:00,79.74,79.74,79.74,79.74,71761.79,2.0
CCMFUT,12/18/2025 16:08:00,79.75,79.75,79.71,79.75,107642.69,3.0
CCMFUT,12/18/2025 16:07:00,79.74,79.75,79.72,79.72,861181.81,24.0
CCMFUT,12/18/2025 16:06:00,79.74,79.74,79.74,79.74,107642.69,3.0
CCMFUT,12/18/2025 16:05:00,79.71,79.75,79.71,79.72,609914.75,17.0
CCMFUT,12/18/2025 16:04:00,79.69,79.71,79.69,79.71,107592.29,3.0
CCMFUT,12/18/2025 16:03:00,79.71,79.72,79.68,79.69,753085.57,21.0
CCMFUT,12/18/2025 16:02:00,79.71,79.71,79.71,79.71,71741.63,2.0
CCMFUT,12/18/2025 16:01:00,79.69,79.7,79.69,79.7,215169.47,6.0
CCMFUT,12/18/2025 16:00:00,79.66,79.69,79.66,79.69,215129.15,6.0
CCMFUT,12/18/2025 15:59:00,79.63,79.65,79.63,79.65,71676.12,2.0
CCMFUT,12/18/2025 15:58:00,79.65,79.65,79.65,79.65,71681.16,2.0
CCMFUT,12/18/2025 15:57:00,79.65,79.65,79.65,79.65,35840.58,1.0
CCMFUT,12/18/2025 15:56:00,79.66,79.66,79.65,79.65,394291.73,11.0
CCMFUT,12/18/2025 15:54:00,79.66,79.66,79.66,79.66,35845.62,1.0
CCMFUT,12/18/2025 15:53:00,79.65,79.65,79.65,79.65,35840.58,1.0
CCMFUT,12/18/2025 15:51:00,79.66,79.66,79.66,79.66,35845.62,1.0
CCMFUT,12/18/2025 15:50:00,79.69,79.69,79.69,79.69,35860.74,1.0
CCMFUT,12/18/2025 15:49:00,79.69,79.74,79.69,79.74,609854.28,17.0
CCMFUT,12/18/2025 15:48:00,79.61,79.69,79.6,79.69,1326358.47,37.0
CCMFUT,12/18/2025 15:46:00,79.63,79.63,79.61,79.61,214983.01,6.0
CCMFUT,12/18/2025 15:44:00,79.62,79.66,79.62,79.66,465821.71,13.0
CCMFUT,12/18/2025 15:43:00,79.61,79.61,79.61,79.61,71650.92,2.0
CCMFUT,12/18/2025 15:42:00,79.59,79.61,79.59,79.61,429834.99,12.0
CCMFUT,12/18/2025 15:41:00,79.57,79.59,79.57,79.59,393868.42,11.0
CCMFUT,12/18/2025 15:40:00,79.61,79.61,79.58,79.58,214902.37,6.0
CCMFUT,12/18/2025 15:39:00,79.59,79.59,79.59,79.59,573046.12,16.0
CCMFUT,12/18/2025 15:37:00,79.58,79.62,79.58,79.62,322343.48,9.0
CCMFUT,12/18/2025 15:36:00,79.58,79.58,79.58,79.58,35810.34,1.0
CCMFUT,12/18/2025 15:35:00,79.59,79.59,79.57,79.58,1110135.75,31.0
CCMFUT,12/18/2025 15:34:00,79.59,79.59,79.58,79.59,250697.6,7.0
CCMFUT,12/18/2025 15:33:00,79.6,79.6,79.57,79.59,1969458.0,55.0
CCMFUT,12/18/2025 15:31:00,79.61,79.61,79.61,79.61,179127.31,5.0
CCMFUT,12/18/2025 15:29:00,79.62,79.62,79.57,79.61,2614225.6,73.0
CCMFUT,12/18/2025 15:28:00,79.62,79.62,79.62,79.62,35830.5,1.0
CCMFUT,12/18/2025 15:27:00,79.63,79.65,79.63,79.65,179182.74,5.0
CCMFUT,12/18/2025 15:26:00,79.62,79.62,79.62,79.62,71661.0,2.0
CCMFUT,12/18/2025 15:25:00,79.62,79.62,79.62,79.62,286644.01,8.0
CCMFUT,12/18/2025 15:24:00,79.62,79.62,79.62,79.62,1361559.04,38.0
CCMFUT,12/18/2025 15:23:00,79.67,79.67,79.62,79.66,788482.68,22.0
CCMFUT,12/18/2025 15:22:00,79.67,79.67,79.67,79.67,35850.66,1.0
CCMFUT,12/18/2025 15:21:00,79.69,79.69,79.66,79.66,358526.75,10.0
CCMFUT,12/18/2025 15:20:00,79.74,79.74,79.68,79.68,1219476.74,34.0
CCMFUT,12/18/2025 15:19:00,79.79,79.79,79.78,79.78,71807.15,2.0
CCMFUT,12/18/2025 15:18:00,79.77,79.8,79.71,79.8,933160.29,26.0
CCMFUT,12/18/2025 15:17:00,79.78,79.78,79.76,79.76,71792.03,2.0
CCMFUT,12/18/2025 15:16:00,79.79,79.79,79.78,79.78,71807.15,2.0
CCMFUT,12/18/2025 15:15:00,79.8,79.8,79.8,79.8,35911.13,1.0
CCMFUT,12/18/2025 15:13:00,79.79,79.84,79.79,79.82,466864.88,13.0
CCMFUT,12/18/2025 15:12:00,79.8,79.8,79.8,79.8,71822.26,2.0
CCMFUT,12/18/2025 15:11:00,79.8,79.84,79.8,79.82,1113441.64,31.0
CCMFUT,12/18/2025 15:10:00,79.78,79.8,79.78,79.79,1292614.3,36.0
CCMFUT,12/18/2025 15:09:00,79.71,79.78,79.68,79.78,1219915.17,34.0
CCMFUT,12/18/2025 15:08:00,79.67,79.68,79.67,79.68,1039795.09,29.0
CCMFUT,12/18/2025 15:06:00,79.68,79.68,79.68,79.68,71711.4,2.0
CCMFUT,12/18/2025 15:05:00,79.7,79.7,79.7,79.7,35865.78,1.0
CCMFUT,12/18/2025 15:04:00,79.7,79.7,79.7,79.7,35865.78,1.0
CCMFUT,12/18/2025 15:03:00,79.7,79.7,79.7,79.7,35865.78,1.0
CCMFUT,12/18/2025 15:02:00,79.67,79.69,79.67,79.69,107572.13,3.0
CCMFUT,12/18/2025 15:00:00,79.63,79.63,79.63,79.63,35835.54,1.0
CCMFUT,12/18/2025 14:56:00,79.66,79.66,79.66,79.66,35845.62,1.0
CCMFUT,12/18/2025 14:54:00,79.63,79.63,79.62,79.62,286649.05,8.0
CCMFUT,12/18/2025 14:53:00,79.68,79.7,79.65,79.65,286805.27,8.0
CCMFUT,12/18/2025 14:52:00,79.62,79.67,79.62,79.67,430092.0,12.0
CCMFUT,12/18/2025 14:51:00,79.62,79.62,79.62,79.62,71661.0,2.0
CCMFUT,12/18/2025 14:49:00,79.63,79.63,79.63,79.63,250848.78,7.0
CCMFUT,12/18/2025 14:48:00,79.63,79.63,79.63,79.63,179177.7,5.0
CCMFUT,12/18/2025 14:47:00,79.63,79.65,79.63,79.63,358360.44,10.0
CCMFUT,12/18/2025 14:46:00,79.63,79.63,79.63,79.63,179177.7,5.0
CCMFUT,12/18/2025 14:45:00,79.65,79.66,79.65,79.66,107526.78,3.0
CCMFUT,12/18/2025 14:36:00,79.67,79.67,79.67,79.67,71701.32,2.0
CCMFUT,12/18/2025 14:35:00,79.65,79.65,79.65,79.65,35840.58,1.0
CCMFUT,12/18/2025 14:33:00,79.67,79.67,79.67,79.67,107551.98,3.0
CCMFUT,12/18/2025 14:32:00,79.67,79.67,79.66,79.66,215093.87,6.0
CCMFUT,12/18/2025 14:31:00,79.67,79.67,79.67,79.67,35850.66,1.0
CCMFUT,12/18/2025 14:30:00,79.67,79.67,79.67,79.67,250954.61,7.0
CCMFUT,12/18/2025 14:29:00,79.68,79.68,79.67,79.67,537820.35,15.0
CCMFUT,12/18/2025 14:28:00,79.7,79.7,79.7,79.7,71731.55,2.0
CCMFUT,12/18/2025 14:25:00,79.69,79.7,79.69,79.7,215189.62,6.0
CCMFUT,12/18/2025 14:24:00,79.68,79.68,79.68,79.68,35855.7,1.0
CCMFUT,12/18/2025 14:17:00,79.68,79.68,79.68,79.68,71711.4,2.0
CCMFUT,12/18/2025 14:16:00,79.68,79.68,79.67,79.67,179273.45,5.0
CCMFUT,12/18/2025 14:15:00,79.65,79.67,79.65,79.67,143392.56,4.0
CCMFUT,12/18/2025 14:13:00,79.63,79.63,79.63,79.63,215013.24,6.0
CCMFUT,12/18/2025 14:12:00,79.65,79.65,79.63,79.63,143352.24,4.0
CCMFUT,12/18/2025 14:10:00,79.62,79.65,79.62,79.65,71671.08,2.0
CCMFUT,12/18/2025 14:09:00,79.67,79.67,79.62,79.62,2006674.35,56.0
CCMFUT,12/18/2025 14:08:00,79.68,79.68,79.67,79.67,107562.06,3.0
CCMFUT,12/18/2025 14:05:00,79.67,79.68,79.67,79.68,71706.36,2.0
CCMFUT,12/18/2025 14:04:00,79.65,79.66,79.65,79.66,107526.78,3.0
CCMFUT,12/18/2025 14:03:00,79.68,79.68,79.63,79.63,2617395.41,73.0
CCMFUT,12/18/2025 14:02:00,79.7,79.7,79.68,79.68,1864702.92,52.0
CCMFUT,12/18/2025 14:01:00,79.74,79.74,79.74,79.74,538213.43,15.0
CCMFUT,12/18/2025 13:59:00,79.71,79.72,79.71,79.72,107617.49,3.0
CCMFUT,12/18/2025 13:58:00,79.71,79.71,79.71,79.71,71741.63,2.0
CCMFUT,12/18/2025 13:56:00,79.74,79.74,79.74,79.74,107642.69,3.0
CCMFUT,12/18/2025 13:54:00,79.75,79.75,79.75,79.75,71771.87,2.0
CCMFUT,12/18/2025 13:52:00,79.8,79.8,79.8,79.8,35911.13,1.0
CCMFUT,12/18/2025 13:51:00,79.79,79.85,79.79,79.82,1005743.51,28.0
CCMFUT,12/18/2025 13:48:00,79.72,79.72,79.72,79.72,35875.86,1.0
CCMFUT,12/18/2025 13:45:00,79.71,79.71,79.71,79.71,35870.82,1.0
CCMFUT,12/18/2025 13:44:00,79.71,79.72,79.71,79.72,71746.67,2.0
CCMFUT,12/18/2025 13:41:00,79.75,79.75,79.75,79.75,71771.87,2.0
CCMFUT,12/18/2025 13:40:00,79.74,79.76,79.74,79.76,143543.74,4.0
CCMFUT,12/18/2025 13:38:00,79.72,79.75,79.7,79.72,466355.89,13.0
CCMFUT,12/18/2025 13:37:00,79.75,79.75,79.75,79.75,71771.87,2.0
CCMFUT,12/18/2025 13:36:00,79.72,79.72,79.72,79.72,35875.86,1.0
CCMFUT,12/18/2025 13:34:00,79.72,79.72,79.71,79.72,394589.06,11.0
CCMFUT,12/18/2025 13:32:00,79.75,79.75,79.75,79.75,35885.93,1.0
CCMFUT,12/18/2025 13:23:00,79.72,79.72,79.72,79.72,322882.7,9.0
CCMFUT,12/18/2025 13:21:00,79.72,79.72,79.72,79.72,71751.71,2.0
CCMFUT,12/18/2025 13:20:00,79.72,79.72,79.72,79.72,35875.86,1.0
CCMFUT,12/18/2025 13:15:00,79.72,79.72,79.72,79.72,35875.86,1.0
CCMFUT,12/18/2025 13:13:00,79.7,79.7,79.7,79.7,35865.78,1.0
CCMFUT,12/18/2025 13:12:00,79.7,79.7,79.7,79.7,35865.78,1.0
CCMFUT,12/18/2025 13:11:00,79.71,79.71,79.71,79.71,143483.27,4.0
CCMFUT,12/18/2025 13:09:00,79.71,79.71,79.71,79.71,143483.27,4.0
CCMFUT,12/18/2025 13:06:00,79.7,79.71,79.7,79.7,1972642.94,55.0
CCMFUT,12/18/2025 13:05:00,79.74,79.74,79.71,79.71,394679.77,11.0
CCMFUT,12/18/2025 13:04:00,79.75,79.75,79.74,79.74,215290.41,6.0
CCMFUT,12/18/2025 13:03:00,79.76,79.76,79.75,79.75,143548.78,4.0
CCMFUT,12/18/2025 12:59:00,79.76,79.76,79.76,79.76,107672.92,3.0
CCMFUT,12/18/2025 12:50:00,79.77,79.77,79.76,79.76,71786.99,2.0
CCMFUT,12/18/2025 12:49:00,79.78,79.78,79.78,79.78,35901.05,1.0
CCMFUT,12/18/2025 12:44:00,79.77,79.77,79.77,79.77,107688.04,3.0
CCMFUT,12/18/2025 12:42:00,79.77,79.77,79.76,79.76,215360.96,6.0
CCMFUT,12/18/2025 12:41:00,79.77,79.77,79.76,79.76,466622.98,13.0
CCMFUT,12/18/2025 12:40:00,79.78,79.78,79.77,79.77,287188.27,8.0
CCMFUT,12/18/2025 12:39:00,79.77,79.78,79.77,79.78,251287.21,7.0
CCMFUT,12/18/2025 12:38:00,79.77,79.77,79.77,79.77,143584.06,4.0
CCMFUT,12/18/2025 12:37:00,79.78,79.78,79.77,79.77,215381.12,6.0
CCMFUT,12/18/2025 12:36:00,79.78,79.78,79.78,79.78,179505.27,5.0
CCMFUT,12/18/2025 12:34:00,79.78,79.78,79.78,79.78,107703.16,3.0
CCMFUT,12/18/2025 12:33:00,79.78,79.78,79.78,79.78,35901.05,1.0
CCMFUT,12/18/2025 12:31:00,79.82,79.82,79.82,79.82,35921.21,1.0
CCMFUT,12/18/2025 12:29:00,79.81,79.81,79.81,79.81,35916.17,1.0
CCMFUT,12/18/2025 12:27:00,79.79,79.79,79.79,79.79,71812.19,2.0
CCMFUT,12/18/2025 12:21:00,79.79,79.79,79.78,79.78,287228.58,8.0
CCMFUT,12/18/2025 12:19:00,79.79,79.79,79.79,79.79,287248.74,8.0
CCMFUT,12/18/2025 12:18:00,79.79,79.79,79.79,79.79,359060.93,10.0
CCMFUT,12/18/2025 12:17:00,79.79,79.79,79.79,79.79,71812.19,2.0
CCMFUT,12/18/2025 12:16:00,79.8,79.8,79.77,79.79,251322.49,7.0
CCMFUT,12/18/2025 12:15:00,79.79,79.79,79.79,79.79,71812.19,2.0
CCMFUT,12/18/2025 12:14:00,79.82,79.82,79.81,79.81,287334.41,8.0
CCMFUT,12/18/2025 12:11:00,79.82,79.82,79.82,79.82,35921.21,1.0
CCMFUT,12/18/2025 12:09:00,79.85,79.85,79.85,79.85,71862.58,2.0
CCMFUT,12/18/2025 12:05:00,79.87,79.87,79.81,79.85,395224.03,11.0
CCMFUT,12/18/2025 12:04:00,79.9,79.9,79.9,79.9,35956.49,1.0
CCMFUT,12/18/2025 12:03:00,79.95,79.96,79.93,79.94,1043247.11,29.0
CCMFUT,12/18/2025 12:02:00,79.88,79.94,79.88,79.94,719205.34,20.0
CCMFUT,12/18/2025 12:01:00,79.89,79.9,79.89,79.9,791037.68,22.0
CCMFUT,12/18/2025 12:00:00,79.81,79.87,79.81,79.87,1293516.36,36.0
CCMFUT,12/18/2025 11:59:00,79.8,79.8,79.8,79.8,143644.53,4.0
CCMFUT,12/18/2025 11:55:00,79.8,79.8,79.8,79.8,35911.13,1.0
CCMFUT,12/18/2025 11:54:00,79.85,79.85,79.74,79.74,2010287.64,56.0
CCMFUT,12/18/2025 11:53:00,79.81,79.86,79.81,79.85,934142.99,26.0
CCMFUT,12/18/2025 11:52:00,79.8,79.81,79.8,79.81,395037.57,11.0
CCMFUT,12/18/2025 11:51:00,79.79,79.87,79.79,79.79,3197486.69,89.0
CCMFUT,12/18/2025 11:49:00,79.77,79.78,79.77,79.78,394881.35,11.0
CCMFUT,12/18/2025 11:48:00,79.75,79.81,79.75,79.79,1831301.44,51.0
CCMFUT,12/18/2025 11:46:00,79.75,79.79,79.74,79.79,1364109.0,38.0
CCMFUT,12/18/2025 11:45:00,79.74,79.74,79.74,79.74,35880.9,1.0
CCMFUT,12/18/2025 11:44:00,79.74,79.74,79.74,79.74,179404.48,5.0
CCMFUT,12/18/2025 11:42:00,79.74,79.74,79.74,79.74,35880.9,1.0
CCMFUT,12/18/2025 11:41:00,79.69,79.72,79.69,79.72,143468.15,4.0
CCMFUT,12/18/2025 11:39:00,79.67,79.67,79.67,79.67,71701.32,2.0
CCMFUT,12/18/2025 11:38:00,79.65,79.67,79.65,79.67,537628.86,15.0
CCMFUT,12/18/2025 11:37:00,79.66,79.66,79.66,79.66,35845.62,1.0
CCMFUT,12/18/2025 11:35:00,79.67,79.67,79.67,79.67,143402.63,4.0
CCMFUT,12/18/2025 11:33:00,79.69,79.69,79.69,79.69,35860.74,1.0
CCMFUT,12/18/2025 11:32:00,79.69,79.69,79.69,79.69,35860.74,1.0
CCMFUT,12/18/2025 11:31:00,79.68,79.68,79.67,79.67,179268.41,5.0
CCMFUT,12/18/2025 11:28:00,79.71,79.71,79.7,79.7,107607.41,3.0
CCMFUT,12/18/2025 11:25:00,79.7,79.71,79.7,79.71,107607.41,3.0
CCMFUT,12/18/2025 11:22:00,79.71,79.71,79.68,79.7,1901027.29,53.0
CCMFUT,12/18/2025 11:21:00,79.72,79.72,79.72,79.72,35875.86,1.0
CCMFUT,12/18/2025 11:20:00,79.75,79.78,79.72,79.72,358894.63,10.0
CCMFUT,12/18/2025 11:19:00,79.74,79.75,79.74,79.74,251171.31,7.0
CCMFUT,12/18/2025 11:18:00,79.67,79.74,79.67,79.74,1721416.2,48.0
CCMFUT,12/18/2025 11:17:00,79.66,79.67,79.66,79.67,143387.52,4.0
CCMFUT,12/18/2025 11:14:00,79.63,79.63,79.63,79.63,35835.54,1.0
CCMFUT,12/18/2025 11:13:00,79.62,79.62,79.62,79.62,35830.5,1.0
CCMFUT,12/18/2025 11:12:00,79.6,79.62,79.6,79.62,322409.0,9.0
CCMFUT,12/18/2025 11:11:00,79.62,79.62,79.59,79.62,465700.76,13.0
CCMFUT,12/18/2025 11:10:00,79.61,79.63,79.61,79.63,71661.0,2.0
CCMFUT,12/18/2025 11:09:00,79.61,79.61,79.6,79.61,286578.49,8.0
CCMFUT,12/18/2025 11:08:00,79.62,79.62,79.62,79.62,107491.5,3.0
CCMFUT,12/18/2025 11:07:00,79.62,79.62,79.62,79.62,250813.51,7.0
CCMFUT,12/18/2025 11:06:00,79.62,79.62,79.62,79.62,35830.5,1.0
CCMFUT,12/18/2025 11:05:00,79.66,79.66,79.65,79.65,71686.2,2.0
CCMFUT,12/18/2025 11:04:00,79.68,79.7,79.68,79.7,537916.1,15.0
CCMFUT,12/18/2025 11:03:00,79.61,79.65,79.61,79.65,537462.55,15.0
CCMFUT,12/18/2025 11:01:00,79.61,79.61,79.61,79.61,179127.31,5.0
CCMFUT,12/18/2025 11:00:00,79.59,79.61,79.57,79.6,1468289.58,41.0
CCMFUT,12/18/2025 10:59:00,79.62,79.62,79.59,79.59,322393.88,9.0
CCMFUT,12/18/2025 10:58:00,79.62,79.65,79.62,79.65,179167.62,5.0
CCMFUT,12/18/2025 10:57:00,79.6,79.62,79.59,79.62,429845.06,12.0
CCMFUT,12/18/2025 10:56:00,79.59,79.59,79.57,79.59,716262.3,20.0
CCMFUT,12/18/2025 10:55:00,79.65,79.65,79.57,79.59,1647497.52,46.0
CCMFUT,12/18/2025 10:54:00,79.68,79.69,79.6,79.63,2293565.29,64.0
CCMFUT,12/18/2025 10:53:00,79.85,79.85,79.62,79.68,9327475.62,260.0
CCMFUT,12/18/2025 10:52:00,79.86,79.86,79.85,79.86,5533458.97,154.0
CCMFUT,12/18/2025 10:51:00,79.86,79.86,79.86,79.86,107808.99,3.0
CCMFUT,12/18/2025 10:49:00,79.86,79.86,79.86,79.86,107808.99,3.0
CCMFUT,12/18/2025 10:48:00,79.87,79.87,79.87,79.87,143765.48,4.0
CCMFUT,12/18/2025 10:45:00,79.87,79.87,79.87,79.87,35941.37,1.0
CCMFUT,12/18/2025 10:44:00,79.86,79.9,79.86,79.88,1114434.41,31.0
CCMFUT,12/18/2025 10:43:00,79.86,79.86,79.85,79.85,1580981.8,44.0
CCMFUT,12/18/2025 10:42:00,79.88,79.88,79.86,79.86,179721.96,5.0
CCMFUT,12/18/2025 10:41:00,79.86,79.86,79.85,79.85,179671.57,5.0
CCMFUT,12/18/2025 10:39:00,79.89,79.89,79.89,79.89,35951.45,1.0
CCMFUT,12/18/2025 10:38:00,79.96,79.96,79.93,79.93,1906762.19,53.0
CCMFUT,12/18/2025 10:37:00,79.94,79.95,79.94,79.95,215849.79,6.0
CCMFUT,12/18/2025 10:35:00,79.89,79.89,79.89,79.89,35951.45,1.0
CCMFUT,12/18/2025 10:34:00,79.93,79.93,79.93,79.93,35966.57,1.0
CCMFUT,12/18/2025 10:31:00,79.96,79.96,79.96,79.96,35981.68,1.0
CCMFUT,12/18/2025 10:30:00,79.91,79.91,79.91,79.91,35961.53,1.0
CCMFUT,12/18/2025 10:28:00,79.93,79.93,79.93,79.93,35966.57,1.0
CCMFUT,12/18/2025 10:27:00,79.91,79.91,79.91,79.91,35961.53,1.0
CCMFUT,12/18/2025 10:26:00,79.96,79.96,79.96,79.96,35981.68,1.0
CCMFUT,12/18/2025 10:24:00,79.93,79.93,79.93,79.93,35966.57,1.0
CCMFUT,12/18/2025 10:23:00,79.93,79.95,79.93,79.95,359721.1,10.0
CCMFUT,12/18/2025 10:22:00,79.9,79.9,79.9,79.9,179782.44,5.0
CCMFUT,12/18/2025 10:21:00,79.89,79.89,79.89,79.89,35951.45,1.0
CCMFUT,12/18/2025 10:20:00,79.86,79.87,79.85,79.87,610862.17,17.0
CCMFUT,12/18/2025 10:19:00,79.87,79.87,79.86,79.86,71877.7,2.0
CCMFUT,12/18/2025 10:17:00,79.93,79.93,79.93,79.93,71933.13,2.0
CCMFUT,12/18/2025 10:16:00,79.95,79.95,79.93,79.93,71943.21,2.0
CCMFUT,12/18/2025 10:14:00,79.96,79.96,79.96,79.96,35981.68,1.0
CCMFUT,12/18/2025 10:11:00,79.96,79.96,79.96,79.96,35981.68,1.0
CCMFUT,12/18/2025 10:07:00,79.97,79.98,79.97,79.97,179943.7,5.0
CCMFUT,12/18/2025 10:04:00,79.95,79.95,79.95,79.95,71953.29,2.0
CCMFUT,12/18/2025 10:00:00,79.96,79.96,79.9,79.93,755353.32,21.0
CCMFUT,12/18/2025 09:59:00,79.96,79.96,79.96,79.96,35981.68,1.0
CCMFUT,12/18/2025 09:57:00,80.03,80.04,80.03,80.03,180064.65,5.0
CCMFUT,12/18/2025 09:56:00,80.02,80.02,80.02,80.02,72013.76,2.0
CCMFUT,12/18/2025 09:55:00,79.99,79.99,79.98,79.98,143977.13,4.0
CCMFUT,12/18/2025 09:54:00,80.02,80.02,80.02,80.02,72013.76,2.0
CCMFUT,12/18/2025 09:52:00,80.02,80.02,80.02,80.02,36006.88,1.0
CCMFUT,12/18/2025 09:51:00,80.02,80.02,80.02,80.02,180034.41,5.0
CCMFUT,12/18/2025 09:50:00,80.03,80.04,80.0,80.0,216061.45,6.0
CCMFUT,12/18/2025 09:49:00,80.02,80.03,80.02,80.03,288060.09,8.0
CCMFUT,12/18/2025 09:48:00,79.98,80.0,79.97,80.0,719820.15,20.0
CCMFUT,12/18/2025 09:47:00,79.9,79.96,79.9,79.96,1618298.94,45.0
CCMFUT,12/18/2025 09:45:00,79.9,79.9,79.88,79.88,251675.25,7.0
CCMFUT,12/18/2025 09:40:00,79.89,79.9,79.89,79.9,862945.61,24.0
CCMFUT,12/18/2025 09:39:00,79.88,79.88,79.87,79.87,71887.78,2.0
CCMFUT,12/18/2025 09:38:00,79.87,79.87,79.87,79.87,71882.74,2.0
CCMFUT,12/18/2025 09:37:00,79.87,79.88,79.87,79.87,359428.81,10.0
CCMFUT,12/18/2025 09:36:00,79.86,79.86,79.85,79.86,395259.31,11.0
CCMFUT,12/18/2025 09:34:00,79.89,79.89,79.89,79.89,35951.45,1.0
CCMFUT,12/18/2025 09:33:00,79.88,79.88,79.88,79.88,107839.22,3.0
CCMFUT,12/18/2025 09:32:00,79.85,79.87,79.85,79.87,107814.03,3.0
CCMFUT,12/18/2025 09:31:00,79.86,79.87,79.85,79.85,1796589.69,50.0
CCMFUT,12/18/2025 09:30:00,79.87,79.88,79.85,79.86,1185848.48,33.0
CCMFUT,12/18/2025 09:28:00,79.87,79.87,79.87,79.87,35941.37,1.0
CCMFUT,12/18/2025 09:27:00,79.89,79.89,79.87,79.87,251609.74,7.0
CCMFUT,12/18/2025 09:26:00,79.87,79.87,79.87,79.87,35941.37,1.0
CCMFUT,12/18/2025 09:25:00,79.85,79.89,79.85,79.89,179716.92,5.0
CCMFUT,12/18/2025 09:24:00,79.85,79.86,79.85,79.85,898287.29,25.0
CCMFUT,12/18/2025 09:23:00,79.86,79.89,79.85,79.85,431246.03,12.0
CCMFUT,12/18/2025 09:22:00,79.9,79.9,79.88,79.88,323578.15,9.0
CCMFUT,12/18/2025 09:21:00,79.89,79.89,79.89,79.89,71902.9,2.0
CCMFUT,12/18/2025 09:20:00,79.89,79.9,79.89,79.9,71907.93,2.0
CCMFUT,12/18/2025 09:19:00,79.87,79.89,79.87,79.89,143785.63,4.0
CCMFUT,12/18/2025 09:18:00,79.91,79.91,79.89,79.89,359579.99,10.0
CCMFUT,12/18/2025 09:17:00,79.96,79.96,79.87,79.91,287631.74,8.0
CCMFUT,12/18/2025 09:16:00,79.97,79.97,79.97,79.97,71973.45,2.0
CCMFUT,12/18/2025 09:15:00,79.96,79.97,79.9,79.96,935317.18,26.0
CCMFUT,12/18/2025 09:14:00,80.02,80.04,79.85,79.95,3381925.58,94.0
CCMFUT,12/18/2025 09:13:00,79.97,80.02,79.97,79.99,503940.12,14.0
CCMFUT,12/18/2025 09:12:00,79.95,79.97,79.93,79.95,359781.57,10.0
CCMFUT,12/18/2025 09:11:00,79.89,79.93,79.89,79.93,467499.85,13.0
CCMFUT,12/18/2025 09:10:00,79.9,79.91,79.9,79.91,179802.59,5.0
CCMFUT,12/18/2025 09:09:00,79.86,79.87,79.85,79.87,287465.44,8.0
CCMFUT,12/18/2025 09:08:00,79.85,79.87,79.85,79.85,754587.33,21.0
CCMFUT,12/18/2025 09:07:00,79.87,79.88,79.82,79.85,1581037.23,44.0
CCMFUT,12/18/2025 09:06:00,79.9,79.95,79.9,79.95,1510545.38,42.0
CCMFUT,12/18/2025 09:05:00,79.88,79.9,79.88,79.9,287601.5,8.0
CCMFUT,12/18/2025 09:04:00,79.81,79.89,79.76,79.85,1831931.37,51.0
CCMFUT,12/18/2025 09:03:00,79.86,79.87,79.74,79.79,2621200.2,73.0
CCMFUT,12/18/2025 09:02:00,79.91,79.91,79.72,79.79,3518872.68,98.0
CCMFUT,12/18/2025 09:01:00,80.06,80.12,79.91,79.91,1475924.35,41.0
CCMFUT,12/18/2025 09:00:00,80.07,80.07,79.93,80.0,1008268.28,28.0
CCMFUT,12/16/2025 17:05:00,80.41,80.6,80.41,80.52,2970288.05,82.0
CCMFUT,12/16/2025 16:19:00,80.41,80.5,80.38,80.46,7129952.2,197.0
CCMFUT,12/16/2025 16:18:00,80.41,80.45,80.4,80.41,1302753.67,36.0
CCMFUT,12/16/2025 16:17:00,80.42,80.44,80.4,80.44,470447.93,13.0
CCMFUT,12/16/2025 16:16:00,80.36,80.43,80.36,80.43,1157889.6,32.0
CCMFUT,12/16/2025 16:15:00,80.37,80.42,80.37,80.42,397985.65,11.0
CCMFUT,12/16/2025 16:12:00,80.38,80.42,80.38,80.42,397975.57,11.0
CCMFUT,12/16/2025 16:10:00,80.34,80.38,80.34,80.34,1374051.84,38.0
CCMFUT,12/16/2025 16:09:00,80.38,80.38,80.35,80.35,361595.77,10.0
CCMFUT,12/16/2025 16:07:00,80.42,80.42,80.36,80.36,108514.51,3.0
CCMFUT,12/16/2025 16:06:00,80.35,80.43,80.35,80.43,2025920.02,56.0
CCMFUT,12/16/2025 16:05:00,80.31,80.36,80.31,80.36,650779.66,18.0
CCMFUT,12/16/2025 16:04:00,80.32,80.32,80.3,80.32,252975.43,7.0
CCMFUT,12/16/2025 16:01:00,80.33,80.33,80.33,80.33,36147.99,1.0
CCMFUT,12/16/2025 16:00:00,80.27,80.33,80.27,80.27,433559.14,12.0
CCMFUT,12/16/2025 15:59:00,80.27,80.27,80.27,80.27,36122.79,1.0
CCMFUT,12/16/2025 15:58:00,80.26,80.26,80.26,80.26,72235.5,2.0
CCMFUT,12/16/2025 15:57:00,80.34,80.35,80.3,80.3,180709.7,5.0
CCMFUT,12/16/2025 15:56:00,80.24,80.3,80.24,80.3,613996.7,17.0
CCMFUT,12/16/2025 15:55:00,80.18,80.18,80.18,80.18,36082.47,1.0
CCMFUT,12/16/2025 15:54:00,80.18,80.18,80.18,80.18,108247.42,3.0
CCMFUT,12/16/2025 15:50:00,80.17,80.22,80.17,80.22,288735.38,8.0
CCMFUT,12/16/2025 15:49:00,80.17,80.18,80.17,80.18,252567.24,7.0
CCMFUT,12/16/2025 15:48:00,80.22,80.22,80.09,80.15,1875295.85,52.0
CCMFUT,12/16/2025 15:47:00,80.23,80.23,80.19,80.19,252662.99,7.0
CCMFUT,12/16/2025 15:45:00,80.24,80.24,80.24,80.24,144430.68,4.0
CCMFUT,12/16/2025 15:41:00,80.27,80.27,80.27,80.27,36122.79,1.0
CCMFUT,12/16/2025 15:40:00,80.25,80.25,80.25,80.25,36112.71,1.0
CCMFUT,12/16/2025 15:37:00,80.27,80.27,80.25,80.27,288957.12,8.0
CCMFUT,12/16/2025 15:35:00,80.26,80.26,80.26,80.26,36117.75,1.0
CCMFUT,12/16/2025 15:31:00,80.26,80.26,80.26,80.26,36117.75,1.0
CCMFUT,12/16/2025 15:30:00,80.26,80.26,80.26,80.26,36117.75,1.0
CCMFUT,12/16/2025 15:28:00,80.26,80.26,80.26,80.26,36117.75,1.0
CCMFUT,12/16/2025 15:26:00,80.28,80.28,80.27,80.27,72250.62,2.0
CCMFUT,12/16/2025 15:25:00,80.28,80.28,80.28,80.28,36127.83,1.0
CCMFUT,12/16/2025 15:24:00,80.28,80.28,80.28,80.28,72255.66,2.0
CCMFUT,12/16/2025 15:20:00,80.32,80.32,80.32,80.32,36142.95,1.0
CCMFUT,12/16/2025 15:18:00,80.36,80.36,80.36,80.36,36163.1,1.0
CCMFUT,12/16/2025 15:15:00,80.32,80.32,80.32,80.32,36142.95,1.0
CCMFUT,12/16/2025 15:10:00,80.32,80.32,80.32,80.32,36142.95,1.0
CCMFUT,12/16/2025 15:09:00,80.32,80.34,80.32,80.34,180739.93,5.0
CCMFUT,12/16/2025 15:08:00,80.3,80.3,80.3,80.3,36132.87,1.0
CCMFUT,12/16/2025 15:05:00,80.27,80.27,80.27,80.27,36122.79,1.0
CCMFUT,12/16/2025 15:00:00,80.25,80.31,80.24,80.31,361217.81,10.0
CCMFUT,12/16/2025 14:59:00,80.31,80.31,80.26,80.26,144521.39,4.0
CCMFUT,12/16/2025 14:58:00,80.3,80.3,80.3,80.3,72265.74,2.0
CCMFUT,12/16/2025 14:56:00,80.35,80.35,80.33,80.33,759309.29,21.0
CCMFUT,12/16/2025 14:55:00,80.36,80.36,80.36,80.36,36163.1,1.0
CCMFUT,12/16/2025 14:50:00,80.37,80.37,80.37,80.37,36168.14,1.0
CCMFUT,12/16/2025 14:45:00,80.38,80.38,80.38,80.38,36173.18,1.0
CCMFUT,12/16/2025 14:44:00,80.38,80.38,80.38,80.38,36173.18,1.0
CCMFUT,12/16/2025 14:42:00,80.4,80.4,80.4,80.4,36178.22,1.0
CCMFUT,12/16/2025 14:40:00,80.36,80.41,80.36,80.41,1664324.25,46.0
CCMFUT,12/16/2025 14:39:00,80.38,80.38,80.38,80.38,36173.18,1.0
CCMFUT,12/16/2025 14:36:00,80.37,80.4,80.37,80.4,470206.03,13.0
CCMFUT,12/16/2025 14:35:00,80.35,80.36,80.34,80.36,1048588.93,29.0
CCMFUT,12/16/2025 14:34:00,80.36,80.36,80.35,80.35,216968.55,6.0
CCMFUT,12/16/2025 14:32:00,80.34,80.35,80.34,80.35,361565.53,10.0
CCMFUT,12/16/2025 14:30:00,80.31,80.31,80.31,80.31,36137.91,1.0
CCMFUT,12/16/2025 14:29:00,80.3,80.3,80.3,80.3,72265.74,2.0
CCMFUT,12/16/2025 14:25:00,80.27,80.27,80.27,80.27,36122.79,1.0
CCMFUT,12/16/2025 14:22:00,80.3,80.3,80.3,80.3,72265.74,2.0
CCMFUT,12/16/2025 14:20:00,80.27,80.27,80.27,80.27,36122.79,1.0
CCMFUT,12/16/2025 14:15:00,80.27,80.27,80.27,80.27,36122.79,1.0
CCMFUT,12/16/2025 14:10:00,80.26,80.3,80.26,80.3,108383.49,3.0
CCMFUT,12/16/2025 14:09:00,80.28,80.32,80.28,80.32,361369.0,10.0
CCMFUT,12/16/2025 14:05:00,80.24,80.24,80.24,80.24,36107.67,1.0
CCMFUT,12/16/2025 14:03:00,80.27,80.28,80.27,80.28,108378.45,3.0
CCMFUT,12/16/2025 14:02:00,80.27,80.27,80.27,80.27,36122.79,1.0
CCMFUT,12/16/2025 14:01:00,80.26,80.27,80.26,80.27,108358.29,3.0
CCMFUT,12/16/2025 14:00:00,80.18,80.26,80.18,80.26,433221.5,12.0
CCMFUT,12/16/2025 13:58:00,80.21,80.21,80.21,80.21,216555.31,6.0
CCMFUT,12/16/2025 13:57:00,80.28,80.28,80.22,80.22,758351.8,21.0
CCMFUT,12/16/2025 13:56:00,80.25,80.25,80.25,80.25,180563.55,5.0
CCMFUT,12/16/2025 13:55:00,80.3,80.3,80.25,80.25,397290.21,11.0
CCMFUT,12/16/2025 13:54:00,80.4,80.4,80.3,80.31,1157042.97,32.0
CCMFUT,12/16/2025 13:53:00,80.4,80.4,80.4,80.4,72356.45,2.0
CCMFUT,12/16/2025 13:52:00,80.41,80.41,80.41,80.41,36183.26,1.0
CCMFUT,12/16/2025 13:51:00,80.4,80.4,80.36,80.4,253197.17,7.0
CCMFUT,12/16/2025 13:50:00,80.41,80.41,80.37,80.4,434113.48,12.0
CCMFUT,12/16/2025 13:47:00,80.42,80.42,80.42,80.42,36188.3,1.0
CCMFUT,12/16/2025 13:46:00,80.4,80.41,80.38,80.41,217074.38,6.0
CCMFUT,12/16/2025 13:45:00,80.41,80.41,80.38,80.4,868373.1,24.0
CCMFUT,12/16/2025 13:41:00,80.43,80.43,80.43,80.43,36193.34,1.0
CCMFUT,12/16/2025 13:40:00,80.41,80.44,80.41,80.44,579113.62,16.0
CCMFUT,12/16/2025 13:35:00,80.41,80.41,80.41,80.41,36183.26,1.0
CCMFUT,12/16/2025 13:32:00,80.41,80.41,80.41,80.41,289466.1,8.0
CCMFUT,12/16/2025 13:30:00,80.42,80.42,80.42,80.42,36188.3,1.0
CCMFUT,12/16/2025 13:27:00,80.43,80.43,80.43,80.43,72386.68,2.0
CCMFUT,12/16/2025 13:25:00,80.41,80.41,80.41,80.41,36183.26,1.0
CCMFUT,12/16/2025 13:23:00,80.43,80.43,80.38,80.42,1013121.27,28.0
CCMFUT,12/16/2025 13:22:00,80.43,80.43,80.43,80.43,108580.02,3.0
CCMFUT,12/16/2025 13:20:00,80.42,80.42,80.42,80.42,36188.3,1.0
CCMFUT,12/16/2025 13:15:00,80.42,80.42,80.42,80.42,36188.3,1.0
CCMFUT,12/16/2025 13:13:00,80.42,80.43,80.42,80.43,108574.98,3.0
CCMFUT,12/16/2025 13:10:00,80.42,80.42,80.42,80.42,36188.3,1.0
CCMFUT,12/16/2025 13:05:00,80.44,80.44,80.43,80.43,253383.63,7.0
CCMFUT,12/16/2025 13:04:00,80.44,80.44,80.44,80.44,217190.29,6.0
CCMFUT,12/16/2025 13:02:00,80.44,80.46,80.44,80.44,1194758.23,33.0
CCMFUT,12/16/2025 13:00:00,80.44,80.44,80.43,80.44,144783.44,4.0
CCMFUT,12/16/2025 12:59:00,80.44,80.44,80.44,80.44,180991.9,5.0
CCMFUT,12/16/2025 12:57:00,80.43,80.43,80.43,80.43,108580.02,3.0
CCMFUT,12/16/2025 12:56:00,80.44,80.44,80.44,80.44,253388.67,7.0
CCMFUT,12/16/2025 12:55:00,80.43,80.43,80.43,80.43,36193.34,1.0
CCMFUT,12/16/2025 12:52:00,80.43,80.44,80.43,80.44,289576.97,8.0
CCMFUT,12/16/2025 12:51:00,80.42,80.42,80.42,80.42,36188.3,1.0
CCMFUT,12/16/2025 12:50:00,80.42,80.43,80.42,80.43,289541.69,8.0
CCMFUT,12/16/2025 12:46:00,80.43,80.43,80.43,80.43,36193.34,1.0
CCMFUT,12/16/2025 12:45:00,80.43,80.44,80.43,80.44,180976.79,5.0
CCMFUT,12/16/2025 12:40:00,80.42,80.42,80.42,80.42,36188.3,1.0
CCMFUT,12/16/2025 12:38:00,80.43,80.43,80.43,80.43,36193.34,1.0
CCMFUT,12/16/2025 12:35:00,80.42,80.42,80.42,80.42,36188.3,1.0
CCMFUT,12/16/2025 12:32:00,80.44,80.44,80.44,80.44,36198.38,1.0
CCMFUT,12/16/2025 12:30:00,80.4,80.44,80.4,80.44,108574.98,3.0
CCMFUT,12/16/2025 12:26:00,80.42,80.42,80.42,80.42,36188.3,1.0
CCMFUT,12/16/2025 12:25:00,80.44,80.45,80.44,80.45,108605.22,3.0
CCMFUT,12/16/2025 12:24:00,80.42,80.46,80.42,80.46,543000.91,15.0
CCMFUT,12/16/2025 12:23:00,80.42,80.42,80.42,80.42,36188.3,1.0
CCMFUT,12/16/2025 12:20:00,80.4,80.4,80.4,80.4,36178.22,1.0
CCMFUT,12/16/2025 12:15:00,80.37,80.42,80.37,80.42,108544.75,3.0
CCMFUT,12/16/2025 12:13:00,80.45,80.45,80.43,80.43,434380.57,12.0
CCMFUT,12/16/2025 12:12:00,80.45,80.45,80.45,80.45,36203.42,1.0
CCMFUT,12/16/2025 12:11:00,80.42,80.42,80.42,80.42,108564.91,3.0
CCMFUT,12/16/2025 12:10:00,80.4,80.41,80.38,80.4,144712.89,4.0
CCMFUT,12/16/2025 12:09:00,80.4,80.4,80.4,80.4,36178.22,1.0
CCMFUT,12/16/2025 12:08:00,80.45,80.45,80.42,80.42,108580.02,3.0
CCMFUT,12/16/2025 12:07:00,80.44,80.51,80.44,80.44,687945.62,19.0
CCMFUT,12/16/2025 12:05:00,80.43,80.43,80.43,80.43,36193.34,1.0
CCMFUT,12/16/2025 12:04:00,80.45,80.46,80.45,80.45,289652.56,8.0
CCMFUT,12/16/2025 12:03:00,80.45,80.45,80.45,80.45,72406.84,2.0
CCMFUT,12/16/2025 12:02:00,80.45,80.45,80.42,80.44,325785.43,9.0
CCMFUT,12/16/2025 12:01:00,80.41,80.46,80.41,80.46,579138.82,16.0
CCMFUT,12/16/2025 12:00:00,80.34,80.47,80.34,80.41,1664677.01,46.0
CCMFUT,12/16/2025 11:59:00,80.32,80.35,80.32,80.34,180770.17,5.0
CCMFUT,12/16/2025 11:58:00,80.32,80.36,80.3,80.35,1771488.19,49.0
CCMFUT,12/16/2025 11:57:00,80.24,80.35,80.24,80.33,2565776.31,71.0
CCMFUT,12/16/2025 11:56:00,80.22,80.22,80.22,80.22,36097.59,1.0
CCMFUT,12/16/2025 11:55:00,80.18,80.26,80.18,80.26,649882.64,18.0
CCMFUT,12/16/2025 11:54:00,80.21,80.22,80.21,80.22,180482.92,5.0
CCMFUT,12/16/2025 11:53:00,80.26,80.26,80.25,80.25,180568.59,5.0
CCMFUT,12/16/2025 11:52:00,80.24,80.28,80.24,80.25,469510.59,13.0
CCMFUT,12/16/2025 11:51:00,80.19,80.25,80.17,80.22,1769003.74,49.0
CCMFUT,12/16/2025 11:50:00,80.17,80.24,80.17,80.21,541443.72,15.0
CCMFUT,12/16/2025 11:49:00,80.21,80.21,80.21,80.21,108277.66,3.0
CCMFUT,12/16/2025 11:46:00,80.19,80.21,80.19,80.21,360910.41,10.0
CCMFUT,12/16/2025 11:45:00,80.18,80.21,80.18,80.21,108257.5,3.0
CCMFUT,12/16/2025 11:43:00,80.21,80.21,80.21,80.21,36092.55,1.0
CCMFUT,12/16/2025 11:42:00,80.25,80.28,80.25,80.28,541856.96,15.0
CCMFUT,12/16/2025 11:41:00,80.19,80.28,80.18,80.28,830431.07,23.0
CCMFUT,12/16/2025 11:40:00,80.18,80.23,80.18,80.21,180477.88,5.0
CCMFUT,12/16/2025 11:39:00,80.19,80.22,80.14,80.22,396846.74,11.0
CCMFUT,12/16/2025 11:38:00,80.19,80.19,80.18,80.18,180422.45,5.0
CCMFUT,12/16/2025 11:36:00,80.23,80.23,80.21,80.21,144390.37,4.0
CCMFUT,12/16/2025 11:35:00,80.19,80.19,80.19,80.19,36087.51,1.0
CCMFUT,12/16/2025 11:32:00,80.24,80.24,80.24,80.24,72215.34,2.0
CCMFUT,12/16/2025 11:30:00,80.23,80.24,80.23,80.23,180518.2,5.0
CCMFUT,12/16/2025 11:29:00,80.24,80.24,80.24,80.24,216646.02,6.0
CCMFUT,12/16/2025 11:28:00,80.24,80.3,80.23,80.23,1372625.67,38.0
CCMFUT,12/16/2025 11:27:00,80.22,80.24,80.22,80.24,108302.85,3.0
CCMFUT,12/16/2025 11:26:00,80.19,80.21,80.18,80.21,396952.56,11.0
CCMFUT,12/16/2025 11:25:00,80.18,80.18,80.18,80.18,324742.26,9.0
CCMFUT,12/16/2025 11:24:00,80.18,80.18,80.18,80.18,36082.47,1.0
CCMFUT,12/16/2025 11:23:00,80.24,80.24,80.21,80.21,360996.08,10.0
CCMFUT,12/16/2025 11:20:00,80.22,80.22,80.22,80.22,36097.59,1.0
CCMFUT,12/16/2025 11:15:00,80.23,80.23,80.23,80.23,36102.63,1.0
CCMFUT,12/16/2025 11:11:00,80.3,80.3,80.3,80.3,36132.87,1.0
CCMFUT,12/16/2025 11:10:00,80.27,80.3,80.27,80.3,325185.73,9.0
CCMFUT,12/16/2025 11:09:00,80.25,80.25,80.25,80.25,72225.42,2.0
CCMFUT,12/16/2025 11:08:00,80.24,80.24,80.24,80.24,72215.34,2.0
CCMFUT,12/16/2025 11:07:00,80.24,80.24,80.24,80.24,361076.71,10.0
CCMFUT,12/16/2025 11:06:00,80.26,80.26,80.24,80.24,433317.25,12.0
CCMFUT,12/16/2025 11:05:00,80.28,80.28,80.24,80.24,505623.3,14.0
CCMFUT,12/16/2025 11:04:00,80.3,80.3,80.28,80.28,252899.84,7.0
CCMFUT,12/16/2025 11:03:00,80.3,80.3,80.3,80.3,541993.02,15.0
CCMFUT,12/16/2025 11:02:00,80.24,80.28,80.24,80.28,469480.35,13.0
CCMFUT,12/16/2025 11:01:00,80.24,80.25,80.24,80.24,577742.89,16.0
CCMFUT,12/16/2025 11:00:00,80.18,80.21,80.18,80.21,288710.18,8.0
CCMFUT,12/16/2025 10:59:00,80.18,80.18,80.18,80.18,360824.74,10.0
CCMFUT,12/16/2025 10:58:00,80.18,80.18,80.18,80.18,36082.47,1.0
CCMFUT,12/16/2025 10:57:00,80.19,80.21,80.19,80.21,288710.18,8.0
CCMFUT,12/16/2025 10:56:00,80.18,80.19,80.18,80.18,1731994.0,48.0
CCMFUT,12/16/2025 10:55:00,80.19,80.19,80.18,80.18,180432.53,5.0
CCMFUT,12/16/2025 10:54:00,80.21,80.21,80.21,80.21,72185.1,2.0
CCMFUT,12/16/2025 10:53:00,80.24,80.24,80.21,80.21,577606.82,16.0
CCMFUT,12/16/2025 10:52:00,80.24,80.25,80.24,80.24,830491.55,23.0
CCMFUT,12/16/2025 10:51:00,80.25,80.25,80.24,80.24,252778.89,7.0
CCMFUT,12/16/2025 10:50:00,80.3,80.3,80.25,80.25,686378.35,19.0
CCMFUT,12/16/2025 10:49:00,80.32,80.32,80.3,80.3,216827.44,6.0
CCMFUT,12/16/2025 10:48:00,80.35,80.35,80.35,80.35,108474.2,3.0
CCMFUT,12/16/2025 10:47:00,80.35,80.35,80.35,80.35,72316.13,2.0
CCMFUT,12/16/2025 10:46:00,80.35,80.35,80.35,80.35,72316.13,2.0
CCMFUT,12/16/2025 10:45:00,80.35,80.35,80.34,80.34,72311.09,2.0
CCMFUT,12/16/2025 10:44:00,80.34,80.36,80.34,80.36,180800.41,5.0
CCMFUT,12/16/2025 10:40:00,80.34,80.34,80.34,80.34,36153.03,1.0
CCMFUT,12/16/2025 10:39:00,80.36,80.36,80.36,80.36,72326.21,2.0
CCMFUT,12/16/2025 10:37:00,80.33,80.36,80.33,80.36,180765.13,5.0
CCMFUT,12/16/2025 10:36:00,80.35,80.35,80.32,80.32,216872.8,6.0
CCMFUT,12/16/2025 10:35:00,80.28,80.33,80.28,80.33,216822.41,6.0
CCMFUT,12/16/2025 10:34:00,80.31,80.32,80.3,80.3,614278.91,17.0
CCMFUT,12/16/2025 10:33:00,80.3,80.31,80.28,80.31,4299811.29,119.0
CCMFUT,12/16/2025 10:32:00,80.3,80.3,80.28,80.3,830995.49,23.0
CCMFUT,12/16/2025 10:31:00,80.25,80.31,80.25,80.3,1517489.75,42.0
CCMFUT,12/16/2025 10:30:00,80.26,80.3,80.24,80.24,1191885.74,33.0
CCMFUT,12/16/2025 10:29:00,80.3,80.3,80.3,80.3,72265.74,2.0
CCMFUT,12/16/2025 10:28:00,80.31,80.31,80.3,80.3,469732.32,13.0
CCMFUT,12/16/2025 10:27:00,80.27,80.27,80.27,80.27,288982.31,8.0
CCMFUT,12/16/2025 10:26:00,80.25,80.32,80.19,80.28,2961287.59,82.0
CCMFUT,12/16/2025 10:25:00,80.33,80.33,80.25,80.25,5240329.19,145.0
CCMFUT,12/16/2025 10:24:00,80.33,80.33,80.33,80.33,180739.93,5.0
CCMFUT,12/16/2025 10:21:00,80.33,80.33,80.33,80.33,144591.95,4.0
CCMFUT,12/16/2025 10:20:00,80.33,80.34,80.33,80.34,108454.04,3.0
CCMFUT,12/16/2025 10:19:00,80.35,80.35,80.35,80.35,253106.46,7.0
CCMFUT,12/16/2025 10:18:00,80.36,80.36,80.35,80.35,144637.3,4.0
CCMFUT,12/16/2025 10:17:00,80.35,80.36,80.34,80.36,542376.02,15.0
CCMFUT,12/16/2025 10:16:00,80.34,80.34,80.33,80.33,72301.01,2.0
CCMFUT,12/16/2025 10:15:00,80.36,80.36,80.36,80.36,36163.1,1.0
CCMFUT,12/16/2025 10:14:00,80.35,80.35,80.35,80.35,108474.2,3.0
CCMFUT,12/16/2025 10:13:00,80.34,80.35,80.34,80.35,180785.29,5.0
CCMFUT,12/16/2025 10:12:00,80.34,80.34,80.34,80.34,36153.03,1.0
CCMFUT,12/16/2025 10:10:00,80.31,80.34,80.31,80.34,216872.8,6.0
CCMFUT,12/16/2025 10:09:00,80.37,80.37,80.32,80.32,1265567.56,35.0
CCMFUT,12/16/2025 10:08:00,80.41,80.41,80.38,80.38,398005.81,11.0
CCMFUT,12/16/2025 10:07:00,80.42,80.42,80.42,80.42,36188.3,1.0
CCMFUT,12/16/2025 10:06:00,80.42,80.42,80.42,80.42,72376.6,2.0
CCMFUT,12/16/2025 10:05:00,80.44,80.44,80.42,80.42,72386.68,2.0
CCMFUT,12/16/2025 10:04:00,80.49,80.49,80.46,80.46,398353.53,11.0
CCMFUT,12/16/2025 10:03:00,80.51,80.52,80.51,80.52,253625.52,7.0
CCMFUT,12/16/2025 10:01:00,80.55,80.55,80.55,80.55,36248.78,1.0
CCMFUT,12/16/2025 10:00:00,80.45,80.56,80.45,80.56,1087191.13,30.0
CCMFUT,12/16/2025 09:57:00,80.44,80.51,80.44,80.51,615629.49,17.0
CCMFUT,12/16/2025 09:56:00,80.42,80.42,80.42,80.42,36188.3,1.0
CCMFUT,12/16/2025 09:55:00,80.47,80.51,80.42,80.42,2317296.07,64.0
CCMFUT,12/16/2025 09:54:00,80.54,80.54,80.5,80.5,507251.04,14.0
CCMFUT,12/16/2025 09:52:00,80.53,80.53,80.53,80.53,72477.39,2.0
CCMFUT,12/16/2025 09:51:00,80.53,80.53,80.53,80.53,36238.7,1.0
CCMFUT,12/16/2025 09:50:00,80.55,80.55,80.55,80.55,36248.78,1.0
CCMFUT,12/16/2025 09:49:00,80.58,80.58,80.58,80.58,72517.71,2.0
CCMFUT,12/16/2025 09:48:00,80.56,80.56,80.56,80.56,72507.63,2.0
CCMFUT,12/16/2025 09:45:00,80.53,80.54,80.53,80.54,72482.43,2.0
CCMFUT,12/16/2025 09:41:00,80.56,80.56,80.54,80.54,108741.29,3.0
CCMFUT,12/16/2025 09:40:00,80.52,80.56,80.52,80.56,72487.47,2.0
CCMFUT,12/16/2025 09:39:00,80.52,80.56,80.52,80.54,398665.98,11.0
CCMFUT,12/16/2025 09:37:00,80.49,80.49,80.49,80.49,72437.08,2.0
CCMFUT,12/16/2025 09:36:00,80.51,80.51,80.51,80.51,36228.62,1.0
CCMFUT,12/16/2025 09:35:00,80.52,80.52,80.52,80.52,108700.97,3.0
CCMFUT,12/16/2025 09:33:00,80.56,80.58,80.56,80.58,181284.19,5.0
CCMFUT,12/16/2025 09:31:00,80.54,80.54,80.54,80.54,36243.74,1.0
CCMFUT,12/16/2025 09:30:00,80.59,80.62,80.59,80.6,435222.16,12.0
CCMFUT,12/16/2025 09:29:00,80.56,80.59,80.53,80.59,543782.03,15.0
CCMFUT,12/16/2025 09:27:00,80.58,80.58,80.55,80.55,181274.11,5.0
CCMFUT,12/16/2025 09:26:00,80.59,80.59,80.59,80.59,36263.89,1.0
CCMFUT,12/16/2025 09:25:00,80.63,80.63,80.58,80.58,725514.73,20.0
CCMFUT,12/16/2025 09:24:00,80.74,80.74,80.59,80.63,1342640.93,37.0
CCMFUT,12/16/2025 09:23:00,80.72,80.78,80.71,80.74,908320.84,25.0
CCMFUT,12/16/2025 09:22:00,80.75,80.77,80.72,80.72,181677.27,5.0
CCMFUT,12/16/2025 09:21:00,80.74,80.75,80.74,80.75,218011.72,6.0
CCMFUT,12/16/2025 09:20:00,80.74,80.77,80.71,80.72,762998.17,21.0
CCMFUT,12/16/2025 09:19:00,80.72,80.74,80.72,80.74,254290.73,7.0
CCMFUT,12/16/2025 09:18:00,80.66,80.72,80.64,80.69,798803.47,22.0
CCMFUT,12/16/2025 09:17:00,80.74,80.74,80.66,80.7,1053517.52,29.0
CCMFUT,12/16/2025 09:16:00,80.65,80.93,80.65,80.79,6726231.65,185.0
CCMFUT,12/16/2025 09:15:00,80.64,80.65,80.64,80.65,181455.53,5.0
CCMFUT,12/16/2025 09:14:00,80.5,80.64,80.5,80.64,2212152.95,61.0
CCMFUT,12/16/2025 09:12:00,80.45,80.45,80.45,80.45,36203.42,1.0
CCMFUT,12/16/2025 09:09:00,80.5,80.5,80.49,80.49,108665.69,3.0
CCMFUT,12/16/2025 09:08:00,80.53,80.53,80.46,80.5,398378.73,11.0
CCMFUT,12/16/2025 09:07:00,80.51,80.56,80.5,80.55,1666843.97,46.0
CCMFUT,12/16/2025 09:06:00,80.46,80.51,80.41,80.51,1194717.91,33.0
CCMFUT,12/16/2025 09:05:00,80.46,80.46,80.46,80.46,72416.92,2.0
CCMFUT,12/16/2025 09:04:00,80.5,80.5,80.41,80.46,687754.12,19.0
CCMFUT,12/16/2025 09:03:00,80.49,80.5,80.46,80.5,362205.54,10.0
CCMFUT,12/16/2025 09:02:00,80.46,80.52,80.46,80.52,1702719.83,47.0
CCMFUT,12/16/2025 09:01:00,80.41,80.43,80.35,80.41,759838.43,21.0
CCMFUT,12/16/2025 09:00:00,80.35,80.46,80.35,80.41,687471.91,19.0
CCMFUT,12/08/2025 17:05:00,83.59,83.74,83.37,83.65,7256492.83,193.0
CCMFUT,12/08/2025 16:19:00,83.42,83.43,83.37,83.43,5105735.51,136.0
CCMFUT,12/08/2025 16:18:00,83.43,83.43,83.4,83.42,825850.21,22.0
CCMFUT,12/08/2025 16:17:00,83.43,83.43,83.42,83.43,938592.82,25.0
CCMFUT,12/08/2025 16:16:00,83.46,83.46,83.42,83.42,600717.75,16.0
CCMFUT,12/08/2025 16:15:00,83.43,83.48,83.37,83.48,2664473.97,71.0
CCMFUT,12/08/2025 16:14:00,83.43,83.46,83.37,83.43,1539068.68,41.0
CCMFUT,12/08/2025 16:13:00,83.52,83.53,83.42,83.46,1502184.93,40.0
CCMFUT,12/08/2025 16:12:00,83.44,83.51,83.44,83.51,2178781.7,58.0
CCMFUT,12/08/2025 16:11:00,83.44,83.44,83.41,83.44,412972.98,11.0
CCMFUT,12/08/2025 16:10:00,83.55,83.55,83.43,83.43,1164410.65,31.0
CCMFUT,12/08/2025 16:09:00,83.59,83.6,83.58,83.58,940255.84,25.0
CCMFUT,12/08/2025 16:08:00,83.58,83.6,83.58,83.6,413759.13,11.0
CCMFUT,12/08/2025 16:07:00,83.54,83.59,83.53,83.58,2368602.73,63.0
CCMFUT,12/08/2025 16:06:00,83.52,83.53,83.52,83.53,112757.73,3.0
CCMFUT,12/08/2025 16:01:00,83.52,83.52,83.52,83.52,37584.23,1.0
CCMFUT,12/08/2025 16:00:00,83.49,83.55,83.46,83.49,1202579.46,32.0
CCMFUT,12/08/2025 15:59:00,83.45,83.45,83.41,83.41,450607.6,12.0
CCMFUT,12/08/2025 15:55:00,83.42,83.54,83.42,83.54,6195330.46,165.0
CCMFUT,12/08/2025 15:54:00,83.41,83.41,83.41,83.41,75067.67,2.0
CCMFUT,12/08/2025 15:46:00,83.37,83.37,83.37,83.37,150074.87,4.0
CCMFUT,12/08/2025 15:44:00,83.39,83.39,83.37,83.37,75042.47,2.0
CCMFUT,12/08/2025 15:43:00,83.35,83.36,83.35,83.36,187548.23,5.0
CCMFUT,12/08/2025 15:42:00,83.33,83.33,83.33,83.33,37498.56,1.0
CCMFUT,12/08/2025 15:41:00,83.23,83.32,83.23,83.32,899562.27,24.0
CCMFUT,12/08/2025 15:40:00,83.25,83.25,83.18,83.21,2321544.33,62.0
CCMFUT,12/08/2025 15:39:00,83.34,83.34,83.22,83.25,2398476.6,64.0
CCMFUT,12/08/2025 15:38:00,83.4,83.4,83.35,83.35,412695.81,11.0
CCMFUT,12/08/2025 15:37:00,83.43,83.43,83.34,83.39,1426507.49,38.0
CCMFUT,12/08/2025 15:36:00,83.43,83.48,83.43,83.43,262893.07,7.0
CCMFUT,12/08/2025 15:32:00,83.48,83.5,83.48,83.5,112712.37,3.0
CCMFUT,12/08/2025 15:31:00,83.43,83.48,83.43,83.48,2703197.12,72.0
CCMFUT,12/08/2025 15:28:00,83.36,83.36,83.36,83.36,937841.94,25.0
CCMFUT,12/08/2025 15:27:00,83.33,83.35,83.32,83.35,299988.48,8.0
CCMFUT,12/08/2025 15:26:00,83.4,83.4,83.32,83.32,8886342.19,237.0
CCMFUT,12/08/2025 15:25:00,83.37,83.43,83.37,83.4,750606.16,20.0
CCMFUT,12/08/2025 15:24:00,83.37,83.37,83.37,83.37,187593.59,5.0
CCMFUT,12/08/2025 15:23:00,83.37,83.37,83.37,83.37,1800898.43,48.0
CCMFUT,12/08/2025 15:22:00,83.37,83.37,83.35,83.37,1313124.87,35.0
CCMFUT,12/08/2025 15:21:00,83.43,83.43,83.41,83.42,187694.38,5.0
CCMFUT,12/08/2025 15:20:00,83.41,83.42,83.41,83.42,112606.55,3.0
CCMFUT,12/08/2025 15:19:00,83.5,83.5,83.42,83.42,1276634.2,34.0
CCMFUT,12/08/2025 15:17:00,83.53,83.53,83.53,83.53,75178.54,2.0
CCMFUT,12/08/2025 15:16:00,83.54,83.54,83.54,83.54,37594.31,1.0
CCMFUT,12/08/2025 15:15:00,83.5,83.53,83.5,83.53,112747.65,3.0
CCMFUT,12/08/2025 15:12:00,83.5,83.5,83.5,83.5,75148.3,2.0
CCMFUT,12/08/2025 15:08:00,83.45,83.5,83.45,83.5,150266.37,4.0
CCMFUT,12/08/2025 15:07:00,83.42,83.43,83.4,83.43,3265836.77,87.0
CCMFUT,12/08/2025 15:05:00,83.43,83.43,83.37,83.4,1050886.92,28.0
CCMFUT,12/08/2025 15:04:00,83.44,83.44,83.44,83.44,37548.95,1.0
CCMFUT,12/08/2025 15:03:00,83.43,83.43,83.43,83.43,75087.83,2.0
CCMFUT,12/08/2025 15:02:00,83.43,83.43,83.43,83.43,187719.57,5.0
CCMFUT,12/08/2025 15:01:00,83.49,83.49,83.43,83.43,826349.12,22.0
CCMFUT,12/08/2025 15:00:00,83.45,83.53,83.37,83.53,2027502.41,54.0
CCMFUT,12/08/2025 14:59:00,83.49,83.49,83.49,83.49,75138.22,2.0
CCMFUT,12/08/2025 14:58:00,83.46,83.46,83.46,83.46,37559.03,1.0
CCMFUT,12/08/2025 14:57:00,83.42,83.44,83.42,83.44,225258.45,6.0
CCMFUT,12/08/2025 14:56:00,83.4,83.4,83.4,83.4,112586.39,3.0
CCMFUT,12/08/2025 14:55:00,83.43,83.43,83.4,83.4,187704.45,5.0
CCMFUT,12/08/2025 14:53:00,83.42,83.42,83.42,83.42,150155.5,4.0
CCMFUT,12/08/2025 14:52:00,83.41,83.42,83.41,83.42,187674.22,5.0
CCMFUT,12/08/2025 14:51:00,83.4,83.4,83.37,83.37,75047.51,2.0
CCMFUT,12/08/2025 14:50:00,83.37,83.37,83.37,83.37,37518.72,1.0
CCMFUT,12/08/2025 14:49:00,83.37,83.37,83.37,83.37,37518.72,1.0
CCMFUT,12/08/2025 14:48:00,83.35,83.35,83.3,83.3,412423.68,11.0
CCMFUT,12/08/2025 14:47:00,83.33,83.4,83.33,83.4,1500547.11,40.0
CCMFUT,12/08/2025 14:46:00,83.31,83.33,83.31,83.33,112485.6,3.0
CCMFUT,12/08/2025 14:45:00,83.32,83.32,83.27,83.29,262358.89,7.0
CCMFUT,12/08/2025 14:44:00,83.35,83.35,83.35,83.35,37508.64,1.0
CCMFUT,12/08/2025 14:43:00,83.32,83.33,83.31,83.32,487415.76,13.0
CCMFUT,12/08/2025 14:42:00,83.27,83.3,83.2,83.3,861524.49,23.0
CCMFUT,12/08/2025 14:41:00,83.29,83.3,83.27,83.3,862008.28,23.0
CCMFUT,12/08/2025 14:40:00,83.35,83.4,83.09,83.21,7601705.34,203.0
CCMFUT,12/08/2025 14:39:00,83.81,83.81,83.26,83.33,20322551.14,541.0
CCMFUT,12/08/2025 14:38:00,83.83,83.83,83.83,83.83,226352.01,6.0
CCMFUT,12/08/2025 14:37:00,83.81,83.81,83.81,83.81,188576.28,5.0
CCMFUT,12/08/2025 14:36:00,83.93,83.93,83.83,83.83,566348.69,15.0
CCMFUT,12/08/2025 14:35:00,83.88,83.91,83.88,83.91,415215.54,11.0
CCMFUT,12/08/2025 14:33:00,83.88,83.88,83.85,83.88,377409.57,10.0
CCMFUT,12/08/2025 14:31:00,83.88,83.88,83.88,83.88,226472.96,6.0
CCMFUT,12/08/2025 14:28:00,83.85,83.88,83.85,83.88,226457.84,6.0
CCMFUT,12/08/2025 14:21:00,83.81,83.85,83.81,83.85,113160.89,3.0
CCMFUT,12/08/2025 14:18:00,83.8,83.8,83.79,83.79,113120.57,3.0
CCMFUT,12/08/2025 14:17:00,83.77,83.77,83.77,83.77,376950.98,10.0
CCMFUT,12/08/2025 14:16:00,83.79,83.79,83.78,83.78,263906.0,7.0
CCMFUT,12/08/2025 14:13:00,83.82,83.82,83.82,83.82,37720.3,1.0
CCMFUT,12/08/2025 14:12:00,83.88,83.88,83.83,83.86,415054.27,11.0
CCMFUT,12/08/2025 14:09:00,83.91,83.92,83.91,83.92,113286.87,3.0
CCMFUT,12/08/2025 14:04:00,83.91,83.91,83.91,83.91,37760.61,1.0
CCMFUT,12/08/2025 14:03:00,83.98,83.98,83.95,83.95,226704.77,6.0
CCMFUT,12/08/2025 14:02:00,83.92,83.99,83.92,83.97,1813844.78,48.0
CCMFUT,12/08/2025 14:00:00,83.88,83.92,83.88,83.92,302059.69,8.0
CCMFUT,12/08/2025 13:51:00,83.85,83.85,83.83,83.83,75455.71,2.0
CCMFUT,12/08/2025 13:48:00,83.86,83.86,83.86,83.86,37735.41,1.0
CCMFUT,12/08/2025 13:43:00,83.86,83.86,83.86,83.86,37735.41,1.0
CCMFUT,12/08/2025 13:34:00,83.9,83.9,83.9,83.9,113266.71,3.0
CCMFUT,12/08/2025 13:33:00,83.89,83.9,83.89,83.9,188762.74,5.0
CCMFUT,12/08/2025 13:28:00,83.81,83.81,83.81,83.81,188576.28,5.0
CCMFUT,12/08/2025 13:26:00,83.88,83.88,83.85,83.85,339669.12,9.0
CCMFUT,12/08/2025 13:24:00,83.92,83.92,83.89,83.89,226568.7,6.0
CCMFUT,12/08/2025 13:23:00,83.92,83.93,83.92,83.92,151072.68,4.0
CCMFUT,12/08/2025 13:22:00,83.92,83.92,83.91,83.91,264334.36,7.0
CCMFUT,12/08/2025 13:20:00,83.93,83.93,83.93,83.93,75541.38,2.0
CCMFUT,12/08/2025 13:19:00,83.93,83.93,83.93,83.93,113312.07,3.0
CCMFUT,12/08/2025 13:18:00,83.93,83.93,83.93,83.93,113312.07,3.0
CCMFUT,12/08/2025 13:17:00,83.91,83.93,83.91,83.93,113296.95,3.0
CCMFUT,12/08/2025 13:15:00,83.89,83.89,83.88,83.89,264233.57,7.0
CCMFUT,12/08/2025 13:14:00,83.91,83.91,83.89,83.89,75511.14,2.0
CCMFUT,12/08/2025 13:13:00,83.88,83.92,83.88,83.89,604018.59,16.0
CCMFUT,12/08/2025 13:12:00,83.87,83.88,83.87,83.88,1170095.15,31.0
CCMFUT,12/08/2025 13:11:00,83.86,83.88,83.85,83.85,792529.36,21.0
CCMFUT,12/08/2025 13:10:00,83.86,83.86,83.85,83.85,75465.79,2.0
CCMFUT,12/08/2025 13:08:00,83.86,83.86,83.86,83.86,37735.41,1.0
CCMFUT,12/08/2025 13:07:00,83.81,83.81,83.81,83.81,37715.26,1.0
CCMFUT,12/08/2025 13:04:00,83.71,83.71,83.71,83.71,376699.01,10.0
CCMFUT,12/08/2025 13:03:00,83.79,83.79,83.74,83.74,678486.57,18.0
CCMFUT,12/08/2025 13:02:00,83.81,83.81,83.8,83.8,263986.63,7.0
CCMFUT,12/08/2025 13:01:00,83.87,83.87,83.87,83.87,37740.45,1.0
CCMFUT,12/08/2025 13:00:00,83.83,83.87,83.83,83.87,113206.24,3.0
CCMFUT,12/08/2025 12:59:00,83.82,83.86,83.82,83.86,113176.0,3.0
CCMFUT,12/08/2025 12:57:00,83.83,83.83,83.83,83.83,37725.33,1.0
CCMFUT,12/08/2025 12:55:00,83.86,83.87,83.81,83.81,150906.38,4.0
CCMFUT,12/08/2025 12:53:00,83.83,83.83,83.83,83.83,37725.33,1.0
CCMFUT,12/08/2025 12:52:00,83.89,83.89,83.89,83.89,37750.53,1.0
CCMFUT,12/08/2025 12:51:00,83.88,83.88,83.88,83.88,75490.99,2.0
CCMFUT,12/08/2025 12:50:00,83.85,83.89,83.85,83.88,415144.98,11.0
CCMFUT,12/08/2025 12:49:00,83.73,83.88,83.73,83.88,1885541.06,50.0
CCMFUT,12/08/2025 12:48:00,83.74,83.74,83.74,83.74,75370.04,2.0
CCMFUT,12/08/2025 12:47:00,83.76,83.76,83.74,83.74,113065.14,3.0
CCMFUT,12/08/2025 12:46:00,83.65,83.74,83.6,83.74,903629.11,24.0
CCMFUT,12/08/2025 12:45:00,83.69,83.69,83.65,83.67,1581425.27,42.0
CCMFUT,12/08/2025 12:44:00,83.77,83.77,83.77,83.77,603121.57,16.0
CCMFUT,12/08/2025 12:43:00,83.79,83.82,83.77,83.77,829332.47,22.0
CCMFUT,12/08/2025 12:41:00,83.82,83.82,83.82,83.82,37720.3,1.0
CCMFUT,12/08/2025 12:40:00,83.86,83.86,83.78,83.78,490378.96,13.0
CCMFUT,12/08/2025 12:39:00,83.88,83.88,83.88,83.88,75490.99,2.0
CCMFUT,12/08/2025 12:38:00,83.88,83.88,83.88,83.88,37745.49,1.0
CCMFUT,12/08/2025 12:35:00,83.98,83.98,83.98,83.98,37790.85,1.0
CCMFUT,12/08/2025 12:34:00,83.96,83.98,83.96,83.98,113352.38,3.0
CCMFUT,12/08/2025 12:32:00,83.95,83.95,83.9,83.9,75531.3,2.0
CCMFUT,12/08/2025 12:29:00,83.93,83.93,83.9,83.9,75526.26,2.0
CCMFUT,12/08/2025 12:28:00,83.95,83.95,83.95,83.95,37775.73,1.0
CCMFUT,12/08/2025 12:27:00,83.98,83.99,83.98,83.98,3099182.11,82.0
CCMFUT,12/08/2025 12:26:00,83.97,83.98,83.96,83.96,491235.66,13.0
CCMFUT,12/08/2025 12:25:00,83.93,83.97,83.93,83.97,868892.17,23.0
CCMFUT,12/08/2025 12:22:00,83.88,83.91,83.88,83.91,566197.51,15.0
CCMFUT,12/08/2025 12:21:00,83.87,83.87,83.87,83.87,37740.45,1.0
CCMFUT,12/08/2025 12:19:00,83.89,83.89,83.88,83.88,264233.57,7.0
CCMFUT,12/08/2025 12:18:00,83.86,83.88,83.83,83.88,792373.13,21.0
CCMFUT,12/08/2025 12:17:00,83.87,83.87,83.85,83.86,301878.27,8.0
CCMFUT,12/08/2025 12:14:00,83.83,83.83,83.83,83.83,37725.33,1.0
CCMFUT,12/08/2025 12:13:00,83.88,83.88,83.86,83.86,264157.97,7.0
CCMFUT,12/08/2025 12:11:00,83.86,83.86,83.83,83.83,415044.19,11.0
CCMFUT,12/08/2025 12:10:00,83.88,83.88,83.88,83.88,37745.49,1.0
CCMFUT,12/08/2025 12:09:00,83.85,83.86,83.85,83.85,150926.54,4.0
CCMFUT,12/08/2025 12:08:00,83.88,83.88,83.85,83.85,150966.85,4.0
CCMFUT,12/08/2025 12:07:00,83.95,83.95,83.83,83.83,1585426.59,42.0
CCMFUT,12/08/2025 12:06:00,83.97,83.97,83.97,83.97,37785.81,1.0
CCMFUT,12/08/2025 12:05:00,83.9,83.9,83.9,83.9,75511.14,2.0
CCMFUT,12/08/2025 12:04:00,83.92,83.92,83.88,83.88,679620.44,18.0
CCMFUT,12/08/2025 12:03:00,84.05,84.06,83.98,83.98,1021002.97,27.0
CCMFUT,12/08/2025 12:01:00,84.04,84.06,84.04,84.06,189110.46,5.0
CCMFUT,12/08/2025 12:00:00,84.09,84.14,84.07,84.07,832678.67,22.0
CCMFUT,12/08/2025 11:59:00,84.04,84.06,84.04,84.06,113468.29,3.0
CCMFUT,12/08/2025 11:58:00,83.99,84.02,83.99,84.02,75606.89,2.0
CCMFUT,12/08/2025 11:57:00,83.98,83.99,83.98,83.99,415739.64,11.0
CCMFUT,12/08/2025 11:55:00,83.97,83.99,83.97,83.98,226760.2,6.0
CCMFUT,12/08/2025 11:53:00,83.92,83.92,83.82,83.91,1056929.22,28.0
CCMFUT,12/08/2025 11:52:00,83.98,83.98,83.95,83.95,75566.58,2.0
CCMFUT,12/08/2025 11:51:00,83.97,83.97,83.93,83.96,377782.49,10.0
CCMFUT,12/08/2025 11:50:00,84.02,84.02,83.97,83.99,755958.06,20.0
CCMFUT,12/08/2025 11:49:00,84.07,84.07,84.07,84.07,37831.16,1.0
CCMFUT,12/08/2025 11:48:00,84.1,84.1,84.07,84.07,75677.44,2.0
CCMFUT,12/08/2025 11:46:00,84.06,84.08,84.06,84.08,340505.67,9.0
CCMFUT,12/08/2025 11:44:00,84.05,84.05,84.01,84.01,113448.13,3.0
CCMFUT,12/08/2025 11:42:00,84.02,84.02,84.02,84.02,37811.01,1.0
CCMFUT,12/08/2025 11:41:00,84.06,84.06,84.01,84.05,529379.27,14.0
CCMFUT,12/08/2025 11:40:00,84.02,84.02,84.02,84.02,37811.01,1.0
CCMFUT,12/08/2025 11:39:00,84.06,84.06,84.04,84.04,113458.21,3.0
CCMFUT,12/08/2025 11:38:00,84.1,84.11,84.01,84.02,1172715.66,31.0
CCMFUT,12/08/2025 11:37:00,84.28,84.28,84.08,84.08,1552967.49,41.0
CCMFUT,12/08/2025 11:36:00,84.29,84.29,84.27,84.27,493049.87,13.0
CCMFUT,12/08/2025 11:35:00,84.18,84.33,84.18,84.33,1061706.62,28.0
CCMFUT,12/08/2025 11:34:00,84.1,84.2,84.1,84.2,1400569.43,37.0
CCMFUT,12/08/2025 11:33:00,84.1,84.1,84.1,84.1,1135388.45,30.0
CCMFUT,12/08/2025 11:32:00,84.09,84.09,84.08,84.08,227037.37,6.0
CCMFUT,12/08/2025 11:31:00,84.08,84.21,84.08,84.1,4771100.81,126.0
CCMFUT,12/08/2025 11:30:00,83.91,84.1,83.91,84.08,14250198.41,377.0
CCMFUT,12/08/2025 11:28:00,83.9,83.9,83.9,83.9,37755.57,1.0
CCMFUT,12/08/2025 11:24:00,83.88,83.91,83.88,83.91,943707.87,25.0
CCMFUT,12/08/2025 11:23:00,83.82,83.88,83.82,83.88,1622743.73,43.0
CCMFUT,12/08/2025 11:17:00,83.82,83.86,83.82,83.86,528099.25,14.0
CCMFUT,12/08/2025 11:16:00,83.82,83.85,83.82,83.85,75450.67,2.0
CCMFUT,12/08/2025 11:14:00,83.81,83.81,83.81,83.81,75430.51,2.0
CCMFUT,12/08/2025 11:12:00,83.8,83.8,83.8,83.8,37710.22,1.0
CCMFUT,12/08/2025 11:11:00,83.81,83.81,83.81,83.81,75430.51,2.0
CCMFUT,12/08/2025 11:07:00,83.82,83.82,83.81,83.81,226301.61,6.0
CCMFUT,12/08/2025 11:06:00,83.86,83.86,83.83,83.83,226377.21,6.0
CCMFUT,12/08/2025 11:05:00,83.88,83.88,83.86,83.86,301933.7,8.0
CCMFUT,12/08/2025 11:03:00,83.89,83.89,83.89,83.89,37750.53,1.0
CCMFUT,12/08/2025 11:01:00,83.9,83.91,83.9,83.91,226548.55,6.0
CCMFUT,12/08/2025 11:00:00,83.89,83.93,83.86,83.86,717466.73,19.0
CCMFUT,12/08/2025 10:59:00,83.93,83.93,83.91,83.93,264374.67,7.0
CCMFUT,12/08/2025 10:58:00,83.91,83.97,83.91,83.97,453263.4,12.0
CCMFUT,12/08/2025 10:56:00,83.91,83.91,83.91,83.91,75521.22,2.0
CCMFUT,12/08/2025 10:54:00,83.88,83.92,83.88,83.9,1509965.85,40.0
CCMFUT,12/08/2025 10:53:00,83.83,83.88,83.83,83.88,264147.9,7.0
CCMFUT,12/08/2025 10:52:00,83.77,83.8,83.77,83.8,188525.88,5.0
CCMFUT,12/08/2025 10:50:00,83.79,83.79,83.78,83.78,75405.31,2.0
CCMFUT,12/08/2025 10:49:00,83.78,83.78,83.78,83.78,75400.27,2.0
CCMFUT,12/08/2025 10:47:00,83.79,83.79,83.77,83.77,150790.47,4.0
CCMFUT,12/08/2025 10:45:00,83.79,83.79,83.79,83.79,37705.18,1.0
CCMFUT,12/08/2025 10:44:00,83.78,83.78,83.78,83.78,37700.14,1.0
CCMFUT,12/08/2025 10:43:00,83.76,83.78,83.74,83.76,678421.05,18.0
CCMFUT,12/08/2025 10:40:00,83.78,83.78,83.77,83.78,452376.45,12.0
CCMFUT,12/08/2025 10:39:00,83.78,83.78,83.78,83.78,37700.14,1.0
CCMFUT,12/08/2025 10:38:00,83.79,83.79,83.77,83.77,113105.45,3.0
CCMFUT,12/08/2025 10:37:00,83.82,83.82,83.74,83.74,791707.93,21.0
CCMFUT,12/08/2025 10:36:00,83.83,83.88,83.83,83.85,1962644.66,52.0
CCMFUT,12/08/2025 10:35:00,83.83,83.88,83.76,83.76,1621861.83,43.0
CCMFUT,12/08/2025 10:34:00,83.88,83.88,83.81,83.81,150921.5,4.0
CCMFUT,12/08/2025 10:33:00,83.91,83.91,83.85,83.85,905942.22,24.0
CCMFUT,12/08/2025 10:31:00,83.89,83.89,83.89,83.89,37750.53,1.0
CCMFUT,12/08/2025 10:30:00,83.92,83.97,83.88,83.88,1057609.55,28.0
CCMFUT,12/08/2025 10:29:00,83.82,83.95,83.82,83.93,1887985.19,50.0
CCMFUT,12/08/2025 10:28:00,83.88,83.88,83.82,83.88,1774012.95,47.0
CCMFUT,12/08/2025 10:27:00,83.86,83.88,83.86,83.88,188707.3,5.0
CCMFUT,12/08/2025 10:26:00,83.89,83.89,83.8,83.86,452673.78,12.0
CCMFUT,12/08/2025 10:25:00,83.86,83.89,83.8,83.89,490469.67,13.0
CCMFUT,12/08/2025 10:24:00,83.87,83.95,83.85,83.85,1208389.94,32.0
CCMFUT,12/08/2025 10:23:00,83.95,83.99,83.83,83.86,1549157.66,41.0
CCMFUT,12/08/2025 10:22:00,83.95,83.95,83.83,83.93,641678.41,17.0
CCMFUT,12/08/2025 10:21:00,83.88,83.95,83.83,83.92,717265.15,19.0
CCMFUT,12/08/2025 10:20:00,83.79,83.88,83.71,83.88,1696939.58,45.0
CCMFUT,12/08/2025 10:19:00,83.76,83.96,83.76,83.79,4490211.85,119.0
CCMFUT,12/08/2025 10:18:00,83.71,83.74,83.69,83.74,941868.47,25.0
CCMFUT,12/08/2025 10:17:00,83.69,83.71,83.65,83.71,112974.43,3.0
CCMFUT,12/08/2025 10:16:00,83.71,83.71,83.59,83.71,790725.23,21.0
CCMFUT,12/08/2025 10:15:00,83.57,83.73,83.57,83.71,2484137.2,66.0
CCMFUT,12/08/2025 10:14:00,83.5,83.55,83.49,83.55,1165151.45,31.0
CCMFUT,12/08/2025 10:13:00,83.41,83.59,83.41,83.44,2366072.92,63.0
CCMFUT,12/08/2025 10:12:00,83.3,83.41,83.3,83.41,637717.4,17.0
CCMFUT,12/08/2025 10:11:00,83.29,83.3,83.29,83.3,187397.05,5.0
CCMFUT,12/08/2025 10:03:00,83.27,83.27,83.27,83.27,37473.36,1.0
CCMFUT,12/08/2025 10:02:00,83.24,83.29,83.24,83.27,524611.95,14.0
CCMFUT,12/08/2025 10:00:00,83.23,83.26,83.23,83.26,149843.05,4.0
CCMFUT,12/08/2025 09:59:00,83.23,83.23,83.23,83.23,37453.2,1.0
CCMFUT,12/08/2025 09:58:00,83.2,83.2,83.2,83.2,37438.09,1.0
CCMFUT,12/08/2025 09:54:00,83.21,83.21,83.21,83.21,74886.25,2.0
CCMFUT,12/08/2025 09:52:00,83.25,83.25,83.25,83.25,37463.28,1.0
CCMFUT,12/08/2025 09:51:00,83.24,83.24,83.24,83.24,37458.24,1.0
CCMFUT,12/08/2025 09:50:00,83.21,83.21,83.21,83.21,37443.13,1.0
CCMFUT,12/08/2025 09:41:00,83.2,83.2,83.18,83.18,112304.18,3.0
CCMFUT,12/08/2025 09:39:00,83.22,83.23,83.21,83.23,224678.91,6.0
CCMFUT,12/08/2025 09:32:00,83.26,83.26,83.26,83.26,74936.65,2.0
CCMFUT,12/08/2025 09:30:00,83.3,83.3,83.25,83.25,149913.61,4.0
CCMFUT,12/08/2025 09:28:00,83.27,83.27,83.27,83.27,37473.36,1.0
CCMFUT,12/08/2025 09:23:00,83.25,83.25,83.24,83.25,112384.81,3.0
CCMFUT,12/08/2025 09:21:00,83.23,83.23,83.23,83.23,37453.2,1.0
CCMFUT,12/08/2025 09:20:00,83.29,83.29,83.23,83.23,449564.44,12.0
CCMFUT,12/08/2025 09:19:00,83.33,83.33,83.33,83.33,112495.68,3.0
CCMFUT,12/08/2025 09:18:00,83.27,83.34,83.27,83.34,599805.61,16.0
CCMFUT,12/08/2025 09:17:00,83.24,83.24,83.24,83.24,74916.49,2.0
CCMFUT,12/08/2025 09:16:00,83.27,83.27,83.24,83.24,224779.7,6.0
CCMFUT,12/08/2025 09:15:00,83.26,83.26,83.26,83.26,37468.32,1.0
CCMFUT,12/08/2025 09:14:00,83.24,83.24,83.24,83.24,37458.24,1.0
CCMFUT,12/08/2025 09:13:00,83.22,83.22,83.21,83.21,262117.0,7.0
CCMFUT,12/08/2025 09:12:00,83.24,83.24,83.24,83.24,37458.24,1.0
CCMFUT,12/08/2025 09:11:00,83.22,83.26,83.22,83.26,187291.22,5.0
CCMFUT,12/08/2025 09:09:00,83.14,83.21,83.14,83.18,2732516.65,73.0
CCMFUT,12/08/2025 09:08:00,83.17,83.17,83.11,83.11,561218.53,15.0
CCMFUT,12/08/2025 09:07:00,83.17,83.17,83.17,83.17,37428.01,1.0
CCMFUT,12/08/2025 09:05:00,83.22,83.26,83.16,83.17,636563.37,17.0
CCMFUT,12/08/2025 09:04:00,83.2,83.32,83.16,83.32,449307.43,12.0
CCMFUT,12/08/2025 09:02:00,83.16,83.21,83.16,83.17,224593.24,6.0
CCMFUT,12/08/2025 09:01:00,83.13,83.26,83.13,83.26,561581.37,15.0
CCMFUT,12/08/2025 09:00:00,83.02,83.02,83.02,83.02,224144.73,6.0
CCMFUT,11/25/2025 17:05:00,80.53,80.74,80.52,80.59,4391272.3,121.0
CCMFUT,11/25/2025 16:19:00,80.61,80.63,80.58,80.59,10158864.19,280.0
CCMFUT,11/25/2025 16:18:00,80.56,80.62,80.56,80.61,2284786.57,63.0
CCMFUT,11/25/2025 16:17:00,80.59,80.6,80.55,80.56,1377917.09,38.0
CCMFUT,11/25/2025 16:16:00,80.58,80.59,80.58,80.59,543923.13,15.0
CCMFUT,11/25/2025 16:15:00,80.56,80.58,80.53,80.58,2319901.47,64.0
CCMFUT,11/25/2025 16:14:00,80.58,80.58,80.55,80.58,362578.46,10.0
CCMFUT,11/25/2025 16:13:00,80.56,80.58,80.56,80.58,326289.37,9.0
CCMFUT,11/25/2025 16:12:00,80.56,80.58,80.52,80.55,1667468.87,46.0
CCMFUT,11/25/2025 16:11:00,80.54,80.56,80.53,80.56,1014905.24,28.0
CCMFUT,11/25/2025 16:10:00,80.53,80.54,80.46,80.54,1485015.52,41.0
CCMFUT,11/25/2025 16:09:00,80.53,80.54,80.5,80.5,434839.16,12.0
CCMFUT,11/25/2025 16:08:00,80.52,80.54,80.51,80.51,507296.4,14.0
CCMFUT,11/25/2025 16:07:00,80.51,80.52,80.51,80.52,289859.18,8.0
CCMFUT,11/25/2025 16:05:00,80.53,80.53,80.49,80.5,941833.19,26.0
CCMFUT,11/25/2025 16:03:00,80.53,80.54,80.53,80.54,108721.13,3.0
CCMFUT,11/25/2025 16:01:00,80.53,80.55,80.53,80.55,108736.25,3.0
CCMFUT,11/25/2025 16:00:00,80.53,80.53,80.53,80.53,36238.7,1.0
CCMFUT,11/25/2025 15:59:00,80.51,80.55,80.51,80.53,1232156.0,34.0
CCMFUT,11/25/2025 15:58:00,80.5,80.5,80.5,80.5,36223.58,1.0
CCMFUT,11/25/2025 15:57:00,80.47,80.47,80.45,80.45,398338.41,11.0
CCMFUT,11/25/2025 15:54:00,80.45,80.45,80.45,80.45,108610.26,3.0
CCMFUT,11/25/2025 15:53:00,80.46,80.46,80.46,80.46,36208.46,1.0
CCMFUT,11/25/2025 15:51:00,80.49,80.49,80.49,80.49,72437.08,2.0
CCMFUT,11/25/2025 15:50:00,80.47,80.47,80.47,80.47,36213.5,1.0
CCMFUT,11/25/2025 15:47:00,80.51,80.54,80.51,80.52,978318.82,27.0
CCMFUT,11/25/2025 15:46:00,80.47,80.49,80.47,80.49,253499.53,7.0
CCMFUT,11/25/2025 15:45:00,80.52,80.52,80.49,80.49,434703.1,12.0
CCMFUT,11/25/2025 15:44:00,80.49,80.5,80.49,80.5,181097.73,5.0
CCMFUT,11/25/2025 15:43:00,80.52,80.52,80.52,80.52,326102.91,9.0
CCMFUT,11/25/2025 15:42:00,80.54,80.54,80.53,80.53,108721.13,3.0
CCMFUT,11/25/2025 15:41:00,80.53,80.55,80.52,80.52,507392.15,14.0
CCMFUT,11/25/2025 15:40:00,80.54,80.54,80.53,80.53,253685.99,7.0
CCMFUT,11/25/2025 15:38:00,80.58,80.58,80.56,80.56,435096.17,12.0
CCMFUT,11/25/2025 15:37:00,80.59,80.6,80.59,80.6,108796.72,3.0
CCMFUT,11/25/2025 15:36:00,80.56,80.59,80.56,80.59,435106.25,12.0
CCMFUT,11/25/2025 15:35:00,80.56,80.58,80.54,80.56,507523.17,14.0
CCMFUT,11/25/2025 15:34:00,80.56,80.58,80.56,80.58,761420.82,21.0
CCMFUT,11/25/2025 15:33:00,80.54,80.58,80.54,80.58,1377564.33,38.0
CCMFUT,11/25/2025 15:32:00,80.52,80.54,80.51,80.54,434854.28,12.0
CCMFUT,11/25/2025 15:30:00,80.51,80.52,80.49,80.52,217371.71,6.0
CCMFUT,11/25/2025 15:29:00,80.47,80.47,80.47,80.47,72427.0,2.0
CCMFUT,11/25/2025 15:28:00,80.47,80.47,80.47,80.47,72427.0,2.0
CCMFUT,11/25/2025 15:26:00,80.52,80.52,80.51,80.51,289864.22,8.0
CCMFUT,11/25/2025 15:25:00,80.5,80.52,80.5,80.51,724627.79,20.0
CCMFUT,11/25/2025 15:24:00,80.52,80.52,80.5,80.51,1123213.13,31.0
CCMFUT,11/25/2025 15:23:00,80.46,80.52,80.45,80.52,1919234.83,53.0
CCMFUT,11/25/2025 15:22:00,80.42,80.46,80.41,80.46,941097.43,26.0
CCMFUT,11/25/2025 15:21:00,80.45,80.45,80.41,80.44,1013267.42,28.0
CCMFUT,11/25/2025 15:20:00,80.46,80.46,80.44,80.44,108605.22,3.0
CCMFUT,11/25/2025 15:19:00,80.45,80.45,80.45,80.45,362034.2,10.0
CCMFUT,11/25/2025 15:18:00,80.5,80.5,80.43,80.45,1810483.46,50.0
CCMFUT,11/25/2025 15:17:00,80.49,80.5,80.43,80.46,1810347.4,50.0
CCMFUT,11/25/2025 15:16:00,80.52,80.52,80.47,80.52,1159356.08,32.0
CCMFUT,11/25/2025 15:15:00,80.52,80.55,80.52,80.55,181228.76,5.0
CCMFUT,11/25/2025 15:14:00,80.51,80.52,80.51,80.52,108695.93,3.0
CCMFUT,11/25/2025 15:13:00,80.53,80.53,80.51,80.51,181173.32,5.0
CCMFUT,11/25/2025 15:12:00,80.46,80.52,80.46,80.52,724506.84,20.0
CCMFUT,11/25/2025 15:11:00,80.51,80.6,80.46,80.46,7827140.17,216.0
CCMFUT,11/25/2025 15:10:00,80.45,80.51,80.44,80.51,1557467.72,43.0
CCMFUT,11/25/2025 15:09:00,80.44,80.44,80.41,80.43,253333.23,7.0
CCMFUT,11/25/2025 15:08:00,80.41,80.49,80.41,80.46,1665201.11,46.0
CCMFUT,11/25/2025 15:07:00,80.24,80.41,80.24,80.41,9360796.48,259.0
CCMFUT,11/25/2025 15:06:00,80.22,80.23,80.22,80.23,505376.36,14.0
CCMFUT,11/25/2025 15:05:00,80.24,80.24,80.24,80.24,72215.34,2.0
CCMFUT,11/25/2025 15:04:00,80.22,80.23,80.22,80.23,252698.26,7.0
CCMFUT,11/25/2025 15:03:00,80.19,80.21,80.19,80.21,288725.3,8.0
CCMFUT,11/25/2025 15:02:00,80.17,80.21,80.17,80.21,1731968.81,48.0
CCMFUT,11/25/2025 15:01:00,80.16,80.18,80.16,80.18,360804.58,10.0
CCMFUT,11/25/2025 15:00:00,80.17,80.18,80.16,80.16,360784.42,10.0
CCMFUT,11/25/2025 14:59:00,80.15,80.17,80.15,80.17,324636.43,9.0
CCMFUT,11/25/2025 14:58:00,80.12,80.17,80.12,80.17,1189915.31,33.0
CCMFUT,11/25/2025 14:57:00,80.07,80.13,80.06,80.12,1730280.59,48.0
CCMFUT,11/25/2025 14:56:00,80.16,80.22,80.06,80.07,2812956.37,78.0
CCMFUT,11/25/2025 14:51:00,80.18,80.18,80.18,80.18,108247.42,3.0
CCMFUT,11/25/2025 14:50:00,80.19,80.19,80.19,80.19,144350.05,4.0
CCMFUT,11/25/2025 14:47:00,80.23,80.24,80.22,80.23,541559.63,15.0
CCMFUT,11/25/2025 14:46:00,80.18,80.21,80.18,80.21,216504.92,6.0
CCMFUT,11/25/2025 14:43:00,80.18,80.18,80.18,80.18,180412.37,5.0
CCMFUT,11/25/2025 14:41:00,80.18,80.18,80.18,80.18,72164.95,2.0
CCMFUT,11/25/2025 14:40:00,80.18,80.21,80.18,80.21,360860.01,10.0
CCMFUT,11/25/2025 14:39:00,80.17,80.19,80.17,80.18,577324.62,16.0
CCMFUT,11/25/2025 14:38:00,80.17,80.17,80.17,80.17,144309.74,4.0
CCMFUT,11/25/2025 14:37:00,80.18,80.18,80.18,80.18,36082.47,1.0
CCMFUT,11/25/2025 14:36:00,80.19,80.19,80.19,80.19,108262.54,3.0
CCMFUT,11/25/2025 14:34:00,80.16,80.19,80.16,80.19,541201.83,15.0
CCMFUT,11/25/2025 14:31:00,80.18,80.18,80.18,80.18,72164.95,2.0
CCMFUT,11/25/2025 14:30:00,80.17,80.23,80.17,80.18,974519.07,27.0
CCMFUT,11/25/2025 14:29:00,80.12,80.16,80.12,80.16,793179.45,22.0
CCMFUT,11/25/2025 14:28:00,80.1,80.1,80.1,80.1,36047.2,1.0
CCMFUT,11/25/2025 14:22:00,80.09,80.09,80.09,80.09,36042.16,1.0
CCMFUT,11/25/2025 14:21:00,80.12,80.12,80.09,80.09,72094.39,2.0
CCMFUT,11/25/2025 14:14:00,80.12,80.12,80.12,80.12,36052.24,1.0
CCMFUT,11/25/2025 14:11:00,80.16,80.16,80.16,80.16,180361.97,5.0
CCMFUT,11/25/2025 14:10:00,80.1,80.1,80.1,80.1,216283.18,6.0
CCMFUT,11/25/2025 14:09:00,80.1,80.1,80.1,80.1,36047.2,1.0
CCMFUT,11/25/2025 14:08:00,80.13,80.13,80.13,80.13,36057.28,1.0
CCMFUT,11/25/2025 14:04:00,80.15,80.17,80.14,80.17,252456.37,7.0
CCMFUT,11/25/2025 14:03:00,80.15,80.15,80.14,80.14,180321.66,5.0
CCMFUT,11/25/2025 14:02:00,80.18,80.18,80.18,80.18,36082.47,1.0
CCMFUT,11/25/2025 14:01:00,80.18,80.23,80.18,80.18,3355871.61,93.0
CCMFUT,11/25/2025 14:00:00,80.13,80.16,80.13,80.16,216394.05,6.0
CCMFUT,11/25/2025 13:59:00,80.16,80.16,80.13,80.13,504872.42,14.0
CCMFUT,11/25/2025 13:56:00,80.19,80.19,80.19,80.19,36087.51,1.0
CCMFUT,11/25/2025 13:53:00,80.24,80.24,80.18,80.18,541368.13,15.0
CCMFUT,11/25/2025 13:52:00,80.23,80.24,80.23,80.24,144425.64,4.0
CCMFUT,11/25/2025 13:51:00,80.25,80.25,80.24,80.24,252758.73,7.0
CCMFUT,11/25/2025 13:50:00,80.19,80.28,80.19,80.28,902701.85,25.0
CCMFUT,11/25/2025 13:49:00,80.18,80.19,80.18,80.19,433004.8,12.0
CCMFUT,11/25/2025 13:48:00,80.17,80.24,80.17,80.24,469177.98,13.0
CCMFUT,11/25/2025 13:47:00,80.17,80.17,80.17,80.17,36077.43,1.0
CCMFUT,11/25/2025 13:44:00,80.15,80.16,80.14,80.15,396740.91,11.0
CCMFUT,11/25/2025 13:43:00,80.18,80.25,80.15,80.15,938612.98,26.0
CCMFUT,11/25/2025 13:42:00,80.07,80.17,80.07,80.17,973773.23,27.0
CCMFUT,11/25/2025 13:40:00,80.07,80.07,80.07,80.07,72064.16,2.0
CCMFUT,11/25/2025 13:39:00,80.07,80.08,80.07,80.08,72069.2,2.0
CCMFUT,11/25/2025 13:38:00,80.02,80.1,80.02,80.1,3564953.42,99.0
CCMFUT,11/25/2025 13:37:00,80.02,80.02,80.0,80.0,2448442.76,68.0
CCMFUT,11/25/2025 13:36:00,80.0,80.0,80.0,80.0,36001.84,1.0
CCMFUT,11/25/2025 13:35:00,79.99,79.99,79.99,79.99,107990.41,3.0
CCMFUT,11/25/2025 13:34:00,80.0,80.02,80.0,80.02,252033.05,7.0
CCMFUT,11/25/2025 13:33:00,79.97,79.97,79.97,79.97,35986.72,1.0
CCMFUT,11/25/2025 13:32:00,79.95,79.95,79.94,79.94,143896.5,4.0
CCMFUT,11/25/2025 13:31:00,79.96,79.97,79.94,79.94,1043468.85,29.0
CCMFUT,11/25/2025 13:30:00,79.93,79.96,79.9,79.96,3453893.99,96.0
CCMFUT,11/25/2025 13:29:00,79.9,79.9,79.9,79.9,35956.49,1.0
CCMFUT,11/25/2025 13:28:00,79.91,79.91,79.91,79.91,35961.53,1.0
CCMFUT,11/25/2025 13:27:00,79.94,79.94,79.94,79.94,35971.61,1.0
CCMFUT,11/25/2025 13:26:00,79.95,79.96,79.93,79.93,143906.58,4.0
CCMFUT,11/25/2025 13:25:00,79.95,79.96,79.94,79.94,431744.94,12.0
CCMFUT,11/25/2025 13:22:00,79.93,79.93,79.93,79.93,35966.57,1.0
CCMFUT,11/25/2025 13:19:00,79.94,79.96,79.94,79.94,215844.75,6.0
CCMFUT,11/25/2025 13:18:00,79.89,79.95,79.89,79.94,323699.1,9.0
CCMFUT,11/25/2025 13:17:00,79.86,79.89,79.86,79.89,107839.22,3.0
CCMFUT,11/25/2025 13:14:00,79.89,79.89,79.89,79.89,287611.58,8.0
CCMFUT,11/25/2025 13:11:00,79.86,79.87,79.85,79.86,826515.42,23.0
CCMFUT,11/25/2025 13:10:00,79.82,79.85,79.82,79.85,395218.99,11.0
CCMFUT,11/25/2025 13:08:00,79.82,79.82,79.82,79.82,71842.42,2.0
CCMFUT,11/25/2025 13:07:00,79.87,79.87,79.82,79.82,539004.63,15.0
CCMFUT,11/25/2025 13:06:00,79.9,79.9,79.88,79.9,611230.05,17.0
CCMFUT,11/25/2025 13:05:00,79.93,79.94,79.9,79.94,899154.07,25.0
CCMFUT,11/25/2025 13:04:00,80.05,80.05,79.91,79.95,1475556.47,41.0
CCMFUT,11/25/2025 13:03:00,80.05,80.05,79.99,80.05,1044275.16,29.0
CCMFUT,11/25/2025 13:02:00,80.06,80.06,80.03,80.03,108050.88,3.0
CCMFUT,11/25/2025 13:01:00,80.08,80.15,80.06,80.06,1189597.83,33.0
CCMFUT,11/25/2025 12:59:00,80.07,80.09,80.07,80.09,180180.55,5.0
CCMFUT,11/25/2025 12:58:00,80.07,80.07,80.05,80.06,432304.32,12.0
CCMFUT,11/25/2025 12:57:00,80.13,80.13,80.05,80.07,1873965.43,52.0
CCMFUT,11/25/2025 12:54:00,80.13,80.13,80.13,80.13,36057.28,1.0
CCMFUT,11/25/2025 12:52:00,80.23,80.23,80.14,80.14,505119.35,14.0
CCMFUT,11/25/2025 12:51:00,80.15,80.24,80.15,80.24,1154951.6,32.0
CCMFUT,11/25/2025 12:50:00,80.14,80.14,80.14,80.14,36062.32,1.0
CCMFUT,11/25/2025 12:49:00,80.14,80.15,80.12,80.14,360577.8,10.0
CCMFUT,11/25/2025 12:48:00,80.17,80.18,80.15,80.15,865893.69,24.0
CCMFUT,11/25/2025 12:47:00,80.06,80.24,80.06,80.18,16870426.0,468.0
CCMFUT,11/25/2025 12:46:00,80.05,80.05,80.05,80.05,144088.0,4.0
CCMFUT,11/25/2025 12:45:00,80.05,80.06,80.05,80.06,396247.04,11.0
CCMFUT,11/25/2025 12:44:00,79.98,80.06,79.98,80.06,1980464.17,55.0
CCMFUT,11/25/2025 12:43:00,79.96,79.96,79.96,79.96,35981.68,1.0
CCMFUT,11/25/2025 12:42:00,79.96,79.96,79.96,79.96,143926.74,4.0
CCMFUT,11/25/2025 12:40:00,79.96,79.96,79.95,79.95,215864.91,6.0
CCMFUT,11/25/2025 12:39:00,79.95,79.95,79.95,79.95,143906.58,4.0
CCMFUT,11/25/2025 12:38:00,79.95,79.95,79.95,79.95,143906.58,4.0
CCMFUT,11/25/2025 12:37:00,79.95,79.97,79.94,79.94,539599.28,15.0
CCMFUT,11/25/2025 12:36:00,79.96,79.97,79.96,79.96,539740.39,15.0
CCMFUT,11/25/2025 12:35:00,79.96,79.98,79.96,79.96,827619.06,23.0
CCMFUT,11/25/2025 12:34:00,79.94,80.02,79.94,79.96,5613490.5,156.0
CCMFUT,11/25/2025 12:33:00,79.89,79.94,79.89,79.94,1438461.07,40.0
CCMFUT,11/25/2025 12:30:00,79.85,79.85,79.82,79.85,1616892.93,45.0
CCMFUT,11/25/2025 12:29:00,79.86,79.86,79.85,79.85,1257600.19,35.0
CCMFUT,11/25/2025 12:27:00,79.86,79.86,79.86,79.86,35936.33,1.0
CCMFUT,11/25/2025 12:24:00,79.87,79.87,79.85,79.86,1113990.94,31.0
CCMFUT,11/25/2025 12:16:00,79.91,79.91,79.9,79.9,71918.01,2.0
CCMFUT,11/25/2025 12:15:00,79.94,79.94,79.93,79.94,107909.78,3.0
CCMFUT,11/25/2025 12:14:00,79.89,79.96,79.89,79.96,1114908.12,31.0
CCMFUT,11/25/2025 12:08:00,79.9,79.9,79.9,79.9,71912.97,2.0
CCMFUT,11/25/2025 12:07:00,79.89,79.89,79.89,79.89,71902.9,2.0
CCMFUT,11/25/2025 12:00:00,79.89,79.89,79.87,79.88,323522.71,9.0
CCMFUT,11/25/2025 11:59:00,79.87,79.89,79.87,79.88,503259.8,14.0
CCMFUT,11/25/2025 11:52:00,79.88,79.89,79.88,79.89,71897.86,2.0
CCMFUT,11/25/2025 11:51:00,79.9,79.9,79.9,79.9,35956.49,1.0
CCMFUT,11/25/2025 11:50:00,79.89,79.89,79.89,79.89,35951.45,1.0
CCMFUT,11/25/2025 11:49:00,79.9,79.9,79.9,79.9,107869.46,3.0
CCMFUT,11/25/2025 11:47:00,79.9,79.9,79.9,79.9,35956.49,1.0
CCMFUT,11/25/2025 11:46:00,79.89,79.89,79.89,79.89,71902.9,2.0
CCMFUT,11/25/2025 11:45:00,79.89,79.89,79.89,79.89,71902.9,2.0
CCMFUT,11/25/2025 11:41:00,79.89,79.89,79.89,79.89,35951.45,1.0
CCMFUT,11/25/2025 11:38:00,79.87,79.87,79.87,79.87,35941.37,1.0
CCMFUT,11/25/2025 11:37:00,79.85,79.86,79.85,79.86,71867.62,2.0
CCMFUT,11/25/2025 11:36:00,79.85,79.85,79.85,79.85,71862.58,2.0
CCMFUT,11/25/2025 11:34:00,79.87,79.87,79.87,79.87,35941.37,1.0
CCMFUT,11/25/2025 11:30:00,79.87,79.87,79.86,79.86,107814.03,3.0
CCMFUT,11/25/2025 11:26:00,79.88,79.88,79.88,79.88,143785.63,4.0
CCMFUT,11/25/2025 11:25:00,79.89,79.89,79.85,79.87,1042198.91,29.0
CCMFUT,11/25/2025 11:17:00,79.89,79.89,79.89,79.89,35951.45,1.0
CCMFUT,11/25/2025 11:14:00,79.91,79.91,79.9,79.9,107879.54,3.0
CCMFUT,11/25/2025 11:11:00,79.94,79.94,79.94,79.94,35971.61,1.0
CCMFUT,11/25/2025 11:10:00,79.93,79.93,79.93,79.93,107899.7,3.0
CCMFUT,11/25/2025 11:02:00,79.94,79.94,79.94,79.94,35971.61,1.0
CCMFUT,11/25/2025 11:01:00,79.94,79.94,79.94,79.94,287772.84,8.0
CCMFUT,11/25/2025 10:59:00,79.94,79.94,79.94,79.94,35971.61,1.0
CCMFUT,11/25/2025 10:52:00,79.91,79.91,79.91,79.91,107884.58,3.0
CCMFUT,11/25/2025 10:49:00,79.91,79.91,79.91,79.91,35961.53,1.0
CCMFUT,11/25/2025 10:44:00,79.93,79.93,79.87,79.87,719124.7,20.0
CCMFUT,11/25/2025 10:40:00,79.93,79.93,79.93,79.93,35966.57,1.0
CCMFUT,11/25/2025 10:38:00,79.94,79.94,79.94,79.94,35971.61,1.0
CCMFUT,11/25/2025 10:37:00,79.93,79.94,79.93,79.94,71938.17,2.0
CCMFUT,11/25/2025 10:36:00,79.9,79.9,79.9,79.9,251695.41,7.0
CCMFUT,11/25/2025 10:35:00,79.88,79.9,79.88,79.9,251634.94,7.0
CCMFUT,11/25/2025 10:34:00,79.91,79.91,79.84,79.85,1581379.91,44.0
CCMFUT,11/25/2025 10:33:00,79.91,79.91,79.91,79.91,71923.05,2.0
CCMFUT,11/25/2025 10:32:00,79.91,79.91,79.91,79.91,71923.05,2.0
CCMFUT,11/25/2025 10:31:00,79.96,79.96,79.93,79.93,755539.78,21.0
CCMFUT,11/25/2025 10:30:00,79.96,79.97,79.96,79.96,1655177.64,46.0
CCMFUT,11/25/2025 10:28:00,79.99,79.99,79.99,79.99,35996.8,1.0
CCMFUT,11/25/2025 10:25:00,79.98,79.98,79.98,79.98,35991.76,1.0
CCMFUT,11/25/2025 10:24:00,79.98,79.98,79.98,79.98,71983.53,2.0
CCMFUT,11/25/2025 10:23:00,79.97,79.97,79.97,79.97,71973.45,2.0
CCMFUT,11/25/2025 10:22:00,79.98,79.98,79.96,79.96,1043529.32,29.0
CCMFUT,11/25/2025 10:21:00,80.05,80.05,80.02,80.02,1368800.73,38.0
CCMFUT,11/25/2025 10:20:00,79.99,80.05,79.99,80.05,828243.95,23.0
CCMFUT,11/25/2025 10:19:00,79.97,80.0,79.97,79.97,323930.91,9.0
CCMFUT,11/25/2025 10:18:00,79.97,79.97,79.97,79.97,71973.45,2.0
CCMFUT,11/25/2025 10:14:00,79.96,79.96,79.96,79.96,35981.68,1.0
CCMFUT,11/25/2025 10:13:00,79.95,79.96,79.95,79.96,179903.38,5.0
CCMFUT,11/25/2025 10:11:00,79.95,79.95,79.95,79.95,179883.23,5.0
CCMFUT,11/25/2025 10:10:00,79.94,79.95,79.93,79.95,215819.55,6.0
CCMFUT,11/25/2025 10:08:00,79.96,79.96,79.96,79.96,71963.37,2.0
CCMFUT,11/25/2025 10:06:00,79.95,79.96,79.93,79.93,251851.63,7.0
CCMFUT,11/25/2025 10:02:00,79.97,79.99,79.97,79.99,395919.48,11.0
CCMFUT,11/25/2025 09:58:00,79.96,79.96,79.96,79.96,71963.37,2.0
CCMFUT,11/25/2025 09:57:00,79.96,79.96,79.96,79.96,35981.68,1.0
CCMFUT,11/25/2025 09:56:00,79.93,79.93,79.93,79.93,35966.57,1.0
CCMFUT,11/25/2025 09:54:00,79.94,79.94,79.93,79.93,107904.74,3.0
CCMFUT,11/25/2025 09:52:00,79.98,79.98,79.96,79.96,107955.13,3.0
CCMFUT,11/25/2025 09:51:00,79.98,79.99,79.97,79.97,359887.4,10.0
CCMFUT,11/25/2025 09:49:00,79.98,79.98,79.98,79.98,35991.76,1.0
CCMFUT,11/25/2025 09:48:00,79.96,79.98,79.96,79.98,539851.25,15.0
CCMFUT,11/25/2025 09:45:00,79.93,79.96,79.93,79.93,107914.82,3.0
CCMFUT,11/25/2025 09:44:00,79.97,79.99,79.93,79.93,467817.33,13.0
CCMFUT,11/25/2025 09:42:00,79.99,80.0,79.99,80.0,611965.81,17.0
CCMFUT,11/25/2025 09:38:00,79.96,79.99,79.96,79.99,467867.73,13.0
CCMFUT,11/25/2025 09:33:00,79.9,79.9,79.9,79.9,35956.49,1.0
CCMFUT,11/25/2025 09:32:00,79.94,79.95,79.94,79.94,467681.27,13.0
CCMFUT,11/25/2025 09:31:00,79.9,79.91,79.9,79.91,71918.01,2.0
CCMFUT,11/25/2025 09:30:00,79.84,79.9,79.84,79.9,1833155.96,51.0
CCMFUT,11/25/2025 09:29:00,79.8,79.84,79.8,79.84,862093.95,24.0
CCMFUT,11/25/2025 09:28:00,79.79,79.79,79.79,79.79,71812.19,2.0
CCMFUT,11/25/2025 09:26:00,79.79,79.79,79.79,79.79,35906.09,1.0
CCMFUT,11/25/2025 09:24:00,79.77,79.79,79.76,79.79,753861.64,21.0
CCMFUT,11/25/2025 09:22:00,79.78,79.78,79.78,79.78,35901.05,1.0
CCMFUT,11/25/2025 09:21:00,79.84,79.84,79.84,79.84,35926.25,1.0
CCMFUT,11/25/2025 09:20:00,79.81,79.81,79.81,79.81,35916.17,1.0
CCMFUT,11/25/2025 09:19:00,79.84,79.85,79.84,79.84,323356.41,9.0
CCMFUT,11/25/2025 09:18:00,79.8,79.8,79.8,79.8,71822.26,2.0
CCMFUT,11/25/2025 09:16:00,79.78,79.8,79.75,79.8,789757.66,22.0
CCMFUT,11/25/2025 09:15:00,79.82,79.82,79.8,79.81,215486.95,6.0
CCMFUT,11/25/2025 09:14:00,79.85,79.85,79.82,79.82,3952431.82,110.0
CCMFUT,11/25/2025 09:13:00,79.85,79.85,79.82,79.85,790468.22,22.0
CCMFUT,11/25/2025 09:12:00,79.85,79.85,79.81,79.85,826389.43,23.0
CCMFUT,11/25/2025 09:11:00,79.85,79.85,79.8,79.85,2119694.13,59.0
CCMFUT,11/25/2025 09:10:00,79.87,79.87,79.85,79.85,359353.22,10.0
CCMFUT,11/25/2025 09:09:00,79.86,79.86,79.86,79.86,35936.33,1.0
CCMFUT,11/25/2025 09:08:00,79.85,79.85,79.85,79.85,215587.74,6.0
CCMFUT,11/25/2025 09:06:00,79.86,79.86,79.86,79.86,143745.32,4.0
CCMFUT,11/25/2025 09:05:00,79.89,79.91,79.85,79.85,395470.96,11.0
CCMFUT,11/25/2025 09:04:00,79.84,79.89,79.81,79.89,503043.1,14.0
CCMFUT,11/25/2025 09:03:00,79.85,79.85,79.84,79.84,179646.37,5.0
CCMFUT,11/25/2025 09:02:00,79.91,79.91,79.81,79.85,503017.9,14.0
CCMFUT,11/25/2025 09:01:00,79.91,79.94,79.88,79.94,215723.8,6.0
CCMFUT,11/25/2025 09:00:00,79.77,80.13,79.74,79.89,14748524.58,410.0
CCMFUT,11/24/2025 17:05:00,79.89,79.89,79.66,79.77,16408640.89,457.0
CCMFUT,11/24/2025 16:19:00,79.81,79.81,79.75,79.75,430822.72,12.0
CCMFUT,11/24/2025 16:18:00,79.8,79.81,79.74,79.81,1292145.63,36.0
CCMFUT,11/24/2025 16:17:00,79.82,79.82,79.78,79.78,251337.61,7.0
CCMFUT,11/24/2025 16:16:00,79.79,79.82,79.79,79.8,107738.44,3.0
CCMFUT,11/24/2025 16:15:00,79.79,79.79,79.79,79.79,35906.09,1.0
CCMFUT,11/24/2025 16:14:00,79.8,79.8,79.8,79.8,251377.93,7.0
CCMFUT,11/24/2025 16:13:00,79.82,79.84,79.82,79.84,251453.52,7.0
CCMFUT,11/24/2025 16:12:00,79.84,79.84,79.8,79.81,395072.85,11.0
CCMFUT,11/24/2025 16:11:00,79.85,79.85,79.81,79.82,467031.18,13.0
CCMFUT,11/24/2025 16:10:00,79.89,79.89,79.86,79.86,682886.01,19.0
CCMFUT,11/24/2025 16:07:00,79.89,79.89,79.89,79.89,35951.45,1.0
CCMFUT,11/24/2025 16:04:00,79.89,79.94,79.89,79.9,431503.04,12.0
CCMFUT,11/24/2025 16:03:00,79.9,79.9,79.9,79.9,35956.49,1.0
CCMFUT,11/24/2025 16:02:00,79.88,79.9,79.88,79.9,790901.61,22.0
CCMFUT,11/24/2025 16:01:00,79.86,79.88,79.85,79.88,323462.24,9.0
CCMFUT,11/24/2025 16:00:00,79.85,79.88,79.84,79.87,610872.24,17.0
CCMFUT,11/24/2025 15:58:00,79.82,79.85,79.8,79.85,610741.22,17.0
CCMFUT,11/24/2025 15:57:00,79.79,79.79,79.79,79.79,71812.19,2.0
CCMFUT,11/24/2025 15:55:00,79.82,79.82,79.79,79.79,107733.4,3.0
CCMFUT,11/24/2025 15:52:00,79.81,79.82,79.79,79.79,1508670.71,42.0
CCMFUT,11/24/2025 15:44:00,79.81,79.81,79.81,79.81,179580.86,5.0
CCMFUT,11/24/2025 15:39:00,79.79,79.8,79.79,79.8,71817.22,2.0
CCMFUT,11/24/2025 15:37:00,79.79,79.81,79.79,79.81,71822.26,2.0
CCMFUT,11/24/2025 15:36:00,79.79,79.79,79.78,79.78,179520.38,5.0
CCMFUT,11/24/2025 15:33:00,79.77,79.77,79.75,79.75,287117.72,8.0
CCMFUT,11/24/2025 15:28:00,79.77,79.77,79.77,79.77,71792.03,2.0
CCMFUT,11/24/2025 15:27:00,79.79,79.79,79.79,79.79,35906.09,1.0
CCMFUT,11/24/2025 15:21:00,79.79,79.79,79.79,79.79,107718.28,3.0
CCMFUT,11/24/2025 15:20:00,79.79,79.79,79.79,79.79,35906.09,1.0
CCMFUT,11/24/2025 15:15:00,79.82,79.82,79.79,79.8,251413.2,7.0
CCMFUT,11/24/2025 15:13:00,79.85,79.85,79.85,79.85,35931.29,1.0
CCMFUT,11/24/2025 15:12:00,79.87,79.88,79.87,79.88,71887.78,2.0
CCMFUT,11/24/2025 14:57:00,79.88,79.88,79.88,79.88,71892.82,2.0
CCMFUT,11/24/2025 14:55:00,79.88,79.88,79.88,79.88,35946.41,1.0
CCMFUT,11/24/2025 14:54:00,79.86,79.87,79.86,79.87,143755.4,4.0
CCMFUT,11/24/2025 14:53:00,79.85,79.85,79.85,79.85,35931.29,1.0
CCMFUT,11/24/2025 14:49:00,79.82,79.82,79.82,79.82,179606.06,5.0
CCMFUT,11/24/2025 14:48:00,79.84,79.84,79.84,79.84,35926.25,1.0
CCMFUT,11/24/2025 14:46:00,79.88,79.88,79.88,79.88,71892.82,2.0
CCMFUT,11/24/2025 14:45:00,79.9,79.9,79.84,79.84,898675.33,25.0
CCMFUT,11/24/2025 14:40:00,79.9,79.93,79.9,79.93,143846.11,4.0
CCMFUT,11/24/2025 14:37:00,79.86,79.86,79.85,79.85,107803.95,3.0
CCMFUT,11/24/2025 14:32:00,79.87,79.87,79.87,79.87,35941.37,1.0
CCMFUT,11/24/2025 14:29:00,79.89,79.89,79.89,79.89,143805.79,4.0
CCMFUT,11/24/2025 14:28:00,79.87,79.87,79.86,79.86,143755.4,4.0
CCMFUT,11/24/2025 14:27:00,79.88,79.88,79.88,79.88,35946.41,1.0
CCMFUT,11/24/2025 14:20:00,79.91,79.91,79.88,79.88,179777.4,5.0
CCMFUT,11/24/2025 14:14:00,79.93,79.94,79.93,79.94,539548.89,15.0
CCMFUT,11/24/2025 14:13:00,79.95,79.95,79.9,79.9,179832.83,5.0
CCMFUT,11/24/2025 14:12:00,79.91,79.96,79.91,79.96,2446628.56,68.0
CCMFUT,11/24/2025 14:11:00,79.89,79.9,79.89,79.9,143815.87,4.0
CCMFUT,11/24/2025 14:10:00,79.88,79.88,79.87,79.87,107829.15,3.0
CCMFUT,11/24/2025 14:08:00,79.87,79.87,79.87,79.87,35941.37,1.0
CCMFUT,11/24/2025 14:02:00,79.85,79.9,79.85,79.89,862643.25,24.0
CCMFUT,11/24/2025 14:01:00,79.85,79.85,79.85,79.85,35931.29,1.0
CCMFUT,11/24/2025 14:00:00,79.84,79.85,79.84,79.85,71857.54,2.0
CCMFUT,11/24/2025 13:59:00,79.85,79.86,79.85,79.85,359317.94,10.0
CCMFUT,11/24/2025 13:58:00,79.84,79.84,79.84,79.84,71852.5,2.0
CCMFUT,11/24/2025 13:57:00,79.81,79.85,79.81,79.85,790412.79,22.0
CCMFUT,11/24/2025 13:56:00,79.79,79.79,79.78,79.78,251332.57,7.0
CCMFUT,11/24/2025 13:51:00,79.77,79.77,79.74,79.74,394800.72,11.0
CCMFUT,11/24/2025 13:49:00,79.79,79.79,79.79,79.79,35906.09,1.0
CCMFUT,11/24/2025 13:48:00,79.79,79.79,79.79,79.79,35906.09,1.0
CCMFUT,11/24/2025 13:44:00,79.72,79.72,79.72,79.72,35875.86,1.0
CCMFUT,11/24/2025 13:41:00,79.71,79.71,79.71,79.71,35870.82,1.0
CCMFUT,11/24/2025 13:40:00,79.74,79.74,79.74,79.74,35880.9,1.0
CCMFUT,11/24/2025 13:38:00,79.74,79.75,79.74,79.75,538218.47,15.0
CCMFUT,11/24/2025 13:35:00,79.68,79.68,79.68,79.68,13266608.33,370.0
CCMFUT,11/24/2025 13:34:00,79.68,79.68,79.67,79.67,107562.06,3.0
CCMFUT,11/24/2025 13:22:00,79.7,79.7,79.68,79.7,179318.81,5.0
CCMFUT,11/24/2025 13:19:00,79.67,79.68,79.67,79.68,645387.45,18.0
CCMFUT,11/24/2025 13:18:00,79.63,79.66,79.63,79.66,143362.32,4.0
CCMFUT,11/24/2025 13:17:00,79.63,79.63,79.62,79.63,573323.29,16.0
CCMFUT,11/24/2025 13:16:00,79.66,79.66,79.62,79.65,1720181.53,48.0
CCMFUT,11/24/2025 13:15:00,79.68,79.68,79.66,79.66,71701.32,2.0
CCMFUT,11/24/2025 13:14:00,79.68,79.68,79.68,79.68,35855.7,1.0
CCMFUT,11/24/2025 13:13:00,79.66,79.68,79.66,79.68,71701.32,2.0
CCMFUT,11/24/2025 13:12:00,79.65,79.65,79.65,79.65,35840.58,1.0
CCMFUT,11/24/2025 13:10:00,79.66,79.66,79.66,79.66,143382.48,4.0
CCMFUT,11/24/2025 13:09:00,79.65,79.65,79.65,79.65,215043.48,6.0
CCMFUT,11/24/2025 13:08:00,79.68,79.68,79.68,79.68,35855.7,1.0
CCMFUT,11/24/2025 13:07:00,79.69,79.69,79.66,79.67,860491.4,24.0
CCMFUT,11/24/2025 13:05:00,79.77,79.77,79.71,79.71,861201.96,24.0
CCMFUT,11/24/2025 13:04:00,79.78,79.78,79.78,79.78,35901.05,1.0
CCMFUT,11/24/2025 13:03:00,79.79,79.79,79.77,79.77,179490.15,5.0
CCMFUT,11/24/2025 12:59:00,79.79,79.79,79.79,79.79,466779.21,13.0
CCMFUT,11/24/2025 12:58:00,79.81,79.81,79.8,79.8,107743.48,3.0
CCMFUT,11/24/2025 12:55:00,79.81,79.81,79.81,79.81,35916.17,1.0
CCMFUT,11/24/2025 12:54:00,79.82,79.82,79.82,79.82,71842.42,2.0
CCMFUT,11/24/2025 12:48:00,79.85,79.87,79.85,79.87,718771.94,20.0
CCMFUT,11/24/2025 12:45:00,79.84,79.84,79.84,79.84,35926.25,1.0
CCMFUT,11/24/2025 12:44:00,79.86,79.86,79.84,79.84,107793.87,3.0
CCMFUT,11/24/2025 12:43:00,79.87,79.87,79.86,79.86,71877.7,2.0
CCMFUT,11/24/2025 12:42:00,79.85,79.89,79.82,79.88,8479900.34,236.0
CCMFUT,11/24/2025 12:41:00,79.78,79.85,79.78,79.85,3376099.97,94.0
CCMFUT,11/24/2025 12:39:00,79.78,79.78,79.78,79.78,107703.16,3.0
CCMFUT,11/24/2025 12:38:00,79.78,79.78,79.77,79.77,143594.13,4.0
CCMFUT,11/24/2025 12:37:00,79.76,79.76,79.76,79.76,35890.97,1.0
CCMFUT,11/24/2025 12:36:00,79.76,79.76,79.76,79.76,35890.97,1.0
CCMFUT,11/24/2025 12:31:00,79.76,79.76,79.76,79.76,35890.97,1.0
CCMFUT,11/24/2025 12:28:00,79.76,79.76,79.76,79.76,35890.97,1.0
CCMFUT,11/24/2025 12:21:00,79.77,79.77,79.77,79.77,35896.01,1.0
CCMFUT,11/24/2025 12:18:00,79.77,79.77,79.77,79.77,71792.03,2.0
CCMFUT,11/24/2025 12:14:00,79.76,79.76,79.75,79.75,394795.68,11.0
CCMFUT,11/24/2025 12:13:00,79.76,79.76,79.76,79.76,71781.95,2.0
CCMFUT,11/24/2025 12:11:00,79.75,79.75,79.75,79.75,35885.93,1.0
CCMFUT,11/24/2025 12:06:00,79.74,79.74,79.74,79.74,35880.9,1.0
CCMFUT,11/24/2025 12:05:00,79.71,79.71,79.71,79.71,35870.82,1.0
CCMFUT,11/24/2025 12:00:00,79.76,79.79,79.74,79.75,1256415.92,35.0
CCMFUT,11/24/2025 11:59:00,79.76,79.79,79.75,79.75,430732.01,12.0
CCMFUT,11/24/2025 11:57:00,79.76,79.76,79.76,79.76,35890.97,1.0
CCMFUT,11/24/2025 11:55:00,79.77,79.77,79.76,79.76,71786.99,2.0
CCMFUT,11/24/2025 11:54:00,79.7,79.75,79.69,79.75,717406.25,20.0
CCMFUT,11/24/2025 11:53:00,79.7,79.7,79.7,79.7,71731.55,2.0
CCMFUT,11/24/2025 11:51:00,79.68,79.69,79.68,79.69,286875.82,8.0
CCMFUT,11/24/2025 11:50:00,79.68,79.68,79.63,79.65,860189.03,24.0
CCMFUT,11/24/2025 11:49:00,79.7,79.7,79.67,79.67,502030.17,14.0
CCMFUT,11/24/2025 11:48:00,79.71,79.72,79.71,79.72,358753.52,10.0
CCMFUT,11/24/2025 11:47:00,79.82,79.82,79.65,79.69,5236393.38,146.0
CCMFUT,11/24/2025 11:45:00,79.85,79.85,79.81,79.84,215557.5,6.0
CCMFUT,11/24/2025 11:44:00,79.86,79.86,79.86,79.86,35936.33,1.0
CCMFUT,11/24/2025 11:43:00,79.87,79.87,79.85,79.85,251554.31,7.0
CCMFUT,11/24/2025 11:42:00,79.93,79.93,79.87,79.87,287631.74,8.0
CCMFUT,11/24/2025 11:38:00,79.93,79.93,79.93,79.93,35966.57,1.0
CCMFUT,11/24/2025 11:37:00,79.96,79.96,79.94,79.94,755559.94,21.0
CCMFUT,11/24/2025 11:36:00,79.96,79.96,79.96,79.96,395798.53,11.0
CCMFUT,11/24/2025 11:33:00,79.95,79.95,79.95,79.95,35976.65,1.0
CCMFUT,11/24/2025 11:32:00,79.96,79.96,79.93,79.96,1439227.06,40.0
CCMFUT,11/24/2025 11:31:00,79.93,79.95,79.9,79.95,539533.77,15.0
CCMFUT,11/24/2025 11:30:00,79.93,79.93,79.93,79.93,467565.36,13.0
CCMFUT,11/24/2025 11:29:00,79.94,79.94,79.94,79.94,107914.82,3.0
CCMFUT,11/24/2025 11:28:00,79.95,79.95,79.95,79.95,35976.65,1.0
CCMFUT,11/24/2025 11:27:00,79.96,79.96,79.96,79.96,251871.79,7.0
CCMFUT,11/24/2025 11:24:00,79.96,79.96,79.9,79.93,683339.56,19.0
CCMFUT,11/24/2025 11:22:00,79.95,79.95,79.94,79.94,179878.19,5.0
CCMFUT,11/24/2025 11:21:00,79.96,79.96,79.96,79.96,71963.37,2.0
CCMFUT,11/24/2025 11:20:00,79.95,79.96,79.95,79.96,251866.75,7.0
CCMFUT,11/24/2025 11:18:00,79.95,79.95,79.95,79.95,35976.65,1.0
CCMFUT,11/24/2025 11:16:00,79.94,79.94,79.93,79.93,179842.91,5.0
CCMFUT,11/24/2025 11:12:00,79.95,79.95,79.95,79.95,35976.65,1.0
CCMFUT,11/24/2025 11:10:00,79.93,79.93,79.93,79.93,107899.7,3.0
CCMFUT,11/24/2025 11:09:00,79.94,79.94,79.89,79.9,827165.51,23.0
CCMFUT,11/24/2025 11:07:00,79.96,79.96,79.94,79.94,251831.48,7.0
CCMFUT,11/24/2025 11:04:00,79.94,79.95,79.94,79.95,107919.86,3.0
CCMFUT,11/24/2025 11:03:00,79.94,79.96,79.94,79.96,179883.23,5.0
CCMFUT,11/24/2025 11:02:00,79.96,79.96,79.94,79.94,935468.36,26.0
CCMFUT,11/24/2025 11:01:00,79.96,79.97,79.96,79.96,575727.11,16.0
CCMFUT,11/24/2025 11:00:00,79.96,79.96,79.96,79.96,683652.0,19.0
CCMFUT,11/24/2025 10:57:00,79.96,79.96,79.96,79.96,71963.37,2.0
CCMFUT,11/24/2025 10:51:00,79.94,79.94,79.94,79.94,107914.82,3.0
CCMFUT,11/24/2025 10:49:00,79.99,79.99,79.95,79.95,755731.28,21.0
CCMFUT,11/24/2025 10:48:00,79.99,79.99,79.99,79.99,215980.82,6.0
CCMFUT,11/24/2025 10:45:00,79.98,79.98,79.98,79.98,107975.29,3.0
CCMFUT,11/24/2025 10:42:00,79.96,79.96,79.96,79.96,251871.79,7.0
CCMFUT,11/24/2025 10:39:00,79.95,79.95,79.95,79.95,35976.65,1.0
CCMFUT,11/24/2025 10:38:00,79.94,79.94,79.94,79.94,35971.61,1.0
CCMFUT,11/24/2025 10:36:00,79.94,79.94,79.94,79.94,35971.61,1.0
CCMFUT,11/24/2025 10:34:00,79.94,79.94,79.94,79.94,143886.42,4.0
CCMFUT,11/24/2025 10:29:00,79.93,79.93,79.93,79.93,35966.57,1.0
CCMFUT,11/24/2025 10:26:00,79.9,79.9,79.88,79.9,179757.24,5.0
CCMFUT,11/24/2025 10:24:00,80.0,80.02,79.96,79.96,431981.79,12.0
CCMFUT,11/24/2025 10:23:00,79.96,80.0,79.96,80.0,2231449.01,62.0
CCMFUT,11/24/2025 10:22:00,79.91,79.96,79.91,79.95,971293.82,27.0
CCMFUT,11/24/2025 10:13:00,79.91,79.91,79.91,79.91,107884.58,3.0
CCMFUT,11/24/2025 10:09:00,79.91,79.91,79.91,79.91,35961.53,1.0
CCMFUT,11/24/2025 10:08:00,79.89,79.89,79.89,79.89,35951.45,1.0
CCMFUT,11/24/2025 10:06:00,79.89,79.89,79.89,79.89,71902.9,2.0
CCMFUT,11/24/2025 10:03:00,79.88,79.89,79.88,79.89,179752.2,5.0
CCMFUT,11/24/2025 10:01:00,79.86,79.86,79.86,79.86,35936.33,1.0
CCMFUT,11/24/2025 10:00:00,79.85,79.91,79.85,79.9,575162.69,16.0
CCMFUT,11/24/2025 09:56:00,79.84,79.85,79.82,79.85,431125.08,12.0
CCMFUT,11/24/2025 09:54:00,79.86,79.86,79.86,79.86,107808.99,3.0
CCMFUT,11/24/2025 09:53:00,79.85,79.88,79.85,79.88,107824.11,3.0
CCMFUT,11/24/2025 09:52:00,79.89,79.89,79.89,79.89,35951.45,1.0
CCMFUT,11/24/2025 09:44:00,79.86,79.86,79.86,79.86,35936.33,1.0
CCMFUT,11/24/2025 09:43:00,79.89,79.89,79.85,79.85,215673.41,6.0
CCMFUT,11/24/2025 09:39:00,79.88,79.89,79.86,79.89,215658.29,6.0
CCMFUT,11/24/2025 09:38:00,79.88,79.91,79.88,79.91,215728.84,6.0
CCMFUT,11/24/2025 09:34:00,79.85,79.85,79.85,79.85,71862.58,2.0
CCMFUT,11/24/2025 09:33:00,79.81,79.82,79.81,79.82,179590.94,5.0
CCMFUT,11/24/2025 09:32:00,79.86,79.87,79.84,79.84,179676.61,5.0
CCMFUT,11/24/2025 09:31:00,79.86,79.86,79.86,79.86,71872.66,2.0
CCMFUT,11/24/2025 09:30:00,79.85,79.86,79.82,79.86,431175.48,12.0
CCMFUT,11/24/2025 09:29:00,79.88,79.88,79.86,79.86,539085.26,15.0
CCMFUT,11/24/2025 09:28:00,79.91,79.91,79.89,79.89,395491.12,11.0
CCMFUT,11/24/2025 09:26:00,79.9,79.93,79.9,79.93,107889.62,3.0
CCMFUT,11/24/2025 09:25:00,79.89,79.96,79.89,79.9,1511024.13,42.0
CCMFUT,11/24/2025 09:24:00,79.86,79.96,79.86,79.9,2157580.73,60.0
CCMFUT,11/24/2025 09:23:00,79.88,79.88,79.88,79.88,287571.27,8.0
CCMFUT,11/24/2025 09:22:00,79.88,79.89,79.88,79.89,323522.71,9.0
CCMFUT,11/24/2025 09:19:00,79.88,79.88,79.85,79.85,143745.32,4.0
CCMFUT,11/24/2025 09:18:00,79.89,79.89,79.89,79.89,35951.45,1.0
CCMFUT,11/24/2025 09:17:00,79.9,79.9,79.9,79.9,107869.46,3.0
CCMFUT,11/24/2025 09:16:00,79.82,79.9,79.82,79.9,862844.83,24.0
CCMFUT,11/24/2025 09:15:00,79.78,79.85,79.78,79.81,3843846.75,107.0
CCMFUT,11/24/2025 09:14:00,79.74,79.78,79.74,79.78,897239.08,25.0
CCMFUT,11/24/2025 09:13:00,79.7,79.7,79.7,79.7,71731.55,2.0
CCMFUT,11/24/2025 09:12:00,79.75,79.75,79.74,79.74,215290.41,6.0
CCMFUT,11/24/2025 09:11:00,79.75,79.75,79.75,79.75,35885.93,1.0
CCMFUT,11/24/2025 09:10:00,79.72,79.75,79.71,79.71,322882.7,9.0
CCMFUT,11/24/2025 09:09:00,79.7,79.72,79.7,79.72,824933.03,23.0
CCMFUT,11/24/2025 09:08:00,79.79,79.79,79.71,79.71,1542944.02,43.0
CCMFUT,11/24/2025 09:07:00,79.8,79.8,79.79,79.79,287263.86,8.0
CCMFUT,11/24/2025 09:06:00,79.81,79.82,79.81,79.82,466970.7,13.0
CCMFUT,11/24/2025 09:05:00,79.8,79.8,79.77,79.79,430888.23,12.0
CCMFUT,11/24/2025 09:04:00,79.8,79.81,79.77,79.77,251352.73,7.0
CCMFUT,11/24/2025 09:03:00,79.77,79.79,79.75,79.76,825598.24,23.0
CCMFUT,11/24/2025 09:02:00,79.85,79.85,79.77,79.77,1077545.62,30.0
CCMFUT,11/24/2025 09:01:00,79.87,79.89,79.81,79.85,934132.91,26.0
CCMFUT,11/24/2025 09:00:00,79.96,79.97,79.77,79.87,3596369.36,100.0
CCMFUT,11/21/2025 17:05:00,79.72,80.09,79.69,79.96,9379638.99,261.0
CCMFUT,11/21/2025 16:19:00,79.71,79.74,79.53,79.74,6881139.35,192.0
CCMFUT,11/21/2025 16:18:00,79.69,79.74,79.62,79.68,5484384.79,153.0
CCMFUT,11/21/2025 16:17:00,79.66,79.7,79.63,79.68,752929.35,21.0
CCMFUT,11/21/2025 16:16:00,79.59,79.68,79.59,79.67,2579957.33,72.0
CCMFUT,11/21/2025 16:15:00,79.47,79.58,79.47,79.58,6011450.95,168.0
CCMFUT,11/21/2025 16:14:00,79.43,79.48,79.42,79.48,3932551.18,110.0
CCMFUT,11/21/2025 16:13:00,79.35,79.42,79.35,79.42,1965073.68,55.0
CCMFUT,11/21/2025 16:12:00,79.37,79.37,79.35,79.35,214267.4,6.0
CCMFUT,11/21/2025 16:11:00,79.4,79.4,79.34,79.37,714372.5,20.0
CCMFUT,11/21/2025 16:10:00,79.39,79.4,79.38,79.4,1286113.41,36.0
CCMFUT,11/21/2025 16:09:00,79.4,79.4,79.38,79.4,1286234.35,36.0
CCMFUT,11/21/2025 16:08:00,79.4,79.4,79.4,79.4,35729.71,1.0
CCMFUT,11/21/2025 16:07:00,79.4,79.4,79.4,79.4,35729.71,1.0
CCMFUT,11/21/2025 16:06:00,79.4,79.42,79.4,79.4,535955.76,15.0
CCMFUT,11/21/2025 16:05:00,79.4,79.4,79.4,79.4,35729.71,1.0
CCMFUT,11/21/2025 16:04:00,79.4,79.4,79.4,79.4,35729.71,1.0
CCMFUT,11/21/2025 16:03:00,79.4,79.4,79.4,79.4,35729.71,1.0
CCMFUT,11/21/2025 16:01:00,79.4,79.4,79.39,79.4,2715437.95,76.0
CCMFUT,11/21/2025 16:00:00,79.41,79.41,79.4,79.41,285852.81,8.0
CCMFUT,11/21/2025 15:59:00,79.41,79.44,79.4,79.4,1107762.17,31.0
CCMFUT,11/21/2025 15:57:00,79.41,79.41,79.41,79.41,35734.75,1.0
CCMFUT,11/21/2025 15:55:00,79.42,79.44,79.42,79.44,357478.54,10.0
CCMFUT,11/21/2025 15:53:00,79.4,79.42,79.4,79.42,214428.67,6.0
CCMFUT,11/21/2025 15:52:00,79.4,79.4,79.38,79.4,607369.83,17.0
CCMFUT,11/21/2025 15:51:00,79.44,79.44,79.41,79.41,393167.94,11.0
CCMFUT,11/21/2025 15:44:00,79.43,79.47,79.43,79.46,393278.8,11.0
CCMFUT,11/21/2025 15:34:00,79.47,79.47,79.47,79.47,35759.95,1.0
CCMFUT,11/21/2025 15:31:00,79.43,79.47,79.43,79.47,71504.78,2.0
CCMFUT,11/21/2025 15:27:00,79.46,79.46,79.46,79.46,35754.91,1.0
CCMFUT,11/21/2025 15:26:00,79.46,79.46,79.44,79.46,286024.15,8.0
CCMFUT,11/21/2025 15:23:00,79.49,79.49,79.49,79.49,35770.03,1.0
CCMFUT,11/21/2025 15:22:00,79.49,79.49,79.49,79.49,71540.06,2.0
CCMFUT,11/21/2025 15:14:00,79.46,79.46,79.46,79.46,71509.82,2.0
CCMFUT,11/21/2025 15:12:00,79.44,79.44,79.43,79.43,107244.57,3.0
CCMFUT,11/21/2025 15:11:00,79.49,79.49,79.46,79.46,1108835.58,31.0
CCMFUT,11/21/2025 15:10:00,79.46,79.49,79.46,79.49,572194.45,16.0
CCMFUT,11/21/2025 15:09:00,79.49,79.49,79.49,79.49,107310.08,3.0
CCMFUT,11/21/2025 15:07:00,79.44,79.51,79.44,79.49,4579369.83,128.0
CCMFUT,11/21/2025 15:05:00,79.44,79.44,79.44,79.44,35749.87,1.0
CCMFUT,11/21/2025 15:02:00,79.43,79.43,79.43,79.43,107234.49,3.0
CCMFUT,11/21/2025 15:01:00,79.41,79.41,79.41,79.41,35734.75,1.0
CCMFUT,11/21/2025 15:00:00,79.4,79.46,79.4,79.42,571932.4,16.0
CCMFUT,11/21/2025 14:59:00,79.41,79.41,79.41,79.41,142939.01,4.0
CCMFUT,11/21/2025 14:58:00,79.4,79.4,79.4,79.4,214378.27,6.0
CCMFUT,11/21/2025 14:57:00,79.41,79.41,79.4,79.4,393031.87,11.0
CCMFUT,11/21/2025 14:56:00,79.42,79.42,79.41,79.41,285883.05,8.0
CCMFUT,11/21/2025 14:55:00,79.41,79.41,79.4,79.4,285847.77,8.0
CCMFUT,11/21/2025 14:52:00,79.42,79.42,79.42,79.42,35739.79,1.0
CCMFUT,11/21/2025 14:50:00,79.4,79.49,79.4,79.42,1680359.78,47.0
CCMFUT,11/21/2025 14:46:00,79.4,79.46,79.4,79.46,1465714.42,41.0
CCMFUT,11/21/2025 14:45:00,79.41,79.41,79.4,79.4,107194.18,3.0
CCMFUT,11/21/2025 14:42:00,79.43,79.43,79.43,79.43,71489.66,2.0
CCMFUT,11/21/2025 14:41:00,79.4,79.46,79.4,79.44,1215299.03,34.0
CCMFUT,11/21/2025 14:40:00,79.38,79.38,79.38,79.38,71439.27,2.0
CCMFUT,11/21/2025 14:38:00,79.42,79.42,79.4,79.4,250138.22,7.0
CCMFUT,11/21/2025 14:37:00,79.43,79.43,79.43,79.43,142979.32,4.0
CCMFUT,11/21/2025 14:30:00,79.44,79.44,79.44,79.44,142999.48,4.0
CCMFUT,11/21/2025 14:29:00,79.44,79.44,79.44,79.44,35749.87,1.0
CCMFUT,11/21/2025 14:28:00,79.44,79.44,79.44,79.44,107249.61,3.0
CCMFUT,11/21/2025 14:27:00,79.4,79.44,79.4,79.44,321678.27,9.0
CCMFUT,11/21/2025 14:26:00,79.39,79.4,79.39,79.4,1071871.2,30.0
CCMFUT,11/21/2025 14:25:00,79.39,79.39,79.39,79.39,107174.02,3.0
CCMFUT,11/21/2025 14:23:00,79.34,79.4,79.34,79.37,964566.16,27.0
CCMFUT,11/21/2025 14:21:00,79.32,79.32,79.31,79.31,71383.83,2.0
CCMFUT,11/21/2025 14:18:00,79.37,79.37,79.34,79.34,107123.62,3.0
CCMFUT,11/21/2025 14:17:00,79.31,79.37,79.29,79.35,499817.85,14.0
CCMFUT,11/21/2025 14:14:00,79.33,79.33,79.33,79.33,142797.9,4.0
CCMFUT,11/21/2025 14:13:00,79.29,79.34,79.29,79.34,178436.9,5.0
CCMFUT,11/21/2025 14:12:00,79.29,79.29,79.29,79.29,107037.95,3.0
CCMFUT,11/21/2025 14:08:00,79.31,79.32,79.3,79.32,178457.06,5.0
CCMFUT,11/21/2025 14:04:00,79.31,79.32,79.31,79.32,107073.23,3.0
CCMFUT,11/21/2025 14:03:00,79.34,79.34,79.32,79.32,71398.95,2.0
CCMFUT,11/21/2025 14:02:00,79.33,79.33,79.33,79.33,35699.48,1.0
CCMFUT,11/21/2025 14:01:00,79.32,79.34,79.32,79.34,107098.43,3.0
CCMFUT,11/21/2025 14:00:00,79.28,79.31,79.28,79.31,214111.18,6.0
CCMFUT,11/21/2025 13:54:00,79.3,79.3,79.29,79.29,249765.3,7.0
CCMFUT,11/21/2025 13:47:00,79.3,79.34,79.3,79.34,178462.1,5.0
CCMFUT,11/21/2025 13:46:00,79.29,79.29,79.29,79.29,356793.17,10.0
CCMFUT,11/21/2025 13:45:00,79.25,79.26,79.25,79.26,71333.44,2.0
CCMFUT,11/21/2025 13:36:00,79.22,79.22,79.22,79.22,35649.08,1.0
CCMFUT,11/21/2025 13:35:00,79.24,79.28,79.24,79.28,142661.84,4.0
CCMFUT,11/21/2025 13:28:00,79.26,79.32,79.26,79.31,285469.82,8.0
CCMFUT,11/21/2025 13:19:00,79.29,79.29,79.29,79.29,35679.32,1.0
CCMFUT,11/21/2025 13:15:00,79.24,79.29,79.24,79.29,214010.39,6.0
CCMFUT,11/21/2025 13:14:00,79.24,79.26,79.24,79.26,142661.84,4.0
CCMFUT,11/21/2025 13:12:00,79.23,79.24,79.23,79.24,71313.28,2.0
CCMFUT,11/21/2025 13:09:00,79.22,79.22,79.22,79.22,35649.08,1.0
CCMFUT,11/21/2025 13:00:00,79.23,79.26,79.23,79.26,71323.36,2.0
CCMFUT,11/21/2025 12:59:00,79.23,79.23,79.22,79.22,178250.44,5.0
CCMFUT,11/21/2025 12:58:00,79.23,79.24,79.23,79.24,142631.6,4.0
CCMFUT,11/21/2025 12:56:00,79.22,79.22,79.22,79.22,178245.4,5.0
CCMFUT,11/21/2025 12:49:00,79.23,79.23,79.19,79.23,855310.85,24.0
CCMFUT,11/21/2025 12:46:00,79.24,79.24,79.24,79.24,71318.32,2.0
CCMFUT,11/21/2025 12:45:00,79.23,79.23,79.21,79.21,178250.44,5.0
CCMFUT,11/21/2025 12:44:00,79.24,79.24,79.22,79.22,106957.32,3.0
CCMFUT,11/21/2025 12:42:00,79.24,79.24,79.24,79.24,35659.16,1.0
CCMFUT,11/21/2025 12:38:00,79.24,79.25,79.24,79.25,71323.36,2.0
CCMFUT,11/21/2025 12:36:00,79.24,79.25,79.23,79.23,213949.92,6.0
CCMFUT,11/21/2025 12:34:00,79.24,79.26,79.24,79.25,606225.87,17.0
CCMFUT,11/21/2025 12:32:00,79.23,79.24,79.23,79.24,71313.28,2.0
CCMFUT,11/21/2025 12:31:00,79.2,79.22,79.2,79.22,106927.08,3.0
CCMFUT,11/21/2025 12:30:00,79.22,79.22,79.22,79.22,178245.4,5.0
CCMFUT,11/21/2025 12:28:00,79.24,79.24,79.18,79.18,1603780.28,45.0
CCMFUT,11/21/2025 12:27:00,79.24,79.24,79.24,79.24,35659.16,1.0
CCMFUT,11/21/2025 12:22:00,79.26,79.26,79.25,79.25,213995.27,6.0
CCMFUT,11/21/2025 12:21:00,79.28,79.28,79.26,79.26,178361.31,5.0
CCMFUT,11/21/2025 12:20:00,79.29,79.29,79.29,79.29,107037.95,3.0
CCMFUT,11/21/2025 12:16:00,79.29,79.29,79.29,79.29,107037.95,3.0
CCMFUT,11/21/2025 12:14:00,79.29,79.3,79.29,79.29,107042.99,3.0
CCMFUT,11/21/2025 12:13:00,79.32,79.32,79.28,79.28,856429.6,24.0
CCMFUT,11/21/2025 12:12:00,79.34,79.34,79.32,79.32,214201.89,6.0
CCMFUT,11/21/2025 12:11:00,79.35,79.37,79.35,79.37,107133.7,3.0
CCMFUT,11/21/2025 12:04:00,79.34,79.37,79.34,79.37,107128.66,3.0
CCMFUT,11/21/2025 12:03:00,79.34,79.34,79.34,79.34,35704.51,1.0
CCMFUT,11/21/2025 12:02:00,79.35,79.39,79.34,79.34,392865.57,11.0
CCMFUT,11/21/2025 11:57:00,79.35,79.35,79.35,79.35,71419.11,2.0
CCMFUT,11/21/2025 11:56:00,79.34,79.4,79.34,79.35,1035677.86,29.0
CCMFUT,11/21/2025 11:54:00,79.32,79.32,79.32,79.32,35694.44,1.0
CCMFUT,11/21/2025 11:53:00,79.32,79.34,79.32,79.32,642585.51,18.0
CCMFUT,11/21/2025 11:50:00,79.31,79.31,79.31,79.31,35689.4,1.0
CCMFUT,11/21/2025 11:48:00,79.31,79.31,79.31,79.31,71378.79,2.0
CCMFUT,11/21/2025 11:47:00,79.32,79.32,79.32,79.32,71388.87,2.0
CCMFUT,11/21/2025 11:45:00,79.3,79.3,79.3,79.3,35684.36,1.0
CCMFUT,11/21/2025 11:42:00,79.33,79.33,79.3,79.31,142757.59,4.0
CCMFUT,11/21/2025 11:41:00,79.31,79.32,79.31,79.32,71383.83,2.0
CCMFUT,11/21/2025 11:40:00,79.28,79.33,79.25,79.33,642237.79,18.0
CCMFUT,11/21/2025 11:39:00,79.28,79.29,79.26,79.29,1962226.39,55.0
CCMFUT,11/21/2025 11:37:00,79.28,79.28,79.28,79.28,178371.39,5.0
CCMFUT,11/21/2025 11:36:00,79.26,79.28,79.26,79.28,214035.59,6.0
CCMFUT,11/21/2025 11:35:00,79.24,79.28,79.24,79.26,428000.62,12.0
CCMFUT,11/21/2025 11:34:00,79.22,79.22,79.22,79.22,35649.08,1.0
CCMFUT,11/21/2025 11:33:00,79.22,79.22,79.22,79.22,178245.4,5.0
CCMFUT,11/21/2025 11:32:00,79.23,79.26,79.21,79.21,320871.96,9.0
CCMFUT,11/21/2025 11:30:00,79.15,79.2,79.15,79.2,106881.73,3.0
CCMFUT,11/21/2025 11:29:00,79.13,79.13,79.13,79.13,71217.53,2.0
CCMFUT,11/21/2025 11:28:00,79.2,79.2,79.15,79.15,570042.61,16.0
CCMFUT,11/21/2025 11:25:00,79.2,79.21,79.2,79.21,142561.05,4.0
CCMFUT,11/21/2025 11:24:00,79.2,79.2,79.2,79.2,142556.01,4.0
CCMFUT,11/21/2025 11:23:00,79.2,79.2,79.2,79.2,35639.0,1.0
CCMFUT,11/21/2025 11:21:00,79.19,79.19,79.19,79.19,35633.96,1.0
CCMFUT,11/21/2025 11:19:00,79.2,79.2,79.2,79.2,35639.0,1.0
CCMFUT,11/21/2025 11:16:00,79.19,79.2,79.19,79.2,106906.93,3.0
CCMFUT,11/21/2025 11:15:00,79.18,79.18,79.18,79.18,35628.92,1.0
CCMFUT,11/21/2025 11:14:00,79.18,79.18,79.18,79.18,35628.92,1.0
CCMFUT,11/21/2025 11:12:00,79.2,79.2,79.2,79.2,35639.0,1.0
CCMFUT,11/21/2025 11:10:00,79.14,79.2,79.14,79.2,249392.38,7.0
CCMFUT,11/21/2025 11:08:00,79.11,79.15,79.11,79.14,427315.26,12.0
CCMFUT,11/21/2025 11:05:00,79.09,79.09,79.09,79.09,71177.21,2.0
CCMFUT,11/21/2025 11:00:00,79.12,79.12,79.1,79.1,142394.74,4.0
CCMFUT,11/21/2025 10:59:00,79.13,79.13,79.1,79.13,4735270.31,133.0
CCMFUT,11/21/2025 10:58:00,79.1,79.12,79.1,79.12,498381.61,14.0
CCMFUT,11/21/2025 10:57:00,79.09,79.09,79.09,79.09,142354.43,4.0
CCMFUT,11/21/2025 10:55:00,79.07,79.07,79.06,79.07,853899.8,24.0
CCMFUT,11/21/2025 10:54:00,79.07,79.07,79.07,79.07,142334.27,4.0
CCMFUT,11/21/2025 10:51:00,79.06,79.06,79.06,79.06,35578.53,1.0
CCMFUT,11/21/2025 10:50:00,79.07,79.07,79.07,79.07,177917.84,5.0
CCMFUT,11/21/2025 10:42:00,79.09,79.09,79.09,79.09,35588.61,1.0
CCMFUT,11/21/2025 10:38:00,79.06,79.11,79.06,79.11,676138.18,19.0
CCMFUT,11/21/2025 10:37:00,79.06,79.07,79.06,79.06,818311.19,23.0
CCMFUT,11/21/2025 10:36:00,79.06,79.06,79.06,79.06,284628.23,8.0
CCMFUT,11/21/2025 10:34:00,79.07,79.07,79.06,79.06,106740.62,3.0
CCMFUT,11/21/2025 10:32:00,79.1,79.1,79.06,79.07,5657066.64,159.0
CCMFUT,11/21/2025 10:27:00,79.12,79.15,79.12,79.15,178033.75,5.0
CCMFUT,11/21/2025 10:23:00,79.09,79.09,79.09,79.09,35588.61,1.0
CCMFUT,11/21/2025 10:21:00,79.09,79.09,79.09,79.09,35588.61,1.0
CCMFUT,11/21/2025 10:20:00,79.09,79.09,79.09,79.09,605006.32,17.0
CCMFUT,11/21/2025 10:19:00,79.09,79.09,79.09,79.09,71177.21,2.0
CCMFUT,11/21/2025 10:17:00,79.07,79.07,79.06,79.06,71162.1,2.0
CCMFUT,11/21/2025 10:16:00,79.09,79.09,79.09,79.09,142354.43,4.0
CCMFUT,11/21/2025 10:15:00,79.09,79.09,79.09,79.09,71177.21,2.0
CCMFUT,11/21/2025 10:09:00,79.09,79.09,79.09,79.09,106765.82,3.0
CCMFUT,11/21/2025 10:07:00,79.09,79.09,79.09,79.09,35588.61,1.0
CCMFUT,11/21/2025 10:06:00,79.01,79.11,79.01,79.1,1031933.54,29.0
CCMFUT,11/21/2025 10:05:00,78.96,78.96,78.95,78.95,13536254.26,381.0
CCMFUT,11/21/2025 10:04:00,79.02,79.02,78.95,78.95,2167810.82,61.0
CCMFUT,11/21/2025 09:57:00,79.02,79.05,79.02,79.05,284512.32,8.0
CCMFUT,11/21/2025 09:56:00,79.02,79.02,79.02,79.02,106675.11,3.0
CCMFUT,11/21/2025 09:55:00,79.06,79.06,79.02,79.02,355634.1,10.0
CCMFUT,11/21/2025 09:54:00,79.06,79.06,79.06,79.06,71157.06,2.0
CCMFUT,11/21/2025 09:53:00,79.07,79.07,79.06,79.06,177907.76,5.0
CCMFUT,11/21/2025 09:52:00,79.12,79.13,79.09,79.09,427133.84,12.0
CCMFUT,11/21/2025 09:50:00,79.06,79.12,79.06,79.12,2454968.85,69.0
CCMFUT,11/21/2025 09:49:00,79.05,79.06,79.05,79.06,462505.75,13.0
CCMFUT,11/21/2025 09:48:00,79.04,79.05,78.97,79.05,853431.13,24.0
CCMFUT,11/21/2025 09:47:00,79.14,79.14,78.91,79.01,9208418.58,259.0
CCMFUT,11/21/2025 09:46:00,79.14,79.18,79.12,79.12,854721.23,24.0
CCMFUT,11/21/2025 09:45:00,79.14,79.18,79.14,79.15,427446.29,12.0
CCMFUT,11/21/2025 09:44:00,79.18,79.18,79.12,79.18,2350793.31,66.0
CCMFUT,11/21/2025 09:43:00,79.18,79.18,79.18,79.18,285031.38,8.0
CCMFUT,11/21/2025 09:42:00,79.19,79.19,79.18,79.18,498809.96,14.0
CCMFUT,11/21/2025 09:41:00,79.18,79.18,79.18,79.18,391918.15,11.0
CCMFUT,11/21/2025 09:39:00,79.18,79.18,79.18,79.18,463176.0,13.0
CCMFUT,11/21/2025 09:36:00,79.18,79.18,79.18,79.18,285031.38,8.0
CCMFUT,11/21/2025 09:35:00,79.18,79.18,79.18,79.18,142515.69,4.0
CCMFUT,11/21/2025 09:34:00,79.23,79.23,79.22,79.22,356500.89,10.0
CCMFUT,11/21/2025 09:32:00,79.23,79.23,79.23,79.23,35654.12,1.0
CCMFUT,11/21/2025 09:29:00,79.23,79.23,79.22,79.22,106952.28,3.0
CCMFUT,11/21/2025 09:25:00,79.23,79.24,79.21,79.21,178255.48,5.0
CCMFUT,11/21/2025 09:24:00,79.23,79.26,79.23,79.26,71323.36,2.0
CCMFUT,11/21/2025 09:21:00,79.23,79.23,79.23,79.23,71308.24,2.0
CCMFUT,11/21/2025 09:20:00,79.29,79.29,79.25,79.25,285414.38,8.0
CCMFUT,11/21/2025 09:19:00,79.3,79.32,79.29,79.3,249790.5,7.0
CCMFUT,11/21/2025 09:13:00,79.29,79.34,79.29,79.34,249906.41,7.0
CCMFUT,11/21/2025 09:12:00,79.26,79.28,79.26,79.28,392406.98,11.0
CCMFUT,11/21/2025 09:11:00,79.24,79.24,79.24,79.24,71318.32,2.0
CCMFUT,11/21/2025 09:10:00,79.24,79.24,79.24,79.24,35659.16,1.0
CCMFUT,11/21/2025 09:07:00,79.19,79.25,79.18,79.24,249513.33,7.0
CCMFUT,11/21/2025 09:06:00,79.18,79.18,79.18,79.18,35628.92,1.0
CCMFUT,11/21/2025 09:05:00,79.16,79.16,79.16,79.16,35623.88,1.0
CCMFUT,11/21/2025 09:04:00,79.24,79.25,79.16,79.16,1354256.87,38.0
CCMFUT,11/21/2025 09:03:00,79.18,79.24,79.18,79.18,213834.01,6.0
CCMFUT,11/21/2025 09:02:00,79.23,79.23,79.18,79.18,427673.06,12.0
CCMFUT,11/21/2025 09:01:00,79.25,79.25,79.25,79.25,71328.4,2.0
CCMFUT,11/21/2025 09:00:00,79.33,79.34,79.2,79.24,963069.44,27.0
CCMFUT,11/19/2025 17:05:00,79.43,79.51,79.39,79.48,5434020.51,152.0
CCMFUT,11/19/2025 16:19:00,79.44,79.44,79.4,79.4,3180407.99,89.0
CCMFUT,11/19/2025 16:18:00,79.37,79.44,79.37,79.42,6501905.5,182.0
CCMFUT,11/19/2025 16:17:00,79.37,79.39,79.37,79.39,1500063.32,42.0
CCMFUT,11/19/2025 16:16:00,79.38,79.39,79.37,79.37,4250167.66,119.0
CCMFUT,11/19/2025 16:15:00,79.39,79.4,79.38,79.38,1643339.97,46.0
CCMFUT,11/19/2025 16:14:00,79.39,79.4,79.38,79.38,607309.35,17.0
CCMFUT,11/19/2025 16:12:00,79.38,79.38,79.38,79.38,142878.53,4.0
CCMFUT,11/19/2025 16:11:00,79.34,79.38,79.33,79.38,1499786.15,42.0
CCMFUT,11/19/2025 16:10:00,79.39,79.39,79.33,79.34,750021.58,21.0
CCMFUT,11/19/2025 16:08:00,79.37,79.37,79.35,79.37,249997.12,7.0
CCMFUT,11/19/2025 16:07:00,79.37,79.37,79.37,79.37,71429.19,2.0
CCMFUT,11/19/2025 16:05:00,79.37,79.37,79.37,79.37,35714.59,1.0
CCMFUT,11/19/2025 16:04:00,79.38,79.38,79.37,79.37,178588.09,5.0
CCMFUT,11/19/2025 16:03:00,79.39,79.4,79.39,79.4,13110979.98,367.0
CCMFUT,11/19/2025 16:02:00,79.38,79.38,79.37,79.37,142868.45,4.0
CCMFUT,11/19/2025 16:01:00,79.38,79.38,79.35,79.38,214297.64,6.0
CCMFUT,11/19/2025 16:00:00,79.35,79.37,79.34,79.34,1178339.69,33.0
CCMFUT,11/19/2025 15:59:00,79.35,79.35,79.35,79.35,107128.66,3.0
CCMFUT,11/19/2025 15:58:00,79.35,79.35,79.35,79.35,392805.09,11.0
CCMFUT,11/19/2025 15:57:00,79.41,79.41,79.38,79.4,643114.66,18.0
CCMFUT,11/19/2025 15:56:00,79.37,79.4,79.37,79.4,571534.29,16.0
CCMFUT,11/19/2025 15:55:00,79.34,79.34,79.34,79.34,35704.51,1.0
CCMFUT,11/19/2025 15:54:00,79.34,79.34,79.33,79.34,285626.04,8.0
CCMFUT,11/19/2025 15:53:00,79.34,79.34,79.34,79.34,107113.54,3.0
CCMFUT,11/19/2025 15:52:00,79.34,79.34,79.32,79.34,392734.54,11.0
CCMFUT,11/19/2025 15:51:00,79.34,79.34,79.33,79.34,392724.46,11.0
CCMFUT,11/19/2025 15:50:00,79.32,79.34,79.31,79.34,3212927.57,90.0
CCMFUT,11/19/2025 15:49:00,79.38,79.38,79.31,79.34,5568674.66,156.0
CCMFUT,11/19/2025 15:48:00,79.52,79.53,79.37,79.37,6757279.71,189.0
CCMFUT,11/19/2025 15:47:00,79.52,79.52,79.51,79.52,1467160.74,41.0
CCMFUT,11/19/2025 15:45:00,79.52,79.52,79.51,79.52,1574480.9,44.0
CCMFUT,11/19/2025 15:44:00,79.53,79.53,79.52,79.52,680008.48,19.0
CCMFUT,11/19/2025 15:43:00,79.53,79.53,79.53,79.53,35790.19,1.0
CCMFUT,11/19/2025 15:41:00,79.54,79.54,79.54,79.54,357952.25,10.0
CCMFUT,11/19/2025 15:40:00,79.57,79.57,79.54,79.54,214791.51,6.0
CCMFUT,11/19/2025 15:39:00,79.57,79.57,79.57,79.57,250637.13,7.0
CCMFUT,11/19/2025 15:36:00,79.58,79.58,79.58,79.58,71620.69,2.0
CCMFUT,11/19/2025 15:35:00,79.58,79.6,79.54,79.57,4404445.43,123.0
CCMFUT,11/19/2025 15:34:00,79.58,79.58,79.58,79.58,286482.74,8.0
CCMFUT,11/19/2025 15:32:00,79.6,79.6,79.58,79.58,573041.08,16.0
CCMFUT,11/19/2025 15:31:00,79.6,79.6,79.6,79.6,322383.8,9.0
CCMFUT,11/19/2025 15:30:00,79.61,79.62,79.61,79.62,71655.96,2.0
CCMFUT,11/19/2025 15:28:00,79.63,79.63,79.62,79.62,358330.21,10.0
CCMFUT,11/19/2025 15:27:00,79.66,79.66,79.63,79.63,179202.9,5.0
CCMFUT,11/19/2025 15:24:00,79.62,79.62,79.62,79.62,179152.5,5.0
CCMFUT,11/19/2025 15:23:00,79.6,79.65,79.6,79.63,1361523.76,38.0
CCMFUT,11/19/2025 15:22:00,79.61,79.61,79.58,79.58,71635.8,2.0
CCMFUT,11/19/2025 15:21:00,79.66,79.66,79.58,79.59,4370812.13,122.0
CCMFUT,11/19/2025 15:20:00,79.67,79.67,79.59,79.66,2651895.5,74.0
CCMFUT,11/19/2025 15:14:00,79.71,79.71,79.71,79.71,35870.82,1.0
CCMFUT,11/19/2025 15:13:00,79.71,79.72,79.69,79.69,215219.86,6.0
CCMFUT,11/19/2025 15:11:00,79.71,79.71,79.69,79.69,215214.82,6.0
CCMFUT,11/19/2025 15:08:00,79.68,79.68,79.68,79.68,394412.68,11.0
CCMFUT,11/19/2025 15:07:00,79.67,79.67,79.67,79.67,35850.66,1.0
CCMFUT,11/19/2025 15:05:00,79.68,79.68,79.68,79.68,35855.7,1.0
CCMFUT,11/19/2025 15:04:00,79.67,79.67,79.66,79.66,179233.14,5.0
CCMFUT,11/19/2025 15:03:00,79.66,79.66,79.66,79.66,215073.72,6.0
CCMFUT,11/19/2025 15:02:00,79.66,79.66,79.66,79.66,71691.24,2.0
CCMFUT,11/19/2025 15:01:00,79.66,79.66,79.66,79.66,107536.86,3.0
CCMFUT,11/19/2025 15:00:00,79.65,79.68,79.6,79.66,967781.33,27.0
CCMFUT,11/19/2025 14:59:00,79.66,79.66,79.62,79.62,716720.89,20.0
CCMFUT,11/19/2025 14:58:00,79.69,79.69,79.67,79.67,250994.93,7.0
CCMFUT,11/19/2025 14:56:00,79.7,79.7,79.7,79.7,179328.89,5.0
CCMFUT,11/19/2025 14:54:00,79.69,79.69,79.68,79.68,250999.97,7.0
CCMFUT,11/19/2025 14:52:00,79.68,79.69,79.68,79.69,573696.21,16.0
CCMFUT,11/19/2025 14:51:00,79.66,79.66,79.66,79.66,537684.29,15.0
CCMFUT,11/19/2025 14:50:00,79.67,79.67,79.67,79.67,35850.66,1.0
CCMFUT,11/19/2025 14:49:00,79.67,79.67,79.67,79.67,35850.66,1.0
CCMFUT,11/19/2025 14:48:00,79.67,79.68,79.67,79.68,143407.67,4.0
CCMFUT,11/19/2025 14:45:00,79.63,79.67,79.63,79.67,250939.49,7.0
CCMFUT,11/19/2025 14:43:00,79.62,79.65,79.62,79.65,250833.66,7.0
CCMFUT,11/19/2025 14:42:00,79.69,79.72,79.62,79.62,3369372.3,94.0
CCMFUT,11/19/2025 14:40:00,79.69,79.69,79.69,79.69,179303.69,5.0
CCMFUT,11/19/2025 14:35:00,79.75,79.75,79.71,79.71,179394.4,5.0
CCMFUT,11/19/2025 14:33:00,79.76,79.76,79.75,79.75,179444.79,5.0
CCMFUT,11/19/2025 14:30:00,79.77,79.77,79.77,79.77,143584.06,4.0
CCMFUT,11/19/2025 14:25:00,79.77,79.77,79.77,79.77,179480.07,5.0
CCMFUT,11/19/2025 14:24:00,79.75,79.77,79.74,79.77,287092.52,8.0
CCMFUT,11/19/2025 14:23:00,79.71,79.74,79.71,79.74,681595.91,19.0
CCMFUT,11/19/2025 14:21:00,79.66,79.68,79.66,79.68,430228.06,12.0
CCMFUT,11/19/2025 14:20:00,79.66,79.66,79.65,79.65,286749.84,8.0
CCMFUT,11/19/2025 14:18:00,79.65,79.65,79.65,79.65,394246.38,11.0
CCMFUT,11/19/2025 14:16:00,79.65,79.67,79.65,79.67,250904.22,7.0
CCMFUT,11/19/2025 14:15:00,79.65,79.68,79.65,79.68,681011.33,19.0
CCMFUT,11/19/2025 14:14:00,79.69,79.69,79.66,79.67,824686.1,23.0
CCMFUT,11/19/2025 14:12:00,79.7,79.7,79.68,79.69,1004095.61,28.0
CCMFUT,11/19/2025 14:06:00,79.7,79.7,79.7,79.7,71731.55,2.0
CCMFUT,11/19/2025 14:04:00,79.74,79.75,79.74,79.75,71766.83,2.0
CCMFUT,11/19/2025 14:03:00,79.69,79.7,79.69,79.69,466194.63,13.0
CCMFUT,11/19/2025 14:02:00,79.72,79.72,79.72,79.72,322882.7,9.0
CCMFUT,11/19/2025 14:01:00,79.75,79.76,79.75,79.76,107667.88,3.0
CCMFUT,11/19/2025 14:00:00,79.76,79.76,79.7,79.72,502297.26,14.0
CCMFUT,11/19/2025 13:59:00,79.76,79.76,79.76,79.76,35890.97,1.0
CCMFUT,11/19/2025 13:58:00,79.78,79.78,79.75,79.76,466592.75,13.0
CCMFUT,11/19/2025 13:57:00,79.78,79.78,79.78,79.78,35901.05,1.0
CCMFUT,11/19/2025 13:56:00,79.79,79.79,79.79,79.79,179530.46,5.0
CCMFUT,11/19/2025 13:55:00,79.81,79.81,79.8,79.81,430989.02,12.0
CCMFUT,11/19/2025 13:54:00,79.85,79.85,79.85,79.85,35931.29,1.0
CCMFUT,11/19/2025 13:53:00,79.9,79.93,79.86,79.87,1006529.67,28.0
CCMFUT,11/19/2025 13:52:00,79.96,79.97,79.86,79.89,2086348.08,58.0
CCMFUT,11/19/2025 13:51:00,79.95,79.95,79.95,79.95,215859.87,6.0
CCMFUT,11/19/2025 13:50:00,79.95,79.97,79.95,79.97,323860.36,9.0
CCMFUT,11/19/2025 13:49:00,79.95,79.96,79.95,79.96,251861.71,7.0
CCMFUT,11/19/2025 13:48:00,79.96,79.96,79.96,79.96,107945.05,3.0
CCMFUT,11/19/2025 13:47:00,80.0,80.02,79.99,79.99,468034.03,13.0
CCMFUT,11/19/2025 13:46:00,79.93,79.99,79.93,79.99,3526174.84,98.0
CCMFUT,11/19/2025 13:44:00,79.91,79.91,79.9,79.9,2337196.87,65.0
CCMFUT,11/19/2025 13:43:00,79.93,79.93,79.93,79.93,35966.57,1.0
CCMFUT,11/19/2025 13:42:00,79.93,79.95,79.9,79.9,719366.6,20.0
CCMFUT,11/19/2025 13:40:00,79.91,79.94,79.9,79.91,1654094.16,46.0
CCMFUT,11/19/2025 13:39:00,79.85,79.93,79.85,79.93,2696005.82,75.0
CCMFUT,11/19/2025 13:38:00,79.82,79.87,79.82,79.85,2119930.99,59.0
CCMFUT,11/19/2025 13:37:00,79.79,79.84,79.79,79.82,251408.16,7.0
CCMFUT,11/19/2025 13:36:00,79.78,79.79,79.78,79.79,71807.15,2.0
CCMFUT,11/19/2025 13:35:00,79.76,79.78,79.76,79.78,323038.93,9.0
CCMFUT,11/19/2025 13:33:00,79.76,79.76,79.76,79.76,35890.97,1.0
CCMFUT,11/19/2025 13:32:00,79.76,79.76,79.76,79.76,35890.97,1.0
CCMFUT,11/19/2025 13:30:00,79.74,79.77,79.74,79.77,143558.86,4.0
CCMFUT,11/19/2025 13:29:00,79.74,79.74,79.74,79.74,35880.9,1.0
CCMFUT,11/19/2025 13:28:00,79.75,79.75,79.75,79.75,35885.93,1.0
CCMFUT,11/19/2025 13:27:00,79.7,79.75,79.7,79.75,968638.03,27.0
CCMFUT,11/19/2025 13:26:00,79.71,79.71,79.68,79.7,717295.38,20.0
CCMFUT,11/19/2025 13:25:00,79.74,79.74,79.72,79.72,215260.18,6.0
CCMFUT,11/19/2025 13:24:00,79.75,79.75,79.71,79.74,358768.64,10.0
CCMFUT,11/19/2025 13:23:00,79.79,79.79,79.76,79.76,466663.3,13.0
CCMFUT,11/19/2025 13:22:00,79.78,79.78,79.78,79.78,71802.11,2.0
CCMFUT,11/19/2025 13:21:00,79.79,79.79,79.75,79.78,825673.83,23.0
CCMFUT,11/19/2025 13:20:00,79.75,79.81,79.72,79.79,1686931.23,47.0
CCMFUT,11/19/2025 13:19:00,79.74,79.78,79.74,79.76,5167020.28,144.0
CCMFUT,11/19/2025 13:18:00,79.71,79.74,79.71,79.72,466365.97,13.0
CCMFUT,11/19/2025 13:17:00,79.7,79.7,79.7,79.7,35865.78,1.0
CCMFUT,11/19/2025 13:16:00,79.69,79.74,79.69,79.71,860955.03,24.0
CCMFUT,11/19/2025 13:14:00,79.67,79.67,79.67,79.67,71701.32,2.0
CCMFUT,11/19/2025 13:13:00,79.67,79.67,79.67,79.67,394357.25,11.0
CCMFUT,11/19/2025 13:12:00,79.66,79.66,79.66,79.66,215073.72,6.0
CCMFUT,11/19/2025 13:11:00,79.66,79.66,79.65,79.65,931895.39,26.0
CCMFUT,11/19/2025 13:10:00,79.66,79.67,79.66,79.67,143387.52,4.0
CCMFUT,11/19/2025 13:08:00,79.65,79.67,79.65,79.66,215083.79,6.0
CCMFUT,11/19/2025 13:07:00,79.66,79.67,79.66,79.66,143392.56,4.0
CCMFUT,11/19/2025 13:06:00,79.66,79.66,79.65,79.65,1111083.17,31.0
CCMFUT,11/19/2025 13:05:00,79.65,79.67,79.6,79.66,1397757.42,39.0
CCMFUT,11/19/2025 13:04:00,79.63,79.65,79.63,79.65,322560.18,9.0
CCMFUT,11/19/2025 13:03:00,79.63,79.63,79.63,79.63,71671.08,2.0
CCMFUT,11/19/2025 13:01:00,79.6,79.61,79.6,79.61,143286.73,4.0
CCMFUT,11/19/2025 13:00:00,79.53,79.59,79.53,79.59,3007524.56,84.0
CCMFUT,11/19/2025 12:59:00,79.57,79.57,79.51,79.51,2576464.99,72.0
CCMFUT,11/19/2025 12:57:00,79.58,79.58,79.58,79.58,35810.34,1.0
CCMFUT,11/19/2025 12:56:00,79.61,79.61,79.59,79.59,322373.72,9.0
CCMFUT,11/19/2025 12:55:00,79.62,79.62,79.61,79.61,286608.73,8.0
CCMFUT,11/19/2025 12:54:00,79.62,79.62,79.62,79.62,71661.0,2.0
CCMFUT,11/19/2025 12:51:00,79.62,79.62,79.59,79.59,680663.61,19.0
CCMFUT,11/19/2025 12:50:00,79.59,79.62,79.58,79.61,1540464.61,43.0
CCMFUT,11/19/2025 12:49:00,79.54,79.62,79.54,79.62,1611389.85,45.0
CCMFUT,11/19/2025 12:48:00,79.56,79.56,79.53,79.53,1396054.08,39.0
CCMFUT,11/19/2025 12:47:00,79.57,79.57,79.51,79.54,3006370.53,84.0
CCMFUT,11/19/2025 12:46:00,79.63,79.63,79.57,79.58,1790774.17,50.0
CCMFUT,11/19/2025 12:38:00,79.62,79.62,79.62,79.62,358305.01,10.0
CCMFUT,11/19/2025 12:36:00,79.62,79.62,79.62,79.62,71661.0,2.0
CCMFUT,11/19/2025 12:34:00,79.62,79.62,79.62,79.62,214983.01,6.0
CCMFUT,11/19/2025 12:30:00,79.62,79.62,79.62,79.62,35830.5,1.0
CCMFUT,11/19/2025 12:29:00,79.65,79.65,79.63,79.63,143352.24,4.0
CCMFUT,11/19/2025 12:28:00,79.67,79.67,79.67,79.67,71701.32,2.0
CCMFUT,11/19/2025 12:21:00,79.62,79.63,79.62,79.63,71666.04,2.0
CCMFUT,11/19/2025 12:20:00,79.62,79.62,79.62,79.62,71661.0,2.0
CCMFUT,11/19/2025 12:19:00,79.62,79.65,79.62,79.65,358370.52,10.0
CCMFUT,11/19/2025 12:13:00,79.62,79.62,79.61,79.61,179142.43,5.0
CCMFUT,11/19/2025 12:09:00,79.62,79.63,79.62,79.63,143337.12,4.0
CCMFUT,11/19/2025 12:08:00,79.62,79.62,79.62,79.62,71661.0,2.0
CCMFUT,11/19/2025 12:07:00,79.61,79.61,79.61,79.61,71650.92,2.0
CCMFUT,11/19/2025 12:06:00,79.61,79.61,79.61,79.61,143301.85,4.0
CCMFUT,11/19/2025 12:03:00,79.59,79.59,79.57,79.58,537104.75,15.0
CCMFUT,11/19/2025 12:02:00,79.58,79.58,79.57,79.57,214841.9,6.0
CCMFUT,11/19/2025 12:01:00,79.59,79.59,79.57,79.58,572990.69,16.0
CCMFUT,11/19/2025 12:00:00,79.63,79.63,79.57,79.58,2399287.95,67.0
CCMFUT,11/19/2025 11:57:00,79.63,79.66,79.63,79.66,71681.16,2.0
CCMFUT,11/19/2025 11:56:00,79.67,79.67,79.61,79.61,215008.2,6.0
CCMFUT,11/19/2025 11:54:00,79.67,79.67,79.62,79.66,716841.83,20.0
CCMFUT,11/19/2025 11:53:00,79.67,79.72,79.67,79.68,1147573.84,32.0
CCMFUT,11/19/2025 11:52:00,79.66,79.68,79.66,79.68,1792548.05,50.0
CCMFUT,11/19/2025 11:51:00,79.67,79.68,79.67,79.68,143417.75,4.0
CCMFUT,11/19/2025 11:50:00,79.6,79.66,79.6,79.65,1038887.99,29.0
CCMFUT,11/19/2025 11:49:00,79.58,79.6,79.57,79.6,5873067.61,164.0
CCMFUT,11/19/2025 11:48:00,79.59,79.59,79.59,79.59,71630.77,2.0
CCMFUT,11/19/2025 11:47:00,79.6,79.6,79.6,79.6,895510.55,25.0
CCMFUT,11/19/2025 11:46:00,79.59,79.6,79.59,79.6,143271.61,4.0
CCMFUT,11/19/2025 11:45:00,79.6,79.6,79.58,79.58,680537.62,19.0
CCMFUT,11/19/2025 11:43:00,79.62,79.62,79.62,79.62,71661.0,2.0
CCMFUT,11/19/2025 11:41:00,79.61,79.61,79.61,79.61,35825.46,1.0
CCMFUT,11/19/2025 11:39:00,79.63,79.63,79.6,79.63,179162.58,5.0
CCMFUT,11/19/2025 11:38:00,79.62,79.62,79.62,79.62,286644.01,8.0
CCMFUT,11/19/2025 11:37:00,79.62,79.62,79.62,79.62,71661.0,2.0
CCMFUT,11/19/2025 11:33:00,79.6,79.6,79.6,79.6,35820.42,1.0
CCMFUT,11/19/2025 11:32:00,79.6,79.6,79.6,79.6,35820.42,1.0
CCMFUT,11/19/2025 11:31:00,79.6,79.6,79.59,79.59,107451.19,3.0
CCMFUT,11/19/2025 11:25:00,79.6,79.6,79.6,79.6,71640.84,2.0
CCMFUT,11/19/2025 11:24:00,79.6,79.6,79.59,79.59,465645.33,13.0
CCMFUT,11/19/2025 11:23:00,79.6,79.6,79.6,79.6,71640.84,2.0
CCMFUT,11/19/2025 11:22:00,79.62,79.62,79.59,79.6,465695.72,13.0
CCMFUT,11/19/2025 11:21:00,79.65,79.65,79.59,79.59,1397112.37,39.0
CCMFUT,11/19/2025 11:20:00,79.66,79.66,79.65,79.65,286759.91,8.0
CCMFUT,11/19/2025 11:19:00,79.67,79.67,79.67,79.67,143402.63,4.0
CCMFUT,11/19/2025 11:18:00,79.67,79.67,79.67,79.67,143402.63,4.0
CCMFUT,11/19/2025 11:09:00,79.67,79.67,79.67,79.67,179253.29,5.0
CCMFUT,11/19/2025 11:07:00,79.63,79.67,79.62,79.66,931870.19,26.0
CCMFUT,11/19/2025 11:02:00,79.62,79.62,79.62,79.62,35830.5,1.0
CCMFUT,11/19/2025 11:01:00,79.61,79.61,79.61,79.61,35825.46,1.0
CCMFUT,11/19/2025 11:00:00,79.62,79.62,79.59,79.59,501506.07,14.0
CCMFUT,11/19/2025 10:59:00,79.63,79.63,79.63,79.63,107506.62,3.0
CCMFUT,11/19/2025 10:58:00,79.66,79.66,79.65,79.65,215058.6,6.0
CCMFUT,11/19/2025 10:57:00,79.63,79.63,79.63,79.63,71671.08,2.0
CCMFUT,11/19/2025 10:49:00,79.6,79.63,79.59,79.63,465670.53,13.0
CCMFUT,11/19/2025 10:48:00,79.63,79.63,79.6,79.6,179157.54,5.0
CCMFUT,11/19/2025 10:43:00,79.63,79.63,79.62,79.63,394160.71,11.0
CCMFUT,11/19/2025 10:42:00,79.65,79.65,79.63,79.63,107516.7,3.0
CCMFUT,11/19/2025 10:39:00,79.63,79.63,79.63,79.63,71671.08,2.0
CCMFUT,11/19/2025 10:37:00,79.62,79.62,79.62,79.62,107491.5,3.0
CCMFUT,11/19/2025 10:34:00,79.59,79.59,79.58,79.58,716232.06,20.0
CCMFUT,11/19/2025 10:33:00,79.63,79.63,79.59,79.59,1074738.65,30.0
CCMFUT,11/19/2025 10:32:00,79.67,79.68,79.62,79.62,430097.04,12.0
CCMFUT,11/19/2025 10:30:00,79.68,79.68,79.66,79.66,322666.01,9.0
CCMFUT,11/19/2025 10:28:00,79.69,79.69,79.69,79.69,179303.69,5.0
CCMFUT,11/19/2025 10:27:00,79.71,79.71,79.68,79.68,430333.89,12.0
CCMFUT,11/19/2025 10:26:00,79.68,79.68,79.68,79.68,35855.7,1.0
CCMFUT,11/19/2025 10:25:00,79.62,79.66,79.62,79.66,967489.04,27.0
CCMFUT,11/19/2025 10:24:00,79.61,79.61,79.58,79.61,966954.86,27.0
CCMFUT,11/19/2025 10:23:00,79.62,79.62,79.62,79.62,35830.5,1.0
CCMFUT,11/19/2025 10:22:00,79.62,79.62,79.6,79.6,250763.11,7.0
CCMFUT,11/19/2025 10:21:00,79.62,79.62,79.59,79.62,1003082.68,28.0
CCMFUT,11/19/2025 10:20:00,79.63,79.63,79.63,79.63,107506.62,3.0
CCMFUT,11/19/2025 10:19:00,79.65,79.66,79.63,79.66,322550.1,9.0
CCMFUT,11/19/2025 10:17:00,79.66,79.66,79.66,79.66,71691.24,2.0
CCMFUT,11/19/2025 10:16:00,79.69,79.69,79.62,79.66,3189952.71,89.0
CCMFUT,11/19/2025 10:15:00,79.69,79.69,79.68,79.68,501994.89,14.0
CCMFUT,11/19/2025 10:14:00,79.7,79.7,79.69,79.7,286895.98,8.0
CCMFUT,11/19/2025 10:12:00,79.7,79.7,79.7,79.7,71731.55,2.0
CCMFUT,11/19/2025 10:11:00,79.7,79.7,79.7,79.7,35865.78,1.0
CCMFUT,11/19/2025 10:10:00,79.7,79.71,79.7,79.71,143478.23,4.0
CCMFUT,11/19/2025 10:09:00,79.69,79.71,79.69,79.71,143453.03,4.0
CCMFUT,11/19/2025 10:08:00,79.71,79.72,79.69,79.7,394578.98,11.0
CCMFUT,11/19/2025 10:07:00,79.76,79.76,79.71,79.71,2511854.18,70.0
CCMFUT,11/19/2025 10:06:00,79.76,79.77,79.76,79.76,502519.0,14.0
CCMFUT,11/19/2025 10:05:00,79.76,79.76,79.75,79.75,717799.33,20.0
CCMFUT,11/19/2025 10:04:00,79.77,79.77,79.76,79.77,646067.77,18.0
CCMFUT,11/19/2025 10:03:00,79.76,79.77,79.76,79.77,1220328.4,34.0
CCMFUT,11/19/2025 10:02:00,79.75,79.76,79.72,79.76,2117315.51,59.0
CCMFUT,11/19/2025 10:01:00,79.74,79.77,79.72,79.76,1363756.24,38.0
CCMFUT,11/19/2025 10:00:00,79.75,79.75,79.71,79.74,502332.54,14.0
CCMFUT,11/19/2025 09:59:00,79.76,79.77,79.71,79.76,1363544.58,38.0
CCMFUT,11/19/2025 09:58:00,79.74,79.75,79.72,79.75,681792.45,19.0
CCMFUT,11/19/2025 09:57:00,79.71,79.71,79.71,79.71,35870.82,1.0
CCMFUT,11/19/2025 09:56:00,79.71,79.71,79.7,79.7,107607.41,3.0
CCMFUT,11/19/2025 09:55:00,79.72,79.72,79.71,79.71,71746.67,2.0
CCMFUT,11/19/2025 09:54:00,79.74,79.74,79.71,79.71,322872.62,9.0
CCMFUT,11/19/2025 09:53:00,79.74,79.74,79.74,79.74,71761.79,2.0
CCMFUT,11/19/2025 09:52:00,79.72,79.72,79.72,79.72,143503.42,4.0
CCMFUT,11/19/2025 09:51:00,79.71,79.74,79.71,79.72,789248.67,22.0
CCMFUT,11/19/2025 09:50:00,79.68,79.69,79.68,79.69,358587.22,10.0
CCMFUT,11/19/2025 09:49:00,79.68,79.68,79.67,79.67,143412.71,4.0
CCMFUT,11/19/2025 09:47:00,79.66,79.67,79.66,79.67,71696.28,2.0
CCMFUT,11/19/2025 09:45:00,79.67,79.67,79.62,79.62,430066.8,12.0
CCMFUT,11/19/2025 09:44:00,79.65,79.65,79.65,79.65,71681.16,2.0
CCMFUT,11/19/2025 09:43:00,79.69,79.69,79.66,79.66,466108.96,13.0
CCMFUT,11/19/2025 09:40:00,79.71,79.71,79.69,79.69,71731.55,2.0
CCMFUT,11/19/2025 09:39:00,79.71,79.71,79.7,79.7,466305.5,13.0
CCMFUT,11/19/2025 09:38:00,79.71,79.71,79.71,79.71,71741.63,2.0
CCMFUT,11/19/2025 09:37:00,79.74,79.74,79.71,79.71,215255.14,6.0
CCMFUT,11/19/2025 09:36:00,79.71,79.72,79.71,79.72,71746.67,2.0
CCMFUT,11/19/2025 09:35:00,79.68,79.71,79.68,79.71,1075711.26,30.0
CCMFUT,11/19/2025 09:34:00,79.69,79.69,79.67,79.67,717139.16,20.0
CCMFUT,11/19/2025 09:33:00,79.72,79.72,79.69,79.7,753100.69,21.0
CCMFUT,11/19/2025 09:32:00,79.71,79.71,79.71,79.71,71741.63,2.0
CCMFUT,11/19/2025 09:30:00,79.76,79.76,79.74,79.74,143543.74,4.0
CCMFUT,11/19/2025 09:29:00,79.78,79.78,79.78,79.78,143604.21,4.0
CCMFUT,11/19/2025 09:27:00,79.8,79.8,79.77,79.78,287248.74,8.0
CCMFUT,11/19/2025 09:24:00,79.74,79.79,79.74,79.79,466476.84,13.0
CCMFUT,11/19/2025 09:23:00,79.75,79.75,79.74,79.74,717633.03,20.0
CCMFUT,11/19/2025 09:22:00,79.77,79.77,79.77,79.77,35896.01,1.0
CCMFUT,11/19/2025 09:20:00,79.75,79.75,79.75,79.75,71771.87,2.0
CCMFUT,11/19/2025 09:19:00,79.77,79.78,79.74,79.78,825452.09,23.0
CCMFUT,11/19/2025 09:18:00,79.79,79.8,79.77,79.77,718016.03,20.0
CCMFUT,11/19/2025 09:16:00,79.8,79.8,79.78,79.78,215421.44,6.0
CCMFUT,11/19/2025 09:14:00,79.8,79.8,79.79,79.79,179550.62,5.0
CCMFUT,11/19/2025 09:13:00,79.78,79.79,79.78,79.79,107708.2,3.0
CCMFUT,11/19/2025 09:12:00,79.79,79.79,79.77,79.79,1005189.18,28.0
CCMFUT,11/19/2025 09:11:00,79.8,79.8,79.79,79.79,287258.82,8.0
CCMFUT,11/19/2025 09:09:00,79.85,79.85,79.85,79.85,431175.48,12.0
CCMFUT,11/19/2025 09:08:00,79.85,79.85,79.85,79.85,35931.29,1.0
CCMFUT,11/19/2025 09:07:00,79.81,79.81,79.81,79.81,35916.17,1.0
CCMFUT,11/19/2025 09:06:00,79.86,79.86,79.79,79.79,862411.43,24.0
CCMFUT,11/19/2025 09:05:00,79.86,79.86,79.86,79.86,1078089.88,30.0
CCMFUT,11/19/2025 09:03:00,79.89,79.89,79.88,79.88,143795.71,4.0
CCMFUT,11/19/2025 09:02:00,79.9,79.94,79.87,79.87,503325.31,14.0
CCMFUT,11/19/2025 09:01:00,79.96,80.05,79.86,79.93,1294403.3,36.0
CCMFUT,11/19/2025 09:00:00,79.82,80.05,79.82,79.97,611673.52,17.0
CCMFUT,11/18/2025 17:05:00,79.86,80.07,79.65,80.07,7162839.66,199.0
CCMFUT,11/18/2025 16:19:00,79.8,79.85,79.8,79.85,4669349.24,130.0
CCMFUT,11/18/2025 16:18:00,79.77,79.79,79.76,79.79,1795279.44,50.0
CCMFUT,11/18/2025 16:17:00,79.77,79.77,79.75,79.75,825537.76,23.0
CCMFUT,11/18/2025 16:16:00,79.82,79.84,79.74,79.77,4235880.81,118.0
CCMFUT,11/18/2025 16:15:00,79.84,79.85,79.81,79.84,862240.09,24.0
CCMFUT,11/18/2025 16:14:00,79.86,79.86,79.85,79.85,1077999.17,30.0
CCMFUT,11/18/2025 16:13:00,79.9,79.9,79.86,79.86,1078462.8,30.0
CCMFUT,11/18/2025 16:12:00,79.91,79.91,79.89,79.89,251695.41,7.0
CCMFUT,11/18/2025 16:11:00,79.87,79.87,79.87,79.87,71882.74,2.0
CCMFUT,11/18/2025 16:10:00,79.93,79.94,79.87,79.87,503410.98,14.0
CCMFUT,11/18/2025 16:09:00,79.91,79.91,79.9,79.9,179792.51,5.0
CCMFUT,11/18/2025 16:08:00,79.85,79.95,79.85,79.91,1007109.21,28.0
CCMFUT,11/18/2025 16:07:00,79.88,79.88,79.85,79.85,754728.43,21.0
CCMFUT,11/18/2025 16:06:00,79.87,79.88,79.87,79.88,71887.78,2.0
CCMFUT,11/18/2025 16:05:00,79.96,79.96,79.85,79.89,1653771.64,46.0
CCMFUT,11/18/2025 16:04:00,79.96,79.96,79.96,79.96,35981.68,1.0
CCMFUT,11/18/2025 16:03:00,79.96,79.96,79.96,79.96,107945.05,3.0
CCMFUT,11/18/2025 16:02:00,79.96,80.02,79.96,79.96,215945.54,6.0
CCMFUT,11/18/2025 16:01:00,79.89,79.97,79.89,79.97,1618167.91,45.0
CCMFUT,11/18/2025 16:00:00,79.88,79.88,79.86,79.86,251594.62,7.0
CCMFUT,11/18/2025 15:55:00,79.9,79.9,79.89,79.89,215723.8,6.0
CCMFUT,11/18/2025 15:54:00,79.93,79.93,79.93,79.93,143866.26,4.0
CCMFUT,11/18/2025 15:53:00,79.94,79.94,79.91,79.91,107894.66,3.0
CCMFUT,11/18/2025 15:52:00,79.85,79.94,79.85,79.94,1078659.34,30.0
CCMFUT,11/18/2025 15:51:00,79.87,79.89,79.81,79.81,359343.14,10.0
CCMFUT,11/18/2025 15:50:00,79.94,79.95,79.88,79.88,719296.05,20.0
CCMFUT,11/18/2025 15:48:00,79.96,79.96,79.96,79.96,71963.37,2.0
CCMFUT,11/18/2025 15:47:00,79.96,79.96,79.96,79.96,107945.05,3.0
CCMFUT,11/18/2025 15:45:00,79.99,79.99,79.96,79.99,755776.64,21.0
CCMFUT,11/18/2025 15:40:00,80.02,80.02,79.99,79.99,216016.09,6.0
CCMFUT,11/18/2025 15:38:00,80.03,80.03,80.02,80.02,432097.7,12.0
CCMFUT,11/18/2025 15:35:00,80.07,80.07,80.04,80.05,288181.04,8.0
CCMFUT,11/18/2025 15:28:00,80.1,80.1,80.1,80.1,72094.39,2.0
CCMFUT,11/18/2025 15:25:00,80.14,80.14,80.12,80.12,108176.87,3.0
CCMFUT,11/18/2025 15:24:00,80.1,80.15,80.1,80.12,396625.0,11.0
CCMFUT,11/18/2025 15:23:00,80.07,80.08,80.07,80.08,216207.59,6.0
CCMFUT,11/18/2025 15:20:00,80.06,80.06,80.06,80.06,108081.12,3.0
CCMFUT,11/18/2025 15:18:00,80.06,80.06,80.06,80.06,36027.04,1.0
CCMFUT,11/18/2025 15:17:00,80.05,80.05,80.05,80.05,72044.0,2.0
CCMFUT,11/18/2025 15:16:00,80.07,80.07,80.03,80.03,180079.76,5.0
CCMFUT,11/18/2025 15:15:00,80.1,80.1,80.08,80.08,504580.13,14.0
CCMFUT,11/18/2025 15:14:00,80.12,80.12,80.12,80.12,72104.47,2.0
CCMFUT,11/18/2025 15:12:00,80.07,80.07,80.07,80.07,36032.08,1.0
CCMFUT,11/18/2025 15:11:00,80.13,80.13,80.13,80.13,72114.55,2.0
CCMFUT,11/18/2025 15:09:00,80.15,80.15,80.15,80.15,36067.36,1.0
CCMFUT,11/18/2025 15:08:00,80.18,80.18,80.15,80.15,216434.37,6.0
CCMFUT,11/18/2025 15:07:00,80.18,80.19,80.17,80.18,469072.16,13.0
CCMFUT,11/18/2025 15:06:00,80.18,80.18,80.17,80.17,252572.28,7.0
CCMFUT,11/18/2025 15:05:00,80.18,80.18,80.18,80.18,144329.89,4.0
CCMFUT,11/18/2025 15:00:00,80.18,80.19,80.17,80.19,252567.24,7.0
CCMFUT,11/18/2025 14:59:00,80.19,80.19,80.19,80.19,108262.54,3.0
CCMFUT,11/18/2025 14:58:00,80.19,80.19,80.19,80.19,36087.51,1.0
CCMFUT,11/18/2025 14:57:00,80.22,80.22,80.22,80.22,72195.18,2.0
CCMFUT,11/18/2025 14:53:00,80.22,80.22,80.22,80.22,288780.73,8.0
CCMFUT,11/18/2025 14:49:00,80.18,80.18,80.18,80.18,360824.74,10.0
CCMFUT,11/18/2025 14:48:00,80.19,80.19,80.18,80.18,108257.5,3.0
CCMFUT,11/18/2025 14:46:00,80.21,80.21,80.21,80.21,144370.21,4.0
CCMFUT,11/18/2025 14:45:00,80.22,80.22,80.22,80.22,36097.59,1.0
CCMFUT,11/18/2025 14:43:00,80.23,80.23,80.23,80.23,144410.53,4.0
CCMFUT,11/18/2025 14:42:00,80.23,80.24,80.23,80.24,288826.09,8.0
CCMFUT,11/18/2025 14:39:00,80.22,80.23,80.22,80.23,433176.14,12.0
CCMFUT,11/18/2025 14:36:00,80.21,80.21,80.21,80.21,108277.66,3.0
CCMFUT,11/18/2025 14:32:00,80.19,80.24,80.18,80.22,974478.76,27.0
CCMFUT,11/18/2025 14:31:00,80.18,80.18,80.18,80.18,216494.84,6.0
CCMFUT,11/18/2025 14:29:00,80.18,80.18,80.18,80.18,216494.84,6.0
CCMFUT,11/18/2025 14:27:00,80.16,80.16,80.16,80.16,108217.18,3.0
CCMFUT,11/18/2025 14:26:00,80.18,80.18,80.18,80.18,108247.42,3.0
CCMFUT,11/18/2025 14:25:00,80.18,80.18,80.18,80.18,252577.31,7.0
CCMFUT,11/18/2025 14:24:00,80.17,80.17,80.17,80.17,180387.17,5.0
CCMFUT,11/18/2025 14:23:00,80.15,80.15,80.15,80.15,36067.36,1.0
CCMFUT,11/18/2025 14:22:00,80.14,80.14,80.13,80.13,180306.54,5.0
CCMFUT,11/18/2025 14:21:00,80.17,80.17,80.15,80.15,288574.12,8.0
CCMFUT,11/18/2025 14:17:00,80.18,80.18,80.18,80.18,108247.42,3.0
CCMFUT,11/18/2025 14:16:00,80.18,80.23,80.18,80.19,396957.6,11.0
CCMFUT,11/18/2025 14:12:00,80.17,80.18,80.17,80.18,180402.29,5.0
CCMFUT,11/18/2025 14:10:00,80.14,80.16,80.13,80.16,504942.97,14.0
CCMFUT,11/18/2025 14:08:00,80.14,80.14,80.14,80.14,36062.32,1.0
CCMFUT,11/18/2025 14:05:00,80.16,80.16,80.16,80.16,36072.39,1.0
CCMFUT,11/18/2025 14:04:00,80.18,80.18,80.15,80.15,288604.35,8.0
CCMFUT,11/18/2025 14:03:00,80.19,80.21,80.19,80.21,324827.93,9.0
CCMFUT,11/18/2025 14:01:00,80.19,80.21,80.19,80.19,360905.37,10.0
CCMFUT,11/18/2025 14:00:00,80.24,80.25,80.21,80.21,722113.1,20.0
CCMFUT,11/18/2025 13:59:00,80.18,80.26,80.18,80.24,1913338.67,53.0
CCMFUT,11/18/2025 13:57:00,80.15,80.16,80.15,80.15,144279.5,4.0
CCMFUT,11/18/2025 13:56:00,80.14,80.14,80.14,80.14,72124.63,2.0
CCMFUT,11/18/2025 13:55:00,80.18,80.18,80.14,80.14,144269.42,4.0
CCMFUT,11/18/2025 13:54:00,80.15,80.18,80.15,80.18,252526.92,7.0
CCMFUT,11/18/2025 13:53:00,80.19,80.19,80.09,80.12,721342.06,20.0
CCMFUT,11/18/2025 13:52:00,80.09,80.3,80.09,80.22,5881372.63,163.0
CCMFUT,11/18/2025 13:51:00,80.09,80.09,80.09,80.09,540632.37,15.0
CCMFUT,11/18/2025 13:50:00,80.09,80.09,80.09,80.09,288337.26,8.0
CCMFUT,11/18/2025 13:49:00,80.04,80.09,80.04,80.09,1801835.76,50.0
CCMFUT,11/18/2025 13:48:00,80.03,80.05,80.03,80.05,504262.65,14.0
CCMFUT,11/18/2025 13:47:00,80.02,80.04,80.02,80.03,360109.13,10.0
CCMFUT,11/18/2025 13:45:00,79.98,79.98,79.98,79.98,179958.82,5.0
CCMFUT,11/18/2025 13:42:00,79.97,79.97,79.97,79.97,287893.79,8.0
CCMFUT,11/18/2025 13:41:00,80.0,80.0,79.98,79.98,107990.41,3.0
CCMFUT,11/18/2025 13:40:00,80.0,80.02,79.99,80.0,540027.63,15.0
CCMFUT,11/18/2025 13:39:00,79.94,79.97,79.94,79.97,1367268.73,38.0
CCMFUT,11/18/2025 13:38:00,79.89,79.93,79.89,79.93,863137.11,24.0
CCMFUT,11/18/2025 13:37:00,79.84,79.88,79.84,79.88,323462.24,9.0
CCMFUT,11/18/2025 13:35:00,79.84,79.84,79.8,79.8,287359.61,8.0
CCMFUT,11/18/2025 13:34:00,79.84,79.84,79.84,79.84,107778.75,3.0
CCMFUT,11/18/2025 13:33:00,79.85,79.85,79.85,79.85,71862.58,2.0
CCMFUT,11/18/2025 13:26:00,79.88,79.88,79.82,79.82,682729.79,19.0
CCMFUT,11/18/2025 13:25:00,79.91,79.91,79.89,79.89,179797.55,5.0
CCMFUT,11/18/2025 13:23:00,79.94,79.94,79.94,79.94,35971.61,1.0
CCMFUT,11/18/2025 13:07:00,79.93,79.93,79.93,79.93,35966.57,1.0
CCMFUT,11/18/2025 13:06:00,79.9,79.9,79.9,79.9,71912.97,2.0
CCMFUT,11/18/2025 13:05:00,79.94,79.94,79.91,79.91,467585.52,13.0
CCMFUT,11/18/2025 13:03:00,79.95,79.96,79.94,79.96,251836.52,7.0
CCMFUT,11/18/2025 12:55:00,79.91,79.91,79.91,79.91,35961.53,1.0
CCMFUT,11/18/2025 12:53:00,79.9,79.9,79.87,79.87,215683.49,6.0
CCMFUT,11/18/2025 12:51:00,79.91,79.91,79.91,79.91,35961.53,1.0
CCMFUT,11/18/2025 12:50:00,79.9,79.9,79.9,79.9,71912.97,2.0
CCMFUT,11/18/2025 12:48:00,79.91,79.91,79.89,79.89,107874.5,3.0
CCMFUT,11/18/2025 12:47:00,79.93,79.94,79.91,79.91,431583.68,12.0
CCMFUT,11/18/2025 12:46:00,79.93,79.93,79.93,79.93,71933.13,2.0
CCMFUT,11/18/2025 12:45:00,79.91,79.91,79.91,79.91,35961.53,1.0
CCMFUT,11/18/2025 12:43:00,79.9,79.9,79.9,79.9,35956.49,1.0
CCMFUT,11/18/2025 12:37:00,79.9,79.9,79.89,79.89,287636.78,8.0
CCMFUT,11/18/2025 12:35:00,79.91,79.91,79.91,79.91,35961.53,1.0
CCMFUT,11/18/2025 12:34:00,79.89,79.89,79.89,79.89,35951.45,1.0
CCMFUT,11/18/2025 12:29:00,79.91,79.93,79.88,79.88,359564.87,10.0
CCMFUT,11/18/2025 12:28:00,79.91,79.91,79.91,79.91,35961.53,1.0
CCMFUT,11/18/2025 12:27:00,79.91,79.91,79.91,79.91,71923.05,2.0
CCMFUT,11/18/2025 12:24:00,79.91,79.91,79.9,79.9,143841.07,4.0
CCMFUT,11/18/2025 12:23:00,79.91,79.91,79.91,79.91,35961.53,1.0
CCMFUT,11/18/2025 12:22:00,79.93,79.93,79.91,79.91,179817.71,5.0
CCMFUT,11/18/2025 12:21:00,79.94,79.94,79.94,79.94,71943.21,2.0
CCMFUT,11/18/2025 12:17:00,79.91,79.91,79.91,79.91,35961.53,1.0
CCMFUT,11/18/2025 12:16:00,79.94,79.94,79.94,79.94,35971.61,1.0
CCMFUT,11/18/2025 12:15:00,79.94,79.94,79.93,79.93,107909.78,3.0
CCMFUT,11/18/2025 12:14:00,79.96,79.96,79.95,79.95,251851.63,7.0
CCMFUT,11/18/2025 12:13:00,79.95,79.95,79.93,79.95,2986006.1,83.0
CCMFUT,11/18/2025 12:12:00,79.95,79.95,79.95,79.95,107929.94,3.0
CCMFUT,11/18/2025 12:11:00,79.95,79.95,79.95,79.95,35976.65,1.0
CCMFUT,11/18/2025 12:10:00,79.96,79.96,79.95,79.96,179903.38,5.0
CCMFUT,11/18/2025 12:09:00,79.96,79.96,79.96,79.96,71963.37,2.0
CCMFUT,11/18/2025 12:08:00,79.96,79.96,79.96,79.96,35981.68,1.0
CCMFUT,11/18/2025 12:06:00,79.95,79.95,79.95,79.95,35976.65,1.0
CCMFUT,11/18/2025 12:04:00,79.94,79.94,79.94,79.94,35971.61,1.0
CCMFUT,11/18/2025 12:03:00,79.96,79.96,79.94,79.95,287828.28,8.0
CCMFUT,11/18/2025 12:02:00,79.95,79.95,79.94,79.95,215854.83,6.0
CCMFUT,11/18/2025 12:01:00,79.95,79.95,79.95,79.95,35976.65,1.0
CCMFUT,11/18/2025 12:00:00,79.98,80.0,79.95,79.95,827775.28,23.0
CCMFUT,11/18/2025 11:59:00,79.96,79.97,79.96,79.96,215900.19,6.0
CCMFUT,11/18/2025 11:54:00,79.93,79.93,79.93,79.93,71933.13,2.0
CCMFUT,11/18/2025 11:53:00,79.96,79.96,79.96,79.96,35981.68,1.0
CCMFUT,11/18/2025 11:52:00,79.97,79.97,79.94,79.94,719684.08,20.0
CCMFUT,11/18/2025 11:50:00,79.96,79.97,79.96,79.97,71968.41,2.0
CCMFUT,11/18/2025 11:49:00,79.94,79.95,79.94,79.94,179863.07,5.0
CCMFUT,11/18/2025 11:48:00,79.93,79.93,79.93,79.93,107899.7,3.0
CCMFUT,11/18/2025 11:47:00,79.94,79.94,79.94,79.94,71943.21,2.0
CCMFUT,11/18/2025 11:46:00,79.96,79.96,79.95,79.95,359791.65,10.0
CCMFUT,11/18/2025 11:45:00,79.96,79.96,79.96,79.96,143926.74,4.0
CCMFUT,11/18/2025 11:44:00,79.97,79.97,79.97,79.97,107960.17,3.0
CCMFUT,11/18/2025 11:43:00,79.96,79.96,79.96,79.96,35981.68,1.0
CCMFUT,11/18/2025 11:42:00,79.94,79.94,79.94,79.94,107914.82,3.0
CCMFUT,11/18/2025 11:41:00,79.93,79.95,79.93,79.95,107909.78,3.0
CCMFUT,11/18/2025 11:39:00,79.93,79.93,79.91,79.91,143851.15,4.0
CCMFUT,11/18/2025 11:37:00,79.94,79.94,79.93,79.93,251786.12,7.0
CCMFUT,11/18/2025 11:36:00,79.96,79.96,79.94,79.94,179883.23,5.0
CCMFUT,11/18/2025 11:35:00,79.9,79.95,79.9,79.95,2876624.81,80.0
CCMFUT,11/18/2025 11:34:00,79.88,79.88,79.88,79.88,71892.82,2.0
CCMFUT,11/18/2025 11:32:00,79.9,79.9,79.88,79.88,467373.86,13.0
CCMFUT,11/18/2025 11:31:00,79.89,79.9,79.89,79.9,611240.12,17.0
CCMFUT,11/18/2025 11:30:00,79.88,79.88,79.88,79.88,71892.82,2.0
CCMFUT,11/18/2025 11:26:00,79.88,79.88,79.88,79.88,35946.41,1.0
CCMFUT,11/18/2025 11:23:00,79.87,79.87,79.87,79.87,35941.37,1.0
CCMFUT,11/18/2025 11:22:00,79.86,79.86,79.86,79.86,35936.33,1.0
CCMFUT,11/18/2025 11:21:00,79.85,79.85,79.85,79.85,287450.32,8.0
CCMFUT,11/18/2025 11:20:00,79.86,79.86,79.85,79.85,251549.27,7.0
CCMFUT,11/18/2025 11:18:00,79.87,79.87,79.87,79.87,35941.37,1.0
CCMFUT,11/18/2025 11:16:00,79.86,79.86,79.85,79.85,107803.95,3.0
CCMFUT,11/18/2025 11:13:00,79.84,79.85,79.84,79.85,215572.62,6.0
CCMFUT,11/18/2025 11:08:00,79.82,79.82,79.82,79.82,71842.42,2.0
CCMFUT,11/18/2025 11:05:00,79.86,79.86,79.82,79.82,323306.02,9.0
CCMFUT,11/18/2025 10:55:00,79.82,79.82,79.8,79.8,143674.77,4.0
CCMFUT,11/18/2025 10:51:00,79.77,79.78,79.77,79.78,179485.11,5.0
CCMFUT,11/18/2025 10:49:00,79.77,79.77,79.75,79.75,502478.68,14.0
CCMFUT,11/18/2025 10:46:00,79.78,79.78,79.77,79.78,215391.2,6.0
CCMFUT,11/18/2025 10:45:00,79.78,79.78,79.77,79.78,574396.69,16.0
CCMFUT,11/18/2025 10:44:00,79.74,79.74,79.74,79.74,35880.9,1.0
CCMFUT,11/18/2025 10:41:00,79.74,79.74,79.72,79.72,358763.6,10.0
CCMFUT,11/18/2025 10:40:00,79.75,79.75,79.72,79.74,753518.96,21.0
CCMFUT,11/18/2025 10:39:00,79.76,79.76,79.76,79.76,71781.95,2.0
CCMFUT,11/18/2025 10:37:00,79.78,79.78,79.77,79.77,323084.28,9.0
CCMFUT,11/18/2025 10:36:00,79.79,79.79,79.79,79.79,107718.28,3.0
CCMFUT,11/18/2025 10:35:00,79.82,79.82,79.82,79.82,35921.21,1.0
CCMFUT,11/18/2025 10:34:00,79.77,79.77,79.77,79.77,35896.01,1.0
CCMFUT,11/18/2025 10:30:00,79.8,79.8,79.75,79.75,287198.35,8.0
CCMFUT,11/18/2025 10:28:00,79.8,79.8,79.79,79.79,215446.64,6.0
CCMFUT,11/18/2025 10:27:00,79.82,79.82,79.82,79.82,35921.21,1.0
CCMFUT,11/18/2025 10:26:00,79.8,79.81,79.8,79.81,359146.6,10.0
CCMFUT,11/18/2025 10:25:00,79.78,79.78,79.78,79.78,71802.11,2.0
CCMFUT,11/18/2025 10:22:00,79.81,79.81,79.81,79.81,35916.17,1.0
CCMFUT,11/18/2025 10:21:00,79.79,79.8,79.77,79.8,143614.29,4.0
CCMFUT,11/18/2025 10:20:00,79.81,79.81,79.78,79.8,754073.3,21.0
CCMFUT,11/18/2025 10:19:00,79.86,79.86,79.82,79.84,574830.09,16.0
CCMFUT,11/18/2025 10:16:00,79.87,79.87,79.87,79.87,71882.74,2.0
CCMFUT,11/18/2025 10:15:00,79.87,79.87,79.86,79.86,287495.67,8.0
CCMFUT,11/18/2025 10:14:00,79.9,79.9,79.86,79.86,862864.98,24.0
CCMFUT,11/18/2025 10:13:00,79.9,79.91,79.9,79.91,71918.01,2.0
CCMFUT,11/18/2025 10:11:00,79.91,79.91,79.91,79.91,71923.05,2.0
CCMFUT,11/18/2025 10:08:00,79.94,79.95,79.91,79.91,215809.48,6.0
CCMFUT,11/18/2025 10:07:00,79.94,79.95,79.94,79.94,143896.5,4.0
CCMFUT,11/18/2025 10:06:00,79.93,79.93,79.93,79.93,71933.13,2.0
CCMFUT,11/18/2025 10:05:00,79.94,79.96,79.93,79.93,287818.2,8.0
CCMFUT,11/18/2025 10:04:00,79.9,79.9,79.9,79.9,35956.49,1.0
CCMFUT,11/18/2025 10:03:00,79.91,79.91,79.88,79.88,215723.8,6.0
CCMFUT,11/18/2025 09:59:00,79.93,79.98,79.93,79.93,899456.44,25.0
CCMFUT,11/18/2025 09:56:00,79.91,79.91,79.91,79.91,35961.53,1.0
CCMFUT,11/18/2025 09:55:00,79.89,79.89,79.88,79.88,71897.86,2.0
CCMFUT,11/18/2025 09:54:00,79.89,79.89,79.89,79.89,35951.45,1.0
CCMFUT,11/18/2025 09:53:00,79.87,79.87,79.86,79.86,215628.06,6.0
CCMFUT,11/18/2025 09:52:00,79.89,79.89,79.89,79.89,107854.34,3.0
CCMFUT,11/18/2025 09:50:00,79.9,79.9,79.9,79.9,71912.97,2.0
CCMFUT,11/18/2025 09:47:00,79.99,79.99,79.86,79.91,3166257.21,88.0
CCMFUT,11/18/2025 09:46:00,80.03,80.03,79.99,80.0,324016.58,9.0
CCMFUT,11/18/2025 09:45:00,80.04,80.06,80.04,80.04,396221.84,11.0
CCMFUT,11/18/2025 09:44:00,80.0,80.05,80.0,80.04,360119.21,10.0
CCMFUT,11/18/2025 09:43:00,80.04,80.04,79.99,80.0,1296212.47,36.0
CCMFUT,11/18/2025 09:42:00,80.03,80.04,79.99,80.03,1368211.11,38.0
CCMFUT,11/18/2025 09:41:00,80.08,80.08,80.04,80.04,396292.4,11.0
CCMFUT,11/18/2025 09:40:00,80.09,80.09,80.09,80.09,36042.16,1.0
CCMFUT,11/18/2025 09:39:00,80.08,80.09,80.08,80.08,108116.39,3.0
CCMFUT,11/18/2025 09:35:00,80.1,80.1,80.1,80.1,36047.2,1.0
CCMFUT,11/18/2025 09:34:00,80.08,80.08,80.08,80.08,72074.24,2.0
CCMFUT,11/18/2025 09:33:00,80.09,80.09,80.06,80.06,108106.32,3.0
CCMFUT,11/18/2025 09:32:00,80.12,80.13,80.1,80.1,1694495.44,47.0
CCMFUT,11/18/2025 09:31:00,79.99,80.1,79.99,80.1,4142585.44,115.0
CCMFUT,11/18/2025 09:30:00,79.97,79.99,79.97,79.99,611885.17,17.0
CCMFUT,11/18/2025 09:28:00,79.96,79.96,79.96,79.96,71963.37,2.0
CCMFUT,11/18/2025 09:27:00,79.98,79.98,79.97,79.97,71978.49,2.0
CCMFUT,11/18/2025 09:26:00,80.02,80.02,80.0,80.0,1188201.9,33.0
CCMFUT,11/18/2025 09:24:00,79.97,79.97,79.97,79.97,71973.45,2.0
CCMFUT,11/18/2025 09:23:00,79.99,79.99,79.97,79.97,143956.97,4.0
CCMFUT,11/18/2025 09:20:00,80.0,80.0,79.94,79.98,611688.64,17.0
CCMFUT,11/18/2025 09:19:00,80.0,80.0,80.0,80.0,72003.68,2.0
CCMFUT,11/18/2025 09:18:00,79.97,80.0,79.97,79.99,287949.23,8.0
CCMFUT,11/18/2025 09:12:00,79.94,79.96,79.94,79.96,107934.97,3.0
CCMFUT,11/18/2025 09:11:00,79.97,79.98,79.91,79.94,827508.19,23.0
CCMFUT,11/18/2025 09:10:00,79.97,79.97,79.96,79.97,683682.24,19.0
CCMFUT,11/18/2025 09:09:00,79.94,79.98,79.94,79.98,143906.58,4.0
CCMFUT,11/18/2025 09:08:00,79.96,79.96,79.96,79.96,71963.37,2.0
CCMFUT,11/18/2025 09:05:00,79.98,80.02,79.98,80.02,71998.65,2.0
CCMFUT,11/18/2025 09:04:00,80.02,80.02,79.98,79.98,863933.35,24.0
CCMFUT,11/18/2025 09:03:00,80.04,80.04,80.03,80.03,144052.72,4.0
CCMFUT,11/18/2025 09:02:00,80.09,80.09,80.09,80.09,36042.16,1.0
CCMFUT,11/18/2025 09:01:00,80.06,80.06,80.03,80.03,144077.92,4.0
CCMFUT,11/18/2025 09:00:00,80.03,80.18,80.02,80.18,648602.62,18.0
CCMFUT,11/17/2025 17:05:00,80.05,80.16,80.02,80.02,3638307.68,101.0
CCMFUT,11/17/2025 16:19:00,80.04,80.06,80.04,80.04,2881487.88,80.0
CCMFUT,11/17/2025 16:18:00,80.04,80.06,80.03,80.06,1801069.77,50.0
CCMFUT,11/17/2025 16:17:00,80.03,80.07,80.02,80.06,3602497.34,100.0
CCMFUT,11/17/2025 16:16:00,80.05,80.06,80.02,80.04,972407.54,27.0
CCMFUT,11/17/2025 16:15:00,80.02,80.05,80.02,80.05,3097458.61,86.0
CCMFUT,11/17/2025 16:14:00,79.97,80.05,79.96,80.05,3672550.75,102.0
CCMFUT,11/17/2025 16:13:00,80.06,80.06,79.96,79.96,1691885.01,47.0
CCMFUT,11/17/2025 16:12:00,80.06,80.06,80.05,80.05,864628.79,24.0
CCMFUT,11/17/2025 16:11:00,80.02,80.07,80.02,80.05,3782703.09,105.0
CCMFUT,11/17/2025 16:10:00,79.96,80.04,79.96,80.04,2843364.42,79.0
CCMFUT,11/17/2025 16:09:00,79.95,79.99,79.95,79.96,2123035.29,59.0
CCMFUT,11/17/2025 16:08:00,79.89,79.97,79.89,79.96,1870699.87,52.0
CCMFUT,11/17/2025 16:06:00,79.86,79.87,79.82,79.82,1221613.46,34.0
CCMFUT,11/17/2025 16:05:00,79.86,79.86,79.82,79.85,682689.47,19.0
CCMFUT,11/17/2025 16:04:00,79.84,79.84,79.82,79.84,323326.18,9.0
CCMFUT,11/17/2025 16:03:00,79.86,79.87,79.85,79.87,574925.84,16.0
CCMFUT,11/17/2025 16:02:00,79.85,79.87,79.82,79.84,323371.53,9.0
CCMFUT,11/17/2025 16:01:00,79.85,79.85,79.84,79.84,143720.12,4.0
CCMFUT,11/17/2025 16:00:00,79.85,79.9,79.84,79.85,1940471.08,54.0
CCMFUT,11/17/2025 15:59:00,79.84,79.85,79.82,79.85,718590.52,20.0
CCMFUT,11/17/2025 15:58:00,79.79,79.84,79.79,79.84,359222.19,10.0
CCMFUT,11/17/2025 15:57:00,79.8,79.8,79.79,79.79,71817.22,2.0
CCMFUT,11/17/2025 15:56:00,79.82,79.82,79.8,79.8,71832.34,2.0
CCMFUT,11/17/2025 15:55:00,79.84,79.85,79.84,79.84,179641.33,5.0
CCMFUT,11/17/2025 15:53:00,79.86,79.86,79.85,79.85,395249.23,11.0
CCMFUT,11/17/2025 15:52:00,79.86,79.89,79.86,79.86,323492.48,9.0
CCMFUT,11/17/2025 15:51:00,79.86,79.86,79.86,79.86,143745.32,4.0
CCMFUT,11/17/2025 15:50:00,79.86,79.86,79.85,79.85,71867.62,2.0
CCMFUT,11/17/2025 15:49:00,79.85,79.87,79.85,79.87,431195.64,12.0
CCMFUT,11/17/2025 15:48:00,79.85,79.89,79.84,79.84,898398.16,25.0
CCMFUT,11/17/2025 15:47:00,79.84,79.87,79.84,79.85,503017.9,14.0
CCMFUT,11/17/2025 15:46:00,79.84,79.84,79.84,79.84,71852.5,2.0
CCMFUT,11/17/2025 15:45:00,79.84,79.84,79.84,79.84,179631.25,5.0
CCMFUT,11/17/2025 15:39:00,79.82,79.82,79.82,79.82,35921.21,1.0
CCMFUT,11/17/2025 15:38:00,79.81,79.81,79.81,79.81,35916.17,1.0
CCMFUT,11/17/2025 15:37:00,79.84,79.84,79.82,79.82,251478.71,7.0
CCMFUT,11/17/2025 15:36:00,79.81,79.84,79.81,79.84,395087.97,11.0
CCMFUT,11/17/2025 15:33:00,79.8,79.8,79.8,79.8,179555.66,5.0
CCMFUT,11/17/2025 15:32:00,79.81,79.81,79.81,79.81,35916.17,1.0
CCMFUT,11/17/2025 15:31:00,79.84,79.85,79.81,79.82,431115.01,12.0
CCMFUT,11/17/2025 15:30:00,79.82,79.88,79.82,79.85,2766890.75,77.0
CCMFUT,11/17/2025 15:25:00,79.8,79.85,79.8,79.85,826268.49,23.0
CCMFUT,11/17/2025 15:21:00,79.8,79.8,79.8,79.8,35911.13,1.0
CCMFUT,11/17/2025 15:20:00,79.8,79.8,79.8,79.8,35911.13,1.0
CCMFUT,11/17/2025 15:17:00,79.81,79.81,79.79,79.79,12423538.31,346.0
CCMFUT,11/17/2025 15:11:00,79.79,79.8,79.79,79.8,143634.45,4.0
CCMFUT,11/17/2025 15:07:00,79.76,79.76,79.76,79.76,35890.97,1.0
CCMFUT,11/17/2025 15:06:00,79.79,79.79,79.79,79.79,323154.83,9.0
CCMFUT,11/17/2025 15:05:00,79.8,79.81,79.8,79.81,179560.7,5.0
CCMFUT,11/17/2025 15:04:00,79.79,79.79,79.79,79.79,71812.19,2.0
CCMFUT,11/17/2025 15:01:00,79.74,79.78,79.74,79.78,215315.61,6.0
CCMFUT,11/17/2025 15:00:00,79.69,79.78,79.62,79.78,10726956.53,299.0
CCMFUT,11/17/2025 14:59:00,79.76,79.77,79.69,79.69,1183983.88,33.0
CCMFUT,11/17/2025 14:58:00,79.77,79.77,79.76,79.76,179459.91,5.0
CCMFUT,11/17/2025 14:57:00,79.8,79.8,79.78,79.78,287248.74,8.0
CCMFUT,11/17/2025 14:56:00,79.8,79.8,79.8,79.8,71822.26,2.0
CCMFUT,11/17/2025 14:55:00,79.8,79.8,79.79,79.79,179540.54,5.0
CCMFUT,11/17/2025 14:54:00,79.8,79.8,79.79,79.79,143634.45,4.0
CCMFUT,11/17/2025 14:53:00,79.81,79.81,79.8,79.8,430963.82,12.0
CCMFUT,11/17/2025 14:49:00,79.82,79.82,79.81,79.81,71837.38,2.0
CCMFUT,11/17/2025 14:48:00,79.85,79.85,79.8,79.8,3413311.28,95.0
CCMFUT,11/17/2025 14:47:00,79.9,79.9,79.85,79.85,1365741.78,38.0
CCMFUT,11/17/2025 14:46:00,79.9,79.9,79.9,79.9,35956.49,1.0
CCMFUT,11/17/2025 14:45:00,79.93,79.93,79.9,79.9,1690010.33,47.0
CCMFUT,11/17/2025 14:44:00,79.94,79.94,79.94,79.94,71943.21,2.0
CCMFUT,11/17/2025 14:43:00,79.99,79.99,79.96,79.96,575807.74,16.0
CCMFUT,11/17/2025 14:35:00,80.0,80.0,80.0,80.0,36001.84,1.0
CCMFUT,11/17/2025 14:33:00,79.99,79.99,79.99,79.99,35996.8,1.0
CCMFUT,11/17/2025 14:31:00,79.97,79.97,79.97,79.97,71973.45,2.0
CCMFUT,11/17/2025 14:28:00,79.99,80.0,79.99,80.0,467993.71,13.0
CCMFUT,11/17/2025 14:21:00,79.98,79.98,79.98,79.98,35991.76,1.0
CCMFUT,11/17/2025 14:20:00,80.0,80.0,80.0,80.0,36001.84,1.0
CCMFUT,11/17/2025 14:18:00,80.02,80.02,80.02,80.02,216041.29,6.0
CCMFUT,11/17/2025 14:17:00,80.02,80.02,80.02,80.02,72013.76,2.0
CCMFUT,11/17/2025 14:15:00,80.02,80.02,79.99,79.99,324041.78,9.0
CCMFUT,11/17/2025 14:14:00,80.04,80.04,80.04,80.04,324152.65,9.0
CCMFUT,11/17/2025 14:09:00,80.02,80.02,80.02,80.02,36006.88,1.0
CCMFUT,11/17/2025 14:07:00,80.02,80.02,80.02,80.02,36006.88,1.0
CCMFUT,11/17/2025 14:04:00,80.0,80.0,79.99,79.99,143997.29,4.0
CCMFUT,11/17/2025 14:02:00,80.04,80.04,80.04,80.04,36016.96,1.0
CCMFUT,11/17/2025 14:01:00,80.03,80.04,80.03,80.04,252113.68,7.0
CCMFUT,11/17/2025 14:00:00,80.03,80.04,80.03,80.04,252108.65,7.0
CCMFUT,11/17/2025 13:59:00,80.0,80.05,80.0,80.05,1260311.41,35.0
CCMFUT,11/17/2025 13:57:00,79.99,79.99,79.99,79.99,215980.82,6.0
CCMFUT,11/17/2025 13:52:00,79.96,79.96,79.96,79.96,71963.37,2.0
CCMFUT,11/17/2025 13:51:00,79.96,79.99,79.95,79.99,431860.84,12.0
CCMFUT,11/17/2025 13:49:00,79.96,79.96,79.96,79.96,71963.37,2.0
CCMFUT,11/17/2025 13:47:00,79.94,79.94,79.94,79.94,35971.61,1.0
CCMFUT,11/17/2025 13:46:00,79.96,79.96,79.96,79.96,35981.68,1.0
CCMFUT,11/17/2025 13:42:00,79.94,79.94,79.93,79.93,215804.44,6.0
CCMFUT,11/17/2025 13:41:00,79.95,79.95,79.95,79.95,71953.29,2.0
CCMFUT,11/17/2025 13:40:00,79.95,79.95,79.93,79.93,71943.21,2.0
CCMFUT,11/17/2025 13:39:00,79.96,79.96,79.96,79.96,35981.68,1.0
CCMFUT,11/17/2025 13:37:00,79.96,79.97,79.96,79.97,143941.86,4.0
CCMFUT,11/17/2025 13:36:00,79.95,79.95,79.93,79.93,71943.21,2.0
CCMFUT,11/17/2025 13:35:00,79.95,79.95,79.95,79.95,107929.94,3.0
CCMFUT,11/17/2025 13:34:00,79.95,79.97,79.93,79.97,863545.31,24.0
CCMFUT,11/17/2025 13:28:00,79.84,79.84,79.84,79.84,287410.0,8.0
CCMFUT,11/17/2025 13:26:00,79.87,79.87,79.85,79.85,287510.79,8.0
CCMFUT,11/17/2025 13:25:00,79.89,79.89,79.89,79.89,143805.79,4.0
CCMFUT,11/17/2025 13:24:00,79.89,79.89,79.89,79.89,323563.03,9.0
CCMFUT,11/17/2025 13:23:00,79.89,79.89,79.89,79.89,35951.45,1.0
CCMFUT,11/17/2025 13:22:00,79.91,79.91,79.9,79.9,107874.5,3.0
CCMFUT,11/17/2025 13:20:00,79.89,79.89,79.89,79.89,251660.13,7.0
CCMFUT,11/17/2025 13:19:00,79.9,79.91,79.89,79.89,323578.15,9.0
CCMFUT,11/17/2025 13:18:00,79.94,79.94,79.91,79.91,287702.29,8.0
CCMFUT,11/17/2025 13:17:00,79.94,79.94,79.89,79.93,5899177.01,164.0
CCMFUT,11/17/2025 13:15:00,79.96,79.96,79.96,79.96,107945.05,3.0
CCMFUT,11/17/2025 13:13:00,79.96,79.96,79.96,79.96,107945.05,3.0
CCMFUT,11/17/2025 13:12:00,79.94,79.94,79.94,79.94,35971.61,1.0
CCMFUT,11/17/2025 13:11:00,79.96,79.96,79.94,79.94,107924.9,3.0
CCMFUT,11/17/2025 13:10:00,79.94,79.94,79.94,79.94,35971.61,1.0
CCMFUT,11/17/2025 13:09:00,79.96,79.96,79.94,79.94,431724.78,12.0
CCMFUT,11/17/2025 13:08:00,79.99,79.99,79.94,79.94,251896.99,7.0
CCMFUT,11/17/2025 13:06:00,80.02,80.02,80.02,80.02,72013.76,2.0
CCMFUT,11/17/2025 13:05:00,79.99,80.02,79.97,80.02,539982.28,15.0
CCMFUT,11/17/2025 13:02:00,80.02,80.02,80.02,80.02,72013.76,2.0
CCMFUT,11/17/2025 13:01:00,80.02,80.02,80.02,80.02,72013.76,2.0
CCMFUT,11/17/2025 13:00:00,80.02,80.02,80.02,80.02,468089.46,13.0
CCMFUT,11/17/2025 12:59:00,80.02,80.02,80.02,80.02,144027.53,4.0
CCMFUT,11/17/2025 12:56:00,79.99,79.99,79.99,79.99,35996.8,1.0
CCMFUT,11/17/2025 12:53:00,79.97,79.97,79.97,79.97,179933.62,5.0
CCMFUT,11/17/2025 12:50:00,79.97,79.97,79.97,79.97,35986.72,1.0
CCMFUT,11/17/2025 12:48:00,79.97,80.0,79.96,80.0,683914.06,19.0
CCMFUT,11/17/2025 12:47:00,79.94,79.99,79.94,79.96,5433264.59,151.0
CCMFUT,11/17/2025 12:45:00,79.9,79.9,79.9,79.9,215738.92,6.0
CCMFUT,11/17/2025 12:44:00,79.9,79.9,79.9,79.9,107869.46,3.0
CCMFUT,11/17/2025 12:42:00,79.91,79.93,79.9,79.9,179802.59,5.0
CCMFUT,11/17/2025 12:39:00,79.89,79.9,79.89,79.9,179772.36,5.0
CCMFUT,11/17/2025 12:38:00,79.88,79.89,79.88,79.89,251655.09,7.0
CCMFUT,11/17/2025 12:37:00,79.85,79.86,79.85,79.85,107798.91,3.0
CCMFUT,11/17/2025 12:35:00,79.81,79.81,79.81,79.81,107748.51,3.0
CCMFUT,11/17/2025 12:34:00,79.81,79.81,79.81,79.81,107748.51,3.0
CCMFUT,11/17/2025 12:32:00,79.86,79.86,79.8,79.8,395093.01,11.0
CCMFUT,11/17/2025 12:31:00,79.85,79.86,79.84,79.86,143730.2,4.0
CCMFUT,11/17/2025 12:26:00,79.87,79.87,79.87,79.87,107824.11,3.0
CCMFUT,11/17/2025 12:23:00,79.85,79.85,79.85,79.85,35931.29,1.0
CCMFUT,11/17/2025 12:22:00,79.85,79.85,79.82,79.82,71852.5,2.0
CCMFUT,11/17/2025 12:21:00,79.87,79.87,79.85,79.85,215602.86,6.0
CCMFUT,11/17/2025 12:20:00,79.9,79.9,79.85,79.87,2444678.29,68.0
CCMFUT,11/17/2025 12:19:00,79.94,79.94,79.9,79.9,12872442.58,358.0
CCMFUT,11/17/2025 12:18:00,79.95,79.95,79.94,79.95,287787.96,8.0
CCMFUT,11/17/2025 12:17:00,79.93,79.93,79.93,79.93,323699.1,9.0
CCMFUT,11/17/2025 12:15:00,79.97,79.97,79.93,79.93,71953.29,2.0
CCMFUT,11/17/2025 12:14:00,79.96,79.96,79.96,79.96,71963.37,2.0
CCMFUT,11/17/2025 12:13:00,79.95,79.95,79.95,79.95,35976.65,1.0
CCMFUT,11/17/2025 12:12:00,79.97,79.97,79.97,79.97,35986.72,1.0
CCMFUT,11/17/2025 12:11:00,79.96,79.97,79.96,79.97,395803.57,11.0
CCMFUT,11/17/2025 12:10:00,79.96,79.96,79.9,79.95,791400.52,22.0
CCMFUT,11/17/2025 12:09:00,79.98,79.98,79.97,79.98,251917.15,7.0
CCMFUT,11/17/2025 12:08:00,79.98,79.99,79.95,79.99,467807.25,13.0
CCMFUT,11/17/2025 12:07:00,80.06,80.06,79.98,79.98,144027.53,4.0
CCMFUT,11/17/2025 12:06:00,79.99,79.99,79.99,79.99,35996.8,1.0
CCMFUT,11/17/2025 12:05:00,80.03,80.06,79.98,79.99,360073.86,10.0
CCMFUT,11/17/2025 12:04:00,80.12,80.12,80.07,80.07,108136.55,3.0
CCMFUT,11/17/2025 12:03:00,80.07,80.13,80.0,80.13,972442.82,27.0
CCMFUT,11/17/2025 12:02:00,80.13,80.13,80.07,80.07,180210.79,5.0
CCMFUT,11/17/2025 12:01:00,80.06,80.28,80.06,80.13,7102744.2,197.0
CCMFUT,11/17/2025 12:00:00,79.99,80.07,79.97,80.07,3350106.48,93.0
CCMFUT,11/17/2025 11:59:00,79.96,80.07,79.96,80.04,1440048.49,40.0
CCMFUT,11/17/2025 11:58:00,79.89,79.96,79.89,79.93,1151267.76,32.0
CCMFUT,11/17/2025 11:57:00,79.85,80.07,79.85,79.91,7629719.65,212.0
CCMFUT,11/17/2025 11:55:00,79.85,79.85,79.85,79.85,71862.58,2.0
CCMFUT,11/17/2025 11:54:00,79.85,79.9,79.82,79.85,1797093.64,50.0
CCMFUT,11/17/2025 11:52:00,79.81,79.81,79.8,79.81,466900.15,13.0
CCMFUT,11/17/2025 11:51:00,79.81,79.86,79.81,79.82,1688679.92,47.0
CCMFUT,11/17/2025 11:50:00,79.79,79.84,79.79,79.81,897949.65,25.0
CCMFUT,11/17/2025 11:49:00,79.79,79.79,79.78,79.78,574492.44,16.0
CCMFUT,11/17/2025 11:48:00,79.79,79.79,79.77,79.77,215401.28,6.0
CCMFUT,11/17/2025 11:47:00,79.76,79.78,79.75,79.75,394835.99,11.0
CCMFUT,11/17/2025 11:46:00,79.76,79.78,79.75,79.75,574225.35,16.0
CCMFUT,11/17/2025 11:45:00,79.74,79.76,79.74,79.76,71771.87,2.0
CCMFUT,11/17/2025 11:44:00,79.77,79.78,79.74,79.74,179469.99,5.0
CCMFUT,11/17/2025 11:43:00,79.77,79.77,79.72,79.72,107667.88,3.0
CCMFUT,11/17/2025 11:42:00,79.74,79.79,79.74,79.77,1184311.44,33.0
CCMFUT,11/17/2025 11:41:00,79.71,79.74,79.71,79.74,789314.19,22.0
CCMFUT,11/17/2025 11:40:00,79.58,79.74,79.57,79.65,5339898.67,149.0
CCMFUT,11/17/2025 11:39:00,79.47,79.57,79.47,79.57,3041550.94,85.0
CCMFUT,11/17/2025 11:37:00,79.44,79.44,79.44,79.44,142999.48,4.0
CCMFUT,11/17/2025 11:36:00,79.44,79.44,79.44,79.44,428998.44,12.0
CCMFUT,11/17/2025 11:32:00,79.4,79.46,79.4,79.44,822171.41,23.0
CCMFUT,11/17/2025 11:26:00,79.43,79.43,79.37,79.37,1071699.86,30.0
CCMFUT,11/17/2025 11:25:00,79.47,79.47,79.47,79.47,286079.59,8.0
CCMFUT,11/17/2025 11:24:00,79.41,79.51,79.41,79.47,3040240.68,85.0
CCMFUT,11/17/2025 11:23:00,79.38,79.39,79.38,79.39,250042.47,7.0
CCMFUT,11/17/2025 11:22:00,79.4,79.4,79.4,79.4,35729.71,1.0
CCMFUT,11/17/2025 11:21:00,79.39,79.4,79.38,79.4,392956.28,11.0
CCMFUT,11/17/2025 11:20:00,79.43,79.43,79.39,79.39,428842.21,12.0
CCMFUT,11/17/2025 11:17:00,79.47,79.47,79.47,79.47,71519.9,2.0
CCMFUT,11/17/2025 11:16:00,79.48,79.48,79.48,79.48,178824.94,5.0
CCMFUT,11/17/2025 11:15:00,79.5,79.5,79.5,79.5,35775.07,1.0
CCMFUT,11/17/2025 11:14:00,79.48,79.49,79.48,79.49,107305.04,3.0
CCMFUT,11/17/2025 11:10:00,79.44,79.44,79.44,79.44,71499.74,2.0
CCMFUT,11/17/2025 11:09:00,79.46,79.46,79.46,79.46,178774.55,5.0
CCMFUT,11/17/2025 11:08:00,79.42,79.44,79.42,79.44,393233.45,11.0
CCMFUT,11/17/2025 11:06:00,79.41,79.41,79.41,79.41,35734.75,1.0
CCMFUT,11/17/2025 11:05:00,79.39,79.39,79.39,79.39,35724.67,1.0
CCMFUT,11/17/2025 11:03:00,79.38,79.39,79.38,79.39,250042.47,7.0
CCMFUT,11/17/2025 11:02:00,79.39,79.39,79.38,79.38,250047.51,7.0
CCMFUT,11/17/2025 11:01:00,79.4,79.4,79.35,79.35,250072.71,7.0
CCMFUT,11/17/2025 11:00:00,79.42,79.44,79.41,79.41,571851.77,16.0
CCMFUT,11/17/2025 10:59:00,79.42,79.43,79.42,79.43,107224.41,3.0
CCMFUT,11/17/2025 10:57:00,79.41,79.41,79.39,79.41,250113.02,7.0
CCMFUT,11/17/2025 10:56:00,79.42,79.42,79.42,79.42,35739.79,1.0
CCMFUT,11/17/2025 10:53:00,79.44,79.44,79.44,79.44,71499.74,2.0
CCMFUT,11/17/2025 10:45:00,79.48,79.49,79.47,79.47,250370.03,7.0
CCMFUT,11/17/2025 10:44:00,79.51,79.51,79.48,79.48,250395.23,7.0
CCMFUT,11/17/2025 10:43:00,79.47,79.51,79.47,79.51,643885.69,18.0
CCMFUT,11/17/2025 10:42:00,79.44,79.47,79.44,79.47,178774.55,5.0
CCMFUT,11/17/2025 10:41:00,79.46,79.46,79.46,79.46,143019.64,4.0
CCMFUT,11/17/2025 10:31:00,79.47,79.48,79.47,79.48,107284.89,3.0
CCMFUT,11/17/2025 10:06:00,79.41,79.41,79.41,79.41,107204.25,3.0
CCMFUT,11/17/2025 10:05:00,79.41,79.41,79.41,79.41,178673.76,5.0
CCMFUT,11/17/2025 10:03:00,79.43,79.43,79.43,79.43,71489.66,2.0
CCMFUT,11/17/2025 10:01:00,79.47,79.51,79.47,79.49,393480.38,11.0
CCMFUT,11/17/2025 09:56:00,79.51,79.51,79.51,79.51,35780.11,1.0
CCMFUT,11/17/2025 09:54:00,79.49,79.49,79.49,79.49,143080.11,4.0
CCMFUT,11/17/2025 09:52:00,79.48,79.48,79.48,79.48,214589.93,6.0
CCMFUT,11/17/2025 09:50:00,79.44,79.48,79.44,79.48,1823606.2,51.0
CCMFUT,11/17/2025 09:47:00,79.41,79.41,79.41,79.41,71469.5,2.0
CCMFUT,11/17/2025 09:46:00,79.41,79.41,79.41,79.41,107204.25,3.0
CCMFUT,11/17/2025 09:45:00,79.41,79.43,79.41,79.41,142959.16,4.0
CCMFUT,11/17/2025 09:44:00,79.41,79.41,79.41,79.41,71469.5,2.0
CCMFUT,11/17/2025 09:43:00,79.41,79.41,79.41,79.41,35734.75,1.0
CCMFUT,11/17/2025 09:42:00,79.41,79.41,79.41,79.41,35734.75,1.0
CCMFUT,11/17/2025 09:39:00,79.41,79.41,79.41,79.41,35734.75,1.0
CCMFUT,11/17/2025 09:38:00,79.46,79.48,79.42,79.42,321728.67,9.0
CCMFUT,11/17/2025 09:37:00,79.4,79.4,79.4,79.4,357297.12,10.0
CCMFUT,11/17/2025 09:36:00,79.34,79.34,79.34,79.34,392749.66,11.0
CCMFUT,11/17/2025 09:33:00,79.3,79.33,79.26,79.33,677947.35,19.0
CCMFUT,11/17/2025 09:32:00,79.3,79.3,79.3,79.3,35684.36,1.0
CCMFUT,11/17/2025 09:31:00,79.35,79.35,79.3,79.3,321310.39,9.0
CCMFUT,11/17/2025 09:25:00,79.35,79.35,79.32,79.34,107108.5,3.0
CCMFUT,11/17/2025 09:11:00,79.34,79.34,79.34,79.34,107113.54,3.0
CCMFUT,11/17/2025 09:10:00,79.41,79.41,79.39,79.39,71459.42,2.0
CCMFUT,11/17/2025 09:08:00,79.39,79.39,79.39,79.39,35724.67,1.0
CCMFUT,11/17/2025 09:07:00,79.37,79.37,79.35,79.35,107138.74,3.0
CCMFUT,11/17/2025 09:06:00,79.35,79.35,79.31,79.31,71398.95,2.0
CCMFUT,11/17/2025 09:05:00,79.33,79.34,79.33,79.34,249916.48,7.0
CCMFUT,11/17/2025 09:03:00,79.31,79.31,79.31,79.31,107068.19,3.0
CCMFUT,11/17/2025 09:02:00,79.33,79.33,79.32,79.32,107093.39,3.0
CCMFUT,11/17/2025 09:01:00,79.31,79.38,79.3,79.3,356994.75,10.0
CCMFUT,11/17/2025 09:00:00,79.24,79.41,79.24,79.32,642625.83,18.0
CCMFUT,11/14/2025 17:05:00,79.24,79.57,79.18,79.23,3106640.5,87.0
CCMFUT,11/14/2025 16:19:00,79.48,79.48,79.46,79.46,1036962.92,29.0
CCMFUT,11/14/2025 16:18:00,79.46,79.46,79.42,79.46,2824471.52,79.0
CCMFUT,11/14/2025 16:17:00,79.46,79.46,79.44,79.46,4826554.93,135.0
CCMFUT,11/14/2025 16:16:00,79.49,79.49,79.49,79.49,71540.06,2.0
CCMFUT,11/14/2025 16:15:00,79.47,79.47,79.46,79.46,1430347.55,40.0
CCMFUT,11/14/2025 16:14:00,79.46,79.5,79.46,79.5,1501746.5,42.0
CCMFUT,11/14/2025 16:13:00,79.51,79.51,79.51,79.51,715602.13,20.0
CCMFUT,11/14/2025 16:12:00,79.48,79.51,79.48,79.51,1287967.92,36.0
CCMFUT,11/14/2025 16:11:00,79.48,79.48,79.46,79.46,3754295.7,105.0
CCMFUT,11/14/2025 16:10:00,79.39,79.48,79.39,79.48,2538281.06,71.0
CCMFUT,11/14/2025 16:09:00,79.39,79.39,79.39,79.39,928841.48,26.0
CCMFUT,11/14/2025 16:08:00,79.39,79.4,79.39,79.4,2072066.28,58.0
CCMFUT,11/14/2025 16:07:00,79.34,79.4,79.34,79.4,6073244.71,170.0
CCMFUT,11/14/2025 16:06:00,79.34,79.35,79.32,79.34,2463576.23,69.0
CCMFUT,11/14/2025 16:05:00,79.19,79.35,79.19,79.35,3604230.91,101.0
CCMFUT,11/14/2025 16:04:00,79.14,79.18,79.14,79.18,4596030.26,129.0
CCMFUT,11/14/2025 16:03:00,79.12,79.12,79.12,79.12,213622.35,6.0
CCMFUT,11/14/2025 16:00:00,79.1,79.11,79.06,79.11,747270.04,21.0
CCMFUT,11/14/2025 15:59:00,79.12,79.12,79.12,79.12,71207.45,2.0
CCMFUT,11/14/2025 15:58:00,79.04,79.15,79.04,79.06,1957605.21,55.0
CCMFUT,11/14/2025 15:56:00,79.02,79.04,78.95,79.02,1777152.53,50.0
CCMFUT,11/14/2025 15:55:00,78.95,79.01,78.95,79.01,1244215.4,35.0
CCMFUT,11/14/2025 15:51:00,78.97,78.97,78.95,78.95,106604.56,3.0
CCMFUT,11/14/2025 15:48:00,78.96,78.96,78.96,78.96,106599.52,3.0
CCMFUT,11/14/2025 15:47:00,78.95,78.96,78.95,78.96,71061.31,2.0
CCMFUT,11/14/2025 15:46:00,78.95,78.95,78.95,78.95,106584.4,3.0
CCMFUT,11/14/2025 15:45:00,78.97,78.97,78.94,78.95,710608.03,20.0
CCMFUT,11/14/2025 15:44:00,79.0,79.0,79.0,79.0,35548.29,1.0
CCMFUT,11/14/2025 15:42:00,79.01,79.01,79.01,79.01,35553.33,1.0
CCMFUT,11/14/2025 15:41:00,78.97,79.02,78.97,79.01,462067.32,13.0
CCMFUT,11/14/2025 15:40:00,78.97,78.99,78.97,78.97,781865.88,22.0
CCMFUT,11/14/2025 15:39:00,78.97,78.97,78.97,78.97,213229.28,6.0
CCMFUT,11/14/2025 15:38:00,78.95,78.97,78.94,78.97,1776447.01,50.0
CCMFUT,11/14/2025 15:33:00,78.95,78.95,78.95,78.95,35528.13,1.0
CCMFUT,11/14/2025 15:32:00,78.95,78.97,78.95,78.97,248727.17,7.0
CCMFUT,11/14/2025 15:29:00,78.96,78.96,78.95,78.95,355306.54,10.0
CCMFUT,11/14/2025 15:28:00,78.99,78.99,78.99,78.99,35543.25,1.0
CCMFUT,11/14/2025 15:27:00,78.97,78.99,78.97,78.99,71081.46,2.0
CCMFUT,11/14/2025 15:26:00,78.95,78.95,78.95,78.95,248696.94,7.0
CCMFUT,11/14/2025 15:25:00,78.95,78.96,78.95,78.96,106594.48,3.0
CCMFUT,11/14/2025 15:24:00,78.95,78.95,78.95,78.95,71056.27,2.0
CCMFUT,11/14/2025 15:23:00,78.99,78.99,78.96,78.96,71076.43,2.0
CCMFUT,11/14/2025 15:22:00,79.01,79.01,78.95,78.95,817237.79,23.0
CCMFUT,11/14/2025 15:20:00,79.0,79.0,79.0,79.0,142193.17,4.0
CCMFUT,11/14/2025 15:18:00,78.99,79.0,78.99,79.0,177726.34,5.0
CCMFUT,11/14/2025 15:17:00,78.97,78.97,78.97,78.97,35538.21,1.0
CCMFUT,11/14/2025 15:15:00,79.0,79.0,79.0,79.0,35548.29,1.0
CCMFUT,11/14/2025 15:14:00,79.01,79.01,78.95,78.95,817394.01,23.0
CCMFUT,11/14/2025 15:08:00,79.02,79.02,79.02,79.02,391142.08,11.0
CCMFUT,11/14/2025 15:07:00,78.95,79.02,78.95,79.02,852987.66,24.0
CCMFUT,11/14/2025 15:06:00,78.97,78.97,78.97,78.97,35538.21,1.0
CCMFUT,11/14/2025 15:05:00,78.96,78.96,78.92,78.92,1278624.78,36.0
CCMFUT,11/14/2025 15:04:00,78.99,78.99,78.99,78.99,35543.25,1.0
CCMFUT,11/14/2025 15:03:00,78.96,78.96,78.96,78.96,35533.17,1.0
CCMFUT,11/14/2025 15:02:00,78.96,78.96,78.96,78.96,284265.39,8.0
CCMFUT,11/14/2025 15:01:00,78.9,78.96,78.9,78.96,390698.6,11.0
CCMFUT,11/14/2025 15:00:00,78.96,78.96,78.91,78.91,4512027.64,127.0
CCMFUT,11/14/2025 14:59:00,79.0,79.0,78.96,78.96,248822.92,7.0
CCMFUT,11/14/2025 14:57:00,79.01,79.01,79.01,79.01,177766.66,5.0
CCMFUT,11/14/2025 14:56:00,79.0,79.01,79.0,79.01,177756.58,5.0
CCMFUT,11/14/2025 14:54:00,79.01,79.03,79.0,79.01,675573.76,19.0
CCMFUT,11/14/2025 14:52:00,79.0,79.0,79.0,79.0,35548.29,1.0
CCMFUT,11/14/2025 14:51:00,78.96,78.96,78.96,78.96,35533.17,1.0
CCMFUT,11/14/2025 14:50:00,78.96,78.96,78.96,78.96,71066.35,2.0
CCMFUT,11/14/2025 14:48:00,79.01,79.01,79.01,79.01,639959.96,18.0
CCMFUT,11/14/2025 14:47:00,79.0,79.0,78.97,78.97,390960.66,11.0
CCMFUT,11/14/2025 14:46:00,79.02,79.02,79.02,79.02,355583.71,10.0
CCMFUT,11/14/2025 14:45:00,78.99,79.0,78.99,79.0,71091.54,2.0
CCMFUT,11/14/2025 14:42:00,78.99,78.99,78.99,78.99,35543.25,1.0
CCMFUT,11/14/2025 14:41:00,78.97,78.99,78.97,78.99,746398.22,21.0
CCMFUT,11/14/2025 14:40:00,79.0,79.0,78.95,78.95,355306.54,10.0
CCMFUT,11/14/2025 14:39:00,78.97,78.97,78.95,78.95,710618.11,20.0
CCMFUT,11/14/2025 14:38:00,79.0,79.0,79.0,79.0,35548.29,1.0
CCMFUT,11/14/2025 14:36:00,79.0,79.01,79.0,79.01,213299.83,6.0
CCMFUT,11/14/2025 14:34:00,78.97,78.97,78.97,78.97,35538.21,1.0
CCMFUT,11/14/2025 14:32:00,78.95,78.96,78.94,78.96,213168.8,6.0
CCMFUT,11/14/2025 14:31:00,78.95,78.95,78.91,78.95,639405.62,18.0
CCMFUT,11/14/2025 14:30:00,79.02,79.02,78.96,78.96,497731.52,14.0
CCMFUT,11/14/2025 14:29:00,79.03,79.03,79.01,79.01,320020.3,9.0
CCMFUT,11/14/2025 14:28:00,79.04,79.04,79.04,79.04,71136.9,2.0
CCMFUT,11/14/2025 14:26:00,79.04,79.06,79.04,79.06,391328.54,11.0
CCMFUT,11/14/2025 14:25:00,79.01,79.02,79.01,79.02,462203.38,13.0
CCMFUT,11/14/2025 14:23:00,79.06,79.06,79.06,79.06,35578.53,1.0
CCMFUT,11/14/2025 14:22:00,79.02,79.05,79.02,79.05,675765.26,19.0
CCMFUT,11/14/2025 14:21:00,79.01,79.03,79.01,79.03,248908.59,7.0
CCMFUT,11/14/2025 14:20:00,79.01,79.01,79.01,79.01,142213.32,4.0
CCMFUT,11/14/2025 14:19:00,78.96,79.01,78.96,79.01,390930.42,11.0
CCMFUT,11/14/2025 14:18:00,78.99,79.0,78.96,78.97,142162.93,4.0
CCMFUT,11/14/2025 14:17:00,79.07,79.07,79.01,79.02,853350.5,24.0
CCMFUT,11/14/2025 14:16:00,78.95,79.06,78.95,79.06,426806.27,12.0
CCMFUT,11/14/2025 14:15:00,79.06,79.06,78.84,78.94,7744825.77,218.0
CCMFUT,11/14/2025 14:14:00,79.07,79.07,79.04,79.07,177887.6,5.0
CCMFUT,11/14/2025 14:11:00,79.06,79.11,79.06,79.11,747280.12,21.0
CCMFUT,11/14/2025 14:10:00,79.05,79.05,79.01,79.01,142238.52,4.0
CCMFUT,11/14/2025 14:09:00,79.07,79.07,79.06,79.06,106740.62,3.0
CCMFUT,11/14/2025 14:08:00,79.07,79.12,79.01,79.07,3876749.33,109.0
CCMFUT,11/14/2025 14:07:00,79.18,79.18,79.06,79.06,2884093.27,81.0
CCMFUT,11/14/2025 14:06:00,79.16,79.16,79.16,79.16,356238.83,10.0
CCMFUT,11/14/2025 14:05:00,79.12,79.12,79.07,79.11,569573.94,16.0
CCMFUT,11/14/2025 14:04:00,79.29,79.29,79.09,79.13,1924002.15,54.0
CCMFUT,11/14/2025 14:03:00,79.22,79.3,79.2,79.3,1533117.09,43.0
CCMFUT,11/14/2025 14:02:00,79.26,79.26,79.2,79.22,1033954.37,29.0
CCMFUT,11/14/2025 14:01:00,79.29,79.29,79.06,79.29,12792809.17,359.0
CCMFUT,11/14/2025 14:00:00,79.52,79.56,79.29,79.29,11106165.19,311.0
CCMFUT,11/14/2025 13:59:00,79.6,79.61,79.56,79.56,2041698.54,57.0
CCMFUT,11/14/2025 13:58:00,79.57,79.62,79.57,79.6,2650499.57,74.0
CCMFUT,11/14/2025 13:57:00,79.53,79.53,79.53,79.53,35790.19,1.0
CCMFUT,11/14/2025 13:51:00,79.52,79.52,79.52,79.52,35785.15,1.0
CCMFUT,11/14/2025 13:48:00,79.51,79.53,79.51,79.53,107350.4,3.0
CCMFUT,11/14/2025 13:47:00,79.54,79.54,79.54,79.54,35795.22,1.0
CCMFUT,11/14/2025 13:46:00,79.51,79.51,79.51,79.51,35780.11,1.0
CCMFUT,11/14/2025 13:45:00,79.52,79.52,79.52,79.52,35785.15,1.0
CCMFUT,11/14/2025 13:43:00,79.54,79.54,79.54,79.54,143180.9,4.0
CCMFUT,11/14/2025 13:42:00,79.54,79.54,79.54,79.54,35795.22,1.0
CCMFUT,11/14/2025 13:41:00,79.54,79.54,79.51,79.52,608347.48,17.0
CCMFUT,11/14/2025 13:35:00,79.57,79.57,79.57,79.57,71610.61,2.0
CCMFUT,11/14/2025 13:33:00,79.57,79.57,79.57,79.57,35805.3,1.0
CCMFUT,11/14/2025 13:28:00,79.58,79.58,79.58,79.58,35810.34,1.0
CCMFUT,11/14/2025 13:25:00,79.59,79.59,79.59,79.59,35815.38,1.0
CCMFUT,11/14/2025 13:22:00,79.57,79.57,79.57,79.57,35805.3,1.0
CCMFUT,11/14/2025 13:19:00,79.59,79.59,79.59,79.59,35815.38,1.0
CCMFUT,11/14/2025 13:14:00,79.61,79.61,79.61,79.61,35825.46,1.0
CCMFUT,11/14/2025 13:13:00,79.57,79.6,79.57,79.6,393974.25,11.0
CCMFUT,11/14/2025 13:11:00,79.6,79.62,79.6,79.61,214952.77,6.0
CCMFUT,11/14/2025 12:59:00,79.61,79.61,79.61,79.61,35825.46,1.0
CCMFUT,11/14/2025 12:57:00,79.63,79.63,79.62,79.62,71666.04,2.0
CCMFUT,11/14/2025 12:56:00,79.65,79.65,79.65,79.65,35840.58,1.0
CCMFUT,11/14/2025 12:55:00,79.63,79.63,79.63,79.63,107506.62,3.0
CCMFUT,11/14/2025 12:54:00,79.63,79.65,79.63,79.65,107511.66,3.0
CCMFUT,11/14/2025 12:53:00,79.6,79.61,79.6,79.61,107471.34,3.0
CCMFUT,11/14/2025 12:49:00,79.59,79.59,79.59,79.59,107446.15,3.0
CCMFUT,11/14/2025 12:45:00,79.58,79.58,79.58,79.58,35810.34,1.0
CCMFUT,11/14/2025 12:41:00,79.54,79.58,79.54,79.58,107400.79,3.0
CCMFUT,11/14/2025 12:39:00,79.59,79.59,79.52,79.53,1181267.61,33.0
CCMFUT,11/14/2025 12:38:00,79.59,79.59,79.59,79.59,35815.38,1.0
CCMFUT,11/14/2025 12:32:00,79.6,79.6,79.6,79.6,71640.84,2.0
CCMFUT,11/14/2025 12:30:00,79.62,79.62,79.6,79.62,394070.0,11.0
CCMFUT,11/14/2025 12:24:00,79.65,79.65,79.65,79.65,71681.16,2.0
CCMFUT,11/14/2025 12:23:00,79.7,79.7,79.65,79.65,1111456.09,31.0
CCMFUT,11/14/2025 12:20:00,79.71,79.71,79.7,79.7,71736.59,2.0
CCMFUT,11/14/2025 12:19:00,79.71,79.71,79.71,79.71,107612.45,3.0
CCMFUT,11/14/2025 12:10:00,79.67,79.71,79.67,79.71,430318.77,12.0
CCMFUT,11/14/2025 12:09:00,79.63,79.63,79.63,79.63,35835.54,1.0
CCMFUT,11/14/2025 12:07:00,79.65,79.66,79.65,79.66,107531.82,3.0
CCMFUT,11/14/2025 12:06:00,79.7,79.7,79.65,79.65,1326262.72,37.0
CCMFUT,11/14/2025 12:05:00,79.68,79.68,79.67,79.68,215129.15,6.0
CCMFUT,11/14/2025 12:04:00,79.69,79.69,79.67,79.67,502004.97,14.0
CCMFUT,11/14/2025 12:03:00,79.68,79.7,79.67,79.69,681343.94,19.0
CCMFUT,11/14/2025 12:02:00,79.65,79.67,79.65,79.67,681031.49,19.0
CCMFUT,11/14/2025 12:01:00,79.68,79.68,79.65,79.65,466003.13,13.0
CCMFUT,11/14/2025 12:00:00,79.66,79.68,79.66,79.68,179263.37,5.0
CCMFUT,11/14/2025 11:59:00,79.67,79.67,79.67,79.67,215103.95,6.0
CCMFUT,11/14/2025 11:58:00,79.66,79.67,79.66,79.66,179233.14,5.0
CCMFUT,11/14/2025 11:56:00,79.59,79.62,79.59,79.61,3045481.71,85.0
CCMFUT,11/14/2025 11:51:00,79.62,79.62,79.59,79.59,358214.3,10.0
CCMFUT,11/14/2025 11:50:00,79.63,79.63,79.63,79.63,35835.54,1.0
CCMFUT,11/14/2025 11:49:00,79.63,79.63,79.63,79.63,71671.08,2.0
CCMFUT,11/14/2025 11:48:00,79.67,79.67,79.67,79.67,35850.66,1.0
CCMFUT,11/14/2025 11:47:00,79.68,79.68,79.68,79.68,358556.98,10.0
CCMFUT,11/14/2025 11:46:00,79.7,79.7,79.69,79.69,71726.51,2.0
CCMFUT,11/14/2025 11:45:00,79.69,79.7,79.69,79.7,215189.62,6.0
CCMFUT,11/14/2025 11:43:00,79.69,79.69,79.69,79.69,35860.74,1.0
CCMFUT,11/14/2025 11:42:00,79.69,79.72,79.69,79.72,1614302.65,45.0
CCMFUT,11/14/2025 11:41:00,79.68,79.68,79.68,79.68,107567.09,3.0
CCMFUT,11/14/2025 11:39:00,79.65,79.65,79.65,79.65,71681.16,2.0
CCMFUT,11/14/2025 11:38:00,79.65,79.65,79.63,79.63,71676.12,2.0
CCMFUT,11/14/2025 11:37:00,79.65,79.66,79.65,79.65,107526.78,3.0
CCMFUT,11/14/2025 11:35:00,79.69,79.69,79.66,79.66,179273.45,5.0
CCMFUT,11/14/2025 11:34:00,79.7,79.7,79.7,79.7,35865.78,1.0
CCMFUT,11/14/2025 11:31:00,79.71,79.71,79.71,79.71,71741.63,2.0
CCMFUT,11/14/2025 11:30:00,79.67,79.71,79.67,79.71,394417.72,11.0
CCMFUT,11/14/2025 11:23:00,79.63,79.66,79.63,79.66,250884.06,7.0
CCMFUT,11/14/2025 11:22:00,79.63,79.63,79.62,79.62,71666.04,2.0
CCMFUT,11/14/2025 11:21:00,79.62,79.62,79.62,79.62,35830.5,1.0
CCMFUT,11/14/2025 11:19:00,79.63,79.63,79.63,79.63,107506.62,3.0
CCMFUT,11/14/2025 11:13:00,79.63,79.68,79.62,79.62,573449.28,16.0
CCMFUT,11/14/2025 11:12:00,79.63,79.66,79.63,79.66,179207.94,5.0
CCMFUT,11/14/2025 11:10:00,79.61,79.62,79.61,79.62,179142.43,5.0
CCMFUT,11/14/2025 11:09:00,79.6,79.6,79.6,79.6,35820.42,1.0
CCMFUT,11/14/2025 11:08:00,79.59,79.59,79.59,79.59,35815.38,1.0
CCMFUT,11/14/2025 11:06:00,79.58,79.6,79.58,79.58,393989.37,11.0
CCMFUT,11/14/2025 11:04:00,79.58,79.58,79.58,79.58,71620.69,2.0
CCMFUT,11/14/2025 11:01:00,79.54,79.57,79.52,79.57,322167.1,9.0
CCMFUT,11/14/2025 10:56:00,79.58,79.58,79.52,79.52,859024.92,24.0
CCMFUT,11/14/2025 10:50:00,79.58,79.58,79.58,79.58,107431.03,3.0
CCMFUT,11/14/2025 10:48:00,79.57,79.57,79.57,79.57,35805.3,1.0
CCMFUT,11/14/2025 10:46:00,79.57,79.57,79.57,79.57,71610.61,2.0
CCMFUT,11/14/2025 10:45:00,79.59,79.59,79.58,79.58,107441.11,3.0
CCMFUT,11/14/2025 10:43:00,79.58,79.58,79.58,79.58,143241.37,4.0
CCMFUT,11/14/2025 10:41:00,79.59,79.59,79.58,79.59,143256.49,4.0
CCMFUT,11/14/2025 10:40:00,79.61,79.61,79.6,79.6,214937.65,6.0
CCMFUT,11/14/2025 10:39:00,79.61,79.62,79.61,79.61,143311.92,4.0
CCMFUT,11/14/2025 10:38:00,79.61,79.61,79.61,79.61,71650.92,2.0
CCMFUT,11/14/2025 10:37:00,79.63,79.65,79.61,79.61,322499.71,9.0
CCMFUT,11/14/2025 10:34:00,79.63,79.63,79.63,79.63,35835.54,1.0
CCMFUT,11/14/2025 10:32:00,79.62,79.62,79.62,79.62,71661.0,2.0
CCMFUT,11/14/2025 10:31:00,79.61,79.62,79.61,79.62,107486.46,3.0
CCMFUT,11/14/2025 10:30:00,79.61,79.62,79.61,79.62,71655.96,2.0
CCMFUT,11/14/2025 10:26:00,79.61,79.61,79.61,79.61,35825.46,1.0
CCMFUT,11/14/2025 10:25:00,79.59,79.6,79.59,79.6,107451.19,3.0
CCMFUT,11/14/2025 10:24:00,79.58,79.58,79.58,79.58,35810.34,1.0
CCMFUT,11/14/2025 10:23:00,79.56,79.59,79.56,79.59,429703.96,12.0
CCMFUT,11/14/2025 10:21:00,79.49,79.57,79.49,79.57,930645.61,26.0
CCMFUT,11/14/2025 10:20:00,79.49,79.49,79.49,79.49,35770.03,1.0
CCMFUT,11/14/2025 10:17:00,79.48,79.52,79.47,79.47,822816.46,23.0
CCMFUT,11/14/2025 10:16:00,79.47,79.47,79.47,79.47,35759.95,1.0
CCMFUT,11/14/2025 10:13:00,79.44,79.44,79.44,79.44,35749.87,1.0
CCMFUT,11/14/2025 10:11:00,79.44,79.46,79.44,79.46,178769.51,5.0
CCMFUT,11/14/2025 10:10:00,79.43,79.43,79.43,79.43,35744.83,1.0
CCMFUT,11/14/2025 10:07:00,79.42,79.42,79.42,79.42,35739.79,1.0
CCMFUT,11/14/2025 10:06:00,79.43,79.46,79.43,79.46,71499.74,2.0
CCMFUT,11/14/2025 10:05:00,79.34,79.44,79.34,79.43,535809.61,15.0
CCMFUT,11/14/2025 10:04:00,79.3,79.3,79.3,79.3,35684.36,1.0
CCMFUT,11/14/2025 10:03:00,79.31,79.31,79.3,79.3,71373.75,2.0
CCMFUT,11/14/2025 10:02:00,79.32,79.32,79.32,79.32,35694.44,1.0
CCMFUT,11/14/2025 10:01:00,79.31,79.31,79.29,79.29,249765.3,7.0
CCMFUT,11/14/2025 10:00:00,79.35,79.35,79.24,79.31,1855238.83,52.0
CCMFUT,11/14/2025 09:59:00,79.37,79.39,79.37,79.39,71439.27,2.0
CCMFUT,11/14/2025 09:58:00,79.39,79.39,79.39,79.39,35724.67,1.0
CCMFUT,11/14/2025 09:56:00,79.35,79.35,79.35,79.35,71419.11,2.0
CCMFUT,11/14/2025 09:55:00,79.35,79.39,79.35,79.39,71434.23,2.0
CCMFUT,11/14/2025 09:54:00,79.4,79.4,79.35,79.35,535774.34,15.0
CCMFUT,11/14/2025 09:51:00,79.39,79.42,79.39,79.42,142928.93,4.0
CCMFUT,11/14/2025 09:50:00,79.42,79.42,79.4,79.4,250118.06,7.0
CCMFUT,11/14/2025 09:49:00,79.42,79.42,79.42,79.42,71479.58,2.0
CCMFUT,11/14/2025 09:48:00,79.44,79.44,79.4,79.43,428902.69,12.0
CCMFUT,11/14/2025 09:47:00,79.46,79.47,79.42,79.47,321748.83,9.0
CCMFUT,11/14/2025 09:46:00,79.51,79.51,79.47,79.47,2719141.94,76.0
CCMFUT,11/14/2025 09:45:00,79.52,79.52,79.51,79.51,3041314.08,85.0
CCMFUT,11/14/2025 09:44:00,79.52,79.52,79.51,79.51,393586.21,11.0
CCMFUT,11/14/2025 09:42:00,79.52,79.52,79.51,79.51,715607.17,20.0
CCMFUT,11/14/2025 09:41:00,79.53,79.53,79.53,79.53,465272.41,13.0
CCMFUT,11/14/2025 09:40:00,79.53,79.53,79.51,79.51,2325747.23,65.0
CCMFUT,11/14/2025 09:36:00,79.59,79.59,79.53,79.53,465312.72,13.0
CCMFUT,11/14/2025 09:35:00,79.57,79.57,79.52,79.56,715808.75,20.0
CCMFUT,11/14/2025 09:32:00,79.57,79.67,79.57,79.67,465776.35,13.0
CCMFUT,11/14/2025 09:30:00,79.58,79.58,79.58,79.58,71620.69,2.0
CCMFUT,11/14/2025 09:26:00,79.59,79.59,79.58,79.58,107441.11,3.0
CCMFUT,11/14/2025 09:25:00,79.61,79.61,79.61,79.61,107476.38,3.0
CCMFUT,11/14/2025 09:24:00,79.61,79.62,79.61,79.62,465781.39,13.0
CCMFUT,11/14/2025 09:23:00,79.61,79.65,79.61,79.65,143332.08,4.0
CCMFUT,11/14/2025 09:21:00,79.59,79.59,79.59,79.59,35815.38,1.0
CCMFUT,11/14/2025 09:20:00,79.6,79.6,79.6,79.6,35820.42,1.0
CCMFUT,11/14/2025 09:19:00,79.57,79.57,79.53,79.57,429648.53,12.0
CCMFUT,11/14/2025 09:16:00,79.62,79.62,79.62,79.62,35830.5,1.0
CCMFUT,11/14/2025 09:15:00,79.61,79.61,79.51,79.57,2182929.17,61.0
CCMFUT,11/14/2025 09:14:00,79.65,79.65,79.61,79.62,752465.72,21.0
CCMFUT,11/14/2025 09:11:00,79.68,79.68,79.68,79.68,322701.28,9.0
CCMFUT,11/14/2025 09:08:00,79.65,79.65,79.62,79.65,609214.27,17.0
CCMFUT,11/14/2025 09:07:00,79.68,79.68,79.68,79.68,35855.7,1.0
CCMFUT,11/14/2025 09:06:00,79.62,79.65,79.62,79.65,214993.08,6.0
CCMFUT,11/14/2025 09:05:00,79.68,79.68,79.63,79.63,250954.61,7.0
CCMFUT,11/14/2025 09:04:00,79.67,79.67,79.67,79.67,35850.66,1.0
CCMFUT,11/14/2025 09:03:00,79.65,79.94,79.59,79.59,2835986.67,79.0
CCMFUT,11/14/2025 09:02:00,79.61,79.61,79.61,79.61,107476.38,3.0
CCMFUT,11/14/2025 09:00:00,79.65,79.74,79.37,79.59,931169.71,26.0
CCMFUT,11/13/2025 17:05:00,79.48,79.7,79.43,79.5,1574672.4,44.0
CCMFUT,11/13/2025 16:19:00,79.51,79.57,79.48,79.51,2469044.04,69.0
CCMFUT,11/13/2025 16:18:00,79.48,79.51,79.47,79.51,1109011.96,31.0
CCMFUT,11/13/2025 16:17:00,79.47,79.5,79.47,79.48,357665.0,10.0
CCMFUT,11/13/2025 16:16:00,79.51,79.52,79.46,79.47,1752837.18,49.0
CCMFUT,11/13/2025 16:15:00,79.46,79.54,79.42,79.51,5614619.34,157.0
CCMFUT,11/13/2025 16:14:00,79.46,79.46,79.42,79.42,1036831.89,29.0
CCMFUT,11/13/2025 16:13:00,79.48,79.48,79.43,79.46,3504056.69,98.0
CCMFUT,11/13/2025 16:12:00,79.49,79.54,79.48,79.5,751346.96,21.0
CCMFUT,11/13/2025 16:11:00,79.5,79.5,79.47,79.47,286155.18,8.0
CCMFUT,11/13/2025 16:10:00,79.46,79.52,79.44,79.46,4469983.5,125.0
CCMFUT,11/13/2025 16:09:00,79.41,79.46,79.4,79.46,1287015.47,36.0
CCMFUT,11/13/2025 16:08:00,79.4,79.4,79.4,79.4,107189.14,3.0
CCMFUT,11/13/2025 16:07:00,79.4,79.42,79.4,79.42,1179095.61,33.0
CCMFUT,11/13/2025 16:04:00,79.4,79.41,79.4,79.41,1322009.42,37.0
CCMFUT,11/13/2025 16:03:00,79.4,79.4,79.4,79.4,35729.71,1.0
CCMFUT,11/13/2025 16:02:00,79.43,79.43,79.4,79.42,214438.74,6.0
CCMFUT,11/13/2025 16:01:00,79.43,79.43,79.42,79.43,142974.28,4.0
CCMFUT,11/13/2025 16:00:00,79.39,79.53,79.38,79.41,6971844.44,195.0
CCMFUT,11/13/2025 15:59:00,79.39,79.39,79.39,79.39,35724.67,1.0
CCMFUT,11/13/2025 15:46:00,79.34,79.34,79.32,79.32,71398.95,2.0
CCMFUT,11/13/2025 15:40:00,79.33,79.33,79.33,79.33,35699.48,1.0
CCMFUT,11/13/2025 15:38:00,79.31,79.33,79.31,79.33,321239.84,9.0
CCMFUT,11/13/2025 15:37:00,79.29,79.3,79.29,79.3,214080.94,6.0
CCMFUT,11/13/2025 15:35:00,79.29,79.29,79.29,79.29,71358.63,2.0
CCMFUT,11/13/2025 15:34:00,79.29,79.3,79.29,79.3,71363.67,2.0
CCMFUT,11/13/2025 15:33:00,79.29,79.29,79.29,79.29,35679.32,1.0
CCMFUT,11/13/2025 15:32:00,79.29,79.29,79.29,79.29,35679.32,1.0
CCMFUT,11/13/2025 15:31:00,79.25,79.3,79.25,79.3,249735.06,7.0
CCMFUT,11/13/2025 15:30:00,79.3,79.3,79.28,79.29,214075.9,6.0
CCMFUT,11/13/2025 15:29:00,79.32,79.32,79.32,79.32,35694.44,1.0
CCMFUT,11/13/2025 15:27:00,79.37,79.37,79.24,79.25,1463124.14,41.0
CCMFUT,11/13/2025 15:25:00,79.34,79.38,79.34,79.38,285651.24,8.0
CCMFUT,11/13/2025 15:24:00,79.35,79.35,79.34,79.34,3713319.92,104.0
CCMFUT,11/13/2025 15:23:00,79.4,79.4,79.33,79.38,750061.9,21.0
CCMFUT,11/13/2025 15:22:00,79.4,79.4,79.4,79.4,571675.39,16.0
CCMFUT,11/13/2025 15:21:00,79.4,79.41,79.4,79.4,2429630.49,68.0
CCMFUT,11/13/2025 15:20:00,79.42,79.42,79.34,79.41,1536196.19,43.0
CCMFUT,11/13/2025 15:19:00,79.48,79.48,79.42,79.42,357493.66,10.0
CCMFUT,11/13/2025 15:18:00,79.5,79.51,79.49,79.49,965916.73,27.0
CCMFUT,11/13/2025 15:17:00,79.48,79.49,79.48,79.49,7975597.37,223.0
CCMFUT,11/13/2025 15:16:00,79.47,79.47,79.46,79.47,178794.7,5.0
CCMFUT,11/13/2025 15:15:00,79.49,79.54,79.47,79.49,8871662.26,248.0
CCMFUT,11/13/2025 15:14:00,79.51,79.51,79.51,79.51,35780.11,1.0
CCMFUT,11/13/2025 15:13:00,79.51,79.51,79.49,79.49,250425.47,7.0
CCMFUT,11/13/2025 15:11:00,79.51,79.53,79.51,79.53,894527.86,25.0
CCMFUT,11/13/2025 15:10:00,79.49,79.5,79.49,79.5,286195.5,8.0
CCMFUT,11/13/2025 15:08:00,79.49,79.51,79.46,79.48,1430846.46,40.0
CCMFUT,11/13/2025 15:06:00,79.47,79.47,79.46,79.46,143029.72,4.0
CCMFUT,11/13/2025 15:05:00,79.47,79.48,79.46,79.47,429124.42,12.0
CCMFUT,11/13/2025 15:03:00,79.44,79.44,79.44,79.44,35749.87,1.0
CCMFUT,11/13/2025 15:00:00,79.46,79.46,79.43,79.43,214509.3,6.0
CCMFUT,11/13/2025 14:57:00,79.43,79.43,79.43,79.43,35744.83,1.0
CCMFUT,11/13/2025 14:55:00,79.46,79.46,79.46,79.46,71509.82,2.0
CCMFUT,11/13/2025 14:52:00,79.44,79.44,79.44,79.44,35749.87,1.0
CCMFUT,11/13/2025 14:51:00,79.44,79.44,79.44,79.44,35749.87,1.0
CCMFUT,11/13/2025 14:50:00,79.44,79.44,79.44,79.44,107249.61,3.0
CCMFUT,11/13/2025 14:46:00,79.44,79.44,79.44,79.44,142999.48,4.0
CCMFUT,11/13/2025 14:45:00,79.42,79.46,79.42,79.46,428973.24,12.0
CCMFUT,11/13/2025 14:43:00,79.38,79.38,79.38,79.38,321476.7,9.0
CCMFUT,11/13/2025 14:42:00,79.4,79.4,79.4,79.4,142918.85,4.0
CCMFUT,11/13/2025 14:41:00,79.43,79.43,79.42,79.42,107224.41,3.0
CCMFUT,11/13/2025 14:40:00,79.43,79.46,79.43,79.46,107244.57,3.0
CCMFUT,11/13/2025 14:39:00,79.51,79.51,79.48,79.48,107325.2,3.0
CCMFUT,11/13/2025 14:38:00,79.5,79.5,79.5,79.5,71550.13,2.0
CCMFUT,11/13/2025 14:35:00,79.51,79.51,79.51,79.51,35780.11,1.0
CCMFUT,11/13/2025 14:34:00,79.56,79.56,79.52,79.52,536898.13,15.0
CCMFUT,11/13/2025 14:33:00,79.53,79.53,79.53,79.53,71580.37,2.0
CCMFUT,11/13/2025 14:31:00,79.58,79.58,79.44,79.51,1574158.38,44.0
CCMFUT,11/13/2025 14:30:00,79.56,79.61,79.56,79.58,1038676.33,29.0
CCMFUT,11/13/2025 14:29:00,79.59,79.59,79.57,79.57,143251.45,4.0
CCMFUT,11/13/2025 14:28:00,79.56,79.61,79.56,79.61,716373.16,20.0
CCMFUT,11/13/2025 14:27:00,79.58,79.58,79.53,79.53,143196.02,4.0
CCMFUT,11/13/2025 14:26:00,79.62,79.62,79.62,79.62,286644.01,8.0
CCMFUT,11/13/2025 14:25:00,79.65,79.65,79.57,79.62,1683897.48,47.0
CCMFUT,11/13/2025 14:24:00,79.62,79.72,79.6,79.62,3584456.1,100.0
CCMFUT,11/13/2025 14:23:00,79.62,79.63,79.61,79.62,824096.48,23.0
CCMFUT,11/13/2025 14:22:00,79.62,79.62,79.62,79.62,752440.52,21.0
CCMFUT,11/13/2025 14:21:00,79.6,79.61,79.6,79.61,179107.15,5.0
CCMFUT,11/13/2025 14:20:00,79.59,79.62,79.57,79.59,788094.64,22.0
CCMFUT,11/13/2025 14:19:00,79.62,79.62,79.37,79.52,5115758.98,143.0
CCMFUT,11/13/2025 14:18:00,79.62,79.63,79.6,79.63,644938.94,18.0
CCMFUT,11/13/2025 14:17:00,79.62,79.65,79.62,79.62,752460.68,21.0
CCMFUT,11/13/2025 14:16:00,79.65,79.65,79.63,79.63,573434.16,16.0
CCMFUT,11/13/2025 14:15:00,79.63,79.67,79.62,79.62,2186063.71,61.0
CCMFUT,11/13/2025 14:14:00,79.62,79.63,79.58,79.63,1361493.52,38.0
CCMFUT,11/13/2025 14:13:00,79.6,79.62,79.6,79.62,179132.35,5.0
CCMFUT,11/13/2025 14:12:00,79.57,79.62,79.57,79.61,429910.58,12.0
CCMFUT,11/13/2025 14:11:00,79.57,79.57,79.57,79.57,107415.91,3.0
CCMFUT,11/13/2025 14:08:00,79.53,79.53,79.53,79.53,35790.19,1.0
CCMFUT,11/13/2025 14:07:00,79.54,79.54,79.52,79.52,214741.11,6.0
CCMFUT,11/13/2025 14:06:00,79.57,79.57,79.56,79.56,179016.44,5.0
CCMFUT,11/13/2025 14:05:00,79.58,79.62,79.58,79.6,394019.6,11.0
CCMFUT,11/13/2025 14:04:00,79.58,79.58,79.58,79.58,35810.34,1.0
CCMFUT,11/13/2025 14:02:00,79.56,79.56,79.54,79.54,250591.77,7.0
CCMFUT,11/13/2025 14:01:00,79.59,79.59,79.54,79.56,1253281.38,35.0
CCMFUT,11/13/2025 14:00:00,79.48,79.74,79.48,79.59,11038117.47,308.0
CCMFUT,11/13/2025 13:59:00,79.47,79.47,79.47,79.47,250319.64,7.0
CCMFUT,11/13/2025 13:58:00,79.47,79.47,79.47,79.47,643679.07,18.0
CCMFUT,11/13/2025 13:57:00,79.47,79.47,79.47,79.47,107279.85,3.0
CCMFUT,11/13/2025 13:56:00,79.47,79.47,79.47,79.47,35759.95,1.0
CCMFUT,11/13/2025 13:55:00,79.47,79.47,79.47,79.47,71519.9,2.0
CCMFUT,11/13/2025 13:53:00,79.46,79.46,79.42,79.44,285988.88,8.0
CCMFUT,11/13/2025 13:50:00,79.46,79.46,79.46,79.46,35754.91,1.0
CCMFUT,11/13/2025 13:47:00,79.47,79.47,79.47,79.47,35759.95,1.0
CCMFUT,11/13/2025 13:46:00,79.49,79.5,79.49,79.5,143090.19,4.0
CCMFUT,11/13/2025 13:44:00,79.47,79.47,79.44,79.44,71509.82,2.0
CCMFUT,11/13/2025 13:43:00,79.46,79.47,79.46,79.47,250289.4,7.0
CCMFUT,11/13/2025 13:38:00,79.44,79.44,79.44,79.44,35749.87,1.0
CCMFUT,11/13/2025 13:36:00,79.51,79.51,79.46,79.46,357654.92,10.0
CCMFUT,11/13/2025 13:35:00,79.48,79.51,79.48,79.49,1288023.36,36.0
CCMFUT,11/13/2025 13:34:00,79.4,79.51,79.4,79.51,3433035.7,96.0
CCMFUT,11/13/2025 13:33:00,79.4,79.4,79.38,79.4,750298.75,21.0
CCMFUT,11/13/2025 13:32:00,79.39,79.4,79.38,79.39,893177.28,25.0
CCMFUT,11/13/2025 13:31:00,79.34,79.39,79.34,79.39,1713977.96,48.0
CCMFUT,11/13/2025 13:30:00,79.34,79.34,79.34,79.34,464158.69,13.0
CCMFUT,11/13/2025 13:29:00,79.32,79.32,79.32,79.32,356944.36,10.0
CCMFUT,11/13/2025 13:27:00,79.31,79.31,79.31,79.31,285515.17,8.0
CCMFUT,11/13/2025 13:26:00,79.31,79.31,79.31,79.31,71378.79,2.0
CCMFUT,11/13/2025 13:25:00,79.31,79.31,79.29,79.29,356873.8,10.0
CCMFUT,11/13/2025 13:15:00,79.29,79.29,79.29,79.29,249755.22,7.0
CCMFUT,11/13/2025 13:09:00,79.3,79.3,79.3,79.3,71368.71,2.0
CCMFUT,11/13/2025 13:06:00,79.29,79.29,79.28,79.28,463805.93,13.0
CCMFUT,11/13/2025 13:04:00,79.29,79.29,79.29,79.29,35679.32,1.0
CCMFUT,11/13/2025 13:03:00,79.31,79.33,79.31,79.33,71388.87,2.0
CCMFUT,11/13/2025 13:01:00,79.32,79.32,79.3,79.3,142757.59,4.0
CCMFUT,11/13/2025 13:00:00,79.33,79.34,79.33,79.34,107103.46,3.0
CCMFUT,11/13/2025 12:59:00,79.31,79.33,79.31,79.33,107078.27,3.0
CCMFUT,11/13/2025 12:58:00,79.32,79.32,79.3,79.3,249835.85,7.0
CCMFUT,11/13/2025 12:57:00,79.28,79.3,79.26,79.3,1213036.32,34.0
CCMFUT,11/13/2025 12:54:00,79.25,79.28,79.25,79.28,71338.48,2.0
CCMFUT,11/13/2025 12:53:00,79.24,79.25,79.24,79.25,570551.59,16.0
CCMFUT,11/13/2025 12:51:00,79.25,79.26,79.25,79.25,249659.47,7.0
CCMFUT,11/13/2025 12:50:00,79.25,79.25,79.24,79.24,178310.92,5.0
CCMFUT,11/13/2025 12:49:00,79.25,79.25,79.25,79.25,35664.2,1.0
CCMFUT,11/13/2025 12:48:00,79.18,79.25,79.18,79.25,1746376.6,49.0
CCMFUT,11/13/2025 12:47:00,79.18,79.19,79.18,79.18,498845.24,14.0
CCMFUT,11/13/2025 12:39:00,79.14,79.14,79.14,79.14,35613.8,1.0
CCMFUT,11/13/2025 12:38:00,79.15,79.2,79.15,79.15,534383.45,15.0
CCMFUT,11/13/2025 12:37:00,79.15,79.15,79.15,79.15,71237.69,2.0
CCMFUT,11/13/2025 12:36:00,79.12,79.12,79.12,79.12,249226.08,7.0
CCMFUT,11/13/2025 12:32:00,79.1,79.1,79.1,79.1,35593.65,1.0
CCMFUT,11/13/2025 12:31:00,79.11,79.11,79.11,79.11,35598.69,1.0
CCMFUT,11/13/2025 12:30:00,79.12,79.12,79.11,79.11,71202.41,2.0
CCMFUT,11/13/2025 12:26:00,79.14,79.15,79.14,79.15,427370.69,12.0
CCMFUT,11/13/2025 12:22:00,79.14,79.14,79.13,79.13,213677.79,6.0
CCMFUT,11/13/2025 12:20:00,79.14,79.14,79.13,79.13,320519.2,9.0
CCMFUT,11/13/2025 12:19:00,79.16,79.16,79.15,79.15,249336.95,7.0
CCMFUT,11/13/2025 12:18:00,79.18,79.18,79.18,79.18,71257.85,2.0
CCMFUT,11/13/2025 12:15:00,79.18,79.18,79.18,79.18,71257.85,2.0
CCMFUT,11/13/2025 12:14:00,79.21,79.21,79.16,79.18,997700.55,28.0
CCMFUT,11/13/2025 12:10:00,79.18,79.24,79.18,79.2,641572.58,18.0
CCMFUT,11/13/2025 12:05:00,79.15,79.15,79.12,79.12,925868.21,26.0
CCMFUT,11/13/2025 12:03:00,79.18,79.18,79.18,79.18,178144.61,5.0
CCMFUT,11/13/2025 12:02:00,79.18,79.18,79.18,79.18,356289.23,10.0
CCMFUT,11/13/2025 12:01:00,79.14,79.18,79.14,79.18,463019.77,13.0
CCMFUT,11/13/2025 11:59:00,79.15,79.15,79.15,79.15,106856.53,3.0
CCMFUT,11/13/2025 11:55:00,79.18,79.18,79.12,79.14,427431.17,12.0
CCMFUT,11/13/2025 11:50:00,79.18,79.18,79.16,79.16,178124.46,5.0
CCMFUT,11/13/2025 11:48:00,79.2,79.2,79.2,79.2,142556.01,4.0
CCMFUT,11/13/2025 11:42:00,79.19,79.19,79.19,79.19,35633.96,1.0
CCMFUT,11/13/2025 11:41:00,79.19,79.19,79.19,79.19,35633.96,1.0
CCMFUT,11/13/2025 11:39:00,79.21,79.23,79.21,79.23,2887933.33,81.0
CCMFUT,11/13/2025 11:31:00,79.18,79.18,79.16,79.18,997604.8,28.0
CCMFUT,11/13/2025 11:21:00,79.18,79.18,79.18,79.18,35628.92,1.0
CCMFUT,11/13/2025 11:20:00,79.19,79.19,79.18,79.18,178149.65,5.0
CCMFUT,11/13/2025 11:18:00,79.2,79.2,79.2,79.2,35639.0,1.0
CCMFUT,11/13/2025 11:17:00,79.23,79.24,79.23,79.23,606135.16,17.0
CCMFUT,11/13/2025 11:15:00,79.3,79.3,79.25,79.25,214035.59,6.0
CCMFUT,11/13/2025 11:14:00,79.3,79.32,79.3,79.3,107063.15,3.0
CCMFUT,11/13/2025 11:12:00,79.32,79.34,79.32,79.34,714039.9,20.0
CCMFUT,11/13/2025 11:11:00,79.32,79.32,79.28,79.28,249830.81,7.0
CCMFUT,11/13/2025 11:09:00,79.28,79.32,79.28,79.29,463896.64,13.0
CCMFUT,11/13/2025 11:06:00,79.29,79.3,79.29,79.29,392512.81,11.0
CCMFUT,11/13/2025 11:04:00,79.28,79.28,79.28,79.28,71348.56,2.0
CCMFUT,11/13/2025 11:01:00,79.24,79.26,79.24,79.26,213985.19,6.0
CCMFUT,11/13/2025 11:00:00,79.24,79.24,79.21,79.21,142616.48,4.0
CCMFUT,11/13/2025 10:58:00,79.28,79.28,79.25,79.25,214020.47,6.0
CCMFUT,11/13/2025 10:56:00,79.28,79.3,79.26,79.3,214070.86,6.0
CCMFUT,11/13/2025 10:55:00,79.32,79.33,79.28,79.28,535295.59,15.0
CCMFUT,11/13/2025 10:54:00,79.29,79.29,79.29,79.29,35679.32,1.0
CCMFUT,11/13/2025 10:52:00,79.22,79.23,79.22,79.23,784385.6,22.0
CCMFUT,11/13/2025 10:42:00,79.19,79.19,79.18,79.18,213793.69,6.0
CCMFUT,11/13/2025 10:36:00,79.16,79.19,79.16,79.19,463221.35,13.0
CCMFUT,11/13/2025 10:26:00,79.07,79.11,79.07,79.11,213577.0,6.0
CCMFUT,11/13/2025 10:19:00,79.07,79.07,79.05,79.05,391389.01,11.0
CCMFUT,11/13/2025 10:14:00,79.07,79.07,79.07,79.07,35583.57,1.0
CCMFUT,11/13/2025 10:13:00,79.09,79.09,79.09,79.09,106765.82,3.0
CCMFUT,11/13/2025 10:12:00,79.09,79.09,79.07,79.09,320287.39,9.0
CCMFUT,11/13/2025 10:11:00,79.13,79.13,79.07,79.12,1637569.8,46.0
CCMFUT,11/13/2025 10:09:00,79.18,79.18,79.18,79.18,178144.61,5.0
CCMFUT,11/13/2025 10:07:00,79.19,79.19,79.19,79.19,35633.96,1.0
CCMFUT,11/13/2025 10:06:00,79.18,79.18,79.18,79.18,35628.92,1.0
CCMFUT,11/13/2025 10:04:00,79.19,79.19,79.18,79.18,249412.54,7.0
CCMFUT,11/13/2025 10:03:00,79.2,79.23,79.2,79.23,712981.61,20.0
CCMFUT,11/13/2025 10:02:00,79.16,79.23,79.16,79.23,1497130.36,42.0
CCMFUT,11/13/2025 10:01:00,79.14,79.18,79.14,79.18,178104.3,5.0
CCMFUT,11/13/2025 09:54:00,79.12,79.12,79.12,79.12,71207.45,2.0
CCMFUT,11/13/2025 09:52:00,79.12,79.12,79.12,79.12,35603.73,1.0
CCMFUT,11/13/2025 09:40:00,79.12,79.12,79.12,79.12,71207.45,2.0
CCMFUT,11/13/2025 09:38:00,79.12,79.12,79.12,79.12,71207.45,2.0
CCMFUT,11/13/2025 09:32:00,79.12,79.12,79.11,79.11,106806.14,3.0
CCMFUT,11/13/2025 09:31:00,79.14,79.14,79.11,79.12,213632.43,6.0
CCMFUT,11/13/2025 09:30:00,79.18,79.21,79.14,79.14,676878.98,19.0
CCMFUT,11/13/2025 09:29:00,79.14,79.14,79.14,79.14,35613.8,1.0
CCMFUT,11/13/2025 09:28:00,79.18,79.18,79.18,79.18,178144.61,5.0
CCMFUT,11/13/2025 09:26:00,79.23,79.23,79.18,79.18,570254.26,16.0
CCMFUT,11/13/2025 09:24:00,79.31,79.31,79.21,79.23,1283966.6,36.0
CCMFUT,11/13/2025 09:23:00,79.26,79.26,79.26,79.26,35669.24,1.0
CCMFUT,11/13/2025 09:22:00,79.34,79.34,79.29,79.29,856480.0,24.0
CCMFUT,11/13/2025 09:21:00,79.34,79.34,79.34,79.34,35704.51,1.0
CCMFUT,11/13/2025 09:20:00,79.35,79.38,79.32,79.34,214237.17,6.0
CCMFUT,11/13/2025 09:19:00,79.37,79.38,79.37,79.38,71434.23,2.0
CCMFUT,11/13/2025 09:18:00,79.34,79.4,79.33,79.37,892864.84,25.0
CCMFUT,11/13/2025 09:17:00,79.39,79.39,79.35,79.35,214322.84,6.0
CCMFUT,11/13/2025 09:11:00,79.32,79.32,79.3,79.3,71378.79,2.0
CCMFUT,11/13/2025 09:10:00,79.28,79.33,79.28,79.31,963427.24,27.0
CCMFUT,11/13/2025 09:09:00,79.23,79.26,79.23,79.26,499218.16,14.0
CCMFUT,11/13/2025 09:08:00,79.2,79.2,79.19,79.19,178189.97,5.0
CCMFUT,11/13/2025 09:07:00,79.19,79.2,79.19,79.2,106906.93,3.0
CCMFUT,11/13/2025 09:06:00,79.23,79.23,79.19,79.19,213904.56,6.0
CCMFUT,11/13/2025 09:05:00,79.19,79.22,79.16,79.22,712785.07,20.0
CCMFUT,11/13/2025 09:04:00,79.14,79.2,79.14,79.2,427395.89,12.0
CCMFUT,11/13/2025 09:03:00,79.1,79.14,79.1,79.14,213627.39,6.0
CCMFUT,11/13/2025 09:02:00,79.1,79.1,79.1,79.1,35593.65,1.0
CCMFUT,11/13/2025 09:01:00,79.02,79.1,79.02,79.1,355875.99,10.0
CCMFUT,11/13/2025 09:00:00,79.26,79.26,78.94,79.06,391676.26,11.0
CCMFUT,11/12/2025 17:05:00,79.23,79.4,79.12,79.13,4739720.14,133.0
CCMFUT,11/12/2025 16:19:00,79.26,79.28,79.22,79.23,2104071.83,59.0
CCMFUT,11/12/2025 16:18:00,79.28,79.29,79.23,79.28,4102244.63,115.0
CCMFUT,11/12/2025 16:17:00,79.26,79.28,79.26,79.28,820432.8,23.0
CCMFUT,11/12/2025 16:16:00,79.25,79.26,79.25,79.26,356672.23,10.0
CCMFUT,11/12/2025 16:15:00,79.24,79.25,79.23,79.23,356606.71,10.0
CCMFUT,11/12/2025 16:14:00,79.24,79.24,79.24,79.24,35659.16,1.0
CCMFUT,11/12/2025 16:13:00,79.22,79.25,79.22,79.25,2781137.28,78.0
CCMFUT,11/12/2025 16:12:00,79.22,79.22,79.22,79.22,106947.24,3.0
CCMFUT,11/12/2025 16:11:00,79.21,79.23,79.21,79.23,1889250.09,53.0
CCMFUT,11/12/2025 16:10:00,79.21,79.22,79.21,79.22,784224.34,22.0
CCMFUT,11/12/2025 16:09:00,79.22,79.22,79.21,79.21,1140705.07,32.0
CCMFUT,11/12/2025 16:08:00,79.22,79.22,79.22,79.22,106947.24,3.0
CCMFUT,11/12/2025 16:07:00,79.21,79.23,79.21,79.23,2638349.45,74.0
CCMFUT,11/12/2025 16:06:00,79.22,79.23,79.22,79.23,356495.85,10.0
CCMFUT,11/12/2025 16:05:00,79.22,79.22,79.22,79.22,178245.4,5.0
CCMFUT,11/12/2025 16:03:00,79.2,79.2,79.19,79.19,356384.98,10.0
CCMFUT,11/12/2025 16:02:00,79.22,79.22,79.2,79.2,570259.3,16.0
CCMFUT,11/12/2025 16:01:00,79.23,79.24,79.22,79.24,1247989.95,35.0
CCMFUT,11/12/2025 16:00:00,79.2,79.23,79.18,79.23,2887071.59,81.0
CCMFUT,11/12/2025 15:59:00,79.23,79.23,79.2,79.2,1140493.41,32.0
CCMFUT,11/12/2025 15:58:00,79.23,79.25,79.22,79.22,1176701.87,33.0
CCMFUT,11/12/2025 15:57:00,79.22,79.24,79.21,79.23,1675789.0,47.0
CCMFUT,11/12/2025 15:56:00,79.23,79.25,79.23,79.23,3958227.19,111.0
CCMFUT,11/12/2025 15:55:00,79.2,79.25,79.2,79.23,7095164.86,199.0
CCMFUT,11/12/2025 15:54:00,79.2,79.21,79.2,79.21,320781.25,9.0
CCMFUT,11/12/2025 15:53:00,79.18,79.19,79.18,79.19,855099.19,24.0
CCMFUT,11/12/2025 15:52:00,79.16,79.16,79.16,79.16,356238.83,10.0
CCMFUT,11/12/2025 15:51:00,79.16,79.16,79.16,79.16,356238.83,10.0
CCMFUT,11/12/2025 15:50:00,79.16,79.18,79.16,79.16,1816823.09,51.0
CCMFUT,11/12/2025 15:49:00,79.16,79.18,79.16,79.18,213748.34,6.0
CCMFUT,11/12/2025 15:48:00,79.18,79.18,79.16,79.16,641295.41,18.0
CCMFUT,11/12/2025 15:47:00,79.18,79.18,79.18,79.18,1318270.15,37.0
CCMFUT,11/12/2025 15:46:00,79.18,79.18,79.16,79.16,320655.27,9.0
CCMFUT,11/12/2025 15:45:00,79.18,79.18,79.18,79.18,427547.07,12.0
CCMFUT,11/12/2025 15:43:00,79.14,79.14,79.14,79.14,284910.44,8.0
CCMFUT,11/12/2025 15:42:00,79.16,79.16,79.16,79.16,35623.88,1.0
CCMFUT,11/12/2025 15:39:00,79.18,79.19,79.18,79.18,641325.65,18.0
CCMFUT,11/12/2025 15:38:00,79.15,79.15,79.15,79.15,142475.38,4.0
CCMFUT,11/12/2025 15:37:00,79.16,79.16,79.16,79.16,71247.77,2.0
CCMFUT,11/12/2025 15:36:00,79.2,79.2,79.15,79.16,4346839.46,122.0
CCMFUT,11/12/2025 15:35:00,79.23,79.23,79.2,79.21,534670.7,15.0
CCMFUT,11/12/2025 15:34:00,79.29,79.29,79.26,79.28,606457.69,17.0
CCMFUT,11/12/2025 15:33:00,79.29,79.29,79.24,79.29,535078.89,15.0
CCMFUT,11/12/2025 15:32:00,79.23,79.29,79.23,79.29,1105847.18,31.0
CCMFUT,11/12/2025 15:31:00,79.23,79.23,79.22,79.23,1711256.66,48.0
CCMFUT,11/12/2025 15:30:00,79.23,79.24,79.2,79.23,356516.0,10.0
CCMFUT,11/12/2025 15:29:00,79.15,79.23,79.15,79.23,4204293.53,118.0
CCMFUT,11/12/2025 15:28:00,79.15,79.16,79.13,79.15,1211166.68,34.0
CCMFUT,11/12/2025 15:26:00,79.11,79.14,79.09,79.14,320428.49,9.0
CCMFUT,11/12/2025 15:25:00,79.05,79.11,79.05,79.11,1850587.42,52.0
CCMFUT,11/12/2025 15:24:00,79.0,79.06,79.0,79.04,3699154.02,104.0
CCMFUT,11/12/2025 15:23:00,78.97,79.01,78.96,78.97,1243933.2,35.0
CCMFUT,11/12/2025 15:21:00,78.99,79.0,78.99,79.0,177736.42,5.0
CCMFUT,11/12/2025 15:20:00,78.97,78.97,78.96,78.96,71071.39,2.0
CCMFUT,11/12/2025 15:18:00,78.96,78.97,78.96,78.97,177670.91,5.0
CCMFUT,11/12/2025 15:15:00,78.93,78.96,78.92,78.95,675004.31,19.0
CCMFUT,11/12/2025 15:14:00,78.96,78.96,78.95,78.95,106589.44,3.0
CCMFUT,11/12/2025 15:13:00,79.0,79.04,78.95,78.95,1315407.74,37.0
CCMFUT,11/12/2025 15:12:00,78.93,79.06,78.93,79.0,3590417.77,101.0
CCMFUT,11/12/2025 15:11:00,78.92,78.93,78.92,78.93,284134.36,8.0
CCMFUT,11/12/2025 15:10:00,78.92,78.92,78.92,78.92,106539.05,3.0
CCMFUT,11/12/2025 15:09:00,78.92,78.92,78.92,78.92,71026.03,2.0
CCMFUT,11/12/2025 15:08:00,78.91,78.91,78.91,78.91,71015.95,2.0
CCMFUT,11/12/2025 15:07:00,78.91,78.92,78.91,78.92,106528.97,3.0
CCMFUT,11/12/2025 15:06:00,78.9,78.9,78.9,78.9,816567.54,23.0
CCMFUT,11/12/2025 15:05:00,78.9,78.92,78.88,78.88,1029595.24,29.0
CCMFUT,11/12/2025 15:04:00,78.88,78.88,78.88,78.88,35497.9,1.0
CCMFUT,11/12/2025 15:01:00,78.9,78.9,78.87,78.87,248505.44,7.0
CCMFUT,11/12/2025 15:00:00,78.87,78.9,78.87,78.9,532453.34,15.0
CCMFUT,11/12/2025 14:53:00,78.87,78.87,78.86,78.86,390401.28,11.0
CCMFUT,11/12/2025 14:52:00,78.88,78.88,78.88,78.88,461472.66,13.0
CCMFUT,11/12/2025 14:45:00,78.88,78.88,78.88,78.88,1242426.4,35.0
CCMFUT,11/12/2025 14:34:00,78.88,78.88,78.88,78.88,212987.38,6.0
CCMFUT,11/12/2025 14:33:00,78.88,78.88,78.88,78.88,35497.9,1.0
CCMFUT,11/12/2025 14:31:00,78.9,78.9,78.9,78.9,106508.81,3.0
CCMFUT,11/12/2025 14:30:00,78.88,78.88,78.88,78.88,177489.49,5.0
CCMFUT,11/12/2025 14:26:00,78.86,78.88,78.86,78.88,283917.66,8.0
CCMFUT,11/12/2025 14:25:00,78.87,78.87,78.85,78.85,425899.17,12.0
CCMFUT,11/12/2025 14:22:00,78.88,78.9,78.88,78.9,141996.63,4.0
CCMFUT,11/12/2025 14:19:00,78.9,78.9,78.9,78.9,35502.94,1.0
CCMFUT,11/12/2025 14:17:00,78.87,78.9,78.87,78.9,70995.79,2.0
CCMFUT,11/12/2025 14:14:00,78.9,78.9,78.9,78.9,106508.81,3.0
CCMFUT,11/12/2025 14:13:00,78.93,78.93,78.93,78.93,106554.16,3.0
CCMFUT,11/12/2025 14:12:00,78.93,78.95,78.93,78.94,1811728.21,51.0
CCMFUT,11/12/2025 14:11:00,78.9,78.92,78.9,78.92,71015.95,2.0
CCMFUT,11/12/2025 14:10:00,78.93,78.93,78.93,78.93,71036.11,2.0
CCMFUT,11/12/2025 14:09:00,78.91,78.93,78.91,78.93,603741.42,17.0
CCMFUT,11/12/2025 14:08:00,78.9,78.9,78.87,78.88,1455534.73,41.0
CCMFUT,11/12/2025 14:07:00,78.88,78.91,78.87,78.9,1774920.05,50.0
CCMFUT,11/12/2025 14:06:00,78.88,78.9,78.88,78.88,709962.98,20.0
CCMFUT,11/12/2025 14:05:00,78.88,78.88,78.87,78.87,674434.85,19.0
CCMFUT,11/12/2025 14:04:00,78.88,78.9,78.87,78.87,745496.16,21.0
CCMFUT,11/12/2025 14:02:00,78.87,78.87,78.87,78.87,35492.86,1.0
CCMFUT,11/12/2025 14:00:00,78.84,78.92,78.84,78.92,1455131.57,41.0
CCMFUT,11/12/2025 13:59:00,78.83,78.83,78.83,78.83,177363.5,5.0
CCMFUT,11/12/2025 13:58:00,78.83,78.83,78.83,78.83,177363.5,5.0
CCMFUT,11/12/2025 13:57:00,78.81,78.82,78.81,78.82,390108.99,11.0
CCMFUT,11/12/2025 13:55:00,78.77,78.79,78.77,78.79,389983.0,11.0
CCMFUT,11/12/2025 13:54:00,78.78,78.78,78.78,78.78,460883.05,13.0
CCMFUT,11/12/2025 13:53:00,78.78,78.78,78.78,78.78,70905.08,2.0
CCMFUT,11/12/2025 13:52:00,78.78,78.78,78.78,78.78,177262.71,5.0
CCMFUT,11/12/2025 13:50:00,78.82,78.82,78.81,78.81,106397.94,3.0
CCMFUT,11/12/2025 13:48:00,78.83,78.83,78.83,78.83,106418.1,3.0
CCMFUT,11/12/2025 13:47:00,78.84,78.84,78.84,78.84,354777.39,10.0
CCMFUT,11/12/2025 13:46:00,78.83,78.85,78.83,78.83,851460.7,24.0
CCMFUT,11/12/2025 13:45:00,78.83,78.83,78.83,78.83,106418.1,3.0
CCMFUT,11/12/2025 13:44:00,78.85,78.86,78.84,78.84,1632167.51,46.0
CCMFUT,11/12/2025 13:43:00,78.85,78.85,78.85,78.85,1525759.49,43.0
CCMFUT,11/12/2025 13:41:00,78.81,78.86,78.81,78.85,993311.19,28.0
CCMFUT,11/12/2025 13:40:00,78.78,78.79,78.78,78.79,1063611.54,30.0
CCMFUT,11/12/2025 13:39:00,78.78,78.78,78.78,78.78,1311744.06,37.0
CCMFUT,11/12/2025 13:38:00,78.78,78.78,78.78,78.78,106357.63,3.0
CCMFUT,11/12/2025 13:37:00,78.78,78.79,78.78,78.79,744508.42,21.0
CCMFUT,11/12/2025 13:36:00,78.79,78.79,78.79,78.79,35457.58,1.0
CCMFUT,11/12/2025 13:35:00,78.82,78.82,78.79,78.79,106382.82,3.0
CCMFUT,11/12/2025 13:34:00,78.84,78.84,78.74,78.79,1312127.05,37.0
CCMFUT,11/12/2025 13:33:00,78.86,78.86,78.84,78.85,2200108.66,62.0
CCMFUT,11/12/2025 13:32:00,78.86,78.86,78.86,78.86,993658.91,28.0
CCMFUT,11/12/2025 13:30:00,78.85,78.87,78.85,78.86,1029141.69,29.0
CCMFUT,11/12/2025 13:29:00,78.85,78.85,78.84,78.84,177408.85,5.0
CCMFUT,11/12/2025 13:28:00,78.86,78.86,78.86,78.86,35487.82,1.0
CCMFUT,11/12/2025 13:27:00,78.86,78.86,78.86,78.86,319390.36,9.0
CCMFUT,11/12/2025 13:26:00,78.85,78.85,78.84,78.84,212871.48,6.0
CCMFUT,11/12/2025 13:25:00,78.86,78.86,78.86,78.86,141951.27,4.0
CCMFUT,11/12/2025 13:23:00,78.88,78.88,78.88,78.88,141991.59,4.0
CCMFUT,11/12/2025 13:22:00,78.86,78.86,78.86,78.86,70975.64,2.0
CCMFUT,11/12/2025 13:18:00,78.81,78.86,78.81,78.86,354757.24,10.0
CCMFUT,11/12/2025 13:16:00,78.81,78.82,78.81,78.82,212785.8,6.0
CCMFUT,11/12/2025 13:14:00,78.81,78.81,78.81,78.81,70925.24,2.0
CCMFUT,11/12/2025 13:12:00,78.81,78.81,78.81,78.81,212775.73,6.0
CCMFUT,11/12/2025 13:11:00,78.81,78.81,78.81,78.81,70925.24,2.0
CCMFUT,11/12/2025 13:10:00,78.79,78.79,78.79,78.79,106372.74,3.0
CCMFUT,11/12/2025 13:01:00,78.79,78.84,78.79,78.83,390114.03,11.0
CCMFUT,11/12/2025 12:59:00,78.77,78.77,78.77,78.77,70895.01,2.0
CCMFUT,11/12/2025 12:56:00,78.77,78.78,78.77,78.78,141800.09,4.0
CCMFUT,11/12/2025 12:55:00,78.74,78.79,78.74,78.79,673467.27,19.0
CCMFUT,11/12/2025 12:46:00,78.75,78.77,78.75,78.77,106332.43,3.0
CCMFUT,11/12/2025 12:37:00,78.79,78.79,78.79,78.79,35457.58,1.0
CCMFUT,11/12/2025 12:36:00,78.82,78.82,78.79,78.79,177308.07,5.0
CCMFUT,11/12/2025 12:35:00,78.84,78.91,78.83,78.83,745289.54,21.0
CCMFUT,11/12/2025 12:34:00,78.82,78.82,78.82,78.82,106402.98,3.0
CCMFUT,11/12/2025 12:33:00,78.79,78.82,78.79,78.82,141850.48,4.0
CCMFUT,11/12/2025 12:31:00,78.78,78.78,78.78,78.78,35452.54,1.0
CCMFUT,11/12/2025 12:30:00,78.75,78.79,78.75,78.78,567190.28,16.0
CCMFUT,11/12/2025 12:27:00,78.77,78.78,78.77,78.77,248147.64,7.0
CCMFUT,11/12/2025 12:26:00,78.73,78.76,78.69,78.76,1098232.57,31.0
CCMFUT,11/12/2025 12:25:00,78.73,78.73,78.73,78.73,425128.14,12.0
CCMFUT,11/12/2025 12:24:00,78.72,78.72,78.72,78.72,35422.31,1.0
CCMFUT,11/12/2025 12:22:00,78.76,78.76,78.75,78.75,141754.73,4.0
CCMFUT,11/12/2025 12:21:00,78.74,78.78,78.74,78.76,886187.56,25.0
CCMFUT,11/12/2025 12:20:00,78.75,78.75,78.73,78.74,141729.54,4.0
CCMFUT,11/12/2025 12:19:00,78.69,78.75,78.69,78.74,2090097.44,59.0
CCMFUT,11/12/2025 12:18:00,78.64,78.68,78.64,78.68,318609.25,9.0
CCMFUT,11/12/2025 12:17:00,78.67,78.67,78.67,78.67,35402.15,1.0
CCMFUT,11/12/2025 12:15:00,78.69,78.71,78.68,78.68,177066.17,5.0
CCMFUT,11/12/2025 12:14:00,78.67,78.68,78.67,78.68,495650.22,14.0
CCMFUT,11/12/2025 12:13:00,78.65,78.68,78.65,78.66,1239029.81,35.0
CCMFUT,11/12/2025 12:11:00,78.64,78.64,78.64,78.64,106161.09,3.0
CCMFUT,11/12/2025 12:10:00,78.62,78.63,78.62,78.63,353794.7,10.0
CCMFUT,11/12/2025 12:09:00,78.59,78.6,78.59,78.6,212206.27,6.0
CCMFUT,11/12/2025 12:06:00,78.58,78.6,78.58,78.6,318271.61,9.0
CCMFUT,11/12/2025 12:04:00,78.56,78.56,78.56,78.56,35351.75,1.0
CCMFUT,11/12/2025 12:03:00,78.58,78.58,78.55,78.55,318160.74,9.0
CCMFUT,11/12/2025 12:02:00,78.56,78.6,78.56,78.59,495025.33,14.0
CCMFUT,11/12/2025 12:00:00,78.56,78.56,78.56,78.56,70703.51,2.0
CCMFUT,11/12/2025 11:57:00,78.56,78.56,78.56,78.56,70703.51,2.0
CCMFUT,11/12/2025 11:55:00,78.58,78.58,78.58,78.58,35361.83,1.0
CCMFUT,11/12/2025 11:50:00,78.59,78.59,78.59,78.59,35366.87,1.0
CCMFUT,11/12/2025 11:48:00,78.59,78.59,78.59,78.59,70733.74,2.0
CCMFUT,11/12/2025 11:47:00,78.58,78.58,78.58,78.58,70723.66,2.0
CCMFUT,11/12/2025 11:46:00,78.63,78.65,78.6,78.6,849218.15,24.0
CCMFUT,11/12/2025 11:45:00,78.58,78.62,78.58,78.62,1273388.79,36.0
CCMFUT,11/12/2025 11:44:00,78.53,78.56,78.53,78.56,565476.86,16.0
CCMFUT,11/12/2025 11:43:00,78.48,78.54,78.48,78.54,1483896.76,42.0
CCMFUT,11/12/2025 11:42:00,78.47,78.47,78.47,78.47,35311.44,1.0
CCMFUT,11/12/2025 11:41:00,78.46,78.47,78.46,78.47,176552.15,5.0
CCMFUT,11/12/2025 11:40:00,78.47,78.47,78.46,78.46,282481.42,8.0
CCMFUT,11/12/2025 11:38:00,78.47,78.47,78.47,78.47,282491.5,8.0
CCMFUT,11/12/2025 11:37:00,78.48,78.48,78.47,78.47,211883.74,6.0
CCMFUT,11/12/2025 11:33:00,78.46,78.48,78.46,78.48,953393.69,27.0
CCMFUT,11/12/2025 11:32:00,78.47,78.47,78.45,78.45,2824345.53,80.0
CCMFUT,11/12/2025 11:30:00,78.5,78.5,78.47,78.48,1024354.21,29.0
CCMFUT,11/12/2025 11:29:00,78.5,78.5,78.5,78.5,953817.01,27.0
CCMFUT,11/12/2025 11:28:00,78.5,78.5,78.5,78.5,70653.11,2.0
CCMFUT,11/12/2025 11:27:00,78.5,78.5,78.5,78.5,741857.67,21.0
CCMFUT,11/12/2025 11:26:00,78.51,78.51,78.51,78.51,529973.93,15.0
CCMFUT,11/12/2025 11:25:00,78.5,78.51,78.5,78.51,847852.46,24.0
CCMFUT,11/12/2025 11:24:00,78.51,78.55,78.51,78.51,918762.58,26.0
CCMFUT,11/12/2025 11:23:00,78.51,78.51,78.51,78.51,35331.6,1.0
CCMFUT,11/12/2025 11:18:00,78.53,78.53,78.53,78.53,35336.63,1.0
CCMFUT,11/12/2025 11:14:00,78.53,78.53,78.5,78.53,1236545.36,35.0
CCMFUT,11/12/2025 11:13:00,78.53,78.53,78.51,78.51,141341.5,4.0
CCMFUT,11/12/2025 11:11:00,78.56,78.56,78.54,78.54,424180.72,12.0
CCMFUT,11/12/2025 11:10:00,78.58,78.58,78.58,78.58,35361.83,1.0
CCMFUT,11/12/2025 11:09:00,78.59,78.6,78.56,78.57,848653.73,24.0
CCMFUT,11/12/2025 11:08:00,78.59,78.59,78.58,78.58,212176.03,6.0
CCMFUT,11/12/2025 11:07:00,78.64,78.64,78.6,78.6,424573.8,12.0
CCMFUT,11/12/2025 11:06:00,78.63,78.64,78.63,78.63,141538.04,4.0
CCMFUT,11/12/2025 11:04:00,78.65,78.65,78.65,78.65,35392.07,1.0
CCMFUT,11/12/2025 11:03:00,78.65,78.65,78.65,78.65,212352.41,6.0
CCMFUT,11/12/2025 11:02:00,78.65,78.65,78.65,78.65,212352.41,6.0
CCMFUT,11/12/2025 11:01:00,78.65,78.65,78.65,78.65,35392.07,1.0
CCMFUT,11/12/2025 11:00:00,78.65,78.65,78.65,78.65,283136.55,8.0
CCMFUT,11/12/2025 10:59:00,78.64,78.64,78.64,78.64,176935.15,5.0
CCMFUT,11/12/2025 10:57:00,78.63,78.64,78.63,78.63,460006.18,13.0
CCMFUT,11/12/2025 10:50:00,78.64,78.65,78.64,78.65,70779.1,2.0
CCMFUT,11/12/2025 10:47:00,78.66,78.66,78.66,78.66,70794.22,2.0
CCMFUT,11/12/2025 10:46:00,78.67,78.67,78.67,78.67,35402.15,1.0
CCMFUT,11/12/2025 10:45:00,78.66,78.68,78.66,78.68,778832.13,22.0
CCMFUT,11/12/2025 10:43:00,78.66,78.66,78.66,78.66,106191.32,3.0
CCMFUT,11/12/2025 10:40:00,78.62,78.66,78.62,78.66,601574.46,17.0
CCMFUT,11/12/2025 10:39:00,78.63,78.63,78.62,78.62,212286.9,6.0
CCMFUT,11/12/2025 10:36:00,78.64,78.64,78.64,78.64,35387.03,1.0
CCMFUT,11/12/2025 10:35:00,78.62,78.63,78.62,78.63,884459.03,25.0
CCMFUT,11/12/2025 10:34:00,78.63,78.63,78.63,78.63,70763.98,2.0
CCMFUT,11/12/2025 10:33:00,78.62,78.64,78.62,78.64,495337.78,14.0
CCMFUT,11/12/2025 10:32:00,78.58,78.6,78.58,78.59,459769.33,13.0
CCMFUT,11/12/2025 10:31:00,78.59,78.59,78.59,78.59,35366.87,1.0
CCMFUT,11/12/2025 10:30:00,78.59,78.59,78.59,78.59,35366.87,1.0
CCMFUT,11/12/2025 10:29:00,78.59,78.59,78.59,78.59,35366.87,1.0
CCMFUT,11/12/2025 10:26:00,78.58,78.58,78.57,78.57,70718.62,2.0
CCMFUT,11/12/2025 10:24:00,78.6,78.6,78.6,78.6,35371.91,1.0
CCMFUT,11/12/2025 10:23:00,78.6,78.6,78.59,78.6,353714.07,10.0
CCMFUT,11/12/2025 10:22:00,78.62,78.62,78.62,78.62,35376.95,1.0
CCMFUT,11/12/2025 10:21:00,78.58,78.59,78.58,78.59,212176.03,6.0
CCMFUT,11/12/2025 10:19:00,78.59,78.59,78.59,78.59,35366.87,1.0
CCMFUT,11/12/2025 10:18:00,78.59,78.59,78.58,78.59,176829.32,5.0
CCMFUT,11/12/2025 10:17:00,78.64,78.64,78.59,78.59,565990.89,16.0
CCMFUT,11/12/2025 10:16:00,78.67,78.67,78.67,78.67,35402.15,1.0
CCMFUT,11/12/2025 10:15:00,78.66,78.66,78.66,78.66,35397.11,1.0
CCMFUT,11/12/2025 10:14:00,78.62,78.66,78.62,78.66,283060.96,8.0
CCMFUT,11/12/2025 10:13:00,78.6,78.6,78.6,78.6,176859.55,5.0
CCMFUT,11/12/2025 10:12:00,78.6,78.6,78.6,78.6,70743.82,2.0
CCMFUT,11/12/2025 10:11:00,78.56,78.58,78.56,78.58,495005.17,14.0
CCMFUT,11/12/2025 10:10:00,78.55,78.57,78.55,78.56,353507.45,10.0
CCMFUT,11/12/2025 10:09:00,78.49,78.51,78.49,78.51,812500.7,23.0
CCMFUT,11/12/2025 10:08:00,78.46,78.48,78.46,78.48,565018.27,16.0
CCMFUT,11/12/2025 10:06:00,78.46,78.49,78.46,78.49,353119.41,10.0
CCMFUT,11/12/2025 10:05:00,78.46,78.49,78.46,78.46,3919131.12,111.0
CCMFUT,11/12/2025 10:04:00,78.47,78.48,78.46,78.48,918011.7,26.0
CCMFUT,11/12/2025 10:03:00,78.47,78.49,78.46,78.46,353134.53,10.0
CCMFUT,11/12/2025 10:02:00,78.48,78.48,78.46,78.47,1941892.2,55.0
CCMFUT,11/12/2025 10:01:00,78.5,78.51,78.49,78.49,282612.45,8.0
CCMFUT,11/12/2025 10:00:00,78.5,78.53,78.46,78.49,1165554.6,33.0
CCMFUT,11/12/2025 09:59:00,78.46,78.56,78.46,78.56,1236610.87,35.0
CCMFUT,11/12/2025 09:58:00,78.51,78.51,78.46,78.46,1130313.72,32.0
CCMFUT,11/12/2025 09:57:00,78.51,78.54,78.5,78.53,141336.46,4.0
CCMFUT,11/12/2025 09:56:00,78.53,78.55,78.5,78.53,600627.04,17.0
CCMFUT,11/12/2025 09:55:00,78.57,78.57,78.46,78.53,1907744.88,54.0
CCMFUT,11/12/2025 09:54:00,78.6,78.6,78.6,78.6,70743.82,2.0
CCMFUT,11/12/2025 09:53:00,78.6,78.6,78.6,78.6,141487.64,4.0
CCMFUT,11/12/2025 09:52:00,78.62,78.62,78.6,78.62,247633.61,7.0
CCMFUT,11/12/2025 09:51:00,78.59,78.64,78.57,78.6,636749.83,18.0
CCMFUT,11/12/2025 09:50:00,78.6,78.62,78.6,78.62,70748.86,2.0
CCMFUT,11/12/2025 09:49:00,78.65,78.65,78.59,78.59,955243.17,27.0
CCMFUT,11/12/2025 09:48:00,78.68,78.68,78.65,78.65,176985.54,5.0
CCMFUT,11/12/2025 09:45:00,78.64,78.72,78.64,78.72,849898.47,24.0
CCMFUT,11/12/2025 09:44:00,78.68,78.68,78.63,78.63,601715.56,17.0
CCMFUT,11/12/2025 09:43:00,78.68,78.68,78.68,78.68,70814.37,2.0
CCMFUT,11/12/2025 09:42:00,78.66,78.71,78.65,78.71,247850.31,7.0
CCMFUT,11/12/2025 09:41:00,78.68,78.69,78.68,78.69,177040.97,5.0
CCMFUT,11/12/2025 09:40:00,78.66,78.67,78.65,78.65,212392.73,6.0
CCMFUT,11/12/2025 09:39:00,78.65,78.65,78.64,78.65,247734.4,7.0
CCMFUT,11/12/2025 09:38:00,78.67,78.67,78.67,78.67,70804.3,2.0
CCMFUT,11/12/2025 09:37:00,78.64,78.65,78.64,78.65,283101.27,8.0
CCMFUT,11/12/2025 09:35:00,78.64,78.64,78.62,78.62,2794814.35,79.0
CCMFUT,11/12/2025 09:34:00,78.66,78.66,78.64,78.64,176965.38,5.0
CCMFUT,11/12/2025 09:33:00,78.68,78.68,78.67,78.67,1026707.63,29.0
CCMFUT,11/12/2025 09:32:00,78.69,78.73,78.67,78.67,1274774.64,36.0
CCMFUT,11/12/2025 09:31:00,78.66,78.67,78.64,78.67,1026485.9,29.0
CCMFUT,11/12/2025 09:30:00,78.74,78.74,78.62,78.64,4317459.45,122.0
CCMFUT,11/12/2025 09:29:00,78.77,78.77,78.68,78.76,4322503.94,122.0
CCMFUT,11/12/2025 09:28:00,78.78,78.82,78.78,78.78,354580.85,10.0
CCMFUT,11/12/2025 09:27:00,78.79,78.81,78.77,78.81,673689.01,19.0
CCMFUT,11/12/2025 09:26:00,78.81,78.81,78.78,78.81,602763.77,17.0
CCMFUT,11/12/2025 09:24:00,78.85,78.87,78.84,78.84,177423.97,5.0
CCMFUT,11/12/2025 09:22:00,78.87,78.87,78.87,78.87,35492.86,1.0
CCMFUT,11/12/2025 09:21:00,78.87,78.9,78.87,78.88,567981.47,16.0
CCMFUT,11/12/2025 09:20:00,78.86,78.86,78.86,78.86,35487.82,1.0
CCMFUT,11/12/2025 09:19:00,78.84,78.84,78.84,78.84,35477.74,1.0
CCMFUT,11/12/2025 09:15:00,78.82,78.82,78.82,78.82,106402.98,3.0
CCMFUT,11/12/2025 09:14:00,78.83,78.84,78.82,78.82,177358.46,5.0
CCMFUT,11/12/2025 09:12:00,78.83,78.83,78.82,78.82,248303.86,7.0
CCMFUT,11/12/2025 09:11:00,78.83,78.83,78.83,78.83,70945.4,2.0
CCMFUT,11/12/2025 09:10:00,78.87,78.88,78.87,78.87,780928.54,22.0
CCMFUT,11/12/2025 09:09:00,78.84,78.85,78.84,78.85,106443.3,3.0
CCMFUT,11/12/2025 09:08:00,78.85,78.86,78.85,78.86,283867.27,8.0
CCMFUT,11/12/2025 09:07:00,78.86,78.86,78.84,78.84,248399.61,7.0
CCMFUT,11/12/2025 09:06:00,78.88,78.9,78.88,78.9,213002.5,6.0
CCMFUT,11/12/2025 09:05:00,78.86,78.88,78.86,78.88,106473.53,3.0
CCMFUT,11/12/2025 09:04:00,78.88,78.88,78.84,78.84,106458.42,3.0
CCMFUT,11/12/2025 09:01:00,78.9,78.9,78.85,78.85,106488.65,3.0
CCMFUT,11/12/2025 09:00:00,78.78,78.95,78.78,78.78,106433.22,3.0
CCMFUT,11/11/2025 17:12:00,78.87,78.92,78.81,78.92,30326863.02,855.0
CCMFUT,11/11/2025 16:19:00,78.9,78.9,78.9,78.9,35502.94,1.0
CCMFUT,11/11/2025 16:18:00,78.88,78.88,78.88,78.88,1135926.33,32.0
CCMFUT,11/11/2025 16:17:00,78.87,78.87,78.87,78.87,141969.84,4.0
CCMFUT,11/11/2025 16:16:00,78.87,78.87,78.87,78.87,248447.21,7.0
CCMFUT,11/11/2025 16:15:00,78.87,78.87,78.87,78.87,70984.92,2.0
CCMFUT,11/11/2025 16:14:00,78.87,78.88,78.87,78.87,4578542.94,129.0
CCMFUT,11/11/2025 16:13:00,78.88,78.88,78.87,78.87,1029286.55,29.0
CCMFUT,11/11/2025 16:12:00,78.91,78.91,78.84,78.9,4293471.7,121.0
CCMFUT,11/11/2025 16:11:00,78.88,78.88,78.87,78.87,248452.45,7.0
CCMFUT,11/11/2025 16:10:00,78.9,78.9,78.88,78.88,106498.33,3.0
CCMFUT,11/11/2025 16:09:00,78.93,78.99,78.91,78.91,1669905.79,47.0
CCMFUT,11/11/2025 16:08:00,78.93,78.93,78.88,78.93,603670.41,17.0
CCMFUT,11/11/2025 16:07:00,78.93,78.93,78.93,78.93,35518.65,1.0
CCMFUT,11/11/2025 16:06:00,78.93,78.93,78.9,78.9,319557.86,9.0
CCMFUT,11/11/2025 16:04:00,78.92,78.92,78.91,78.91,213075.25,6.0
CCMFUT,11/11/2025 16:03:00,78.93,78.98,78.93,78.95,710420.2,20.0
CCMFUT,11/11/2025 16:02:00,78.95,78.95,78.92,78.93,1101130.62,31.0
CCMFUT,11/11/2025 16:01:00,78.99,78.99,78.99,78.99,177724.23,5.0
CCMFUT,11/11/2025 16:00:00,78.94,78.99,78.93,78.99,568544.67,16.0
CCMFUT,11/11/2025 15:56:00,78.92,78.92,78.92,78.92,71026.83,2.0
CCMFUT,11/11/2025 15:53:00,78.93,78.93,78.93,78.93,3693939.89,104.0
CCMFUT,11/11/2025 15:52:00,78.93,78.93,78.93,78.93,71037.31,2.0
CCMFUT,11/11/2025 15:51:00,78.93,78.97,78.93,78.93,5469919.68,154.0
CCMFUT,11/11/2025 15:50:00,78.92,78.92,78.92,78.92,71026.83,2.0
CCMFUT,11/11/2025 15:47:00,78.93,78.93,78.92,78.93,1172105.06,33.0
CCMFUT,11/11/2025 15:46:00,78.92,78.93,78.92,78.93,2308691.48,65.0
CCMFUT,11/11/2025 15:45:00,78.93,78.93,78.91,78.93,3835977.83,108.0
CCMFUT,11/11/2025 15:44:00,78.92,78.92,78.92,78.92,71026.83,2.0
CCMFUT,11/11/2025 15:43:00,78.92,78.93,78.92,78.92,355139.38,10.0
CCMFUT,11/11/2025 15:42:00,78.91,78.92,78.91,78.92,106535.0,3.0
CCMFUT,11/11/2025 15:39:00,78.9,78.91,78.87,78.9,6282537.21,177.0
CCMFUT,11/11/2025 15:38:00,78.9,78.91,78.9,78.91,71011.11,2.0
CCMFUT,11/11/2025 15:36:00,78.92,78.92,78.92,78.92,35513.41,1.0
CCMFUT,11/11/2025 15:34:00,78.92,78.92,78.92,78.92,35513.41,1.0
CCMFUT,11/11/2025 15:28:00,78.93,78.93,78.93,78.93,390705.18,11.0
CCMFUT,11/11/2025 15:27:00,78.91,79.0,78.91,78.92,2273492.39,64.0
CCMFUT,11/11/2025 15:25:00,78.92,78.92,78.9,78.9,284033.97,8.0
CCMFUT,11/11/2025 15:24:00,78.91,78.91,78.9,78.9,213028.1,6.0
CCMFUT,11/11/2025 15:18:00,78.93,78.93,78.91,78.91,142043.18,4.0
CCMFUT,11/11/2025 15:17:00,78.93,78.93,78.92,78.93,3729442.83,105.0
CCMFUT,11/11/2025 15:14:00,78.93,78.93,78.93,78.93,319667.88,9.0
CCMFUT,11/11/2025 15:13:00,78.92,78.93,78.92,78.93,213106.68,6.0
CCMFUT,11/11/2025 15:12:00,78.92,78.92,78.92,78.92,35513.41,1.0
CCMFUT,11/11/2025 15:11:00,78.9,78.9,78.88,78.88,142006.51,4.0
CCMFUT,11/11/2025 15:10:00,78.92,78.92,78.88,78.88,177514.68,5.0
CCMFUT,11/11/2025 15:07:00,78.94,78.94,78.9,78.9,284133.51,8.0
CCMFUT,11/11/2025 15:05:00,78.94,78.94,78.93,78.93,213132.87,6.0
CCMFUT,11/11/2025 15:02:00,79.0,79.0,78.95,78.95,106608.35,3.0
CCMFUT,11/11/2025 14:59:00,78.98,78.98,78.94,78.94,71063.5,2.0
CCMFUT,11/11/2025 14:57:00,78.94,78.95,78.93,78.95,213148.59,6.0
CCMFUT,11/11/2025 14:56:00,78.97,78.97,78.95,78.95,142132.24,4.0
CCMFUT,11/11/2025 14:47:00,79.01,79.01,78.97,78.97,390956.64,11.0
CCMFUT,11/11/2025 14:45:00,78.99,79.04,78.99,79.04,213295.27,6.0
CCMFUT,11/11/2025 14:39:00,79.02,79.02,79.02,79.02,35560.56,1.0
CCMFUT,11/11/2025 14:34:00,79.02,79.02,79.0,79.0,142210.82,4.0
CCMFUT,11/11/2025 14:33:00,79.02,79.02,79.02,79.02,35560.56,1.0
CCMFUT,11/11/2025 14:31:00,79.02,79.02,79.02,79.02,35560.56,1.0
CCMFUT,11/11/2025 14:27:00,79.02,79.02,79.02,79.02,71121.13,2.0
CCMFUT,11/11/2025 14:25:00,79.01,79.01,79.01,79.01,71110.65,2.0
CCMFUT,11/11/2025 14:24:00,79.01,79.01,79.01,79.01,248887.27,7.0
CCMFUT,11/11/2025 14:22:00,79.0,79.01,79.0,79.01,71105.41,2.0
CCMFUT,11/11/2025 14:18:00,79.05,79.05,79.0,79.02,213394.81,6.0
CCMFUT,11/11/2025 14:17:00,79.04,79.05,79.04,79.05,213415.76,6.0
CCMFUT,11/11/2025 14:12:00,79.02,79.02,79.02,79.02,284484.5,8.0
CCMFUT,11/11/2025 14:10:00,79.01,79.01,79.01,79.01,284442.59,8.0
CCMFUT,11/11/2025 14:08:00,78.99,78.99,78.99,78.99,284358.77,8.0
CCMFUT,11/11/2025 14:06:00,79.02,79.02,79.02,79.02,142242.25,4.0
CCMFUT,11/11/2025 14:03:00,79.0,79.0,79.0,79.0,177750.43,5.0
CCMFUT,11/11/2025 14:01:00,79.0,79.0,78.98,78.98,390946.16,11.0
CCMFUT,11/11/2025 14:00:00,79.01,79.01,79.01,79.01,142221.3,4.0
CCMFUT,11/11/2025 13:57:00,79.0,79.01,79.0,79.01,71105.41,2.0
CCMFUT,11/11/2025 13:55:00,79.0,79.0,78.93,78.97,1101444.95,31.0
CCMFUT,11/11/2025 13:51:00,79.01,79.01,79.01,79.01,35555.32,1.0
CCMFUT,11/11/2025 13:47:00,79.05,79.05,79.05,79.05,35571.04,1.0
CCMFUT,11/11/2025 13:46:00,79.05,79.05,79.04,79.05,2845651.78,80.0
CCMFUT,11/11/2025 13:45:00,79.05,79.05,79.04,79.05,782557.65,22.0
CCMFUT,11/11/2025 13:44:00,79.04,79.05,79.02,79.05,5975871.89,168.0
CCMFUT,11/11/2025 13:42:00,79.05,79.05,79.04,79.04,1031554.93,29.0
CCMFUT,11/11/2025 13:41:00,79.04,79.05,79.04,79.05,497957.89,14.0
CCMFUT,11/11/2025 13:39:00,79.04,79.05,79.02,79.04,569105.21,16.0
CCMFUT,11/11/2025 13:34:00,79.02,79.02,79.02,79.02,71121.13,2.0
CCMFUT,11/11/2025 13:25:00,79.0,79.0,79.0,79.0,35550.09,1.0
CCMFUT,11/11/2025 13:24:00,79.0,79.0,79.0,79.0,71100.17,2.0
CCMFUT,11/11/2025 13:23:00,78.99,78.99,78.99,78.99,106634.54,3.0
CCMFUT,11/11/2025 13:22:00,78.98,78.98,78.98,78.98,71079.22,2.0
CCMFUT,11/11/2025 13:21:00,78.99,78.99,78.99,78.99,142179.39,4.0
CCMFUT,11/11/2025 13:16:00,79.01,79.01,79.01,79.01,71110.65,2.0
CCMFUT,11/11/2025 13:14:00,79.01,79.01,79.01,79.01,71110.65,2.0
CCMFUT,11/11/2025 13:01:00,79.01,79.04,79.01,79.04,355600.39,10.0
CCMFUT,11/11/2025 12:57:00,79.0,79.0,79.0,79.0,142200.34,4.0
CCMFUT,11/11/2025 12:52:00,79.01,79.01,79.01,79.01,35555.32,1.0
CCMFUT,11/11/2025 12:45:00,78.98,78.98,78.94,78.98,426401.95,12.0
CCMFUT,11/11/2025 12:40:00,79.01,79.01,79.01,79.01,35555.32,1.0
CCMFUT,11/11/2025 12:39:00,79.0,79.0,78.99,78.99,71094.93,2.0
CCMFUT,11/11/2025 12:36:00,79.0,79.0,78.99,78.99,71094.93,2.0
CCMFUT,11/11/2025 12:33:00,78.98,78.98,78.98,78.98,390935.69,11.0
CCMFUT,11/11/2025 12:31:00,78.99,78.99,78.99,78.99,355448.46,10.0
CCMFUT,11/11/2025 12:30:00,78.98,79.04,78.98,79.04,213358.14,6.0
CCMFUT,11/11/2025 12:29:00,78.99,78.99,78.98,78.98,106629.3,3.0
CCMFUT,11/11/2025 12:27:00,79.02,79.02,79.02,79.02,35560.56,1.0
CCMFUT,11/11/2025 12:13:00,79.06,79.08,79.06,79.07,177912.83,5.0
CCMFUT,11/11/2025 12:12:00,79.05,79.06,79.05,79.06,106723.6,3.0
CCMFUT,11/11/2025 12:11:00,79.05,79.05,79.05,79.05,35571.04,1.0
CCMFUT,11/11/2025 12:10:00,79.04,79.05,79.04,79.05,142278.92,4.0
CCMFUT,11/11/2025 12:08:00,79.05,79.05,79.05,79.05,213426.24,6.0
CCMFUT,11/11/2025 12:07:00,79.01,79.04,79.01,79.02,391192.38,11.0
CCMFUT,11/11/2025 12:03:00,78.97,78.97,78.95,78.95,177661.37,5.0
CCMFUT,11/11/2025 12:02:00,78.98,78.98,78.97,78.97,177682.32,5.0
CCMFUT,11/11/2025 12:01:00,78.99,78.99,78.97,78.97,781876.61,22.0
CCMFUT,11/11/2025 12:00:00,78.99,78.99,78.99,78.99,35544.85,1.0
CCMFUT,11/11/2025 11:52:00,79.06,79.06,79.06,79.06,35576.28,1.0
CCMFUT,11/11/2025 11:51:00,79.05,79.07,79.05,79.07,106723.6,3.0
CCMFUT,11/11/2025 11:48:00,79.06,79.06,79.06,79.06,142305.12,4.0
CCMFUT,11/11/2025 11:45:00,79.04,79.06,79.04,79.06,106707.88,3.0
CCMFUT,11/11/2025 11:44:00,79.06,79.06,79.06,79.06,71152.56,2.0
CCMFUT,11/11/2025 11:43:00,79.06,79.08,79.06,79.08,177912.83,5.0
CCMFUT,11/11/2025 11:41:00,79.08,79.08,79.06,79.06,71163.04,2.0
CCMFUT,11/11/2025 11:40:00,79.07,79.07,79.05,79.05,249044.43,7.0
CCMFUT,11/11/2025 11:39:00,79.04,79.06,79.04,79.06,284568.32,8.0
CCMFUT,11/11/2025 11:37:00,79.02,79.02,79.02,79.02,35560.56,1.0
CCMFUT,11/11/2025 11:30:00,79.0,79.0,78.99,79.0,142195.1,4.0
CCMFUT,11/11/2025 11:28:00,79.01,79.01,79.0,79.01,284421.64,8.0
CCMFUT,11/11/2025 11:20:00,79.05,79.05,79.05,79.05,35571.04,1.0
CCMFUT,11/11/2025 11:18:00,79.05,79.05,79.05,79.05,35571.04,1.0
CCMFUT,11/11/2025 11:15:00,79.05,79.05,79.05,79.05,35571.04,1.0
CCMFUT,11/11/2025 11:14:00,79.08,79.08,79.08,79.08,35586.76,1.0
CCMFUT,11/11/2025 11:11:00,79.05,79.07,79.05,79.07,177881.39,5.0
CCMFUT,11/11/2025 11:10:00,79.07,79.07,79.05,79.05,391365.26,11.0
CCMFUT,11/11/2025 11:05:00,79.07,79.07,79.07,79.07,177907.59,5.0
CCMFUT,11/11/2025 11:04:00,79.08,79.09,79.07,79.09,106760.27,3.0
CCMFUT,11/11/2025 11:01:00,79.07,79.09,79.07,79.09,249091.58,7.0
CCMFUT,11/11/2025 10:56:00,79.08,79.08,79.08,79.08,35586.76,1.0
CCMFUT,11/11/2025 10:53:00,79.05,79.07,79.05,79.07,320191.75,9.0
CCMFUT,11/11/2025 10:51:00,79.05,79.05,79.05,79.05,35571.04,1.0
CCMFUT,11/11/2025 10:45:00,79.06,79.06,79.06,79.06,355762.79,10.0
CCMFUT,11/11/2025 10:43:00,79.06,79.06,79.06,79.06,35576.28,1.0
CCMFUT,11/11/2025 10:40:00,79.08,79.08,79.08,79.08,71173.51,2.0
CCMFUT,11/11/2025 10:38:00,79.06,79.09,79.06,79.09,71168.27,2.0
CCMFUT,11/11/2025 10:33:00,79.08,79.09,79.08,79.09,177949.5,5.0
CCMFUT,11/11/2025 10:32:00,79.08,79.08,79.08,79.08,142347.03,4.0
CCMFUT,11/11/2025 10:31:00,79.08,79.09,79.08,79.09,355904.24,10.0
CCMFUT,11/11/2025 10:30:00,79.06,79.09,79.06,79.09,355846.61,10.0
CCMFUT,11/11/2025 10:29:00,79.05,79.05,79.04,79.04,106707.88,3.0
CCMFUT,11/11/2025 10:27:00,79.04,79.04,79.04,79.04,569052.82,16.0
CCMFUT,11/11/2025 10:23:00,79.0,79.0,78.99,78.99,177745.19,5.0
CCMFUT,11/11/2025 10:19:00,79.04,79.05,79.04,79.05,248971.09,7.0
CCMFUT,11/11/2025 09:43:00,79.05,79.05,79.05,79.05,35571.04,1.0
CCMFUT,11/11/2025 09:37:00,79.05,79.06,79.05,79.06,213431.48,6.0
CCMFUT,11/11/2025 09:36:00,79.09,79.09,79.09,79.09,35592.0,1.0
CCMFUT,11/11/2025 09:35:00,79.05,79.05,79.05,79.05,177855.2,5.0
CCMFUT,11/11/2025 09:32:00,79.02,79.02,79.02,79.02,35560.56,1.0
CCMFUT,11/11/2025 09:30:00,79.0,79.02,78.99,79.02,248861.07,7.0
CCMFUT,11/11/2025 09:29:00,79.04,79.04,79.04,79.04,71131.6,2.0
CCMFUT,11/11/2025 09:26:00,79.04,79.04,79.04,79.04,35565.8,1.0
CCMFUT,11/11/2025 09:23:00,79.02,79.02,79.02,79.02,71121.13,2.0
CCMFUT,11/11/2025 09:18:00,79.0,79.0,78.99,78.99,213290.03,6.0
CCMFUT,11/11/2025 09:14:00,79.05,79.05,79.01,79.01,142252.73,4.0
CCMFUT,11/11/2025 09:12:00,79.05,79.05,79.01,79.01,1102686.53,31.0
CCMFUT,11/11/2025 09:11:00,79.06,79.06,79.05,79.05,391286.68,11.0
CCMFUT,11/11/2025 09:10:00,79.09,79.09,79.09,79.09,71183.99,2.0
CCMFUT,11/11/2025 09:09:00,79.09,79.09,79.09,79.09,35592.0,1.0
CCMFUT,11/11/2025 09:07:00,79.07,79.09,79.07,79.09,320307.0,9.0
CCMFUT,11/11/2025 09:06:00,79.09,79.09,79.09,79.09,35592.0,1.0
CCMFUT,11/11/2025 09:05:00,79.07,79.07,79.07,79.07,177907.59,5.0
CCMFUT,11/11/2025 09:04:00,79.05,79.05,79.05,79.05,71142.08,2.0
CCMFUT,11/11/2025 09:03:00,79.05,79.05,79.05,79.05,284568.32,8.0
CCMFUT,11/11/2025 09:02:00,79.04,79.12,79.04,79.12,2027654.06,57.0
CCMFUT,11/11/2025 09:01:00,79.04,79.05,79.04,79.04,818076.3,23.0
CCMFUT,11/11/2025 09:00:00,79.05,79.05,78.91,79.05,746860.88,21.0
CCMFUT,11/10/2025 17:16:00,79.06,79.06,78.81,78.81,461244.81,13.0
CCMFUT,11/10/2025 16:19:00,78.91,78.93,78.91,78.93,1100774.39,31.0
CCMFUT,11/10/2025 16:18:00,78.87,78.9,78.87,78.9,355008.41,10.0
CCMFUT,11/10/2025 16:17:00,78.87,78.9,78.87,78.9,142001.27,4.0
CCMFUT,11/10/2025 16:16:00,78.91,78.91,78.91,78.91,71016.35,2.0
CCMFUT,11/10/2025 16:15:00,78.88,78.88,78.87,78.87,106487.85,3.0
CCMFUT,11/10/2025 16:14:00,78.87,78.88,78.87,78.87,106482.62,3.0
CCMFUT,11/10/2025 16:12:00,78.87,78.87,78.87,78.87,461401.97,13.0
CCMFUT,11/10/2025 16:11:00,78.88,78.88,78.83,78.87,461271.0,13.0
CCMFUT,11/10/2025 16:09:00,78.93,78.93,78.92,78.93,1136591.65,32.0
CCMFUT,11/10/2025 16:08:00,78.94,78.94,78.94,78.94,177619.46,5.0
CCMFUT,11/10/2025 16:07:00,78.95,78.95,78.95,78.95,35529.13,1.0
CCMFUT,11/10/2025 16:06:00,78.98,78.99,78.95,78.95,177687.56,5.0
CCMFUT,11/10/2025 16:03:00,78.95,78.95,78.95,78.95,35529.13,1.0
CCMFUT,11/10/2025 16:02:00,78.98,78.99,78.98,78.99,142163.67,4.0
CCMFUT,11/10/2025 16:01:00,79.0,79.01,79.0,79.01,106660.73,3.0
CCMFUT,11/10/2025 15:47:00,79.0,79.0,79.0,79.0,35550.09,1.0
CCMFUT,11/10/2025 15:46:00,79.0,79.0,79.0,79.0,142200.34,4.0
CCMFUT,11/10/2025 15:42:00,79.0,79.0,79.0,79.0,106650.26,3.0
CCMFUT,11/10/2025 15:37:00,78.98,78.98,78.98,78.98,71079.22,2.0
CCMFUT,11/10/2025 15:33:00,78.95,78.95,78.95,78.95,142116.52,4.0
CCMFUT,11/10/2025 15:30:00,78.98,78.98,78.95,78.95,106597.87,3.0
CCMFUT,11/10/2025 15:26:00,78.97,78.97,78.97,78.97,142137.48,4.0
CCMFUT,11/10/2025 15:25:00,78.98,78.98,78.98,78.98,35539.61,1.0
CCMFUT,11/10/2025 15:22:00,78.97,78.97,78.97,78.97,142137.48,4.0
CCMFUT,11/10/2025 15:18:00,78.95,78.95,78.95,78.95,35529.13,1.0
CCMFUT,11/10/2025 15:14:00,78.99,78.99,78.99,78.99,35544.85,1.0
CCMFUT,11/10/2025 15:07:00,78.97,78.97,78.95,78.95,355322.74,10.0
CCMFUT,11/10/2025 15:05:00,78.98,78.98,78.98,78.98,35539.61,1.0
CCMFUT,11/10/2025 15:03:00,78.97,79.0,78.97,78.97,106618.82,3.0
CCMFUT,11/10/2025 14:58:00,78.99,78.99,78.95,78.95,533036.49,15.0
CCMFUT,11/10/2025 14:57:00,78.99,78.99,78.98,78.98,71084.45,2.0
CCMFUT,11/10/2025 14:48:00,79.0,79.0,79.0,79.0,35550.09,1.0
CCMFUT,11/10/2025 14:46:00,79.02,79.02,79.02,79.02,35560.56,1.0
CCMFUT,11/10/2025 14:42:00,79.01,79.01,79.0,79.0,391056.18,11.0
CCMFUT,11/10/2025 14:41:00,79.01,79.01,79.01,79.01,35555.32,1.0
CCMFUT,11/10/2025 14:39:00,79.01,79.01,79.0,79.0,213316.23,6.0
CCMFUT,11/10/2025 14:38:00,79.02,79.02,79.02,79.02,35560.56,1.0
CCMFUT,11/10/2025 14:36:00,79.02,79.02,79.02,79.02,71121.13,2.0
CCMFUT,11/10/2025 14:32:00,79.04,79.04,79.01,79.01,177802.81,5.0
CCMFUT,11/10/2025 14:24:00,79.05,79.05,79.05,79.05,71142.08,2.0
CCMFUT,11/10/2025 14:21:00,79.05,79.05,79.05,79.05,142284.16,4.0
CCMFUT,11/10/2025 14:18:00,79.05,79.05,79.05,79.05,35571.04,1.0
CCMFUT,11/10/2025 14:08:00,79.09,79.09,79.09,79.09,35592.0,1.0
CCMFUT,11/10/2025 14:01:00,79.06,79.06,79.06,79.06,35576.28,1.0
CCMFUT,11/10/2025 14:00:00,79.05,79.08,79.05,79.08,640373.02,18.0
CCMFUT,11/10/2025 13:59:00,79.05,79.05,79.05,79.05,284568.32,8.0
CCMFUT,11/10/2025 13:58:00,79.06,79.06,79.06,79.06,71152.56,2.0
CCMFUT,11/10/2025 13:57:00,79.06,79.07,79.06,79.07,462502.1,13.0
CCMFUT,11/10/2025 13:56:00,79.08,79.08,79.07,79.07,391412.41,11.0
CCMFUT,11/10/2025 13:55:00,79.1,79.12,79.1,79.12,71199.71,2.0
CCMFUT,11/10/2025 13:54:00,79.1,79.1,79.1,79.1,249180.64,7.0
CCMFUT,11/10/2025 13:52:00,79.13,79.13,79.13,79.13,35607.71,1.0
CCMFUT,11/10/2025 13:51:00,79.12,79.14,79.12,79.14,213646.27,6.0
CCMFUT,11/10/2025 13:50:00,79.1,79.1,79.07,79.08,1992900.27,56.0
CCMFUT,11/10/2025 13:48:00,79.1,79.12,79.1,79.12,178001.89,5.0
CCMFUT,11/10/2025 13:46:00,79.15,79.15,79.15,79.15,320563.7,9.0
CCMFUT,11/10/2025 13:45:00,79.13,79.15,79.12,79.12,213661.98,6.0
CCMFUT,11/10/2025 13:44:00,79.13,79.15,79.13,79.15,747913.86,21.0
CCMFUT,11/10/2025 13:43:00,79.1,79.13,79.1,79.13,640860.22,18.0
CCMFUT,11/10/2025 13:42:00,79.07,79.07,79.07,79.07,106744.55,3.0
CCMFUT,11/10/2025 13:40:00,79.09,79.09,79.09,79.09,71183.99,2.0
CCMFUT,11/10/2025 13:39:00,79.05,79.05,79.05,79.05,142284.16,4.0
CCMFUT,11/10/2025 13:38:00,79.05,79.09,79.05,79.09,1600822.54,45.0
CCMFUT,11/10/2025 13:37:00,79.01,79.05,79.01,79.05,177808.05,5.0
CCMFUT,11/10/2025 13:36:00,79.02,79.05,79.01,79.01,604634.34,17.0
CCMFUT,11/10/2025 13:35:00,79.02,79.02,79.02,79.02,35560.56,1.0
CCMFUT,11/10/2025 13:34:00,79.01,79.02,79.01,79.02,248908.22,7.0
CCMFUT,11/10/2025 13:31:00,78.94,79.0,78.91,79.0,603963.78,17.0
CCMFUT,11/10/2025 13:30:00,78.97,79.04,78.97,79.04,604414.31,17.0
CCMFUT,11/10/2025 13:29:00,78.87,78.97,78.87,78.97,7742317.17,218.0
CCMFUT,11/10/2025 13:28:00,78.85,78.85,78.85,78.85,106445.94,3.0
CCMFUT,11/10/2025 13:26:00,78.84,78.9,78.84,78.9,1242408.95,35.0
CCMFUT,11/10/2025 13:18:00,78.81,78.81,78.78,78.81,248211.47,7.0
CCMFUT,11/10/2025 13:17:00,78.87,78.87,78.87,78.87,177462.3,5.0
CCMFUT,11/10/2025 13:15:00,78.85,78.88,78.85,78.87,425878.08,12.0
CCMFUT,11/10/2025 13:14:00,78.81,78.81,78.81,78.81,70932.53,2.0
CCMFUT,11/10/2025 13:11:00,78.83,78.83,78.83,78.83,70943.01,2.0
CCMFUT,11/10/2025 13:08:00,78.79,78.81,78.79,78.81,1241256.42,35.0
CCMFUT,11/10/2025 13:03:00,78.74,78.74,78.73,78.73,106294.02,3.0
CCMFUT,11/10/2025 12:59:00,78.74,78.74,78.73,78.73,177163.69,5.0
CCMFUT,11/10/2025 12:47:00,78.76,78.76,78.73,78.73,177189.88,5.0
CCMFUT,11/10/2025 12:45:00,78.76,78.76,78.73,78.73,106309.74,3.0
CCMFUT,11/10/2025 12:44:00,78.77,78.77,78.77,78.77,35445.31,1.0
CCMFUT,11/10/2025 12:42:00,78.76,78.76,78.76,78.76,70880.14,2.0
CCMFUT,11/10/2025 12:33:00,78.79,78.79,78.79,78.79,35455.79,1.0
CCMFUT,11/10/2025 12:32:00,78.78,78.79,78.78,78.79,106356.89,3.0
CCMFUT,11/10/2025 12:29:00,78.77,78.77,78.77,78.77,70890.62,2.0
CCMFUT,11/10/2025 12:27:00,78.81,78.81,78.76,78.76,673586.63,19.0
CCMFUT,11/10/2025 12:26:00,78.81,78.81,78.81,78.81,35466.27,1.0
CCMFUT,11/10/2025 12:24:00,78.79,78.79,78.79,78.79,35455.79,1.0
CCMFUT,11/10/2025 12:22:00,78.81,78.81,78.81,78.81,35466.27,1.0
CCMFUT,11/10/2025 12:21:00,78.83,78.83,78.81,78.81,106409.27,3.0
CCMFUT,11/10/2025 12:20:00,78.76,78.84,78.76,78.8,2447208.98,69.0
CCMFUT,11/10/2025 12:19:00,78.74,78.74,78.74,78.74,35434.83,1.0
CCMFUT,11/10/2025 12:18:00,78.73,78.73,78.73,78.73,35429.59,1.0
CCMFUT,11/10/2025 12:17:00,78.73,78.73,78.73,78.73,70859.19,2.0
CCMFUT,11/10/2025 12:16:00,78.73,78.73,78.72,78.73,389720.3,11.0
CCMFUT,11/10/2025 12:13:00,78.71,78.73,78.71,78.73,106273.07,3.0
CCMFUT,11/10/2025 12:07:00,78.74,78.74,78.74,78.74,106304.5,3.0
CCMFUT,11/10/2025 12:06:00,78.72,78.72,78.72,78.72,106273.07,3.0
CCMFUT,11/10/2025 12:04:00,78.7,78.72,78.7,78.72,106257.35,3.0
CCMFUT,11/10/2025 12:03:00,78.71,78.71,78.71,78.71,35419.12,1.0
CCMFUT,11/10/2025 12:02:00,78.67,78.69,78.67,78.69,70812.04,2.0
CCMFUT,11/10/2025 12:01:00,78.69,78.69,78.65,78.67,601826.38,17.0
CCMFUT,11/10/2025 12:00:00,78.71,78.71,78.67,78.67,177053.67,5.0
CCMFUT,11/10/2025 11:58:00,78.7,78.7,78.7,78.7,106241.63,3.0
CCMFUT,11/10/2025 11:57:00,78.67,78.72,78.67,78.72,389542.18,11.0
CCMFUT,11/10/2025 11:56:00,78.69,78.69,78.67,78.67,177032.72,5.0
CCMFUT,11/10/2025 11:55:00,78.67,78.69,78.67,78.67,141624.08,4.0
CCMFUT,11/10/2025 11:54:00,78.71,78.71,78.66,78.66,849901.64,24.0
CCMFUT,11/10/2025 11:53:00,78.71,78.71,78.7,78.7,389573.61,11.0
CCMFUT,11/10/2025 11:52:00,78.72,78.72,78.72,78.72,106273.07,3.0
CCMFUT,11/10/2025 11:49:00,78.74,78.74,78.74,78.74,35434.83,1.0
CCMFUT,11/10/2025 11:48:00,78.73,78.73,78.73,78.73,35429.59,1.0
CCMFUT,11/10/2025 11:46:00,78.76,78.76,78.76,78.76,425280.86,12.0
CCMFUT,11/10/2025 11:45:00,78.84,78.84,78.7,78.76,3013060.94,85.0
CCMFUT,11/10/2025 11:39:00,78.83,78.83,78.83,78.83,212829.02,6.0
CCMFUT,11/10/2025 11:38:00,78.86,78.86,78.86,78.86,106461.66,3.0
CCMFUT,11/10/2025 11:35:00,78.86,78.87,78.86,78.87,106466.9,3.0
CCMFUT,11/10/2025 11:32:00,78.84,78.84,78.84,78.84,106430.23,3.0
CCMFUT,11/10/2025 11:29:00,78.84,78.84,78.83,78.83,283777.27,8.0
CCMFUT,11/10/2025 11:28:00,78.87,78.87,78.87,78.87,603371.8,17.0
CCMFUT,11/10/2025 11:27:00,78.88,78.88,78.88,78.88,70995.4,2.0
CCMFUT,11/10/2025 11:18:00,78.9,78.9,78.88,78.88,71000.63,2.0
CCMFUT,11/10/2025 11:17:00,78.92,78.93,78.92,78.92,1846943.75,52.0
CCMFUT,11/10/2025 11:16:00,78.91,78.91,78.91,78.91,71016.35,2.0
CCMFUT,11/10/2025 11:11:00,78.9,78.9,78.9,78.9,35502.94,1.0
CCMFUT,11/10/2025 11:09:00,78.9,78.91,78.9,78.91,71011.11,2.0
CCMFUT,11/10/2025 11:08:00,78.9,78.9,78.9,78.9,35502.94,1.0
CCMFUT,11/10/2025 11:07:00,78.87,78.9,78.87,78.88,248489.12,7.0
CCMFUT,11/10/2025 11:06:00,78.85,78.88,78.85,78.87,461391.49,13.0
CCMFUT,11/10/2025 11:05:00,78.84,78.86,78.83,78.86,425710.44,12.0
CCMFUT,11/10/2025 11:04:00,78.83,78.85,78.83,78.84,106430.23,3.0
CCMFUT,11/10/2025 11:03:00,78.9,78.9,78.84,78.84,851677.57,24.0
CCMFUT,11/10/2025 11:01:00,78.91,78.91,78.88,78.91,213022.86,6.0
CCMFUT,11/10/2025 10:58:00,78.88,78.88,78.88,78.88,70995.4,2.0
CCMFUT,11/10/2025 10:56:00,78.87,78.87,78.87,78.87,70984.92,2.0
CCMFUT,11/10/2025 10:50:00,78.9,78.9,78.9,78.9,35502.94,1.0
CCMFUT,11/10/2025 10:48:00,78.9,78.9,78.9,78.9,142011.75,4.0
CCMFUT,11/10/2025 10:47:00,78.87,78.88,78.86,78.88,106477.38,3.0
CCMFUT,11/10/2025 10:46:00,78.91,78.91,78.86,78.88,1206832.67,34.0
CCMFUT,11/10/2025 10:45:00,78.94,78.95,78.94,78.95,106576.91,3.0
CCMFUT,11/10/2025 10:44:00,78.92,78.92,78.91,78.91,71021.59,2.0
CCMFUT,11/10/2025 10:38:00,78.95,78.95,78.95,78.95,35529.13,1.0
CCMFUT,11/10/2025 10:30:00,78.99,78.99,78.99,78.99,71089.69,2.0
CCMFUT,11/10/2025 10:26:00,79.01,79.01,79.01,79.01,35555.32,1.0
CCMFUT,11/10/2025 10:24:00,78.99,78.99,78.99,78.99,71089.69,2.0
CCMFUT,11/10/2025 10:21:00,79.0,79.04,79.0,79.04,248908.22,7.0
CCMFUT,11/10/2025 10:18:00,79.01,79.01,79.01,79.01,35555.32,1.0
CCMFUT,11/10/2025 10:15:00,79.01,79.04,79.01,79.04,71121.13,2.0
CCMFUT,11/10/2025 10:14:00,79.02,79.05,79.02,79.05,355668.49,10.0
CCMFUT,11/10/2025 10:12:00,79.01,79.01,79.01,79.01,35555.32,1.0
CCMFUT,11/10/2025 10:11:00,79.01,79.02,79.01,79.02,213337.18,6.0
CCMFUT,11/10/2025 10:09:00,78.99,79.04,78.99,78.99,568869.47,16.0
CCMFUT,11/10/2025 10:06:00,78.98,78.98,78.98,78.98,71079.22,2.0
CCMFUT,11/10/2025 10:04:00,78.99,78.99,78.99,78.99,35544.85,1.0
CCMFUT,11/10/2025 10:03:00,78.99,78.99,78.99,78.99,71089.69,2.0
CCMFUT,11/10/2025 10:02:00,78.99,78.99,78.99,78.99,71089.69,2.0
CCMFUT,11/10/2025 10:01:00,78.98,78.98,78.98,78.98,35539.61,1.0
CCMFUT,11/10/2025 10:00:00,78.97,78.98,78.97,78.98,284306.38,8.0
CCMFUT,11/10/2025 09:58:00,78.95,78.98,78.95,78.97,319798.84,9.0
CCMFUT,11/10/2025 09:51:00,78.95,78.95,78.95,78.95,35529.13,1.0
CCMFUT,11/10/2025 09:50:00,78.97,78.97,78.94,78.94,497434.02,14.0
CCMFUT,11/10/2025 09:45:00,78.99,79.01,78.99,78.99,177734.71,5.0
CCMFUT,11/10/2025 09:43:00,78.99,78.99,78.99,78.99,35544.85,1.0
CCMFUT,11/10/2025 09:42:00,78.99,78.99,78.99,78.99,142179.39,4.0
CCMFUT,11/10/2025 09:40:00,78.98,78.99,78.98,78.99,106629.3,3.0
CCMFUT,11/10/2025 09:39:00,78.98,78.98,78.98,78.98,106618.82,3.0
CCMFUT,11/10/2025 09:38:00,78.95,78.98,78.95,78.98,213216.69,6.0
CCMFUT,11/10/2025 09:37:00,78.95,78.95,78.95,78.95,71058.26,2.0
CCMFUT,11/10/2025 09:34:00,78.95,78.95,78.95,78.95,71058.26,2.0
CCMFUT,11/10/2025 09:33:00,78.99,78.99,78.93,78.93,1030355.26,29.0
CCMFUT,11/10/2025 09:31:00,79.01,79.01,78.99,78.99,177755.66,5.0
CCMFUT,11/10/2025 09:30:00,79.01,79.04,79.01,79.04,284484.5,8.0
CCMFUT,11/10/2025 09:28:00,79.02,79.05,79.02,79.05,213400.05,6.0
CCMFUT,11/10/2025 09:27:00,79.01,79.01,79.01,79.01,142221.3,4.0
CCMFUT,11/10/2025 09:26:00,79.05,79.05,79.02,79.02,426826.29,12.0
CCMFUT,11/10/2025 09:25:00,79.05,79.05,79.04,79.04,2240965.05,63.0
CCMFUT,11/10/2025 09:23:00,79.05,79.05,79.05,79.05,35571.04,1.0
CCMFUT,11/10/2025 09:22:00,79.07,79.07,79.05,79.05,177886.63,5.0
CCMFUT,11/10/2025 09:20:00,79.05,79.05,79.05,79.05,71142.08,2.0
CCMFUT,11/10/2025 09:19:00,79.06,79.06,79.06,79.06,71152.56,2.0
CCMFUT,11/10/2025 09:18:00,79.06,79.07,79.05,79.07,355757.55,10.0
CCMFUT,11/10/2025 09:14:00,79.14,79.14,79.1,79.1,569618.61,16.0
CCMFUT,11/10/2025 09:12:00,79.15,79.15,79.15,79.15,35618.19,1.0
CCMFUT,11/10/2025 09:11:00,79.14,79.14,79.14,79.14,178064.75,5.0
CCMFUT,11/10/2025 09:10:00,79.14,79.15,79.14,79.15,106849.33,3.0
CCMFUT,11/10/2025 09:09:00,79.12,79.12,79.12,79.12,106807.42,3.0
CCMFUT,11/10/2025 09:08:00,79.14,79.14,79.14,79.14,106838.85,3.0
CCMFUT,11/10/2025 09:07:00,79.09,79.09,79.08,79.08,177939.02,5.0
CCMFUT,11/10/2025 09:06:00,79.09,79.16,79.09,79.15,284950.75,8.0
CCMFUT,11/10/2025 09:05:00,79.12,79.13,79.12,79.13,213630.55,6.0
CCMFUT,11/10/2025 09:04:00,79.1,79.12,79.06,79.12,284741.2,8.0
CCMFUT,11/10/2025 09:03:00,79.09,79.1,79.09,79.1,142378.46,4.0
CCMFUT,11/10/2025 09:02:00,79.09,79.1,79.09,79.1,462701.18,13.0
CCMFUT,11/10/2025 09:01:00,79.16,79.16,79.12,79.12,498497.48,14.0
CCMFUT,11/10/2025 09:00:00,79.09,79.14,79.08,79.13,605273.47,17.0
CCMFUT,11/07/2025 17:05:00,78.87,78.99,78.79,78.91,1669078.07,47.0
CCMFUT,11/07/2025 16:19:00,78.87,78.87,78.8,78.84,4328031.66,122.0
CCMFUT,11/07/2025 16:18:00,78.91,78.91,78.87,78.87,496999.2,14.0
CCMFUT,11/07/2025 16:17:00,78.88,78.91,78.87,78.91,922982.05,26.0
CCMFUT,11/07/2025 16:16:00,78.88,78.9,78.88,78.9,425982.85,12.0
CCMFUT,11/07/2025 16:15:00,78.86,78.9,78.86,78.9,1135926.33,32.0
CCMFUT,11/07/2025 16:14:00,78.81,78.85,78.81,78.84,1028809.83,29.0
CCMFUT,11/07/2025 16:13:00,78.84,78.84,78.81,78.81,2908359.49,82.0
CCMFUT,11/07/2025 16:12:00,78.83,78.83,78.83,78.83,177357.52,5.0
CCMFUT,11/07/2025 16:11:00,78.83,78.84,78.81,78.83,1454253.09,41.0
CCMFUT,11/07/2025 16:10:00,78.84,78.84,78.84,78.84,212860.46,6.0
CCMFUT,11/07/2025 16:09:00,78.84,78.85,78.84,78.85,248352.92,7.0
CCMFUT,11/07/2025 16:08:00,78.81,78.83,78.81,78.83,212802.83,6.0
CCMFUT,11/07/2025 16:07:00,78.81,78.84,78.81,78.84,922143.86,26.0
CCMFUT,11/07/2025 16:05:00,78.83,78.83,78.83,78.83,212829.02,6.0
CCMFUT,11/07/2025 16:04:00,78.83,78.83,78.83,78.83,35471.5,1.0
CCMFUT,11/07/2025 16:03:00,78.84,78.84,78.84,78.84,35476.74,1.0
CCMFUT,11/07/2025 16:02:00,78.84,78.85,78.84,78.84,177394.19,5.0
CCMFUT,11/07/2025 16:01:00,78.83,78.83,78.83,78.83,70943.01,2.0
CCMFUT,11/07/2025 16:00:00,78.83,78.83,78.83,78.83,212829.02,6.0
CCMFUT,11/07/2025 15:59:00,78.85,78.86,78.85,78.85,354825.05,10.0
CCMFUT,11/07/2025 15:57:00,78.84,78.85,78.84,78.85,212865.7,6.0
CCMFUT,11/07/2025 15:56:00,78.81,78.85,78.81,78.84,1170795.38,33.0
CCMFUT,11/07/2025 15:55:00,78.81,78.83,78.81,78.81,141870.3,4.0
CCMFUT,11/07/2025 15:54:00,78.81,78.81,78.81,78.81,212797.59,6.0
CCMFUT,11/07/2025 15:53:00,78.83,78.84,78.81,78.83,638476.6,18.0
CCMFUT,11/07/2025 15:52:00,78.81,78.83,78.81,78.81,673890.47,19.0
CCMFUT,11/07/2025 15:51:00,78.83,78.84,78.81,78.81,390155.11,11.0
CCMFUT,11/07/2025 15:50:00,78.81,78.81,78.81,78.81,35466.27,1.0
CCMFUT,11/07/2025 15:48:00,78.83,78.83,78.81,78.81,815745.06,23.0
CCMFUT,11/07/2025 15:46:00,78.84,78.85,78.84,78.85,212865.7,6.0
CCMFUT,11/07/2025 15:45:00,78.81,78.84,78.81,78.84,319243.54,9.0
CCMFUT,11/07/2025 15:44:00,78.83,78.83,78.81,78.81,141880.78,4.0
CCMFUT,11/07/2025 15:40:00,78.83,78.84,78.83,78.84,70948.25,2.0
CCMFUT,11/07/2025 15:38:00,78.81,78.83,78.81,78.83,248269.1,7.0
CCMFUT,11/07/2025 15:37:00,78.81,78.85,78.8,78.85,390155.11,11.0
CCMFUT,11/07/2025 15:36:00,78.8,78.83,78.8,78.81,177331.33,5.0
CCMFUT,11/07/2025 15:34:00,78.79,78.81,78.79,78.8,354599.79,10.0
CCMFUT,11/07/2025 15:33:00,78.79,78.8,78.79,78.79,283656.78,8.0
CCMFUT,11/07/2025 15:32:00,78.8,78.8,78.8,78.8,106383.08,3.0
CCMFUT,11/07/2025 15:31:00,78.81,78.84,78.79,78.79,531957.31,15.0
CCMFUT,11/07/2025 15:29:00,78.81,78.81,78.81,78.81,70932.53,2.0
CCMFUT,11/07/2025 15:28:00,78.81,78.81,78.8,78.81,283719.65,8.0
CCMFUT,11/07/2025 15:27:00,78.81,78.83,78.81,78.81,744802.05,21.0
CCMFUT,11/07/2025 15:26:00,78.87,78.87,78.81,78.81,2093227.37,59.0
CCMFUT,11/07/2025 15:25:00,78.88,78.88,78.87,78.87,248468.17,7.0
CCMFUT,11/07/2025 15:20:00,78.94,78.94,78.91,78.91,355170.81,10.0
CCMFUT,11/07/2025 15:16:00,78.98,78.99,78.98,78.99,1599502.38,45.0
CCMFUT,11/07/2025 15:15:00,78.95,78.97,78.95,78.97,355307.02,10.0
CCMFUT,11/07/2025 15:08:00,78.93,78.95,78.93,78.94,852568.16,24.0
CCMFUT,11/07/2025 15:07:00,78.92,78.93,78.92,78.93,142064.13,4.0
CCMFUT,11/07/2025 15:06:00,78.91,78.91,78.9,78.9,355050.32,10.0
CCMFUT,11/07/2025 15:04:00,78.93,78.93,78.93,78.93,35518.65,1.0
CCMFUT,11/07/2025 15:01:00,78.9,78.91,78.88,78.91,142016.99,4.0
CCMFUT,11/07/2025 14:58:00,78.88,78.88,78.88,78.88,35497.7,1.0
CCMFUT,11/07/2025 14:57:00,78.87,78.9,78.87,78.9,177478.01,5.0
CCMFUT,11/07/2025 14:56:00,78.88,78.88,78.88,78.88,106493.09,3.0
CCMFUT,11/07/2025 14:49:00,78.9,78.9,78.9,78.9,35502.94,1.0
CCMFUT,11/07/2025 14:46:00,78.88,78.88,78.88,78.88,35497.7,1.0
CCMFUT,11/07/2025 14:45:00,78.9,78.9,78.9,78.9,35502.94,1.0
CCMFUT,11/07/2025 14:38:00,78.85,78.87,78.85,78.87,283913.48,8.0
CCMFUT,11/07/2025 14:31:00,78.86,78.86,78.85,78.85,106456.42,3.0
CCMFUT,11/07/2025 14:29:00,78.87,78.87,78.87,78.87,141969.84,4.0
CCMFUT,11/07/2025 14:26:00,78.87,78.87,78.87,78.87,70984.92,2.0
CCMFUT,11/07/2025 14:23:00,78.9,78.9,78.9,78.9,319526.43,9.0
CCMFUT,11/07/2025 14:22:00,78.88,78.88,78.88,78.88,35497.7,1.0
CCMFUT,11/07/2025 14:20:00,78.86,78.87,78.86,78.87,283929.2,8.0
CCMFUT,11/07/2025 14:19:00,78.85,78.86,78.85,78.86,70969.2,2.0
CCMFUT,11/07/2025 14:12:00,78.83,78.86,78.83,78.86,567596.45,16.0
CCMFUT,11/07/2025 14:11:00,78.83,78.83,78.83,78.83,248300.53,7.0
CCMFUT,11/07/2025 14:10:00,78.83,78.83,78.83,78.83,70943.01,2.0
CCMFUT,11/07/2025 14:09:00,78.83,78.84,78.81,78.84,496580.1,14.0
CCMFUT,11/07/2025 14:08:00,78.85,78.85,78.81,78.84,2199186.11,62.0
CCMFUT,11/07/2025 14:07:00,78.87,78.87,78.87,78.87,70984.92,2.0
CCMFUT,11/07/2025 14:05:00,78.87,78.87,78.87,78.87,70984.92,2.0
CCMFUT,11/07/2025 14:02:00,78.88,78.88,78.88,78.88,35497.7,1.0
CCMFUT,11/07/2025 14:01:00,78.91,78.92,78.87,78.87,532559.76,15.0
CCMFUT,11/07/2025 14:00:00,78.87,78.9,78.86,78.9,532413.08,15.0
CCMFUT,11/07/2025 13:58:00,78.88,78.88,78.88,78.88,70995.4,2.0
CCMFUT,11/07/2025 13:57:00,78.87,78.87,78.87,78.87,35492.46,1.0
CCMFUT,11/07/2025 13:56:00,78.88,78.88,78.87,78.88,2555504.2,72.0
CCMFUT,11/07/2025 13:55:00,78.91,78.91,78.87,78.9,1136015.39,32.0
CCMFUT,11/07/2025 13:53:00,78.92,78.93,78.92,78.93,71032.07,2.0
CCMFUT,11/07/2025 13:52:00,78.9,78.91,78.9,78.91,106519.29,3.0
CCMFUT,11/07/2025 13:43:00,78.93,78.93,78.93,78.93,71037.31,2.0
CCMFUT,11/07/2025 13:42:00,78.92,78.93,78.92,78.93,1065522.91,30.0
CCMFUT,11/07/2025 13:38:00,78.91,78.91,78.91,78.91,35508.18,1.0
CCMFUT,11/07/2025 13:34:00,78.94,78.94,78.93,78.93,213122.39,6.0
CCMFUT,11/07/2025 13:32:00,78.95,78.97,78.95,78.95,568502.76,16.0
CCMFUT,11/07/2025 13:28:00,78.93,78.93,78.93,78.93,106555.96,3.0
CCMFUT,11/07/2025 13:26:00,78.93,78.94,78.93,78.94,177603.74,5.0
CCMFUT,11/07/2025 13:25:00,78.93,78.93,78.93,78.93,71037.31,2.0
CCMFUT,11/07/2025 13:22:00,78.94,78.94,78.94,78.94,35523.89,1.0
CCMFUT,11/07/2025 13:21:00,78.95,78.98,78.95,78.95,461904.89,13.0
CCMFUT,11/07/2025 13:20:00,78.93,78.93,78.93,78.93,142074.61,4.0
CCMFUT,11/07/2025 13:19:00,78.93,78.93,78.93,78.93,35518.65,1.0
CCMFUT,11/07/2025 13:15:00,78.93,78.93,78.93,78.93,390705.18,11.0
CCMFUT,11/07/2025 13:14:00,78.93,78.94,78.92,78.92,1172105.06,33.0
CCMFUT,11/07/2025 13:13:00,78.93,78.93,78.93,78.93,177593.26,5.0
CCMFUT,11/07/2025 13:09:00,78.92,78.93,78.92,78.93,71032.07,2.0
CCMFUT,11/07/2025 13:07:00,78.9,78.91,78.88,78.88,603555.16,17.0
CCMFUT,11/07/2025 13:04:00,78.88,78.9,78.86,78.9,425940.94,12.0
CCMFUT,11/07/2025 13:01:00,78.88,78.88,78.88,78.88,70995.4,2.0
CCMFUT,11/07/2025 12:59:00,78.88,78.9,78.88,78.9,177493.73,5.0
CCMFUT,11/07/2025 12:58:00,78.9,78.9,78.9,78.9,106508.81,3.0
CCMFUT,11/07/2025 12:55:00,78.92,78.92,78.91,78.91,106535.0,3.0
CCMFUT,11/07/2025 12:54:00,78.92,78.92,78.91,78.91,284102.07,8.0
CCMFUT,11/07/2025 12:53:00,78.92,78.92,78.92,78.92,35513.41,1.0
CCMFUT,11/07/2025 12:52:00,78.91,78.92,78.91,78.92,106529.76,3.0
CCMFUT,11/07/2025 12:51:00,78.91,78.91,78.91,78.91,177540.88,5.0
CCMFUT,11/07/2025 12:49:00,78.91,78.91,78.91,78.91,177540.88,5.0
CCMFUT,11/07/2025 12:48:00,78.88,78.9,78.88,78.9,284007.78,8.0
CCMFUT,11/07/2025 12:47:00,78.88,78.88,78.88,78.88,35497.7,1.0
CCMFUT,11/07/2025 12:44:00,78.87,78.88,78.87,78.88,70990.16,2.0
CCMFUT,11/07/2025 12:42:00,78.85,78.86,78.85,78.86,141938.4,4.0
CCMFUT,11/07/2025 12:41:00,78.88,78.88,78.85,78.85,1348666.3,38.0
CCMFUT,11/07/2025 12:40:00,78.87,78.87,78.87,78.87,390417.05,11.0
CCMFUT,11/07/2025 12:39:00,78.88,78.88,78.88,78.88,35497.7,1.0
CCMFUT,11/07/2025 12:38:00,78.91,78.91,78.87,78.9,1242440.38,35.0
CCMFUT,11/07/2025 12:34:00,78.93,78.93,78.93,78.93,213111.92,6.0
CCMFUT,11/07/2025 12:31:00,78.93,78.93,78.93,78.93,106555.96,3.0
CCMFUT,11/07/2025 12:26:00,78.94,78.94,78.93,78.93,213122.39,6.0
CCMFUT,11/07/2025 12:25:00,78.93,78.93,78.93,78.93,71037.31,2.0
CCMFUT,11/07/2025 12:24:00,78.93,78.93,78.93,78.93,35518.65,1.0
CCMFUT,11/07/2025 12:22:00,78.93,78.93,78.93,78.93,71037.31,2.0
CCMFUT,11/07/2025 12:13:00,78.93,78.93,78.93,78.93,106555.96,3.0
CCMFUT,11/07/2025 12:12:00,78.88,78.91,78.88,78.91,816593.73,23.0
CCMFUT,11/07/2025 12:08:00,78.88,78.88,78.88,78.88,212986.19,6.0
CCMFUT,11/07/2025 12:07:00,78.87,78.87,78.87,78.87,35492.46,1.0
CCMFUT,11/07/2025 12:05:00,78.87,78.88,78.87,78.87,354929.83,10.0
CCMFUT,11/07/2025 12:04:00,78.87,78.87,78.87,78.87,212954.75,6.0
CCMFUT,11/07/2025 12:03:00,78.88,78.88,78.88,78.88,390474.68,11.0
CCMFUT,11/07/2025 12:02:00,78.9,78.91,78.9,78.9,177525.16,5.0
CCMFUT,11/07/2025 12:01:00,78.92,78.92,78.9,78.9,355076.51,10.0
CCMFUT,11/07/2025 12:00:00,78.91,78.92,78.9,78.92,639173.35,18.0
CCMFUT,11/07/2025 11:59:00,78.95,78.95,78.94,78.94,1279012.02,36.0
CCMFUT,11/07/2025 11:58:00,78.98,78.98,78.98,78.98,71079.22,2.0
CCMFUT,11/07/2025 11:56:00,78.99,78.99,78.99,78.99,106634.54,3.0
CCMFUT,11/07/2025 11:51:00,78.99,78.99,78.99,78.99,71089.69,2.0
CCMFUT,11/07/2025 11:49:00,78.99,79.0,78.99,79.0,106639.78,3.0
CCMFUT,11/07/2025 11:47:00,79.0,79.0,79.0,79.0,35550.09,1.0
CCMFUT,11/07/2025 11:34:00,79.01,79.01,79.0,79.0,213305.75,6.0
CCMFUT,11/07/2025 11:33:00,79.0,79.0,79.0,79.0,35550.09,1.0
CCMFUT,11/07/2025 11:32:00,78.98,79.0,78.98,79.0,391009.03,11.0
CCMFUT,11/07/2025 11:31:00,78.93,78.98,78.93,78.98,390846.63,11.0
CCMFUT,11/07/2025 11:30:00,78.94,78.94,78.93,78.93,2095616.23,59.0
CCMFUT,11/07/2025 11:27:00,78.95,78.95,78.93,78.95,1065753.42,30.0
CCMFUT,11/07/2025 11:26:00,79.0,79.0,78.97,78.97,604257.15,17.0
CCMFUT,11/07/2025 11:23:00,78.99,78.99,78.99,78.99,355448.46,10.0
CCMFUT,11/07/2025 11:22:00,78.98,78.98,78.98,78.98,177698.04,5.0
CCMFUT,11/07/2025 11:21:00,78.97,78.97,78.97,78.97,142137.48,4.0
CCMFUT,11/07/2025 11:20:00,78.98,78.98,78.97,78.98,177692.8,5.0
CCMFUT,11/07/2025 11:19:00,78.99,78.99,78.94,78.94,923783.58,26.0
CCMFUT,11/07/2025 11:18:00,78.98,78.98,78.98,78.98,71079.22,2.0
CCMFUT,11/07/2025 11:17:00,78.98,78.99,78.97,78.97,1101764.51,31.0
CCMFUT,11/07/2025 11:16:00,78.95,78.95,78.95,78.95,71058.26,2.0
CCMFUT,11/07/2025 11:15:00,78.94,78.98,78.94,78.97,604016.17,17.0
CCMFUT,11/07/2025 11:14:00,78.98,78.99,78.94,78.94,1918709.24,54.0
CCMFUT,11/07/2025 11:13:00,78.97,78.97,78.97,78.97,35534.37,1.0
CCMFUT,11/07/2025 11:12:00,78.98,78.98,78.94,78.98,639576.73,18.0
CCMFUT,11/07/2025 11:09:00,78.97,78.99,78.97,78.98,462014.9,13.0
CCMFUT,11/07/2025 11:08:00,78.97,78.97,78.97,78.97,106603.11,3.0
CCMFUT,11/07/2025 11:07:00,79.0,79.0,78.94,78.97,2559066.55,72.0
CCMFUT,11/07/2025 11:04:00,79.01,79.01,79.01,79.01,35555.32,1.0
CCMFUT,11/07/2025 11:03:00,79.02,79.02,79.0,79.0,817809.12,23.0
CCMFUT,11/07/2025 10:59:00,79.04,79.04,79.04,79.04,106697.4,3.0
CCMFUT,11/07/2025 10:58:00,79.04,79.04,79.04,79.04,35565.8,1.0
CCMFUT,11/07/2025 10:57:00,79.04,79.04,79.02,79.02,320086.97,9.0
CCMFUT,11/07/2025 10:56:00,79.05,79.05,79.02,79.02,853636.86,24.0
CCMFUT,11/07/2025 10:54:00,79.05,79.05,79.05,79.05,106713.12,3.0
CCMFUT,11/07/2025 10:53:00,79.06,79.06,79.05,79.06,747070.42,21.0
CCMFUT,11/07/2025 10:52:00,79.08,79.08,79.08,79.08,177933.78,5.0
CCMFUT,11/07/2025 10:47:00,79.09,79.09,79.09,79.09,71183.99,2.0
CCMFUT,11/07/2025 10:43:00,79.09,79.09,79.09,79.09,106775.99,3.0
CCMFUT,11/07/2025 10:42:00,79.1,79.1,79.1,79.1,106791.7,3.0
CCMFUT,11/07/2025 10:40:00,79.08,79.12,79.08,79.1,1174687.76,33.0
CCMFUT,11/07/2025 10:39:00,79.08,79.08,79.07,79.07,355841.37,10.0
CCMFUT,11/07/2025 10:34:00,79.05,79.08,79.05,79.08,569225.7,16.0
CCMFUT,11/07/2025 10:33:00,79.05,79.05,79.05,79.05,213426.24,6.0
CCMFUT,11/07/2025 10:32:00,79.07,79.07,79.07,79.07,71163.04,2.0
CCMFUT,11/07/2025 10:30:00,79.07,79.07,79.07,79.07,35581.52,1.0
CCMFUT,11/07/2025 10:29:00,79.08,79.08,79.08,79.08,142347.03,4.0
CCMFUT,11/07/2025 10:28:00,79.08,79.08,79.08,79.08,106760.27,3.0
CCMFUT,11/07/2025 10:27:00,79.06,79.06,79.06,79.06,106728.84,3.0
CCMFUT,11/07/2025 10:26:00,79.08,79.08,79.08,79.08,106760.27,3.0
CCMFUT,11/07/2025 10:25:00,79.08,79.08,79.07,79.07,106755.03,3.0
CCMFUT,11/07/2025 10:24:00,79.08,79.08,79.07,79.07,106755.03,3.0
CCMFUT,11/07/2025 10:23:00,79.09,79.09,79.08,79.08,106765.51,3.0
CCMFUT,11/07/2025 10:22:00,79.09,79.12,79.09,79.12,106791.7,3.0
CCMFUT,11/07/2025 10:21:00,79.1,79.1,79.07,79.07,355914.71,10.0
CCMFUT,11/07/2025 10:20:00,79.13,79.13,79.13,79.13,106823.13,3.0
CCMFUT,11/07/2025 10:17:00,79.15,79.15,79.14,79.15,320547.98,9.0
CCMFUT,11/07/2025 10:16:00,79.15,79.15,79.15,79.15,35618.19,1.0
CCMFUT,11/07/2025 10:13:00,79.15,79.16,79.15,79.15,142477.99,4.0
CCMFUT,11/07/2025 10:12:00,79.16,79.16,79.16,79.16,106870.28,3.0
CCMFUT,11/07/2025 10:11:00,79.17,79.17,79.17,79.17,142514.67,4.0
CCMFUT,11/07/2025 10:10:00,79.17,79.19,79.16,79.19,1532043.13,43.0
CCMFUT,11/07/2025 10:09:00,79.19,79.19,79.19,79.19,320705.15,9.0
CCMFUT,11/07/2025 10:03:00,79.16,79.17,79.16,79.17,106875.52,3.0
CCMFUT,11/07/2025 10:00:00,79.19,79.19,79.17,79.17,391952.0,11.0
CCMFUT,11/07/2025 09:59:00,79.19,79.19,79.19,79.19,249437.34,7.0
CCMFUT,11/07/2025 09:54:00,79.17,79.17,79.17,79.17,71257.33,2.0
CCMFUT,11/07/2025 09:53:00,79.2,79.2,79.2,79.2,71278.29,2.0
CCMFUT,11/07/2025 09:51:00,79.21,79.21,79.21,79.21,35644.38,1.0
CCMFUT,11/07/2025 09:49:00,79.19,79.19,79.19,79.19,35633.91,1.0
CCMFUT,11/07/2025 09:47:00,79.2,79.21,79.2,79.2,142561.81,4.0
CCMFUT,11/07/2025 09:46:00,79.2,79.2,79.2,79.2,35639.14,1.0
CCMFUT,11/07/2025 09:45:00,79.16,79.19,79.16,79.19,320626.56,9.0
CCMFUT,11/07/2025 09:44:00,79.16,79.16,79.15,79.15,142483.23,4.0
CCMFUT,11/07/2025 09:43:00,79.16,79.16,79.16,79.16,249363.99,7.0
CCMFUT,11/07/2025 09:42:00,79.15,79.15,79.15,79.15,35618.19,1.0
CCMFUT,11/07/2025 09:41:00,79.14,79.14,79.14,79.14,35612.95,1.0
CCMFUT,11/07/2025 09:40:00,79.12,79.13,79.12,79.13,71210.18,2.0
CCMFUT,11/07/2025 09:39:00,79.16,79.16,79.12,79.12,178049.03,5.0
CCMFUT,11/07/2025 09:38:00,79.15,79.16,79.15,79.16,498717.51,14.0
CCMFUT,11/07/2025 09:37:00,79.14,79.14,79.14,79.14,35612.95,1.0
CCMFUT,11/07/2025 09:36:00,79.15,79.15,79.15,79.15,71236.38,2.0
CCMFUT,11/07/2025 09:35:00,79.1,79.17,79.1,79.14,783589.68,22.0
CCMFUT,11/07/2025 09:34:00,79.05,79.07,79.05,79.07,569178.55,16.0
CCMFUT,11/07/2025 09:33:00,79.01,79.04,79.0,79.04,568916.62,16.0
CCMFUT,11/07/2025 09:32:00,79.02,79.02,79.02,79.02,142242.25,4.0
CCMFUT,11/07/2025 09:31:00,79.06,79.06,79.02,79.02,2987941.18,84.0
CCMFUT,11/07/2025 09:30:00,79.07,79.07,79.06,79.07,355794.22,10.0
CCMFUT,11/07/2025 09:29:00,79.1,79.1,79.07,79.07,604974.86,17.0
CCMFUT,11/07/2025 09:28:00,79.1,79.1,79.1,79.1,106791.7,3.0
CCMFUT,11/07/2025 09:27:00,79.12,79.12,79.12,79.12,35602.47,1.0
CCMFUT,11/07/2025 09:23:00,79.1,79.13,79.1,79.13,142399.41,4.0
CCMFUT,11/07/2025 09:22:00,79.14,79.14,79.12,79.12,284840.74,8.0
CCMFUT,11/07/2025 09:21:00,79.16,79.16,79.1,79.14,1602284.15,45.0
CCMFUT,11/07/2025 09:19:00,79.14,79.14,79.14,79.14,35612.95,1.0
CCMFUT,11/07/2025 09:18:00,79.14,79.16,79.14,79.15,106854.57,3.0
CCMFUT,11/07/2025 09:17:00,79.15,79.16,79.15,79.15,213730.09,6.0
CCMFUT,11/07/2025 09:16:00,79.08,79.1,79.08,79.1,569508.59,16.0
CCMFUT,11/07/2025 09:15:00,79.1,79.1,79.06,79.09,1352459.14,38.0
CCMFUT,11/07/2025 09:14:00,79.1,79.1,79.1,79.1,213583.4,6.0
CCMFUT,11/07/2025 09:13:00,79.16,79.16,79.12,79.12,320485.12,9.0
CCMFUT,11/07/2025 09:11:00,79.12,79.19,79.1,79.19,1032738.88,29.0
CCMFUT,11/07/2025 09:10:00,79.15,79.15,79.14,79.14,213693.42,6.0
CCMFUT,11/07/2025 09:09:00,79.17,79.17,79.17,79.17,106886.0,3.0
CCMFUT,11/07/2025 09:08:00,79.17,79.17,79.07,79.16,5449095.69,153.0
CCMFUT,11/07/2025 09:07:00,79.21,79.21,79.17,79.17,605755.43,17.0
CCMFUT,11/07/2025 09:06:00,79.22,79.22,79.2,79.2,106938.39,3.0
CCMFUT,11/07/2025 09:05:00,79.26,79.28,79.19,79.24,1319250.78,37.0
CCMFUT,11/07/2025 09:03:00,79.26,79.27,79.22,79.27,1640726.02,46.0
CCMFUT,11/07/2025 09:02:00,79.28,79.31,79.28,79.29,677861.44,19.0
CCMFUT,11/07/2025 09:01:00,79.22,79.22,79.22,79.22,213897.73,6.0
CCMFUT,11/07/2025 09:00:00,79.21,79.21,79.16,79.16,1140201.14,32.0
CCMFUT,11/04/2025 17:05:00,79.38,79.4,79.28,79.36,1106730.84,31.0
CCMFUT,11/04/2025 16:19:00,79.29,79.31,79.24,79.31,1141458.44,32.0
CCMFUT,11/04/2025 16:18:00,79.24,79.33,79.24,79.33,2140475.56,60.0
CCMFUT,11/04/2025 16:17:00,79.26,79.28,79.24,79.24,998728.99,28.0
CCMFUT,11/04/2025 16:16:00,79.29,79.31,79.26,79.28,1070258.73,30.0
CCMFUT,11/04/2025 16:15:00,79.22,79.33,79.21,79.33,3995591.74,112.0
CCMFUT,11/04/2025 16:14:00,79.16,79.23,79.16,79.23,1069231.94,30.0
CCMFUT,11/04/2025 16:13:00,79.16,79.19,79.16,79.19,1033157.98,29.0
CCMFUT,11/04/2025 16:12:00,79.16,79.17,79.16,79.17,1211222.73,34.0
CCMFUT,11/04/2025 16:11:00,79.13,79.17,79.12,79.17,2920890.56,82.0
CCMFUT,11/04/2025 16:10:00,79.19,79.2,79.13,79.13,8656587.2,243.0
CCMFUT,11/04/2025 16:09:00,79.17,79.19,79.17,79.17,142519.9,4.0
CCMFUT,11/04/2025 16:08:00,79.17,79.19,79.17,79.19,106896.48,3.0
CCMFUT,11/04/2025 16:07:00,79.17,79.17,79.17,79.17,213772.0,6.0
CCMFUT,11/04/2025 16:06:00,79.17,79.17,79.16,79.17,213766.76,6.0
CCMFUT,11/04/2025 16:05:00,79.16,79.17,79.16,79.16,748144.37,21.0
CCMFUT,11/04/2025 16:04:00,79.17,79.17,79.17,79.17,71257.33,2.0
CCMFUT,11/04/2025 16:03:00,79.19,79.19,79.16,79.17,2315548.99,65.0
CCMFUT,11/04/2025 16:02:00,79.19,79.2,79.16,79.16,819412.18,23.0
CCMFUT,11/04/2025 16:01:00,79.2,79.2,79.16,79.19,7659560.8,215.0
CCMFUT,11/04/2025 16:00:00,79.17,79.21,79.17,79.17,1959896.21,55.0
CCMFUT,11/04/2025 15:59:00,79.17,79.2,79.17,79.19,3384796.64,95.0
CCMFUT,11/04/2025 15:58:00,79.2,79.2,79.17,79.17,1104577.71,31.0
CCMFUT,11/04/2025 15:57:00,79.22,79.23,79.19,79.21,748542.51,21.0
CCMFUT,11/04/2025 15:56:00,79.24,79.27,79.22,79.23,570488.24,16.0
CCMFUT,11/04/2025 15:55:00,79.27,79.27,79.24,79.26,320967.08,9.0
CCMFUT,11/04/2025 15:54:00,79.27,79.27,79.24,79.27,107001.25,3.0
CCMFUT,11/04/2025 15:53:00,79.27,79.27,79.24,79.24,142661.35,4.0
CCMFUT,11/04/2025 15:52:00,79.24,79.27,79.24,79.26,213992.02,6.0
CCMFUT,11/04/2025 15:51:00,79.26,79.27,79.26,79.27,71335.91,2.0
CCMFUT,11/04/2025 15:50:00,79.26,79.26,79.23,79.26,142640.39,4.0
CCMFUT,11/04/2025 15:49:00,79.23,79.27,79.23,79.27,606253.11,17.0
CCMFUT,11/04/2025 15:48:00,79.24,79.26,79.22,79.24,427894.99,12.0
CCMFUT,11/04/2025 15:47:00,79.24,79.24,79.22,79.24,249568.3,7.0
CCMFUT,11/04/2025 15:46:00,79.27,79.27,79.23,79.23,106990.77,3.0
CCMFUT,11/04/2025 15:45:00,79.27,79.27,79.27,79.27,71341.15,2.0
CCMFUT,11/04/2025 15:44:00,79.28,79.28,79.23,79.27,249641.65,7.0
CCMFUT,11/04/2025 15:43:00,79.3,79.3,79.29,79.29,107053.64,3.0
CCMFUT,11/04/2025 15:42:00,79.29,79.3,79.29,79.3,71367.35,2.0
CCMFUT,11/04/2025 15:41:00,79.28,79.29,79.24,79.29,499382.83,14.0
CCMFUT,11/04/2025 15:40:00,79.27,79.28,79.24,79.28,463696.54,13.0
CCMFUT,11/04/2025 15:39:00,79.28,79.28,79.26,79.26,249699.27,7.0
CCMFUT,11/04/2025 15:38:00,79.28,79.28,79.26,79.26,321045.66,9.0
CCMFUT,11/04/2025 15:37:00,79.34,79.34,79.24,79.27,856140.98,24.0
CCMFUT,11/04/2025 15:36:00,79.35,79.35,79.33,79.35,107111.26,3.0
CCMFUT,11/04/2025 15:35:00,79.35,79.35,79.33,79.35,107111.26,3.0
CCMFUT,11/04/2025 15:34:00,79.35,79.35,79.33,79.35,178510.04,5.0
CCMFUT,11/04/2025 15:33:00,79.3,79.35,79.3,79.34,642531.38,18.0
CCMFUT,11/04/2025 15:32:00,79.3,79.3,79.28,79.3,428141.21,12.0
CCMFUT,11/04/2025 15:31:00,79.31,79.31,79.28,79.29,392465.4,11.0
CCMFUT,11/04/2025 15:30:00,79.31,79.31,79.29,79.29,285500.82,8.0
CCMFUT,11/04/2025 15:29:00,79.3,79.31,79.3,79.31,71377.82,2.0
CCMFUT,11/04/2025 15:28:00,79.28,79.3,79.27,79.29,249741.18,7.0
CCMFUT,11/04/2025 15:27:00,79.29,79.29,79.27,79.27,178373.84,5.0
CCMFUT,11/04/2025 15:26:00,79.29,79.3,79.28,79.29,249751.66,7.0
CCMFUT,11/04/2025 15:25:00,79.31,79.31,79.29,79.31,249809.29,7.0
CCMFUT,11/04/2025 15:24:00,79.3,79.31,79.29,79.29,142750.41,4.0
CCMFUT,11/04/2025 15:23:00,79.29,79.29,79.28,79.29,107037.92,3.0
CCMFUT,11/04/2025 15:22:00,79.3,79.3,79.28,79.29,285422.24,8.0
CCMFUT,11/04/2025 15:21:00,79.31,79.31,79.28,79.29,392470.64,11.0
CCMFUT,11/04/2025 15:20:00,79.31,79.31,79.29,79.31,356894.36,10.0
CCMFUT,11/04/2025 15:19:00,79.31,79.31,79.29,79.31,178441.94,5.0
CCMFUT,11/04/2025 15:18:00,79.31,79.31,79.31,79.31,142766.12,4.0
CCMFUT,11/04/2025 15:17:00,79.3,79.31,79.29,79.31,249814.52,7.0
CCMFUT,11/04/2025 15:16:00,79.3,79.3,79.29,79.3,142739.93,4.0
CCMFUT,11/04/2025 15:15:00,79.29,79.29,79.28,79.29,321113.77,9.0
CCMFUT,11/04/2025 15:14:00,79.3,79.31,79.29,79.31,285490.34,8.0
CCMFUT,11/04/2025 15:13:00,79.28,79.29,79.28,79.29,321119.01,9.0
CCMFUT,11/04/2025 15:12:00,79.24,79.28,79.24,79.28,392360.62,11.0
CCMFUT,11/04/2025 15:10:00,79.21,79.22,79.21,79.22,71294.0,2.0
CCMFUT,11/04/2025 15:09:00,79.23,79.23,79.2,79.22,855480.9,24.0
CCMFUT,11/04/2025 15:08:00,79.21,79.22,79.21,79.22,106943.63,3.0
CCMFUT,11/04/2025 15:06:00,79.21,79.21,79.21,79.21,320799.44,9.0
CCMFUT,11/04/2025 15:05:00,79.22,79.22,79.22,79.22,106948.86,3.0
CCMFUT,11/04/2025 15:01:00,79.23,79.23,79.23,79.23,570477.76,16.0
CCMFUT,11/04/2025 15:00:00,79.23,79.23,79.16,79.23,2815487.12,79.0
CCMFUT,11/04/2025 14:58:00,79.21,79.22,79.21,79.22,71294.0,2.0
CCMFUT,11/04/2025 14:57:00,79.21,79.21,79.21,79.21,35644.38,1.0
CCMFUT,11/04/2025 14:54:00,79.21,79.21,79.21,79.21,35644.38,1.0
CCMFUT,11/04/2025 14:52:00,79.26,79.26,79.26,79.26,35665.34,1.0
CCMFUT,11/04/2025 14:51:00,79.23,79.23,79.23,79.23,35654.86,1.0
CCMFUT,11/04/2025 14:50:00,79.21,79.21,79.2,79.2,178206.2,5.0
CCMFUT,11/04/2025 14:49:00,79.22,79.22,79.22,79.22,213897.73,6.0
CCMFUT,11/04/2025 14:48:00,79.24,79.24,79.16,79.21,748301.53,21.0
CCMFUT,11/04/2025 14:47:00,79.19,79.23,79.17,79.23,605944.03,17.0
CCMFUT,11/04/2025 14:46:00,79.16,79.19,79.16,79.19,4310466.17,121.0
CCMFUT,11/04/2025 14:45:00,79.17,79.17,79.16,79.16,249390.19,7.0
CCMFUT,11/04/2025 14:44:00,79.19,79.19,79.19,79.19,35633.91,1.0
CCMFUT,11/04/2025 14:43:00,79.2,79.21,79.2,79.21,142567.05,4.0
CCMFUT,11/04/2025 14:41:00,79.17,79.17,79.17,79.17,71257.33,2.0
CCMFUT,11/04/2025 14:36:00,79.17,79.2,79.16,79.2,641368.38,18.0
CCMFUT,11/04/2025 14:34:00,79.19,79.19,79.19,79.19,35633.91,1.0
CCMFUT,11/04/2025 14:33:00,79.2,79.21,79.2,79.21,178211.44,5.0
CCMFUT,11/04/2025 14:32:00,79.21,79.23,79.21,79.21,463387.45,13.0
CCMFUT,11/04/2025 14:31:00,79.17,79.21,79.16,79.21,855187.53,24.0
CCMFUT,11/04/2025 14:30:00,79.16,79.2,79.16,79.19,356312.86,10.0
CCMFUT,11/04/2025 14:29:00,79.22,79.22,79.15,79.15,2387586.89,67.0
CCMFUT,11/04/2025 14:28:00,79.23,79.23,79.23,79.23,142619.44,4.0
CCMFUT,11/04/2025 14:27:00,79.23,79.23,79.23,79.23,35654.86,1.0
CCMFUT,11/04/2025 14:26:00,79.23,79.23,79.23,79.23,71309.72,2.0
CCMFUT,11/04/2025 14:25:00,79.26,79.26,79.26,79.26,35665.34,1.0
CCMFUT,11/04/2025 14:23:00,79.34,79.34,79.22,79.26,8348680.29,234.0
CCMFUT,11/04/2025 14:22:00,79.34,79.34,79.34,79.34,285616.07,8.0
CCMFUT,11/04/2025 14:21:00,79.35,79.36,79.34,79.34,428471.25,12.0
CCMFUT,11/04/2025 14:20:00,79.33,79.34,79.33,79.34,1820797.2,51.0
CCMFUT,11/04/2025 14:17:00,79.37,79.37,79.35,79.35,214264.44,6.0
CCMFUT,11/04/2025 14:15:00,79.38,79.38,79.36,79.38,142881.38,4.0
CCMFUT,11/04/2025 14:13:00,79.38,79.4,79.38,79.4,107179.37,3.0
CCMFUT,11/04/2025 14:11:00,79.36,79.36,79.36,79.36,35712.49,1.0
CCMFUT,11/04/2025 14:10:00,79.41,79.41,79.38,79.38,393015.46,11.0
CCMFUT,11/04/2025 14:08:00,79.44,79.44,79.43,79.43,107236.99,3.0
CCMFUT,11/04/2025 14:07:00,79.43,79.43,79.43,79.43,178719.59,5.0
CCMFUT,11/04/2025 14:06:00,79.43,79.43,79.43,79.43,71487.84,2.0
CCMFUT,11/04/2025 14:05:00,79.38,79.43,79.38,79.43,500231.5,14.0
CCMFUT,11/04/2025 14:04:00,79.38,79.4,79.38,79.38,321538.11,9.0
CCMFUT,11/04/2025 14:03:00,79.37,79.37,79.36,79.36,178572.91,5.0
CCMFUT,11/04/2025 14:02:00,79.37,79.4,79.36,79.36,535786.83,15.0
CCMFUT,11/04/2025 14:00:00,79.35,79.37,79.34,79.37,249961.21,7.0
CCMFUT,11/04/2025 13:58:00,79.33,79.33,79.33,79.33,35696.77,1.0
CCMFUT,11/04/2025 13:55:00,79.35,79.35,79.35,79.35,35707.25,1.0
CCMFUT,11/04/2025 13:54:00,79.33,79.33,79.33,79.33,35696.77,1.0
CCMFUT,11/04/2025 13:50:00,79.36,79.36,79.31,79.31,321297.12,9.0
CCMFUT,11/04/2025 13:48:00,79.35,79.37,79.35,79.37,357135.34,10.0
CCMFUT,11/04/2025 13:46:00,79.34,79.35,79.31,79.35,571200.71,16.0
CCMFUT,11/04/2025 13:42:00,79.35,79.35,79.35,79.35,357072.47,10.0
CCMFUT,11/04/2025 13:41:00,79.31,79.31,79.31,79.31,35691.53,1.0
CCMFUT,11/04/2025 13:38:00,79.34,79.34,79.34,79.34,35702.01,1.0
CCMFUT,11/04/2025 13:36:00,79.31,79.34,79.31,79.34,178478.61,5.0
CCMFUT,11/04/2025 13:35:00,79.3,79.3,79.3,79.3,107058.88,3.0
CCMFUT,11/04/2025 13:34:00,79.36,79.36,79.33,79.33,357035.8,10.0
CCMFUT,11/04/2025 13:33:00,79.33,79.37,79.33,79.34,3070687.07,86.0
CCMFUT,11/04/2025 13:32:00,79.35,79.35,79.34,79.34,107111.26,3.0
CCMFUT,11/04/2025 13:29:00,79.34,79.37,79.34,79.37,357103.91,10.0
CCMFUT,11/04/2025 13:28:00,79.35,79.35,79.31,79.31,2177534.4,61.0
CCMFUT,11/04/2025 13:27:00,79.36,79.36,79.35,79.35,107132.22,3.0
CCMFUT,11/04/2025 13:23:00,79.38,79.38,79.38,79.38,107168.89,3.0
CCMFUT,11/04/2025 13:21:00,79.37,79.37,79.35,79.35,249987.4,7.0
CCMFUT,11/04/2025 13:20:00,79.37,79.41,79.35,79.37,785858.05,22.0
CCMFUT,11/04/2025 13:19:00,79.43,79.43,79.38,79.4,750318.44,21.0
CCMFUT,11/04/2025 13:17:00,79.44,79.44,79.44,79.44,71498.31,2.0
CCMFUT,11/04/2025 13:16:00,79.45,79.45,79.44,79.45,107257.95,3.0
CCMFUT,11/04/2025 13:14:00,79.44,79.44,79.44,79.44,35749.16,1.0
CCMFUT,11/04/2025 13:12:00,79.45,79.45,79.43,79.43,71498.31,2.0
CCMFUT,11/04/2025 13:11:00,79.44,79.44,79.44,79.44,107247.47,3.0
CCMFUT,11/04/2025 13:10:00,79.45,79.45,79.45,79.45,71508.79,2.0
CCMFUT,11/04/2025 13:09:00,79.44,79.45,79.44,79.45,71503.55,2.0
CCMFUT,11/04/2025 13:07:00,79.44,79.44,79.33,79.4,2142890.61,60.0
CCMFUT,11/04/2025 13:06:00,79.48,79.48,79.45,79.45,357591.11,10.0
CCMFUT,11/04/2025 13:05:00,79.51,79.51,79.49,79.49,143101.4,4.0
CCMFUT,11/04/2025 13:03:00,79.51,79.51,79.51,79.51,35780.59,1.0
CCMFUT,11/04/2025 12:59:00,79.51,79.51,79.51,79.51,35780.59,1.0
CCMFUT,11/04/2025 12:55:00,79.5,79.5,79.5,79.5,107326.05,3.0
CCMFUT,11/04/2025 12:52:00,79.48,79.48,79.48,79.48,107294.62,3.0
CCMFUT,11/04/2025 12:50:00,79.49,79.49,79.45,79.45,357648.74,10.0
CCMFUT,11/04/2025 12:49:00,79.52,79.52,79.49,79.49,357790.18,10.0
CCMFUT,11/04/2025 12:48:00,79.55,79.55,79.55,79.55,35796.31,1.0
CCMFUT,11/04/2025 12:46:00,79.51,79.54,79.51,79.54,71571.66,2.0
CCMFUT,11/04/2025 12:44:00,79.52,79.52,79.52,79.52,35785.83,1.0
CCMFUT,11/04/2025 12:42:00,79.51,79.51,79.51,79.51,35780.59,1.0
CCMFUT,11/04/2025 12:41:00,79.52,79.52,79.52,79.52,35785.83,1.0
CCMFUT,11/04/2025 12:38:00,79.52,79.52,79.52,79.52,35785.83,1.0
CCMFUT,11/04/2025 12:34:00,79.5,79.5,79.5,79.5,35775.35,1.0
CCMFUT,11/04/2025 12:29:00,79.51,79.51,79.5,79.51,107336.53,3.0
CCMFUT,11/04/2025 12:27:00,79.54,79.54,79.51,79.51,500991.12,14.0
CCMFUT,11/04/2025 12:25:00,79.54,79.54,79.54,79.54,71582.13,2.0
CCMFUT,11/04/2025 12:23:00,79.55,79.55,79.55,79.55,35796.31,1.0
CCMFUT,11/04/2025 12:21:00,79.55,79.55,79.55,79.55,71592.61,2.0
CCMFUT,11/04/2025 12:18:00,79.55,79.55,79.55,79.55,35796.31,1.0
CCMFUT,11/04/2025 12:17:00,79.54,79.54,79.54,79.54,35791.07,1.0
CCMFUT,11/04/2025 12:14:00,79.57,79.57,79.56,79.56,143211.42,4.0
CCMFUT,11/04/2025 12:13:00,79.57,79.57,79.57,79.57,393874.62,11.0
CCMFUT,11/04/2025 12:12:00,79.55,79.55,79.55,79.55,71592.61,2.0
CCMFUT,11/04/2025 12:08:00,79.55,79.55,79.55,79.55,71592.61,2.0
CCMFUT,11/04/2025 12:05:00,79.54,79.54,79.54,79.54,35791.07,1.0
CCMFUT,11/04/2025 12:04:00,79.54,79.54,79.54,79.54,35791.07,1.0
CCMFUT,11/04/2025 12:03:00,79.56,79.56,79.55,79.55,214788.31,6.0
CCMFUT,11/04/2025 12:02:00,79.56,79.58,79.55,79.55,572845.67,16.0
CCMFUT,11/04/2025 12:00:00,79.5,79.54,79.5,79.52,250500.8,7.0
CCMFUT,11/04/2025 11:59:00,79.52,79.52,79.52,79.52,71571.66,2.0
CCMFUT,11/04/2025 11:58:00,79.5,79.55,79.5,79.55,894603.8,25.0
CCMFUT,11/04/2025 11:57:00,79.48,79.5,79.48,79.5,321941.49,9.0
CCMFUT,11/04/2025 11:56:00,79.47,79.49,79.47,79.47,751099.02,21.0
CCMFUT,11/04/2025 11:55:00,79.43,79.45,79.43,79.45,71498.31,2.0
CCMFUT,11/04/2025 11:54:00,79.44,79.44,79.44,79.44,35749.16,1.0
CCMFUT,11/04/2025 11:52:00,79.45,79.45,79.41,79.45,1679953.7,47.0
CCMFUT,11/04/2025 11:51:00,79.48,79.49,79.44,79.44,750978.52,21.0
CCMFUT,11/04/2025 11:50:00,79.42,79.45,79.42,79.45,142991.39,4.0
CCMFUT,11/04/2025 11:49:00,79.43,79.44,79.43,79.43,142980.91,4.0
CCMFUT,11/04/2025 11:48:00,79.43,79.45,79.43,79.44,250244.1,7.0
CCMFUT,11/04/2025 11:47:00,79.43,79.43,79.43,79.43,35743.92,1.0
CCMFUT,11/04/2025 11:44:00,79.44,79.44,79.44,79.44,71498.31,2.0
CCMFUT,11/04/2025 11:42:00,79.44,79.44,79.42,79.44,357460.14,10.0
CCMFUT,11/04/2025 11:38:00,79.44,79.44,79.4,79.41,250165.52,7.0
CCMFUT,11/04/2025 11:37:00,79.48,79.51,79.43,79.43,1538308.66,43.0
CCMFUT,11/04/2025 11:36:00,79.37,79.51,79.37,79.47,6505665.6,182.0
CCMFUT,11/04/2025 11:35:00,79.34,79.34,79.34,79.34,71404.02,2.0
CCMFUT,11/04/2025 11:33:00,79.3,79.33,79.3,79.33,142766.12,4.0
CCMFUT,11/04/2025 11:30:00,79.28,79.28,79.28,79.28,35675.81,1.0
CCMFUT,11/04/2025 11:28:00,79.3,79.31,79.29,79.29,107058.88,3.0
CCMFUT,11/04/2025 11:26:00,79.28,79.3,79.26,79.3,428151.69,12.0
CCMFUT,11/04/2025 11:24:00,79.28,79.28,79.27,79.27,142692.78,4.0
CCMFUT,11/04/2025 11:21:00,79.27,79.27,79.24,79.24,71330.67,2.0
CCMFUT,11/04/2025 11:20:00,79.28,79.28,79.28,79.28,71351.63,2.0
CCMFUT,11/04/2025 11:19:00,79.29,79.29,79.29,79.29,107043.16,3.0
CCMFUT,11/04/2025 11:18:00,79.26,79.28,79.26,79.28,214018.22,6.0
CCMFUT,11/04/2025 11:17:00,79.27,79.27,79.24,79.26,427999.77,12.0
CCMFUT,11/04/2025 11:15:00,79.28,79.28,79.27,79.28,107022.21,3.0
CCMFUT,11/04/2025 11:13:00,79.27,79.27,79.26,79.27,107006.49,3.0
CCMFUT,11/04/2025 11:12:00,79.27,79.27,79.27,79.27,178352.88,5.0
CCMFUT,11/04/2025 11:11:00,79.24,79.27,79.23,79.27,392292.52,11.0
CCMFUT,11/04/2025 11:10:00,79.29,79.29,79.24,79.24,3888621.92,109.0
CCMFUT,11/04/2025 11:09:00,79.3,79.3,79.3,79.3,178431.46,5.0
CCMFUT,11/04/2025 11:08:00,79.31,79.31,79.31,79.31,142766.12,4.0
CCMFUT,11/04/2025 11:04:00,79.31,79.31,79.31,79.31,35691.53,1.0
CCMFUT,11/04/2025 11:01:00,79.31,79.33,79.31,79.33,142771.36,4.0
CCMFUT,11/04/2025 11:00:00,79.34,79.35,79.31,79.31,321302.36,9.0
CCMFUT,11/04/2025 10:56:00,79.33,79.33,79.33,79.33,35696.77,1.0
CCMFUT,11/04/2025 10:52:00,79.33,79.33,79.33,79.33,35696.77,1.0
CCMFUT,11/04/2025 10:50:00,79.33,79.33,79.33,79.33,35696.77,1.0
CCMFUT,11/04/2025 10:47:00,79.33,79.33,79.33,79.33,35696.77,1.0
CCMFUT,11/04/2025 10:45:00,79.35,79.35,79.34,79.34,71409.26,2.0
CCMFUT,11/04/2025 10:44:00,79.34,79.35,79.34,79.34,285626.55,8.0
CCMFUT,11/04/2025 10:43:00,79.31,79.31,79.31,79.31,35691.53,1.0
CCMFUT,11/04/2025 10:41:00,79.31,79.31,79.31,79.31,107074.59,3.0
CCMFUT,11/04/2025 10:40:00,79.33,79.33,79.33,79.33,35696.77,1.0
CCMFUT,11/04/2025 10:39:00,79.33,79.33,79.31,79.31,142776.6,4.0
CCMFUT,11/04/2025 10:38:00,79.34,79.34,79.34,79.34,71404.02,2.0
CCMFUT,11/04/2025 10:37:00,79.31,79.33,79.31,79.33,249856.43,7.0
CCMFUT,11/04/2025 10:35:00,79.31,79.31,79.29,79.29,71372.58,2.0
CCMFUT,11/04/2025 10:34:00,79.3,79.3,79.28,79.3,606562.2,17.0
CCMFUT,11/04/2025 10:33:00,79.31,79.33,79.3,79.3,856549.6,24.0
CCMFUT,11/04/2025 10:31:00,79.33,79.33,79.33,79.33,1891928.81,53.0
CCMFUT,11/04/2025 10:27:00,79.34,79.34,79.34,79.34,35702.01,1.0
CCMFUT,11/04/2025 10:23:00,79.35,79.35,79.34,79.34,214233.01,6.0
CCMFUT,11/04/2025 10:22:00,79.35,79.35,79.35,79.35,71414.49,2.0
CCMFUT,11/04/2025 10:21:00,79.35,79.35,79.35,79.35,35707.25,1.0
CCMFUT,11/04/2025 10:13:00,79.36,79.36,79.35,79.35,71419.73,2.0
CCMFUT,11/04/2025 10:12:00,79.36,79.36,79.36,79.36,35712.49,1.0
CCMFUT,11/04/2025 10:11:00,79.37,79.38,79.36,79.38,178588.62,5.0
CCMFUT,11/04/2025 10:08:00,79.36,79.36,79.36,79.36,71424.97,2.0
CCMFUT,11/04/2025 10:05:00,79.35,79.35,79.35,79.35,178536.24,5.0
CCMFUT,11/04/2025 10:03:00,79.36,79.36,79.35,79.35,71419.73,2.0
CCMFUT,11/04/2025 10:02:00,79.38,79.38,79.36,79.36,71435.45,2.0
CCMFUT,11/04/2025 10:01:00,79.34,79.34,79.34,79.34,107106.03,3.0
CCMFUT,11/04/2025 10:00:00,79.34,79.34,79.34,79.34,71404.02,2.0
CCMFUT,11/04/2025 09:59:00,79.35,79.35,79.35,79.35,35707.25,1.0
CCMFUT,11/04/2025 09:56:00,79.36,79.38,79.36,79.38,142881.38,4.0
CCMFUT,11/04/2025 09:54:00,79.36,79.36,79.36,79.36,71424.97,2.0
CCMFUT,11/04/2025 09:47:00,79.36,79.36,79.36,79.36,35712.49,1.0
CCMFUT,11/04/2025 09:45:00,79.35,79.36,79.34,79.36,249929.78,7.0
CCMFUT,11/04/2025 09:44:00,79.35,79.35,79.35,79.35,35707.25,1.0
CCMFUT,11/04/2025 09:43:00,79.35,79.35,79.35,79.35,35707.25,1.0
CCMFUT,11/04/2025 09:42:00,79.37,79.38,79.36,79.36,607248.47,17.0
CCMFUT,11/04/2025 09:41:00,79.36,79.36,79.36,79.36,35712.49,1.0
CCMFUT,11/04/2025 09:40:00,79.36,79.36,79.36,79.36,71424.97,2.0
CCMFUT,11/04/2025 09:37:00,79.34,79.36,79.34,79.36,107116.5,3.0
CCMFUT,11/04/2025 09:36:00,79.33,79.33,79.31,79.31,107085.07,3.0
CCMFUT,11/04/2025 09:35:00,79.36,79.36,79.34,79.34,71414.49,2.0
CCMFUT,11/04/2025 09:34:00,79.31,79.31,79.31,79.31,35691.53,1.0
CCMFUT,11/04/2025 09:31:00,79.34,79.35,79.34,79.34,178520.52,5.0
CCMFUT,11/04/2025 09:30:00,79.31,79.34,79.31,79.34,107085.07,3.0
CCMFUT,11/04/2025 09:29:00,79.27,79.3,79.27,79.28,285417.0,8.0
CCMFUT,11/04/2025 09:27:00,79.26,79.28,79.26,79.26,178337.16,5.0
CCMFUT,11/04/2025 09:26:00,79.24,79.26,79.24,79.26,392303.0,11.0
CCMFUT,11/04/2025 09:25:00,79.23,79.24,79.19,79.23,998147.49,28.0
CCMFUT,11/04/2025 09:24:00,79.28,79.28,79.12,79.2,7412302.78,208.0
CCMFUT,11/04/2025 09:23:00,79.33,79.36,79.29,79.31,1106463.66,31.0
CCMFUT,11/04/2025 09:22:00,79.37,79.37,79.31,79.31,71409.26,2.0
CCMFUT,11/04/2025 09:21:00,79.38,79.38,79.31,79.31,4464249.36,125.0
CCMFUT,11/04/2025 09:20:00,79.4,79.41,79.36,79.38,1821918.29,51.0
CCMFUT,11/04/2025 09:18:00,79.37,79.4,79.34,79.4,821518.15,23.0
CCMFUT,11/04/2025 09:17:00,79.47,79.47,79.38,79.38,643249.09,18.0
CCMFUT,11/04/2025 09:15:00,79.28,79.41,79.24,79.4,642452.8,18.0
CCMFUT,11/04/2025 09:14:00,79.47,79.47,79.22,79.27,8284359.05,232.0
CCMFUT,11/04/2025 09:13:00,79.48,79.48,79.45,79.47,357580.63,10.0
CCMFUT,11/04/2025 09:12:00,79.49,79.49,79.47,79.47,143064.73,4.0
CCMFUT,11/04/2025 09:11:00,79.49,79.49,79.49,79.49,107310.34,3.0
CCMFUT,11/04/2025 09:09:00,79.5,79.5,79.48,79.49,465058.61,13.0
CCMFUT,11/04/2025 09:06:00,79.5,79.5,79.48,79.48,107310.34,3.0
CCMFUT,11/04/2025 09:04:00,79.56,79.56,79.48,79.5,2540453.3,71.0
CCMFUT,11/04/2025 09:02:00,79.63,79.63,79.54,79.54,501431.18,14.0
CCMFUT,11/04/2025 09:01:00,79.65,79.72,79.59,79.63,609323.01,17.0
CCMFUT,11/04/2025 09:00:00,79.64,79.93,79.61,79.68,2369418.94,66.0
CCMFUT,10/31/2025 17:07:00,79.19,79.37,79.16,79.16,2460976.39,69.0
CCMFUT,10/31/2025 16:19:00,79.23,79.24,79.09,79.21,2565138.24,72.0
CCMFUT,10/31/2025 16:18:00,79.2,79.24,79.2,79.24,713039.57,20.0
CCMFUT,10/31/2025 16:17:00,79.21,79.27,79.16,79.16,2780230.4,78.0
CCMFUT,10/31/2025 16:16:00,79.1,79.33,79.1,79.19,7697054.46,216.0
CCMFUT,10/31/2025 16:15:00,79.01,79.1,79.01,79.1,711473.19,20.0
CCMFUT,10/31/2025 16:14:00,79.0,79.05,78.99,79.05,782353.33,22.0
CCMFUT,10/31/2025 16:13:00,79.02,79.05,78.99,78.99,1387003.39,39.0
CCMFUT,10/31/2025 16:10:00,79.01,79.01,79.0,79.01,142216.06,4.0
CCMFUT,10/31/2025 16:09:00,79.05,79.05,79.05,79.05,71142.08,2.0
CCMFUT,10/31/2025 16:08:00,79.02,79.05,79.02,79.04,924778.94,26.0
CCMFUT,10/31/2025 16:07:00,78.99,79.02,78.99,79.01,533287.95,15.0
CCMFUT,10/31/2025 16:06:00,78.99,78.99,78.99,78.99,35544.85,1.0
CCMFUT,10/31/2025 16:05:00,78.99,78.99,78.99,78.99,35544.85,1.0
CCMFUT,10/31/2025 16:02:00,79.0,79.02,78.99,79.02,1990658.09,56.0
CCMFUT,10/31/2025 16:01:00,79.01,79.05,79.0,79.02,924674.17,26.0
CCMFUT,10/31/2025 16:00:00,79.0,79.0,78.99,78.99,319919.33,9.0
CCMFUT,10/31/2025 15:58:00,79.0,79.04,79.0,79.02,426690.08,12.0
CCMFUT,10/31/2025 15:52:00,79.0,79.05,79.0,79.05,853615.91,24.0
CCMFUT,10/31/2025 15:50:00,79.01,79.01,78.99,79.01,2239372.48,63.0
CCMFUT,10/31/2025 15:49:00,78.99,78.99,78.98,78.98,71084.45,2.0
CCMFUT,10/31/2025 15:48:00,79.01,79.01,79.01,79.01,35555.32,1.0
CCMFUT,10/31/2025 15:47:00,79.0,79.0,79.0,79.0,213300.51,6.0
CCMFUT,10/31/2025 15:46:00,79.01,79.02,79.01,79.02,248913.46,7.0
CCMFUT,10/31/2025 15:42:00,78.97,78.99,78.97,78.99,142158.43,4.0
CCMFUT,10/31/2025 15:39:00,78.97,78.97,78.95,78.97,177666.61,5.0
CCMFUT,10/31/2025 15:37:00,78.97,78.97,78.97,78.97,71068.74,2.0
CCMFUT,10/31/2025 15:35:00,78.95,78.97,78.95,78.97,106592.63,3.0
CCMFUT,10/31/2025 15:34:00,78.95,78.97,78.95,78.95,177650.89,5.0
CCMFUT,10/31/2025 15:32:00,78.94,78.94,78.94,78.94,35523.89,1.0
CCMFUT,10/31/2025 15:26:00,78.95,78.95,78.95,78.95,71058.26,2.0
CCMFUT,10/31/2025 15:25:00,78.92,78.99,78.92,78.97,852688.65,24.0
CCMFUT,10/31/2025 15:23:00,78.91,78.91,78.9,78.9,71011.11,2.0
CCMFUT,10/31/2025 15:22:00,78.98,78.98,78.83,78.9,4970243.48,140.0
CCMFUT,10/31/2025 15:19:00,78.97,78.97,78.97,78.97,71068.74,2.0
CCMFUT,10/31/2025 15:17:00,78.98,78.98,78.97,78.97,177682.32,5.0
CCMFUT,10/31/2025 15:11:00,79.01,79.01,79.01,79.01,106665.97,3.0
CCMFUT,10/31/2025 15:09:00,79.0,79.04,79.0,79.04,142247.49,4.0
CCMFUT,10/31/2025 15:03:00,79.02,79.02,79.02,79.02,35560.56,1.0
CCMFUT,10/31/2025 15:01:00,79.05,79.05,79.05,79.05,462423.52,13.0
CCMFUT,10/31/2025 15:00:00,79.08,79.08,78.99,79.01,1386919.57,39.0
CCMFUT,10/31/2025 14:49:00,79.08,79.08,79.08,79.08,35586.76,1.0
CCMFUT,10/31/2025 14:32:00,79.07,79.07,79.07,79.07,35581.52,1.0
CCMFUT,10/31/2025 14:24:00,79.04,79.04,79.04,79.04,106697.4,3.0
CCMFUT,10/31/2025 14:18:00,79.05,79.05,79.04,79.04,71136.84,2.0
CCMFUT,10/31/2025 14:00:00,79.07,79.07,79.06,79.06,249044.43,7.0
CCMFUT,10/31/2025 13:57:00,79.09,79.09,79.09,79.09,35592.0,1.0
CCMFUT,10/31/2025 13:55:00,79.09,79.15,79.09,79.15,890114.2,25.0
CCMFUT,10/31/2025 13:53:00,79.04,79.07,79.04,79.06,3983966.98,112.0
CCMFUT,10/31/2025 13:51:00,79.02,79.02,79.01,79.01,71115.89,2.0
CCMFUT,10/31/2025 13:47:00,79.01,79.04,79.01,79.04,213368.61,6.0
CCMFUT,10/31/2025 13:45:00,79.02,79.02,79.02,79.02,248923.94,7.0
CCMFUT,10/31/2025 13:44:00,79.04,79.05,79.04,79.05,71136.84,2.0
CCMFUT,10/31/2025 13:41:00,79.02,79.04,79.02,79.04,177813.29,5.0
CCMFUT,10/31/2025 13:37:00,78.99,78.99,78.99,78.99,35544.85,1.0
CCMFUT,10/31/2025 13:34:00,78.98,78.98,78.98,78.98,71079.22,2.0
CCMFUT,10/31/2025 13:33:00,78.99,78.99,78.99,78.99,106634.54,3.0
CCMFUT,10/31/2025 13:30:00,78.95,78.95,78.94,78.94,319730.74,9.0
CCMFUT,10/31/2025 13:28:00,78.95,78.95,78.95,78.95,35529.13,1.0
CCMFUT,10/31/2025 13:17:00,79.01,79.01,79.01,79.01,71110.65,2.0
CCMFUT,10/31/2025 13:16:00,78.98,78.98,78.98,78.98,35539.61,1.0
CCMFUT,10/31/2025 13:15:00,78.95,78.95,78.93,78.93,497313.53,14.0
CCMFUT,10/31/2025 13:13:00,78.95,78.97,78.93,78.97,390757.57,11.0
CCMFUT,10/31/2025 13:12:00,78.98,78.99,78.98,78.98,852997.73,24.0
CCMFUT,10/31/2025 13:11:00,79.02,79.02,78.99,78.99,177739.95,5.0
CCMFUT,10/31/2025 13:10:00,79.04,79.07,79.04,79.06,106723.6,3.0
CCMFUT,10/31/2025 13:08:00,79.1,79.1,78.93,78.98,2061192.47,58.0
CCMFUT,10/31/2025 13:07:00,79.1,79.1,79.1,79.1,71194.47,2.0
CCMFUT,10/31/2025 13:03:00,79.12,79.12,79.1,79.12,462785.0,13.0
CCMFUT,10/31/2025 13:02:00,79.14,79.14,79.09,79.09,391606.24,11.0
CCMFUT,10/31/2025 12:56:00,79.08,79.08,79.08,79.08,35586.76,1.0
CCMFUT,10/31/2025 12:55:00,79.12,79.14,79.12,79.14,71215.42,2.0
CCMFUT,10/31/2025 12:54:00,79.1,79.1,79.1,79.1,35597.23,1.0
CCMFUT,10/31/2025 12:53:00,79.09,79.09,79.08,79.08,71178.75,2.0
CCMFUT,10/31/2025 12:49:00,79.1,79.12,79.1,79.12,142394.17,4.0
CCMFUT,10/31/2025 12:44:00,79.08,79.08,79.08,79.08,35586.76,1.0
CCMFUT,10/31/2025 12:43:00,79.08,79.08,79.08,79.08,35586.76,1.0
CCMFUT,10/31/2025 12:41:00,79.16,79.16,79.13,79.13,213693.42,6.0
CCMFUT,10/31/2025 12:31:00,79.19,79.2,79.19,79.2,71273.05,2.0
CCMFUT,10/31/2025 12:30:00,79.15,79.19,79.15,79.19,71252.09,2.0
CCMFUT,10/31/2025 12:29:00,79.14,79.14,79.14,79.14,106838.85,3.0
CCMFUT,10/31/2025 12:28:00,79.14,79.14,79.14,79.14,35612.95,1.0
CCMFUT,10/31/2025 12:24:00,79.13,79.14,79.13,79.14,142441.32,4.0
CCMFUT,10/31/2025 12:23:00,79.1,79.1,79.1,79.1,35597.23,1.0
CCMFUT,10/31/2025 12:21:00,79.09,79.09,79.07,79.07,142352.26,4.0
CCMFUT,10/31/2025 12:18:00,79.12,79.13,79.12,79.13,106812.66,3.0
CCMFUT,10/31/2025 12:17:00,79.13,79.13,79.13,79.13,106823.13,3.0
CCMFUT,10/31/2025 12:16:00,79.17,79.17,79.16,79.16,178138.09,5.0
CCMFUT,10/31/2025 12:13:00,79.21,79.21,79.21,79.21,35644.38,1.0
CCMFUT,10/31/2025 12:12:00,79.2,79.2,79.2,79.2,106917.43,3.0
CCMFUT,10/31/2025 12:11:00,79.22,79.22,79.2,79.2,71288.77,2.0
CCMFUT,10/31/2025 12:10:00,79.23,79.23,79.23,79.23,106964.58,3.0
CCMFUT,10/31/2025 12:08:00,79.26,79.26,79.26,79.26,35665.34,1.0
CCMFUT,10/31/2025 12:07:00,79.26,79.26,79.26,79.26,35665.34,1.0
CCMFUT,10/31/2025 12:05:00,79.23,79.23,79.23,79.23,35654.86,1.0
CCMFUT,10/31/2025 12:03:00,79.22,79.22,79.21,79.21,106938.39,3.0
CCMFUT,10/31/2025 12:02:00,79.23,79.23,79.22,79.22,106959.34,3.0
CCMFUT,10/31/2025 12:01:00,79.24,79.24,79.24,79.24,71320.2,2.0
CCMFUT,10/31/2025 12:00:00,79.24,79.27,79.24,79.24,463665.1,13.0
CCMFUT,10/31/2025 11:58:00,79.26,79.26,79.26,79.26,35665.34,1.0
CCMFUT,10/31/2025 11:57:00,79.23,79.27,79.23,79.26,285322.7,8.0
CCMFUT,10/31/2025 11:56:00,79.23,79.23,79.23,79.23,106964.58,3.0
CCMFUT,10/31/2025 11:52:00,79.23,79.23,79.23,79.23,35654.86,1.0
CCMFUT,10/31/2025 11:51:00,79.26,79.26,79.19,79.2,1247668.64,35.0
CCMFUT,10/31/2025 11:50:00,79.26,79.28,79.26,79.26,998760.42,28.0
CCMFUT,10/31/2025 11:49:00,79.24,79.26,79.24,79.26,178316.21,5.0
CCMFUT,10/31/2025 11:48:00,79.24,79.24,79.24,79.24,35660.1,1.0
CCMFUT,10/31/2025 11:47:00,79.24,79.24,79.24,79.24,713201.97,20.0
CCMFUT,10/31/2025 11:46:00,79.16,79.26,79.16,79.22,7553366.32,212.0
CCMFUT,10/31/2025 11:44:00,79.14,79.16,79.14,79.16,213730.09,6.0
CCMFUT,10/31/2025 11:41:00,79.12,79.12,79.1,79.1,355982.82,10.0
CCMFUT,10/31/2025 11:37:00,79.14,79.14,79.14,79.14,35612.95,1.0
CCMFUT,10/31/2025 11:36:00,79.12,79.12,79.12,79.12,35602.47,1.0
CCMFUT,10/31/2025 11:34:00,79.14,79.14,79.14,79.14,712259.0,20.0
CCMFUT,10/31/2025 11:33:00,79.1,79.1,79.1,79.1,35597.23,1.0
CCMFUT,10/31/2025 11:32:00,79.13,79.13,79.12,79.12,213641.03,6.0
CCMFUT,10/31/2025 11:31:00,79.14,79.14,79.13,79.13,213656.75,6.0
CCMFUT,10/31/2025 11:30:00,79.16,79.16,79.16,79.16,142493.71,4.0
CCMFUT,10/31/2025 11:27:00,79.15,79.15,79.15,79.15,142472.76,4.0
CCMFUT,10/31/2025 11:26:00,79.14,79.15,79.14,79.15,71231.14,2.0
CCMFUT,10/31/2025 11:25:00,79.14,79.14,79.13,79.13,284866.93,8.0
CCMFUT,10/31/2025 11:24:00,79.14,79.14,79.14,79.14,35612.95,1.0
CCMFUT,10/31/2025 11:22:00,79.13,79.13,79.13,79.13,142430.85,4.0
CCMFUT,10/31/2025 11:20:00,79.14,79.14,79.14,79.14,142451.8,4.0
CCMFUT,10/31/2025 11:19:00,79.15,79.15,79.15,79.15,71236.38,2.0
CCMFUT,10/31/2025 11:18:00,79.16,79.16,79.16,79.16,3847330.18,108.0
CCMFUT,10/31/2025 11:16:00,79.13,79.15,79.13,79.15,1994319.97,56.0
CCMFUT,10/31/2025 11:15:00,79.14,79.15,79.14,79.15,1032911.76,29.0
CCMFUT,10/31/2025 11:12:00,79.14,79.14,79.14,79.14,35612.95,1.0
CCMFUT,10/31/2025 11:11:00,79.14,79.16,79.1,79.1,5556421.74,156.0
CCMFUT,10/31/2025 11:10:00,79.15,79.16,79.12,79.12,926046.72,26.0
CCMFUT,10/31/2025 11:09:00,79.14,79.16,79.1,79.15,1994209.95,56.0
CCMFUT,10/31/2025 11:08:00,79.1,79.16,79.1,79.1,2884287.48,81.0
CCMFUT,10/31/2025 11:07:00,79.08,79.1,79.08,79.1,533817.06,15.0
CCMFUT,10/31/2025 11:06:00,79.06,79.07,79.06,79.07,177897.11,5.0
CCMFUT,10/31/2025 11:04:00,79.08,79.09,79.06,79.06,747342.84,21.0
CCMFUT,10/31/2025 11:01:00,79.07,79.07,79.07,79.07,35581.52,1.0
CCMFUT,10/31/2025 11:00:00,79.04,79.06,79.04,79.06,177870.92,5.0
CCMFUT,10/31/2025 10:58:00,79.07,79.07,79.07,79.07,355815.18,10.0
CCMFUT,10/31/2025 10:57:00,79.04,79.07,79.04,79.07,1422852.08,40.0
CCMFUT,10/31/2025 10:55:00,79.05,79.05,79.02,79.02,8145752.48,229.0
CCMFUT,10/31/2025 10:54:00,79.06,79.06,79.06,79.06,71152.56,2.0
CCMFUT,10/31/2025 10:53:00,79.08,79.08,79.07,79.07,320275.57,9.0
CCMFUT,10/31/2025 10:52:00,79.08,79.08,79.08,79.08,355867.56,10.0
CCMFUT,10/31/2025 10:50:00,79.07,79.07,79.07,79.07,71163.04,2.0
CCMFUT,10/31/2025 10:48:00,79.08,79.08,79.08,79.08,35586.76,1.0
CCMFUT,10/31/2025 10:47:00,79.06,79.06,79.05,79.05,71147.32,2.0
CCMFUT,10/31/2025 10:46:00,79.07,79.07,79.07,79.07,35581.52,1.0
CCMFUT,10/31/2025 10:43:00,79.05,79.07,79.05,79.05,498020.76,14.0
CCMFUT,10/31/2025 10:38:00,79.07,79.07,79.04,79.04,213452.43,6.0
CCMFUT,10/31/2025 10:37:00,79.05,79.12,79.05,79.09,1921202.88,54.0
CCMFUT,10/31/2025 10:36:00,79.01,79.05,79.01,79.05,711336.98,20.0
CCMFUT,10/31/2025 10:34:00,78.99,78.99,78.99,78.99,35544.85,1.0
CCMFUT,10/31/2025 10:27:00,78.99,78.99,78.99,78.99,35544.85,1.0
CCMFUT,10/31/2025 10:26:00,78.97,79.02,78.97,79.02,284390.2,8.0
CCMFUT,10/31/2025 10:24:00,78.97,78.97,78.97,78.97,35534.37,1.0
CCMFUT,10/31/2025 10:21:00,78.97,78.97,78.97,78.97,35534.37,1.0
CCMFUT,10/31/2025 10:19:00,78.99,78.99,78.99,78.99,71089.69,2.0
CCMFUT,10/31/2025 10:16:00,78.99,79.0,78.99,79.0,106639.78,3.0
CCMFUT,10/31/2025 10:15:00,78.99,78.99,78.99,78.99,106634.54,3.0
CCMFUT,10/31/2025 10:14:00,78.98,78.98,78.98,78.98,71079.22,2.0
CCMFUT,10/31/2025 10:03:00,78.95,78.95,78.95,78.95,106587.39,3.0
CCMFUT,10/31/2025 10:02:00,78.98,78.98,78.95,78.95,497491.64,14.0
CCMFUT,10/31/2025 09:54:00,78.97,78.98,78.95,78.98,177677.08,5.0
CCMFUT,10/31/2025 09:49:00,78.99,78.99,78.94,78.94,1492490.65,42.0
CCMFUT,10/31/2025 09:39:00,79.05,79.05,79.05,79.05,248997.28,7.0
CCMFUT,10/31/2025 09:38:00,79.02,79.05,79.02,79.05,355637.06,10.0
CCMFUT,10/31/2025 09:37:00,79.02,79.02,79.02,79.02,35560.56,1.0
CCMFUT,10/31/2025 09:36:00,79.0,79.02,79.0,79.02,497800.73,14.0
CCMFUT,10/31/2025 09:34:00,79.0,79.0,79.0,79.0,142200.34,4.0
CCMFUT,10/31/2025 09:32:00,78.99,78.99,78.99,78.99,106634.54,3.0
CCMFUT,10/31/2025 09:31:00,78.98,78.98,78.98,78.98,35539.61,1.0
CCMFUT,10/31/2025 09:30:00,78.95,78.95,78.94,78.94,177635.17,5.0
CCMFUT,10/31/2025 09:29:00,78.95,78.95,78.94,78.94,355249.39,10.0
CCMFUT,10/31/2025 09:28:00,78.99,78.99,78.99,78.99,710896.93,20.0
CCMFUT,10/31/2025 09:24:00,79.0,79.02,79.0,79.02,106665.97,3.0
CCMFUT,10/31/2025 09:23:00,79.0,79.0,78.98,78.98,355458.94,10.0
CCMFUT,10/31/2025 09:22:00,79.08,79.08,79.08,79.08,35586.76,1.0
CCMFUT,10/31/2025 09:21:00,79.05,79.09,79.04,79.08,853788.78,24.0
CCMFUT,10/31/2025 09:20:00,79.04,79.05,79.04,79.05,924841.81,26.0
CCMFUT,10/31/2025 09:19:00,78.99,79.05,78.98,79.05,1102497.93,31.0
CCMFUT,10/31/2025 09:18:00,78.99,79.05,78.97,79.05,3485228.51,98.0
CCMFUT,10/31/2025 09:17:00,78.95,78.95,78.95,78.95,35529.13,1.0
CCMFUT,10/31/2025 09:15:00,78.99,78.99,78.95,78.99,106618.82,3.0
CCMFUT,10/31/2025 09:14:00,78.94,78.94,78.94,78.94,71047.78,2.0
CCMFUT,10/31/2025 09:13:00,78.99,79.01,78.99,79.01,1386327.59,39.0
CCMFUT,10/31/2025 09:12:00,78.98,78.99,78.93,78.93,355312.26,10.0
CCMFUT,10/31/2025 09:11:00,78.95,78.95,78.95,78.95,35529.13,1.0
CCMFUT,10/31/2025 09:10:00,78.86,79.02,78.85,78.95,3552483.45,100.0
CCMFUT,10/31/2025 09:09:00,78.83,78.83,78.83,78.83,35471.5,1.0
CCMFUT,10/31/2025 09:08:00,78.8,78.81,78.8,78.81,177326.09,5.0
CCMFUT,10/31/2025 09:06:00,78.8,78.8,78.74,78.74,354510.73,10.0
CCMFUT,10/31/2025 09:05:00,78.8,78.8,78.8,78.8,141844.11,4.0
CCMFUT,10/31/2025 09:04:00,78.81,78.81,78.81,78.81,70932.53,2.0
CCMFUT,10/31/2025 09:03:00,78.86,78.88,78.8,78.85,2235799.66,63.0
CCMFUT,10/31/2025 09:02:00,78.77,78.9,78.77,78.88,1454776.96,41.0
CCMFUT,10/31/2025 09:01:00,78.77,78.81,78.71,78.81,1098783.67,31.0
CCMFUT,10/31/2025 09:00:00,78.59,78.85,78.59,78.84,779414.4,22.0
CCMFUT,10/27/2025 17:05:00,79.04,79.05,78.99,79.02,1138042.78,32.0
CCMFUT,10/27/2025 16:19:00,78.97,79.05,78.95,79.05,3092946.47,87.0
CCMFUT,10/27/2025 16:18:00,78.94,79.01,78.94,79.01,2096794.95,59.0
CCMFUT,10/27/2025 16:17:00,79.02,79.04,78.95,78.95,2026003.86,57.0
CCMFUT,10/27/2025 16:16:00,79.06,79.09,79.02,79.05,4304284.46,121.0
CCMFUT,10/27/2025 16:15:00,79.07,79.08,79.02,79.08,3664194.33,103.0
CCMFUT,10/27/2025 16:14:00,79.09,79.1,79.07,79.08,2775609.84,78.0
CCMFUT,10/27/2025 16:13:00,79.13,79.13,79.1,79.12,1531000.62,43.0
CCMFUT,10/27/2025 16:12:00,79.15,79.15,79.13,79.14,2777878.21,78.0
CCMFUT,10/27/2025 16:11:00,79.07,79.14,79.05,79.14,5908093.08,166.0
CCMFUT,10/27/2025 16:10:00,79.07,79.1,79.07,79.07,2420140.42,68.0
CCMFUT,10/27/2025 16:09:00,79.07,79.07,79.05,79.07,2418987.89,68.0
CCMFUT,10/27/2025 16:08:00,79.08,79.08,79.08,79.08,355867.56,10.0
CCMFUT,10/27/2025 16:07:00,79.07,79.08,79.07,79.08,213510.06,6.0
CCMFUT,10/27/2025 16:06:00,79.06,79.08,79.06,79.07,213494.34,6.0
CCMFUT,10/27/2025 16:05:00,79.06,79.06,79.04,79.05,818175.83,23.0
CCMFUT,10/27/2025 16:04:00,79.09,79.1,79.07,79.09,1779515.94,50.0
CCMFUT,10/27/2025 16:03:00,79.04,79.09,79.04,79.08,3735111.14,105.0
CCMFUT,10/27/2025 16:02:00,79.02,79.02,79.0,79.01,1173472.38,33.0
CCMFUT,10/27/2025 16:01:00,79.02,79.02,79.02,79.02,35560.56,1.0
CCMFUT,10/27/2025 16:00:00,79.04,79.05,79.04,79.04,320102.69,9.0
CCMFUT,10/27/2025 15:59:00,79.04,79.05,79.02,79.05,1422527.28,40.0
CCMFUT,10/27/2025 15:55:00,79.05,79.05,79.04,79.05,853663.05,24.0
CCMFUT,10/27/2025 15:53:00,79.04,79.04,79.02,79.02,391213.34,11.0
CCMFUT,10/27/2025 15:50:00,79.06,79.06,79.05,79.05,604760.07,17.0
CCMFUT,10/27/2025 15:49:00,79.06,79.07,79.06,79.07,284615.47,8.0
CCMFUT,10/27/2025 15:48:00,79.07,79.07,79.07,79.07,35581.52,1.0
CCMFUT,10/27/2025 15:46:00,79.08,79.08,79.04,79.07,1067325.04,30.0
CCMFUT,10/27/2025 15:45:00,79.09,79.1,79.08,79.08,1993314.13,56.0
CCMFUT,10/27/2025 15:44:00,79.08,79.08,79.06,79.08,1067471.72,30.0
CCMFUT,10/27/2025 15:41:00,79.09,79.09,79.09,79.09,391511.95,11.0
CCMFUT,10/27/2025 15:40:00,79.04,79.1,79.04,79.1,5230200.2,147.0
CCMFUT,10/27/2025 15:38:00,79.04,79.04,79.04,79.04,533487.02,15.0
CCMFUT,10/27/2025 15:35:00,79.04,79.04,79.02,79.02,533450.35,15.0
CCMFUT,10/27/2025 15:33:00,79.04,79.04,78.99,78.99,640048.22,18.0
CCMFUT,10/27/2025 15:32:00,79.04,79.04,79.04,79.04,248960.61,7.0
CCMFUT,10/27/2025 15:31:00,79.05,79.05,79.04,79.04,853642.1,24.0
CCMFUT,10/27/2025 15:30:00,78.99,79.05,78.99,79.04,2631450.21,74.0
CCMFUT,10/27/2025 15:29:00,79.04,79.04,78.99,79.01,2239807.29,63.0
CCMFUT,10/27/2025 15:28:00,79.02,79.05,79.02,79.05,2169770.59,61.0
CCMFUT,10/27/2025 15:25:00,79.02,79.02,79.02,79.02,35560.56,1.0
CCMFUT,10/27/2025 15:24:00,79.01,79.01,79.01,79.01,106665.97,3.0
CCMFUT,10/27/2025 15:19:00,79.01,79.01,79.01,79.01,71110.65,2.0
CCMFUT,10/27/2025 15:18:00,79.01,79.01,79.01,79.01,35555.32,1.0
CCMFUT,10/27/2025 15:15:00,79.04,79.04,79.04,79.04,35565.8,1.0
CCMFUT,10/27/2025 15:13:00,79.05,79.05,79.04,79.04,426810.57,12.0
CCMFUT,10/27/2025 15:12:00,78.98,79.04,78.98,79.04,2559784.25,72.0
CCMFUT,10/27/2025 15:11:00,78.93,78.95,78.93,78.95,3658431.71,103.0
CCMFUT,10/27/2025 15:09:00,78.93,78.93,78.93,78.93,71037.31,2.0
CCMFUT,10/27/2025 15:08:00,78.93,78.93,78.93,78.93,1846969.94,52.0
CCMFUT,10/27/2025 15:06:00,78.94,78.94,78.94,78.94,248667.24,7.0
CCMFUT,10/27/2025 15:05:00,78.94,78.94,78.94,78.94,248667.24,7.0
CCMFUT,10/27/2025 15:03:00,78.95,78.95,78.95,78.95,35529.13,1.0
CCMFUT,10/27/2025 15:02:00,78.97,78.97,78.93,78.93,1776089.8,50.0
CCMFUT,10/27/2025 15:01:00,78.98,78.99,78.93,78.97,2806848.44,79.0
CCMFUT,10/27/2025 15:00:00,78.9,78.97,78.9,78.97,2557295.85,72.0
CCMFUT,10/27/2025 14:59:00,78.9,78.91,78.9,78.91,213043.81,6.0
CCMFUT,10/27/2025 14:58:00,78.9,78.9,78.9,78.9,213017.62,6.0
CCMFUT,10/27/2025 14:57:00,78.9,78.9,78.9,78.9,355029.37,10.0
CCMFUT,10/27/2025 14:53:00,78.9,78.9,78.9,78.9,248520.56,7.0
CCMFUT,10/27/2025 14:52:00,78.9,78.9,78.9,78.9,35502.94,1.0
CCMFUT,10/27/2025 14:51:00,78.91,78.91,78.91,78.91,284065.4,8.0
CCMFUT,10/27/2025 14:48:00,78.91,78.93,78.91,78.93,532685.49,15.0
CCMFUT,10/27/2025 14:47:00,78.91,78.91,78.9,78.91,284060.16,8.0
CCMFUT,10/27/2025 14:45:00,78.93,78.93,78.9,78.9,390689.46,11.0
CCMFUT,10/27/2025 14:42:00,78.93,78.95,78.91,78.93,674849.16,19.0
CCMFUT,10/27/2025 14:41:00,78.94,78.94,78.94,78.94,390762.81,11.0
CCMFUT,10/27/2025 14:40:00,78.98,78.98,78.95,78.95,888327.79,25.0
CCMFUT,10/27/2025 14:39:00,78.99,78.99,78.98,78.98,426532.92,12.0
CCMFUT,10/27/2025 14:37:00,78.98,78.98,78.98,78.98,71079.22,2.0
CCMFUT,10/27/2025 14:36:00,78.98,78.98,78.97,78.97,284301.15,8.0
CCMFUT,10/27/2025 14:35:00,79.0,79.0,78.98,78.98,248787.73,7.0
CCMFUT,10/27/2025 14:33:00,79.0,79.0,78.98,78.98,604267.63,17.0
CCMFUT,10/27/2025 14:32:00,79.01,79.01,79.0,79.0,284437.35,8.0
CCMFUT,10/27/2025 14:31:00,78.99,79.04,78.99,79.04,391129.52,11.0
CCMFUT,10/27/2025 14:29:00,78.98,78.98,78.98,78.98,142158.43,4.0
CCMFUT,10/27/2025 14:28:00,78.98,78.99,78.98,78.99,284348.29,8.0
CCMFUT,10/27/2025 14:27:00,78.93,78.99,78.93,78.94,1314693.07,37.0
CCMFUT,10/27/2025 14:26:00,78.92,78.92,78.92,78.92,142053.66,4.0
CCMFUT,10/27/2025 14:25:00,78.93,78.93,78.93,78.93,35518.65,1.0
CCMFUT,10/27/2025 14:24:00,78.93,78.93,78.93,78.93,106555.96,3.0
CCMFUT,10/27/2025 14:23:00,78.93,78.93,78.93,78.93,177593.26,5.0
CCMFUT,10/27/2025 14:22:00,78.91,78.91,78.91,78.91,35508.18,1.0
CCMFUT,10/27/2025 14:21:00,78.92,78.92,78.92,78.92,213080.48,6.0
CCMFUT,10/27/2025 14:20:00,78.93,78.93,78.93,78.93,142074.61,4.0
CCMFUT,10/27/2025 14:19:00,78.95,78.95,78.9,78.93,1101125.39,31.0
CCMFUT,10/27/2025 14:17:00,78.95,78.95,78.95,78.95,142116.52,4.0
CCMFUT,10/27/2025 14:16:00,78.99,78.99,78.95,78.95,390925.21,11.0
CCMFUT,10/27/2025 14:15:00,78.98,79.02,78.98,79.0,1137822.75,32.0
CCMFUT,10/27/2025 14:14:00,78.92,79.02,78.92,78.99,3019588.41,85.0
CCMFUT,10/27/2025 14:13:00,78.91,78.91,78.91,78.91,35508.18,1.0
CCMFUT,10/27/2025 14:12:00,78.87,78.87,78.83,78.85,816090.82,23.0
CCMFUT,10/27/2025 14:11:00,78.88,78.88,78.87,78.88,248473.41,7.0
CCMFUT,10/27/2025 14:10:00,78.9,78.91,78.81,78.88,1916205.12,54.0
CCMFUT,10/27/2025 14:09:00,78.93,78.93,78.91,78.91,213101.44,6.0
CCMFUT,10/27/2025 14:08:00,78.95,78.95,78.95,78.95,142116.52,4.0
CCMFUT,10/27/2025 14:07:00,78.93,78.93,78.93,78.93,1420746.11,40.0
CCMFUT,10/27/2025 14:06:00,78.94,78.94,78.93,78.93,390731.37,11.0
CCMFUT,10/27/2025 14:05:00,78.99,78.99,78.92,78.94,852845.81,24.0
CCMFUT,10/27/2025 14:04:00,79.0,79.0,78.98,78.98,213279.56,6.0
CCMFUT,10/27/2025 14:03:00,78.87,79.1,78.87,78.99,13755446.97,387.0
CCMFUT,10/27/2025 14:02:00,78.8,78.86,78.8,78.86,6668197.48,188.0
CCMFUT,10/27/2025 14:01:00,78.78,78.79,78.78,78.79,602716.96,17.0
CCMFUT,10/27/2025 14:00:00,78.69,78.77,78.69,78.77,3613169.01,102.0
CCMFUT,10/27/2025 13:59:00,78.67,78.67,78.67,78.67,141613.6,4.0
CCMFUT,10/27/2025 13:57:00,78.67,78.67,78.67,78.67,389437.41,11.0
CCMFUT,10/27/2025 13:55:00,78.69,78.69,78.69,78.69,318677.75,9.0
CCMFUT,10/27/2025 13:53:00,78.67,78.67,78.67,78.67,70806.8,2.0
CCMFUT,10/27/2025 13:49:00,78.66,78.66,78.64,78.64,353944.95,10.0
CCMFUT,10/27/2025 13:48:00,78.67,78.67,78.67,78.67,141613.6,4.0
CCMFUT,10/27/2025 13:47:00,78.67,78.7,78.67,78.69,1239239.51,35.0
CCMFUT,10/27/2025 13:46:00,78.67,78.67,78.67,78.67,35403.4,1.0
CCMFUT,10/27/2025 13:45:00,78.67,78.67,78.67,78.67,177017.0,5.0
CCMFUT,10/27/2025 13:44:00,78.67,78.67,78.67,78.67,141613.6,4.0
CCMFUT,10/27/2025 13:43:00,78.67,78.67,78.67,78.67,70806.8,2.0
CCMFUT,10/27/2025 13:41:00,78.66,78.66,78.65,78.65,212373.25,6.0
CCMFUT,10/27/2025 13:40:00,78.65,78.65,78.65,78.65,35392.92,1.0
CCMFUT,10/27/2025 13:38:00,78.58,78.65,78.58,78.64,495228.51,14.0
CCMFUT,10/27/2025 13:37:00,78.57,78.57,78.57,78.57,141425.01,4.0
CCMFUT,10/27/2025 13:35:00,78.58,78.58,78.58,78.58,176807.45,5.0
CCMFUT,10/27/2025 13:34:00,78.65,78.65,78.57,78.6,1698058.78,48.0
CCMFUT,10/27/2025 13:32:00,78.64,78.67,78.64,78.67,141582.17,4.0
CCMFUT,10/27/2025 13:29:00,78.67,78.67,78.67,78.67,141613.6,4.0
CCMFUT,10/27/2025 13:25:00,78.67,78.67,78.65,78.65,283206.25,8.0
CCMFUT,10/27/2025 13:24:00,78.69,78.69,78.69,78.69,70817.28,2.0
CCMFUT,10/27/2025 13:21:00,78.7,78.7,78.67,78.67,212472.79,6.0
CCMFUT,10/27/2025 13:17:00,78.7,78.7,78.7,78.7,424966.54,12.0
CCMFUT,10/27/2025 13:15:00,78.7,78.7,78.7,78.7,318724.9,9.0
CCMFUT,10/27/2025 13:13:00,78.69,78.69,78.69,78.69,106225.92,3.0
CCMFUT,10/27/2025 13:12:00,78.69,78.7,78.69,78.7,141639.8,4.0
CCMFUT,10/27/2025 13:10:00,78.65,78.65,78.65,78.65,106178.77,3.0
CCMFUT,10/27/2025 13:09:00,78.65,78.65,78.65,78.65,106178.77,3.0
CCMFUT,10/27/2025 13:08:00,78.65,78.67,78.65,78.67,176985.57,5.0
CCMFUT,10/27/2025 13:07:00,78.64,78.64,78.64,78.64,35387.68,1.0
CCMFUT,10/27/2025 13:04:00,78.65,78.65,78.65,78.65,212357.54,6.0
CCMFUT,10/27/2025 13:02:00,78.67,78.69,78.67,78.69,212436.12,6.0
CCMFUT,10/27/2025 12:59:00,78.66,78.66,78.65,78.65,106184.01,3.0
CCMFUT,10/27/2025 12:57:00,78.65,78.65,78.65,78.65,70785.85,2.0
CCMFUT,10/27/2025 12:56:00,78.67,78.69,78.67,78.69,141624.08,4.0
CCMFUT,10/27/2025 12:54:00,78.65,78.65,78.65,78.65,106178.77,3.0
CCMFUT,10/27/2025 12:51:00,78.69,78.69,78.65,78.65,106210.2,3.0
CCMFUT,10/27/2025 12:50:00,78.7,78.7,78.67,78.67,566611.57,16.0
CCMFUT,10/27/2025 12:49:00,78.7,78.7,78.7,78.7,177069.39,5.0
CCMFUT,10/27/2025 12:45:00,78.7,78.7,78.7,78.7,177069.39,5.0
CCMFUT,10/27/2025 12:41:00,78.69,78.69,78.69,78.69,141634.56,4.0
CCMFUT,10/27/2025 12:40:00,78.7,78.7,78.7,78.7,35413.88,1.0
CCMFUT,10/27/2025 12:38:00,78.69,78.7,78.67,78.67,5771922.52,163.0
CCMFUT,10/27/2025 12:37:00,78.69,78.69,78.69,78.69,141634.56,4.0
CCMFUT,10/27/2025 12:33:00,78.7,78.7,78.7,78.7,212483.27,6.0
CCMFUT,10/27/2025 12:31:00,78.7,78.7,78.7,78.7,106241.63,3.0
CCMFUT,10/27/2025 12:30:00,78.7,78.73,78.7,78.7,460422.32,13.0
CCMFUT,10/27/2025 12:28:00,78.69,78.69,78.69,78.69,35408.64,1.0
CCMFUT,10/27/2025 12:26:00,78.69,78.69,78.69,78.69,141634.56,4.0
CCMFUT,10/27/2025 12:25:00,78.7,78.7,78.7,78.7,141655.51,4.0
CCMFUT,10/27/2025 12:24:00,78.7,78.7,78.7,78.7,141655.51,4.0
CCMFUT,10/27/2025 12:23:00,78.69,78.7,78.69,78.7,177064.15,5.0
CCMFUT,10/27/2025 12:22:00,78.69,78.69,78.69,78.69,70817.28,2.0
CCMFUT,10/27/2025 12:21:00,78.67,78.67,78.67,78.67,35403.4,1.0
CCMFUT,10/27/2025 12:19:00,78.7,78.7,78.7,78.7,177069.39,5.0
CCMFUT,10/27/2025 12:18:00,78.7,78.7,78.7,78.7,70827.76,2.0
CCMFUT,10/27/2025 12:17:00,78.7,78.7,78.7,78.7,70827.76,2.0
CCMFUT,10/27/2025 12:15:00,78.7,78.7,78.69,78.69,247876.19,7.0
CCMFUT,10/27/2025 12:14:00,78.69,78.7,78.69,78.7,106236.4,3.0
CCMFUT,10/27/2025 12:13:00,78.7,78.71,78.7,78.7,212498.98,6.0
CCMFUT,10/27/2025 12:09:00,78.7,78.71,78.69,78.69,354149.26,10.0
CCMFUT,10/27/2025 12:08:00,78.71,78.71,78.71,78.71,70838.23,2.0
CCMFUT,10/27/2025 12:06:00,78.7,78.7,78.69,78.69,283305.79,8.0
CCMFUT,10/27/2025 12:05:00,78.71,78.71,78.7,78.7,141665.99,4.0
CCMFUT,10/27/2025 12:04:00,78.73,78.73,78.7,78.7,247912.86,7.0
CCMFUT,10/27/2025 12:03:00,78.72,78.73,78.7,78.73,141692.18,4.0
CCMFUT,10/27/2025 12:02:00,78.67,78.74,78.67,78.7,3010116.77,85.0
CCMFUT,10/27/2025 12:01:00,78.64,78.66,78.62,78.66,318531.07,9.0
CCMFUT,10/27/2025 12:00:00,78.64,78.69,78.64,78.64,1628504.04,46.0
CCMFUT,10/27/2025 11:59:00,78.65,78.65,78.65,78.65,353929.23,10.0
CCMFUT,10/27/2025 11:58:00,78.66,78.67,78.66,78.66,177001.29,5.0
CCMFUT,10/27/2025 11:57:00,78.64,78.67,78.64,78.65,637077.85,18.0
CCMFUT,10/27/2025 11:54:00,78.59,78.59,78.59,78.59,35366.73,1.0
CCMFUT,10/27/2025 11:53:00,78.62,78.62,78.62,78.62,176886.03,5.0
CCMFUT,10/27/2025 11:52:00,78.6,78.6,78.6,78.6,35371.97,1.0
CCMFUT,10/27/2025 11:51:00,78.58,78.58,78.58,78.58,35361.49,1.0
CCMFUT,10/27/2025 11:50:00,78.57,78.57,78.56,78.56,353536.32,10.0
CCMFUT,10/27/2025 11:46:00,78.55,78.6,78.55,78.56,707287.44,20.0
CCMFUT,10/27/2025 11:44:00,78.52,78.52,78.52,78.52,35335.3,1.0
CCMFUT,10/27/2025 11:43:00,78.55,78.55,78.55,78.55,176728.87,5.0
CCMFUT,10/27/2025 11:42:00,78.57,78.57,78.53,78.53,388761.61,11.0
CCMFUT,10/27/2025 11:41:00,78.59,78.59,78.59,78.59,106100.19,3.0
CCMFUT,10/27/2025 11:40:00,78.59,78.6,78.59,78.59,106105.43,3.0
CCMFUT,10/27/2025 11:39:00,78.6,78.6,78.6,78.6,35371.97,1.0
CCMFUT,10/27/2025 11:38:00,78.58,78.62,78.58,78.62,176838.89,5.0
CCMFUT,10/27/2025 11:35:00,78.56,78.56,78.56,78.56,35351.01,1.0
CCMFUT,10/27/2025 11:34:00,78.53,78.58,78.52,78.58,1308139.41,37.0
CCMFUT,10/27/2025 11:33:00,78.52,78.52,78.52,78.52,35335.3,1.0
CCMFUT,10/27/2025 11:32:00,78.51,78.51,78.51,78.51,353300.58,10.0
CCMFUT,10/27/2025 11:31:00,78.51,78.51,78.51,78.51,247310.41,7.0
CCMFUT,10/27/2025 11:30:00,78.51,78.51,78.51,78.51,247310.41,7.0
CCMFUT,10/27/2025 11:29:00,78.51,78.51,78.51,78.51,423960.7,12.0
CCMFUT,10/27/2025 11:28:00,78.51,78.51,78.51,78.51,459290.76,13.0
CCMFUT,10/27/2025 11:27:00,78.51,78.51,78.51,78.51,141320.23,4.0
CCMFUT,10/27/2025 11:25:00,78.51,78.51,78.51,78.51,353300.58,10.0
CCMFUT,10/27/2025 11:24:00,78.51,78.51,78.51,78.51,35330.06,1.0
CCMFUT,10/27/2025 11:21:00,78.52,78.52,78.49,78.49,141314.99,4.0
CCMFUT,10/27/2025 11:20:00,78.51,78.53,78.51,78.53,494699.4,14.0
CCMFUT,10/27/2025 11:18:00,78.51,78.51,78.51,78.51,70660.12,2.0
CCMFUT,10/27/2025 11:17:00,78.52,78.52,78.52,78.52,176676.48,5.0
CCMFUT,10/27/2025 11:16:00,78.53,78.53,78.51,78.51,212032.74,6.0
CCMFUT,10/27/2025 11:11:00,78.53,78.53,78.52,78.52,70675.83,2.0
CCMFUT,10/27/2025 11:10:00,78.51,78.51,78.51,78.51,35330.06,1.0
CCMFUT,10/27/2025 11:09:00,78.51,78.52,78.51,78.52,105995.41,3.0
CCMFUT,10/27/2025 11:07:00,78.51,78.51,78.51,78.51,35330.06,1.0
CCMFUT,10/27/2025 11:03:00,78.5,78.5,78.49,78.49,176608.38,5.0
CCMFUT,10/27/2025 11:02:00,78.49,78.56,78.48,78.49,812580.86,23.0
CCMFUT,10/27/2025 11:01:00,78.51,78.51,78.48,78.49,635773.41,18.0
CCMFUT,10/27/2025 11:00:00,78.56,78.58,78.56,78.57,247493.76,7.0
CCMFUT,10/27/2025 10:59:00,78.52,78.57,78.52,78.57,282719.05,8.0
CCMFUT,10/27/2025 10:57:00,78.53,78.55,78.52,78.52,106021.61,3.0
CCMFUT,10/27/2025 10:56:00,78.52,78.52,78.52,78.52,212011.78,6.0
CCMFUT,10/27/2025 10:55:00,78.52,78.52,78.52,78.52,70670.59,2.0
CCMFUT,10/27/2025 10:54:00,78.53,78.53,78.51,78.51,247320.88,7.0
CCMFUT,10/27/2025 10:53:00,78.56,78.57,78.53,78.55,282792.39,8.0
CCMFUT,10/27/2025 10:52:00,78.59,78.59,78.56,78.56,388944.96,11.0
CCMFUT,10/27/2025 10:50:00,78.6,78.6,78.6,78.6,35371.97,1.0
CCMFUT,10/27/2025 10:48:00,78.62,78.63,78.62,78.62,141519.3,4.0
CCMFUT,10/27/2025 10:47:00,78.66,78.66,78.62,78.63,1840149.11,52.0
CCMFUT,10/27/2025 10:40:00,78.69,78.69,78.69,78.69,35408.64,1.0
CCMFUT,10/27/2025 10:38:00,78.64,78.64,78.64,78.64,141550.74,4.0
CCMFUT,10/27/2025 10:36:00,78.64,78.64,78.64,78.64,35387.68,1.0
CCMFUT,10/27/2025 10:35:00,78.64,78.64,78.62,78.64,353845.41,10.0
CCMFUT,10/27/2025 10:32:00,78.63,78.64,78.63,78.64,106157.81,3.0
CCMFUT,10/27/2025 10:31:00,78.6,78.6,78.6,78.6,35371.97,1.0
CCMFUT,10/27/2025 10:30:00,78.57,78.62,78.57,78.6,424358.84,12.0
CCMFUT,10/27/2025 10:26:00,78.55,78.55,78.55,78.55,35345.77,1.0
CCMFUT,10/27/2025 10:25:00,78.55,78.55,78.52,78.55,848188.57,24.0
CCMFUT,10/27/2025 10:22:00,78.57,78.58,78.56,78.56,247504.24,7.0
CCMFUT,10/27/2025 10:21:00,78.56,78.56,78.56,78.56,35351.01,1.0
CCMFUT,10/27/2025 10:19:00,78.56,78.56,78.56,78.56,35351.01,1.0
CCMFUT,10/27/2025 10:18:00,78.59,78.59,78.57,78.58,282897.16,8.0
CCMFUT,10/27/2025 10:12:00,78.62,78.62,78.62,78.62,70754.41,2.0
CCMFUT,10/27/2025 10:11:00,78.59,78.62,78.59,78.62,318347.71,9.0
CCMFUT,10/27/2025 10:10:00,78.63,78.63,78.59,78.59,141503.59,4.0
CCMFUT,10/27/2025 10:09:00,78.64,78.67,78.64,78.65,141571.69,4.0
CCMFUT,10/27/2025 10:08:00,78.72,78.72,78.65,78.65,920760.83,26.0
CCMFUT,10/27/2025 10:07:00,78.66,78.76,78.65,78.71,1983229.56,56.0
CCMFUT,10/27/2025 10:06:00,78.6,78.67,78.6,78.63,1097002.5,31.0
CCMFUT,10/27/2025 10:05:00,78.59,78.6,78.59,78.6,212216.09,6.0
CCMFUT,10/27/2025 10:02:00,78.57,78.6,78.57,78.59,282928.6,8.0
CCMFUT,10/27/2025 10:00:00,78.55,78.59,78.55,78.59,601030.09,17.0
CCMFUT,10/27/2025 09:58:00,78.51,78.51,78.51,78.51,70660.12,2.0
CCMFUT,10/27/2025 09:57:00,78.51,78.51,78.51,78.51,176650.29,5.0
CCMFUT,10/27/2025 09:55:00,78.55,78.57,78.55,78.57,141404.05,4.0
CCMFUT,10/27/2025 09:53:00,78.57,78.57,78.57,78.57,106068.76,3.0
CCMFUT,10/27/2025 09:52:00,78.53,78.56,78.53,78.56,176723.63,5.0
CCMFUT,10/27/2025 09:51:00,78.49,78.52,78.49,78.52,141325.47,4.0
CCMFUT,10/27/2025 09:48:00,78.57,78.57,78.57,78.57,35356.25,1.0
CCMFUT,10/27/2025 09:47:00,78.57,78.57,78.57,78.57,70712.5,2.0
CCMFUT,10/27/2025 09:46:00,78.55,78.55,78.55,78.55,141383.1,4.0
CCMFUT,10/27/2025 09:45:00,78.58,78.59,78.58,78.58,212179.42,6.0
CCMFUT,10/27/2025 09:43:00,78.58,78.58,78.58,78.58,70722.98,2.0
CCMFUT,10/27/2025 09:42:00,78.6,78.63,78.6,78.63,141508.83,4.0
CCMFUT,10/27/2025 09:40:00,78.64,78.64,78.62,78.62,566145.32,16.0
CCMFUT,10/27/2025 09:38:00,78.65,78.65,78.65,78.65,35392.92,1.0
CCMFUT,10/27/2025 09:36:00,78.65,78.65,78.65,78.65,70785.85,2.0
CCMFUT,10/27/2025 09:34:00,78.7,78.7,78.7,78.7,35413.88,1.0
CCMFUT,10/27/2025 09:33:00,78.7,78.7,78.7,78.7,35413.88,1.0
CCMFUT,10/27/2025 09:32:00,78.7,78.74,78.7,78.74,318777.29,9.0
CCMFUT,10/27/2025 09:31:00,78.67,78.67,78.67,78.67,35403.4,1.0
CCMFUT,10/27/2025 09:30:00,78.58,78.66,78.58,78.66,459940.36,13.0
CCMFUT,10/27/2025 09:29:00,78.56,78.58,78.56,78.58,282876.21,8.0
CCMFUT,10/27/2025 09:27:00,78.55,78.59,78.52,78.59,1343369.93,38.0
CCMFUT,10/27/2025 09:25:00,78.5,78.52,78.46,78.52,3319600.53,94.0
CCMFUT,10/27/2025 09:23:00,78.57,78.57,78.52,78.52,282708.57,8.0
CCMFUT,10/27/2025 09:22:00,78.55,78.57,78.55,78.57,848523.85,24.0
CCMFUT,10/27/2025 09:21:00,78.6,78.6,78.53,78.53,212153.23,6.0
CCMFUT,10/27/2025 09:20:00,78.59,78.59,78.59,78.59,35366.73,1.0
CCMFUT,10/27/2025 09:19:00,78.57,78.59,78.55,78.55,353541.56,10.0
CCMFUT,10/27/2025 09:18:00,78.58,78.58,78.53,78.53,247467.57,7.0
CCMFUT,10/27/2025 09:17:00,78.55,78.55,78.55,78.55,176728.87,5.0
CCMFUT,10/27/2025 09:16:00,78.62,78.65,78.59,78.62,530642.39,15.0
CCMFUT,10/27/2025 09:15:00,78.74,78.74,78.62,78.62,991551.91,28.0
CCMFUT,10/27/2025 09:14:00,78.8,78.81,78.77,78.77,354631.22,10.0
CCMFUT,10/27/2025 09:13:00,78.81,78.84,78.78,78.84,425589.95,12.0
CCMFUT,10/27/2025 09:12:00,78.83,78.83,78.81,78.81,673880.0,19.0
CCMFUT,10/27/2025 09:11:00,78.77,78.83,78.76,78.83,886352.79,25.0
CCMFUT,10/27/2025 09:10:00,78.78,78.79,78.78,78.79,141807.44,4.0
CCMFUT,10/27/2025 09:09:00,78.83,78.85,78.77,78.78,1347686.65,38.0
CCMFUT,10/27/2025 09:08:00,78.76,78.86,78.74,78.86,1489253.11,42.0
CCMFUT,10/27/2025 09:07:00,78.79,78.79,78.74,78.76,921368.52,26.0
CCMFUT,10/27/2025 09:06:00,78.8,78.87,78.78,78.78,3050643.65,86.0
CCMFUT,10/27/2025 09:05:00,78.66,78.8,78.66,78.79,2727879.68,77.0
CCMFUT,10/27/2025 09:04:00,78.65,78.66,78.62,78.66,707816.55,20.0
CCMFUT,10/27/2025 09:03:00,78.58,78.64,78.58,78.64,283049.09,8.0
CCMFUT,10/27/2025 09:02:00,78.65,78.67,78.59,78.63,1097112.51,31.0
CCMFUT,10/27/2025 09:01:00,78.72,78.74,78.66,78.67,1275082.96,36.0
CCMFUT,10/27/2025 09:00:00,78.59,78.73,78.58,78.72,1239155.69,35.0
CCMFUT,10/24/2025 17:05:00,78.12,78.41,78.12,78.31,1056858.04,30.0
CCMFUT,10/24/2025 16:18:00,78.29,78.29,78.23,78.23,211325.51,6.0
CCMFUT,10/24/2025 16:17:00,78.27,78.29,78.27,78.29,880663.52,25.0
CCMFUT,10/24/2025 16:16:00,78.22,78.29,78.22,78.28,1725137.82,49.0
CCMFUT,10/24/2025 16:15:00,78.21,78.29,78.2,78.22,3028122.31,86.0
CCMFUT,10/24/2025 16:14:00,78.19,78.22,78.19,78.2,2111075.75,60.0
CCMFUT,10/24/2025 16:13:00,78.17,78.2,78.17,78.17,386969.96,11.0
CCMFUT,10/24/2025 16:12:00,78.19,78.2,78.17,78.17,140738.73,4.0
CCMFUT,10/24/2025 16:11:00,78.17,78.17,78.17,78.17,1196056.58,34.0
CCMFUT,10/24/2025 16:10:00,78.17,78.17,78.17,78.17,105534.4,3.0
CCMFUT,10/24/2025 16:08:00,78.17,78.19,78.17,78.19,105544.88,3.0
CCMFUT,10/24/2025 16:07:00,78.22,78.22,78.19,78.19,105565.84,3.0
CCMFUT,10/24/2025 16:04:00,78.17,78.21,78.17,78.21,527787.27,15.0
CCMFUT,10/24/2025 16:02:00,78.22,78.23,78.2,78.21,175979.73,5.0
CCMFUT,10/24/2025 16:01:00,78.27,78.27,78.23,78.23,739311.85,21.0
CCMFUT,10/24/2025 16:00:00,78.24,78.27,78.21,78.27,492892.03,14.0
CCMFUT,10/24/2025 15:59:00,78.27,78.27,78.27,78.27,35220.04,1.0
CCMFUT,10/24/2025 15:58:00,78.28,78.29,78.24,78.24,3698612.85,105.0
CCMFUT,10/24/2025 15:57:00,78.28,78.3,78.28,78.3,422755.79,12.0
CCMFUT,10/24/2025 15:56:00,78.29,78.29,78.29,78.29,35230.52,1.0
CCMFUT,10/24/2025 15:55:00,78.27,78.29,78.27,78.28,387467.64,11.0
CCMFUT,10/24/2025 15:54:00,78.29,78.3,78.29,78.3,246624.13,7.0
CCMFUT,10/24/2025 15:53:00,78.29,78.3,78.29,78.3,105702.04,3.0
CCMFUT,10/24/2025 15:52:00,78.29,78.29,78.29,78.29,35230.52,1.0
CCMFUT,10/24/2025 15:51:00,78.29,78.29,78.29,78.29,105691.57,3.0
CCMFUT,10/24/2025 15:50:00,78.3,78.3,78.29,78.29,563704.07,16.0
CCMFUT,10/24/2025 15:49:00,78.29,78.29,78.27,78.29,1162596.75,33.0
CCMFUT,10/24/2025 15:48:00,78.29,78.29,78.29,78.29,281844.18,8.0
CCMFUT,10/24/2025 15:47:00,78.29,78.29,78.29,78.29,176152.61,5.0
CCMFUT,10/24/2025 15:46:00,78.3,78.32,78.28,78.29,2642352.02,75.0
CCMFUT,10/24/2025 15:45:00,78.29,78.29,78.29,78.29,246613.65,7.0
CCMFUT,10/24/2025 15:44:00,78.29,78.29,78.29,78.29,35230.52,1.0
CCMFUT,10/24/2025 15:43:00,78.29,78.29,78.29,78.29,70461.04,2.0
CCMFUT,10/24/2025 15:42:00,78.35,78.35,78.35,78.35,35256.72,1.0
CCMFUT,10/24/2025 15:41:00,78.29,78.35,78.29,78.35,493332.08,14.0
CCMFUT,10/24/2025 15:39:00,78.29,78.38,78.29,78.36,1304440.86,37.0
CCMFUT,10/24/2025 15:38:00,78.31,78.31,78.29,78.29,140953.52,4.0
CCMFUT,10/24/2025 15:37:00,78.28,78.32,78.28,78.32,951444.12,27.0
CCMFUT,10/24/2025 15:36:00,78.27,78.28,78.24,78.28,281760.36,8.0
CCMFUT,10/24/2025 15:35:00,78.22,78.23,78.22,78.23,1372890.23,39.0
CCMFUT,10/24/2025 15:33:00,78.17,78.22,78.17,78.2,598222.12,17.0
CCMFUT,10/24/2025 15:32:00,78.17,78.21,78.17,78.17,1125731.74,32.0
CCMFUT,10/24/2025 15:29:00,78.17,78.2,78.15,78.16,281430.32,8.0
CCMFUT,10/24/2025 15:28:00,78.17,78.2,78.15,78.15,281440.79,8.0
CCMFUT,10/24/2025 15:23:00,78.15,78.15,78.13,78.13,140649.67,4.0
CCMFUT,10/24/2025 15:22:00,78.17,78.17,78.17,78.17,211068.81,6.0
CCMFUT,10/24/2025 15:21:00,78.15,78.15,78.15,78.15,35167.66,1.0
CCMFUT,10/24/2025 15:20:00,78.12,78.12,78.1,78.1,175743.99,5.0
CCMFUT,10/24/2025 15:17:00,78.13,78.13,78.13,78.13,35157.18,1.0
CCMFUT,10/24/2025 15:16:00,78.13,78.15,78.13,78.15,175817.33,5.0
CCMFUT,10/24/2025 15:15:00,78.13,78.13,78.13,78.13,105471.54,3.0
CCMFUT,10/24/2025 15:14:00,78.1,78.1,78.1,78.1,35146.7,1.0
CCMFUT,10/24/2025 15:12:00,78.13,78.13,78.13,78.13,35157.18,1.0
CCMFUT,10/24/2025 15:11:00,78.17,78.17,78.17,78.17,1196056.58,34.0
CCMFUT,10/24/2025 15:10:00,78.13,78.21,78.12,78.17,3060398.19,87.0
CCMFUT,10/24/2025 15:09:00,78.13,78.13,78.13,78.13,35157.18,1.0
CCMFUT,10/24/2025 15:08:00,78.06,78.13,78.06,78.13,386577.05,11.0
CCMFUT,10/24/2025 15:07:00,78.0,78.05,77.99,78.05,702001.55,20.0
CCMFUT,10/24/2025 15:06:00,77.99,78.03,77.99,77.99,3615678.36,103.0
CCMFUT,10/24/2025 15:05:00,77.99,77.99,77.99,77.99,456226.09,13.0
CCMFUT,10/24/2025 14:56:00,77.98,77.99,77.98,77.99,70183.39,2.0
CCMFUT,10/24/2025 14:47:00,77.95,77.95,77.95,77.95,35078.6,1.0
CCMFUT,10/24/2025 14:45:00,77.95,77.96,77.95,77.96,70162.44,2.0
CCMFUT,10/24/2025 14:43:00,77.94,77.95,77.93,77.94,491021.8,14.0
CCMFUT,10/24/2025 14:41:00,77.98,77.98,77.94,77.94,701629.6,20.0
CCMFUT,10/24/2025 14:40:00,77.95,77.96,77.95,77.96,175408.71,5.0
CCMFUT,10/24/2025 14:39:00,77.95,77.95,77.95,77.95,35078.6,1.0
CCMFUT,10/24/2025 14:34:00,77.94,77.94,77.94,77.94,70146.72,2.0
CCMFUT,10/24/2025 14:33:00,77.93,77.93,77.93,77.93,35068.12,1.0
CCMFUT,10/24/2025 14:30:00,77.93,77.93,77.93,77.93,35068.12,1.0
CCMFUT,10/24/2025 14:10:00,77.92,77.93,77.92,77.93,70131.0,2.0
CCMFUT,10/24/2025 14:06:00,77.92,77.92,77.92,77.92,175314.41,5.0
CCMFUT,10/24/2025 14:05:00,77.89,77.89,77.89,77.89,385576.45,11.0
CCMFUT,10/24/2025 14:00:00,77.89,77.92,77.89,77.92,175272.5,5.0
CCMFUT,10/24/2025 13:57:00,77.93,77.93,77.93,77.93,35068.12,1.0
CCMFUT,10/24/2025 13:56:00,77.92,77.92,77.92,77.92,70125.76,2.0
CCMFUT,10/24/2025 13:53:00,77.91,77.91,77.91,77.91,35057.64,1.0
CCMFUT,10/24/2025 13:50:00,77.89,77.89,77.89,77.89,35052.4,1.0
CCMFUT,10/24/2025 13:48:00,77.91,77.92,77.91,77.92,350581.68,10.0
CCMFUT,10/24/2025 13:47:00,77.92,77.92,77.92,77.92,35062.88,1.0
CCMFUT,10/24/2025 13:40:00,77.92,77.92,77.92,77.92,35062.88,1.0
CCMFUT,10/24/2025 13:38:00,77.94,77.94,77.92,77.92,140262.01,4.0
CCMFUT,10/24/2025 13:35:00,77.92,77.92,77.92,77.92,105188.65,3.0
CCMFUT,10/24/2025 13:34:00,77.98,77.98,77.92,77.92,771634.87,22.0
CCMFUT,10/24/2025 13:33:00,77.98,77.98,77.98,77.98,210534.46,6.0
CCMFUT,10/24/2025 13:29:00,77.98,77.98,77.98,77.98,70178.15,2.0
CCMFUT,10/24/2025 13:17:00,77.99,77.99,77.99,77.99,421131.78,12.0
CCMFUT,10/24/2025 13:15:00,77.98,77.98,77.98,77.98,982494.13,28.0
CCMFUT,10/24/2025 13:14:00,77.98,77.98,77.98,77.98,105267.23,3.0
CCMFUT,10/24/2025 13:11:00,77.98,77.98,77.98,77.98,70178.15,2.0
CCMFUT,10/24/2025 13:10:00,77.98,77.98,77.98,77.98,140356.3,4.0
CCMFUT,10/24/2025 13:09:00,77.98,77.98,77.98,77.98,105267.23,3.0
CCMFUT,10/24/2025 13:08:00,77.99,77.99,77.99,77.99,210565.89,6.0
CCMFUT,10/24/2025 13:04:00,77.99,77.99,77.99,77.99,70188.63,2.0
CCMFUT,10/24/2025 13:00:00,77.99,77.99,77.99,77.99,35094.31,1.0
CCMFUT,10/24/2025 12:59:00,77.98,77.99,77.96,77.99,2420936.71,69.0
CCMFUT,10/24/2025 12:57:00,77.99,77.99,77.98,77.98,175450.62,5.0
CCMFUT,10/24/2025 12:56:00,77.98,77.98,77.98,77.98,105267.23,3.0
CCMFUT,10/24/2025 12:51:00,77.99,78.0,77.99,78.0,70193.87,2.0
CCMFUT,10/24/2025 12:50:00,77.99,77.99,77.99,77.99,210565.89,6.0
CCMFUT,10/24/2025 12:46:00,77.98,77.98,77.98,77.98,35089.08,1.0
CCMFUT,10/24/2025 12:37:00,77.98,77.98,77.98,77.98,35089.08,1.0
CCMFUT,10/24/2025 12:34:00,77.99,77.99,77.99,77.99,210565.89,6.0
CCMFUT,10/24/2025 12:29:00,78.05,78.05,77.96,77.98,5544901.75,158.0
CCMFUT,10/24/2025 12:28:00,78.05,78.06,78.05,78.06,70246.26,2.0
CCMFUT,10/24/2025 12:22:00,78.03,78.03,78.03,78.03,70230.54,2.0
CCMFUT,10/24/2025 12:21:00,78.01,78.02,78.01,78.02,70214.82,2.0
CCMFUT,10/24/2025 12:15:00,78.06,78.06,77.99,77.99,1895700.7,54.0
CCMFUT,10/24/2025 12:12:00,78.03,78.07,78.03,78.07,105361.53,3.0
CCMFUT,10/24/2025 12:10:00,78.02,78.02,78.02,78.02,35110.03,1.0
CCMFUT,10/24/2025 12:06:00,78.05,78.06,78.05,78.06,70246.26,2.0
CCMFUT,10/24/2025 12:05:00,78.03,78.03,78.03,78.03,105345.81,3.0
CCMFUT,10/24/2025 12:04:00,78.0,78.02,78.0,78.02,140429.65,4.0
CCMFUT,10/24/2025 12:01:00,77.99,78.01,77.99,77.99,210576.37,6.0
CCMFUT,10/24/2025 11:59:00,78.0,78.0,78.0,78.0,105298.66,3.0
CCMFUT,10/24/2025 11:57:00,78.01,78.01,78.01,78.01,35104.79,1.0
CCMFUT,10/24/2025 11:55:00,77.99,78.02,77.99,78.02,456309.91,13.0
CCMFUT,10/24/2025 11:54:00,78.0,78.0,77.98,77.98,1228426.75,35.0
CCMFUT,10/24/2025 11:52:00,78.02,78.02,77.99,78.0,526529.98,15.0
CCMFUT,10/24/2025 11:51:00,78.02,78.08,78.02,78.08,351184.13,10.0
CCMFUT,10/24/2025 11:50:00,77.99,78.01,77.99,78.01,210592.08,6.0
CCMFUT,10/24/2025 11:47:00,77.99,77.99,77.99,77.99,35094.31,1.0
CCMFUT,10/24/2025 11:43:00,77.99,77.99,77.99,77.99,210565.89,6.0
CCMFUT,10/24/2025 11:39:00,77.99,77.99,77.99,77.99,140377.26,4.0
CCMFUT,10/24/2025 11:38:00,77.99,77.99,77.99,77.99,35094.31,1.0
CCMFUT,10/24/2025 11:37:00,77.98,77.98,77.96,77.96,175424.43,5.0
CCMFUT,10/24/2025 11:36:00,77.96,77.98,77.96,77.98,70172.91,2.0
CCMFUT,10/24/2025 11:33:00,77.95,77.95,77.94,77.95,385838.39,11.0
CCMFUT,10/24/2025 11:32:00,78.01,78.01,78.01,78.01,70209.58,2.0
CCMFUT,10/24/2025 11:31:00,77.99,78.0,77.99,78.0,1333772.56,38.0
CCMFUT,10/24/2025 11:30:00,77.94,77.95,77.94,77.95,210445.4,6.0
CCMFUT,10/24/2025 11:29:00,77.96,77.96,77.96,77.96,35083.84,1.0
CCMFUT,10/24/2025 11:27:00,77.96,77.98,77.96,77.96,175424.43,5.0
CCMFUT,10/24/2025 11:24:00,77.96,77.96,77.94,77.96,385901.26,11.0
CCMFUT,10/24/2025 11:23:00,77.99,77.99,77.99,77.99,35094.31,1.0
CCMFUT,10/24/2025 11:21:00,78.02,78.02,77.99,77.99,737106.34,21.0
CCMFUT,10/24/2025 11:20:00,78.05,78.05,78.05,78.05,35120.51,1.0
CCMFUT,10/24/2025 11:19:00,78.05,78.05,78.05,78.05,70241.02,2.0
CCMFUT,10/24/2025 11:15:00,78.01,78.01,78.01,78.01,35104.79,1.0
CCMFUT,10/24/2025 11:14:00,78.03,78.03,78.03,78.03,70230.54,2.0
CCMFUT,10/24/2025 11:13:00,77.99,78.0,77.99,78.0,596687.17,17.0
CCMFUT,10/24/2025 11:10:00,77.98,77.98,77.98,77.98,70178.15,2.0
CCMFUT,10/24/2025 11:08:00,77.98,77.98,77.98,77.98,35089.08,1.0
CCMFUT,10/24/2025 11:07:00,77.99,78.0,77.95,77.95,561404.26,16.0
CCMFUT,10/24/2025 11:05:00,78.01,78.01,77.99,77.99,1403987.38,40.0
CCMFUT,10/24/2025 11:04:00,78.06,78.06,78.0,78.0,1825428.25,52.0
CCMFUT,10/24/2025 11:03:00,78.09,78.09,78.06,78.06,140550.14,4.0
CCMFUT,10/24/2025 11:02:00,78.12,78.12,78.12,78.12,35151.94,1.0
CCMFUT,10/24/2025 11:01:00,78.12,78.14,78.12,78.14,351540.37,10.0
CCMFUT,10/24/2025 11:00:00,78.09,78.09,78.06,78.09,105408.67,3.0
CCMFUT,10/24/2025 10:59:00,78.06,78.1,78.06,78.1,491812.85,14.0
CCMFUT,10/24/2025 10:58:00,78.03,78.06,78.03,78.06,280964.07,8.0
CCMFUT,10/24/2025 10:57:00,78.01,78.01,78.01,78.01,70209.58,2.0
CCMFUT,10/24/2025 10:56:00,78.01,78.01,78.01,78.01,35104.79,1.0
CCMFUT,10/24/2025 10:54:00,78.02,78.02,78.02,78.02,35110.03,1.0
CCMFUT,10/24/2025 10:52:00,78.02,78.02,77.98,78.02,3790929.91,108.0
CCMFUT,10/24/2025 10:51:00,78.01,78.02,78.01,78.02,70214.82,2.0
CCMFUT,10/24/2025 10:50:00,78.03,78.03,77.99,77.99,1860370.64,53.0
CCMFUT,10/24/2025 10:49:00,78.03,78.05,78.03,78.05,702363.02,20.0
CCMFUT,10/24/2025 10:47:00,78.01,78.01,78.01,78.01,35104.79,1.0
CCMFUT,10/24/2025 10:46:00,78.0,78.0,78.0,78.0,35099.55,1.0
CCMFUT,10/24/2025 10:45:00,77.99,78.05,77.98,78.0,947740.34,27.0
CCMFUT,10/24/2025 10:44:00,77.94,77.98,77.94,77.98,315675.96,9.0
CCMFUT,10/24/2025 10:43:00,77.93,77.98,77.93,77.94,3577330.79,102.0
CCMFUT,10/24/2025 10:42:00,77.91,77.91,77.91,77.91,35057.64,1.0
CCMFUT,10/24/2025 10:41:00,77.92,77.92,77.92,77.92,35062.88,1.0
CCMFUT,10/24/2025 10:40:00,77.93,77.93,77.91,77.93,561011.36,16.0
CCMFUT,10/24/2025 10:39:00,77.91,77.92,77.89,77.91,2033112.83,58.0
CCMFUT,10/24/2025 10:38:00,77.91,77.91,77.89,77.91,490791.3,14.0
CCMFUT,10/24/2025 10:37:00,77.92,77.93,77.92,77.93,315602.61,9.0
CCMFUT,10/24/2025 10:36:00,77.92,77.94,77.92,77.94,140262.01,4.0
CCMFUT,10/24/2025 10:35:00,77.89,77.94,77.89,77.94,3682037.47,105.0
CCMFUT,10/24/2025 10:34:00,77.95,77.96,77.89,77.93,2174233.99,62.0
CCMFUT,10/24/2025 10:33:00,77.99,78.0,77.94,77.96,1508615.49,43.0
CCMFUT,10/24/2025 10:32:00,78.02,78.02,77.94,77.98,12142915.85,346.0
CCMFUT,10/24/2025 10:31:00,78.02,78.02,78.02,78.02,70220.06,2.0
CCMFUT,10/24/2025 10:30:00,78.05,78.05,78.01,78.03,1825590.65,52.0
CCMFUT,10/24/2025 10:29:00,78.06,78.06,78.01,78.01,912913.2,26.0
CCMFUT,10/24/2025 10:28:00,78.05,78.05,78.02,78.03,351147.46,10.0
CCMFUT,10/24/2025 10:27:00,78.01,78.01,78.01,78.01,70209.58,2.0
CCMFUT,10/24/2025 10:26:00,78.08,78.08,78.02,78.02,2458414.65,70.0
CCMFUT,10/24/2025 10:25:00,78.09,78.09,78.08,78.08,105419.15,3.0
CCMFUT,10/24/2025 10:24:00,78.08,78.08,78.07,78.07,316199.83,9.0
CCMFUT,10/24/2025 10:23:00,78.09,78.12,78.09,78.12,140586.81,4.0
CCMFUT,10/24/2025 10:22:00,78.17,78.17,78.09,78.09,1441564.86,41.0
CCMFUT,10/24/2025 10:21:00,78.19,78.19,78.19,78.19,70366.75,2.0
CCMFUT,10/24/2025 10:19:00,78.2,78.21,78.17,78.19,703683.19,20.0
CCMFUT,10/24/2025 10:18:00,78.23,78.23,78.21,78.21,457598.64,13.0
CCMFUT,10/24/2025 10:17:00,78.26,78.26,78.26,78.26,35214.81,1.0
CCMFUT,10/24/2025 10:16:00,78.26,78.26,78.23,78.23,352106.15,10.0
CCMFUT,10/24/2025 10:15:00,78.26,78.26,78.26,78.26,35214.81,1.0
CCMFUT,10/24/2025 10:12:00,78.26,78.29,78.23,78.23,669165.13,19.0
CCMFUT,10/24/2025 10:11:00,78.21,78.26,78.21,78.26,14259717.54,405.0
CCMFUT,10/24/2025 10:10:00,78.27,78.28,78.2,78.28,15637003.07,444.0
CCMFUT,10/24/2025 10:09:00,78.27,78.28,78.27,78.28,70445.33,2.0
CCMFUT,10/24/2025 10:08:00,78.27,78.29,78.27,78.29,457954.88,13.0
CCMFUT,10/24/2025 10:06:00,78.27,78.27,78.26,78.26,246508.88,7.0
CCMFUT,10/24/2025 10:05:00,78.29,78.29,78.29,78.29,70461.04,2.0
CCMFUT,10/24/2025 10:03:00,78.27,78.27,78.27,78.27,35220.04,1.0
CCMFUT,10/24/2025 10:00:00,78.26,78.27,78.26,78.26,176084.51,5.0
CCMFUT,10/24/2025 09:59:00,78.24,78.24,78.23,78.23,211252.16,6.0
CCMFUT,10/24/2025 09:58:00,78.24,78.24,78.24,78.24,281676.54,8.0
CCMFUT,10/24/2025 09:57:00,78.26,78.26,78.26,78.26,70429.61,2.0
CCMFUT,10/24/2025 09:56:00,78.24,78.24,78.24,78.24,35209.57,1.0
CCMFUT,10/24/2025 09:55:00,78.24,78.24,78.24,78.24,35209.57,1.0
CCMFUT,10/24/2025 09:54:00,78.26,78.26,78.26,78.26,70429.61,2.0
CCMFUT,10/24/2025 09:53:00,78.26,78.26,78.26,78.26,105644.42,3.0
CCMFUT,10/24/2025 09:50:00,78.29,78.32,78.29,78.32,458138.23,13.0
CCMFUT,10/24/2025 09:49:00,78.23,78.31,78.23,78.29,2007573.98,57.0
CCMFUT,10/24/2025 09:48:00,78.22,78.22,78.22,78.22,35199.09,1.0
CCMFUT,10/24/2025 09:47:00,78.2,78.23,78.2,78.23,316765.61,9.0
CCMFUT,10/24/2025 09:46:00,78.22,78.27,78.19,78.19,1513885.66,43.0
CCMFUT,10/24/2025 09:45:00,78.21,78.21,78.21,78.21,35193.85,1.0
CCMFUT,10/24/2025 09:44:00,78.22,78.23,78.22,78.23,246409.34,7.0
CCMFUT,10/24/2025 09:43:00,78.2,78.2,78.2,78.2,105565.84,3.0
CCMFUT,10/24/2025 09:42:00,78.2,78.21,78.14,78.16,1020228.77,29.0
CCMFUT,10/24/2025 09:41:00,78.17,78.22,78.16,78.22,351886.12,10.0
CCMFUT,10/24/2025 09:40:00,78.13,78.17,78.08,78.17,738468.41,21.0
CCMFUT,10/24/2025 09:39:00,78.27,78.27,78.06,78.06,3657284.43,104.0
CCMFUT,10/24/2025 09:38:00,78.29,78.29,78.27,78.28,669280.38,19.0
CCMFUT,10/24/2025 09:37:00,78.27,78.27,78.27,78.27,35220.04,1.0
CCMFUT,10/24/2025 09:36:00,78.3,78.3,78.27,78.29,563635.97,16.0
CCMFUT,10/24/2025 09:35:00,78.29,78.3,78.29,78.3,70466.28,2.0
CCMFUT,10/24/2025 09:33:00,78.34,78.34,78.29,78.29,458117.28,13.0
CCMFUT,10/24/2025 09:31:00,78.34,78.34,78.34,78.34,35251.48,1.0
CCMFUT,10/24/2025 09:30:00,78.32,78.38,78.3,78.32,387713.86,11.0
CCMFUT,10/24/2025 09:29:00,78.37,78.37,78.37,78.37,282137.55,8.0
CCMFUT,10/24/2025 09:28:00,78.36,78.36,78.36,78.36,35261.95,1.0
CCMFUT,10/24/2025 09:27:00,78.32,78.32,78.32,78.32,211477.43,6.0
CCMFUT,10/24/2025 09:26:00,78.37,78.37,78.32,78.32,458305.87,13.0
CCMFUT,10/24/2025 09:23:00,78.39,78.39,78.39,78.39,35277.67,1.0
CCMFUT,10/24/2025 09:22:00,78.38,78.39,78.38,78.39,70550.1,2.0
CCMFUT,10/24/2025 09:20:00,78.38,78.38,78.35,78.35,105785.86,3.0
CCMFUT,10/24/2025 09:18:00,78.35,78.35,78.35,78.35,35256.72,1.0
CCMFUT,10/24/2025 09:17:00,78.35,78.36,78.31,78.31,176278.34,5.0
CCMFUT,10/24/2025 09:16:00,78.29,78.34,78.28,78.31,669416.59,19.0
CCMFUT,10/24/2025 09:15:00,78.32,78.32,78.31,78.31,176215.48,5.0
CCMFUT,10/24/2025 09:13:00,78.32,78.41,78.32,78.41,176346.44,5.0
CCMFUT,10/24/2025 09:12:00,78.3,78.3,78.29,78.29,70466.28,2.0
CCMFUT,10/24/2025 09:11:00,78.35,78.35,78.35,78.35,70513.43,2.0
CCMFUT,10/24/2025 09:10:00,78.22,78.35,78.22,78.35,916135.02,26.0
CCMFUT,10/24/2025 09:09:00,78.23,78.23,78.21,78.21,668714.6,19.0
CCMFUT,10/24/2025 09:08:00,78.23,78.24,78.19,78.24,668651.74,19.0
CCMFUT,10/24/2025 09:07:00,78.23,78.23,78.2,78.21,492734.87,14.0
CCMFUT,10/24/2025 09:06:00,78.23,78.23,78.23,78.23,35204.33,1.0
CCMFUT,10/24/2025 09:05:00,78.29,78.29,78.21,78.27,2253291.81,64.0
CCMFUT,10/24/2025 09:04:00,78.28,78.29,78.24,78.29,352163.78,10.0
CCMFUT,10/24/2025 09:03:00,78.27,78.27,78.27,78.27,105660.13,3.0
CCMFUT,10/24/2025 09:02:00,78.28,78.35,78.24,78.27,281854.65,8.0
CCMFUT,10/24/2025 09:01:00,78.35,78.35,78.27,78.27,281812.74,8.0
CCMFUT,10/24/2025 09:00:00,78.24,78.66,78.0,78.38,3693468.4,105.0
CCMFUT,10/21/2025 17:05:00,79.75,79.75,79.61,79.69,1973202.61,55.0
CCMFUT,10/21/2025 16:19:00,79.78,79.8,79.71,79.73,1256076.82,35.0
CCMFUT,10/21/2025 16:18:00,79.76,79.79,79.76,79.79,1220463.87,34.0
CCMFUT,10/21/2025 16:17:00,79.76,79.76,79.75,79.75,897176.02,25.0
CCMFUT,10/21/2025 16:16:00,79.76,79.77,79.75,79.76,4198671.47,117.0
CCMFUT,10/21/2025 16:15:00,79.77,79.77,79.75,79.76,323025.91,9.0
CCMFUT,10/21/2025 16:14:00,79.76,79.77,79.75,79.77,1040733.2,29.0
CCMFUT,10/21/2025 16:13:00,79.75,79.75,79.75,79.75,610051.2,17.0
CCMFUT,10/21/2025 16:12:00,79.73,79.76,79.73,79.75,215317.43,6.0
CCMFUT,10/21/2025 16:11:00,79.75,79.76,79.71,79.76,1399482.07,39.0
CCMFUT,10/21/2025 16:10:00,79.75,79.75,79.72,79.75,3085879.41,86.0
CCMFUT,10/21/2025 16:09:00,79.76,79.77,79.73,79.75,1435372.67,40.0
CCMFUT,10/21/2025 16:00:00,79.73,79.75,79.72,79.75,287056.72,8.0
CCMFUT,10/21/2025 15:58:00,79.73,79.75,79.7,79.75,717544.89,20.0
CCMFUT,10/21/2025 15:56:00,79.75,79.75,79.75,79.75,358853.65,10.0
CCMFUT,10/21/2025 15:55:00,79.73,79.75,79.72,79.72,287056.72,8.0
CCMFUT,10/21/2025 15:54:00,79.73,79.73,79.73,79.73,35880.13,1.0
CCMFUT,10/21/2025 15:53:00,79.75,79.75,79.73,79.73,4342108.15,121.0
CCMFUT,10/21/2025 15:51:00,79.73,79.75,79.72,79.75,574102.97,16.0
CCMFUT,10/21/2025 15:50:00,79.73,79.75,79.72,79.73,215285.99,6.0
CCMFUT,10/21/2025 15:49:00,79.73,79.75,79.72,79.75,574092.49,16.0
CCMFUT,10/21/2025 15:48:00,79.75,79.75,79.73,79.73,1471268.51,41.0
CCMFUT,10/21/2025 15:47:00,79.75,79.75,79.75,79.75,35885.36,1.0
CCMFUT,10/21/2025 15:45:00,79.76,79.76,79.75,79.75,251202.79,7.0
CCMFUT,10/21/2025 15:44:00,79.75,79.75,79.71,79.75,645857.98,18.0
CCMFUT,10/21/2025 15:42:00,79.77,79.79,79.71,79.75,2081466.4,58.0
CCMFUT,10/21/2025 15:41:00,79.73,79.77,79.72,79.77,825337.19,23.0
CCMFUT,10/21/2025 15:40:00,79.75,79.75,79.71,79.73,538170.45,15.0
CCMFUT,10/21/2025 15:39:00,79.71,79.75,79.71,79.75,789273.71,22.0
CCMFUT,10/21/2025 15:38:00,79.75,79.76,79.71,79.73,1291579.75,36.0
CCMFUT,10/21/2025 15:37:00,79.76,79.76,79.73,79.75,1112404.39,31.0
CCMFUT,10/21/2025 15:36:00,79.78,79.78,79.76,79.76,825614.84,23.0
CCMFUT,10/21/2025 15:34:00,79.79,79.8,79.76,79.78,1759173.91,49.0
CCMFUT,10/21/2025 15:33:00,79.82,79.82,79.79,79.79,502761.82,14.0
CCMFUT,10/21/2025 15:32:00,79.83,79.83,79.82,79.82,6573727.3,183.0
CCMFUT,10/21/2025 15:31:00,79.82,79.82,79.8,79.8,251412.34,7.0
CCMFUT,10/21/2025 15:30:00,79.82,79.82,79.79,79.79,359120.82,10.0
CCMFUT,10/21/2025 15:29:00,79.82,79.82,79.82,79.82,107750.39,3.0
CCMFUT,10/21/2025 15:26:00,79.84,79.85,79.84,79.85,143714.34,4.0
CCMFUT,10/21/2025 15:24:00,79.8,79.82,79.8,79.8,251391.39,7.0
CCMFUT,10/21/2025 15:23:00,79.84,79.84,79.82,79.82,251469.97,7.0
CCMFUT,10/21/2025 15:22:00,79.86,79.86,79.85,79.85,107808.02,3.0
CCMFUT,10/21/2025 15:20:00,79.86,79.86,79.86,79.86,71875.5,2.0
CCMFUT,10/21/2025 15:19:00,79.88,79.88,79.87,79.87,179725.43,5.0
CCMFUT,10/21/2025 15:18:00,79.9,79.9,79.9,79.9,71906.94,2.0
CCMFUT,10/21/2025 15:12:00,79.85,79.85,79.85,79.85,35932.51,1.0
CCMFUT,10/21/2025 15:10:00,79.86,79.87,79.86,79.87,287517.73,8.0
CCMFUT,10/21/2025 15:00:00,79.84,79.84,79.84,79.84,143709.1,4.0
CCMFUT,10/21/2025 14:56:00,79.84,79.84,79.84,79.84,179636.37,5.0
CCMFUT,10/21/2025 14:55:00,79.84,79.84,79.82,79.83,431043.47,12.0
CCMFUT,10/21/2025 14:53:00,79.84,79.84,79.82,79.84,790290.02,22.0
CCMFUT,10/21/2025 14:50:00,79.84,79.84,79.84,79.84,71854.55,2.0
CCMFUT,10/21/2025 14:49:00,79.85,79.85,79.85,79.85,35932.51,1.0
CCMFUT,10/21/2025 14:43:00,79.85,79.86,79.85,79.86,503097.09,14.0
CCMFUT,10/21/2025 14:42:00,79.86,79.86,79.85,79.85,539024.37,15.0
CCMFUT,10/21/2025 14:41:00,79.86,79.86,79.86,79.86,251564.26,7.0
CCMFUT,10/21/2025 14:34:00,79.87,79.87,79.87,79.87,71885.98,2.0
CCMFUT,10/21/2025 14:33:00,79.86,79.86,79.86,79.86,359377.52,10.0
CCMFUT,10/21/2025 14:32:00,79.91,79.91,79.86,79.86,467353.18,13.0
CCMFUT,10/21/2025 14:30:00,79.9,79.92,79.9,79.92,143834.83,4.0
CCMFUT,10/21/2025 14:22:00,79.87,79.87,79.87,79.87,107828.97,3.0
CCMFUT,10/21/2025 14:17:00,79.86,79.86,79.86,79.86,5175036.28,144.0
CCMFUT,10/21/2025 14:15:00,79.86,79.86,79.86,79.86,934381.55,26.0
CCMFUT,10/21/2025 14:14:00,79.86,79.86,79.86,79.86,431253.02,12.0
CCMFUT,10/21/2025 14:13:00,79.86,79.86,79.86,79.86,359377.52,10.0
CCMFUT,10/21/2025 14:07:00,79.86,79.86,79.86,79.86,251564.26,7.0
CCMFUT,10/21/2025 14:05:00,79.87,79.87,79.87,79.87,35942.99,1.0
CCMFUT,10/21/2025 14:03:00,79.87,79.87,79.87,79.87,179714.95,5.0
CCMFUT,10/21/2025 14:02:00,79.9,79.9,79.87,79.87,179725.43,5.0
CCMFUT,10/21/2025 14:01:00,79.91,79.91,79.87,79.9,179767.34,5.0
CCMFUT,10/21/2025 13:57:00,79.86,79.87,79.84,79.87,610905.11,17.0
CCMFUT,10/21/2025 13:56:00,79.88,79.88,79.87,79.87,215663.18,6.0
CCMFUT,10/21/2025 13:54:00,79.9,79.9,79.9,79.9,35953.47,1.0
CCMFUT,10/21/2025 13:53:00,79.92,79.92,79.87,79.87,1870051.83,52.0
CCMFUT,10/21/2025 13:52:00,79.93,79.93,79.93,79.93,71938.37,2.0
CCMFUT,10/21/2025 13:50:00,79.95,79.97,79.95,79.95,143923.89,4.0
CCMFUT,10/21/2025 13:44:00,79.93,79.97,79.92,79.94,1115055.19,31.0
CCMFUT,10/21/2025 13:43:00,79.91,79.92,79.91,79.92,287695.85,8.0
CCMFUT,10/21/2025 13:35:00,79.86,79.86,79.86,79.86,71875.5,2.0
CCMFUT,10/21/2025 13:34:00,79.86,79.86,79.86,79.86,215626.51,6.0
CCMFUT,10/21/2025 13:23:00,79.86,79.86,79.86,79.86,107813.26,3.0
CCMFUT,10/21/2025 13:22:00,79.86,79.86,79.86,79.86,71875.5,2.0
CCMFUT,10/21/2025 13:21:00,79.9,79.9,79.84,79.85,503091.86,14.0
CCMFUT,10/21/2025 13:20:00,79.9,79.92,79.9,79.9,215741.76,6.0
CCMFUT,10/21/2025 13:18:00,79.86,79.86,79.86,79.86,71875.5,2.0
CCMFUT,10/21/2025 13:15:00,79.84,79.86,79.84,79.86,143740.53,4.0
CCMFUT,10/21/2025 13:14:00,79.86,79.86,79.84,79.86,251553.79,7.0
CCMFUT,10/21/2025 13:13:00,79.86,79.86,79.86,79.86,71875.5,2.0
CCMFUT,10/21/2025 13:11:00,79.87,79.87,79.86,79.86,179699.24,5.0
CCMFUT,10/21/2025 13:09:00,79.87,79.9,79.86,79.9,215668.42,6.0
CCMFUT,10/21/2025 13:08:00,79.9,79.9,79.9,79.9,71906.94,2.0
CCMFUT,10/21/2025 13:06:00,79.87,79.9,79.87,79.88,287591.07,8.0
CCMFUT,10/21/2025 13:05:00,79.85,79.86,79.85,79.86,431232.07,12.0
CCMFUT,10/21/2025 13:03:00,79.83,79.84,79.83,79.84,287392.0,8.0
CCMFUT,10/21/2025 13:02:00,79.75,79.82,79.75,79.82,1830944.64,51.0
CCMFUT,10/21/2025 13:01:00,79.75,79.75,79.75,79.75,35885.36,1.0
CCMFUT,10/21/2025 13:00:00,79.75,79.75,79.72,79.75,394697.1,11.0
CCMFUT,10/21/2025 12:59:00,79.75,79.75,79.75,79.75,71770.73,2.0
CCMFUT,10/21/2025 12:58:00,79.75,79.75,79.75,79.75,71770.73,2.0
CCMFUT,10/21/2025 12:57:00,79.73,79.75,79.73,79.75,107650.85,3.0
CCMFUT,10/21/2025 12:56:00,79.73,79.73,79.73,79.73,35880.13,1.0
CCMFUT,10/21/2025 12:55:00,79.75,79.75,79.72,79.72,179395.39,5.0
CCMFUT,10/21/2025 12:54:00,79.75,79.75,79.75,79.75,71770.73,2.0
CCMFUT,10/21/2025 12:53:00,79.75,79.75,79.75,79.75,179426.82,5.0
CCMFUT,10/21/2025 12:52:00,79.75,79.75,79.72,79.73,251139.93,7.0
CCMFUT,10/21/2025 12:51:00,79.75,79.75,79.75,79.75,35885.36,1.0
CCMFUT,10/21/2025 12:50:00,79.73,79.75,79.73,79.75,179421.58,5.0
CCMFUT,10/21/2025 12:49:00,79.75,79.75,79.72,79.73,430587.7,12.0
CCMFUT,10/21/2025 12:48:00,79.75,79.75,79.73,79.73,143525.74,4.0
CCMFUT,10/21/2025 12:47:00,79.75,79.75,79.75,79.75,71770.73,2.0
CCMFUT,10/21/2025 12:46:00,79.72,79.75,79.72,79.75,71760.25,2.0
CCMFUT,10/21/2025 12:45:00,79.73,79.73,79.73,79.73,71760.25,2.0
CCMFUT,10/21/2025 12:44:00,79.75,79.75,79.75,79.75,287082.92,8.0
CCMFUT,10/21/2025 12:43:00,79.72,79.73,79.72,79.73,71755.01,2.0
CCMFUT,10/21/2025 12:42:00,79.71,79.72,79.71,79.72,71744.54,2.0
CCMFUT,10/21/2025 12:41:00,79.71,79.71,79.71,79.71,71739.3,2.0
CCMFUT,10/21/2025 12:40:00,79.71,79.71,79.71,79.71,35869.65,1.0
CCMFUT,10/21/2025 12:39:00,79.71,79.71,79.68,79.71,143452.4,4.0
CCMFUT,10/21/2025 12:37:00,79.71,79.71,79.71,79.71,71739.3,2.0
CCMFUT,10/21/2025 12:36:00,79.71,79.71,79.71,79.71,35869.65,1.0
CCMFUT,10/21/2025 12:35:00,79.68,79.75,79.68,79.7,430482.93,12.0
CCMFUT,10/21/2025 12:34:00,79.68,79.68,79.68,79.68,71707.86,2.0
CCMFUT,10/21/2025 12:33:00,79.68,79.68,79.68,79.68,286831.46,8.0
CCMFUT,10/21/2025 12:32:00,79.68,79.68,79.68,79.68,71707.86,2.0
CCMFUT,10/21/2025 12:31:00,79.68,79.68,79.68,79.68,35853.93,1.0
CCMFUT,10/21/2025 12:30:00,79.68,79.68,79.66,79.68,250951.33,7.0
CCMFUT,10/21/2025 12:27:00,79.66,79.66,79.66,79.66,143394.77,4.0
CCMFUT,10/21/2025 12:26:00,79.68,79.68,79.66,79.66,501907.9,14.0
CCMFUT,10/21/2025 12:25:00,79.68,79.68,79.68,79.68,35853.93,1.0
CCMFUT,10/21/2025 12:23:00,79.68,79.68,79.68,79.68,35853.93,1.0
CCMFUT,10/21/2025 12:21:00,79.68,79.68,79.68,79.68,35853.93,1.0
CCMFUT,10/21/2025 12:20:00,79.68,79.68,79.68,79.68,35853.93,1.0
CCMFUT,10/21/2025 12:18:00,79.68,79.68,79.68,79.68,107561.8,3.0
CCMFUT,10/21/2025 12:16:00,79.66,79.66,79.66,79.66,35848.69,1.0
CCMFUT,10/21/2025 12:12:00,79.69,79.69,79.69,79.69,35859.17,1.0
CCMFUT,10/21/2025 12:11:00,79.65,79.69,79.64,79.69,322612.05,9.0
CCMFUT,10/21/2025 12:09:00,79.68,79.68,79.66,79.68,179259.18,5.0
CCMFUT,10/21/2025 12:08:00,79.68,79.68,79.66,79.68,107556.56,3.0
CCMFUT,10/21/2025 12:07:00,79.68,79.68,79.68,79.68,71707.86,2.0
CCMFUT,10/21/2025 12:01:00,79.59,79.59,79.59,79.59,107451.78,3.0
CCMFUT,10/21/2025 12:00:00,79.7,79.7,79.57,79.58,2723185.77,76.0
CCMFUT,10/21/2025 11:59:00,79.69,79.69,79.69,79.69,35859.17,1.0
CCMFUT,10/21/2025 11:57:00,79.7,79.7,79.7,79.7,35864.41,1.0
CCMFUT,10/21/2025 11:55:00,79.72,79.72,79.72,79.72,71749.77,2.0
CCMFUT,10/21/2025 11:54:00,79.75,79.75,79.75,79.75,71770.73,2.0
CCMFUT,10/21/2025 11:51:00,79.72,79.75,79.72,79.75,143530.98,4.0
CCMFUT,10/21/2025 11:50:00,79.71,79.71,79.71,79.71,35869.65,1.0
CCMFUT,10/21/2025 11:49:00,79.71,79.75,79.71,79.73,609977.85,17.0
CCMFUT,10/21/2025 11:48:00,79.71,79.71,79.68,79.7,215196.93,6.0
CCMFUT,10/21/2025 11:44:00,79.66,79.66,79.66,79.66,107546.08,3.0
CCMFUT,10/21/2025 11:43:00,79.68,79.68,79.66,79.66,250967.05,7.0
CCMFUT,10/21/2025 11:42:00,79.64,79.64,79.64,79.64,35838.22,1.0
CCMFUT,10/21/2025 11:39:00,79.68,79.68,79.64,79.64,394257.05,11.0
CCMFUT,10/21/2025 11:38:00,79.68,79.68,79.68,79.68,143415.73,4.0
CCMFUT,10/21/2025 11:36:00,79.64,79.64,79.63,79.63,680858.0,19.0
CCMFUT,10/21/2025 11:35:00,79.65,79.65,79.65,79.65,35843.45,1.0
CCMFUT,10/21/2025 11:34:00,79.66,79.66,79.65,79.65,179232.99,5.0
CCMFUT,10/21/2025 11:32:00,79.68,79.69,79.68,79.68,250982.76,7.0
CCMFUT,10/21/2025 11:31:00,79.61,79.63,79.61,79.63,2078234.09,58.0
CCMFUT,10/21/2025 11:30:00,79.62,79.62,79.62,79.62,394105.12,11.0
CCMFUT,10/21/2025 11:29:00,79.66,79.69,79.61,79.62,1719977.66,48.0
CCMFUT,10/21/2025 11:28:00,79.63,79.65,79.63,79.65,250883.23,7.0
CCMFUT,10/21/2025 11:27:00,79.62,79.62,79.58,79.58,644794.52,18.0
CCMFUT,10/21/2025 11:25:00,79.64,79.64,79.63,79.63,286679.53,8.0
CCMFUT,10/21/2025 11:24:00,79.63,79.63,79.63,79.63,358329.77,10.0
CCMFUT,10/21/2025 11:23:00,79.63,79.64,79.63,79.63,358345.49,10.0
CCMFUT,10/21/2025 11:22:00,79.63,79.65,79.61,79.64,501593.58,14.0
CCMFUT,10/21/2025 11:21:00,79.62,79.62,79.62,79.62,71655.48,2.0
CCMFUT,10/21/2025 11:20:00,79.66,79.66,79.54,79.59,5015647.63,140.0
CCMFUT,10/21/2025 11:19:00,79.76,79.78,79.65,79.66,4555298.65,127.0
CCMFUT,10/21/2025 11:18:00,79.79,79.79,79.75,79.76,3912012.89,109.0
CCMFUT,10/21/2025 11:17:00,79.83,79.83,79.79,79.8,1005623.17,28.0
CCMFUT,10/21/2025 11:16:00,79.83,79.83,79.83,79.83,71844.07,2.0
CCMFUT,10/21/2025 11:14:00,79.85,79.85,79.83,79.83,502950.41,14.0
CCMFUT,10/21/2025 11:13:00,79.86,79.86,79.84,79.84,467086.0,13.0
CCMFUT,10/21/2025 11:11:00,79.86,79.86,79.86,79.86,107813.26,3.0
CCMFUT,10/21/2025 11:10:00,79.86,79.86,79.86,79.86,35937.75,1.0
CCMFUT,10/21/2025 11:09:00,79.86,79.86,79.86,79.86,251564.26,7.0
CCMFUT,10/21/2025 11:06:00,79.86,79.86,79.86,79.86,1940638.6,54.0
CCMFUT,10/21/2025 11:05:00,79.85,79.85,79.85,79.85,35932.51,1.0
CCMFUT,10/21/2025 11:04:00,79.85,79.85,79.85,79.85,107797.54,3.0
CCMFUT,10/21/2025 11:02:00,79.85,79.85,79.85,79.85,71865.03,2.0
CCMFUT,10/21/2025 11:01:00,79.87,79.87,79.86,79.86,179704.48,5.0
CCMFUT,10/21/2025 11:00:00,79.86,79.94,79.86,79.88,1725604.07,48.0
CCMFUT,10/21/2025 10:59:00,79.86,79.86,79.83,79.83,646722.37,18.0
CCMFUT,10/21/2025 10:53:00,79.88,79.88,79.87,79.87,179725.43,5.0
CCMFUT,10/21/2025 10:52:00,79.86,79.86,79.86,79.86,143751.01,4.0
CCMFUT,10/21/2025 10:51:00,79.85,79.85,79.85,79.85,179662.57,5.0
CCMFUT,10/21/2025 10:48:00,79.84,79.85,79.84,79.85,179641.61,5.0
CCMFUT,10/21/2025 10:47:00,79.85,79.85,79.84,79.84,179652.09,5.0
CCMFUT,10/21/2025 10:46:00,79.86,79.86,79.86,79.86,71875.5,2.0
CCMFUT,10/21/2025 10:45:00,79.85,79.85,79.85,79.85,71865.03,2.0
CCMFUT,10/21/2025 10:44:00,79.85,79.85,79.84,79.84,107792.3,3.0
CCMFUT,10/21/2025 10:43:00,79.86,79.86,79.85,79.85,215616.03,6.0
CCMFUT,10/21/2025 10:42:00,79.88,79.88,79.86,79.86,611041.32,17.0
CCMFUT,10/21/2025 10:40:00,79.91,79.91,79.9,79.9,179777.82,5.0
CCMFUT,10/21/2025 10:39:00,79.93,79.93,79.91,79.92,503474.28,14.0
CCMFUT,10/21/2025 10:35:00,79.93,79.93,79.93,79.93,71938.37,2.0
CCMFUT,10/21/2025 10:33:00,79.98,79.98,79.93,79.93,503741.46,14.0
CCMFUT,10/21/2025 10:28:00,79.95,79.95,79.95,79.95,71959.32,2.0
CCMFUT,10/21/2025 10:26:00,79.94,79.94,79.92,79.92,215809.87,6.0
CCMFUT,10/21/2025 10:25:00,79.99,79.99,79.93,79.93,395844.38,11.0
CCMFUT,10/21/2025 10:24:00,79.98,80.0,79.98,80.0,1403662.58,39.0
CCMFUT,10/21/2025 10:23:00,79.92,79.92,79.92,79.92,503495.24,14.0
CCMFUT,10/21/2025 10:21:00,79.92,79.92,79.88,79.88,431514.96,12.0
CCMFUT,10/21/2025 10:19:00,79.94,79.94,79.94,79.94,35974.42,1.0
CCMFUT,10/21/2025 10:17:00,79.93,79.93,79.93,79.93,71938.37,2.0
CCMFUT,10/21/2025 10:16:00,79.98,79.98,79.93,79.93,539726.36,15.0
CCMFUT,10/21/2025 10:15:00,79.93,79.98,79.93,79.98,323853.63,9.0
CCMFUT,10/21/2025 10:13:00,79.92,79.93,79.92,79.93,359676.13,10.0
CCMFUT,10/21/2025 10:12:00,79.95,79.95,79.92,79.92,503605.25,14.0
CCMFUT,10/21/2025 10:11:00,79.85,79.93,79.85,79.93,7081308.75,197.0
CCMFUT,10/21/2025 10:10:00,79.85,79.85,79.85,79.85,71865.03,2.0
CCMFUT,10/21/2025 10:09:00,79.86,79.86,79.86,79.86,35937.75,1.0
CCMFUT,10/21/2025 10:08:00,79.85,79.85,79.84,79.84,538982.46,15.0
CCMFUT,10/21/2025 10:07:00,79.83,79.83,79.82,79.83,107760.87,3.0
CCMFUT,10/21/2025 10:05:00,79.8,79.8,79.8,79.8,35911.56,1.0
CCMFUT,10/21/2025 10:04:00,79.82,79.85,79.79,79.8,933962.45,26.0
CCMFUT,10/21/2025 10:02:00,79.82,79.85,79.82,79.82,1077624.4,30.0
CCMFUT,10/21/2025 10:01:00,79.78,79.8,79.78,79.8,610475.54,17.0
CCMFUT,10/21/2025 10:00:00,79.78,79.78,79.75,79.76,861358.76,24.0
CCMFUT,10/21/2025 09:59:00,79.78,79.78,79.78,79.78,215406.48,6.0
CCMFUT,10/21/2025 09:57:00,79.78,79.78,79.75,79.75,287124.83,8.0
CCMFUT,10/21/2025 09:55:00,79.77,79.78,79.75,79.78,466624.99,13.0
CCMFUT,10/21/2025 09:54:00,79.77,79.78,79.75,79.78,143578.13,4.0
CCMFUT,10/21/2025 09:53:00,79.72,79.75,79.72,79.75,538233.32,15.0
CCMFUT,10/21/2025 09:52:00,79.76,79.77,79.71,79.71,1363617.66,38.0
CCMFUT,10/21/2025 09:51:00,79.78,79.78,79.75,79.75,897254.6,25.0
CCMFUT,10/21/2025 09:49:00,79.78,79.79,79.77,79.79,251302.33,7.0
CCMFUT,10/21/2025 09:48:00,79.78,79.78,79.78,79.78,35901.08,1.0
CCMFUT,10/21/2025 09:46:00,79.78,79.78,79.78,79.78,71802.16,2.0
CCMFUT,10/21/2025 09:45:00,79.78,79.78,79.78,79.78,610318.37,17.0
CCMFUT,10/21/2025 09:44:00,79.8,79.8,79.78,79.79,610412.67,17.0
CCMFUT,10/21/2025 09:43:00,79.83,79.83,79.78,79.8,1113336.89,31.0
CCMFUT,10/21/2025 09:40:00,79.85,79.85,79.83,79.83,107787.06,3.0
CCMFUT,10/21/2025 09:39:00,79.86,79.86,79.86,79.86,143751.01,4.0
CCMFUT,10/21/2025 09:37:00,79.83,79.83,79.83,79.83,143688.14,4.0
CCMFUT,10/21/2025 09:36:00,79.79,79.83,79.79,79.83,862086.95,24.0
CCMFUT,10/21/2025 09:35:00,79.78,79.78,79.76,79.78,646130.4,18.0
CCMFUT,10/21/2025 09:34:00,79.83,79.83,79.8,79.8,502782.77,14.0
CCMFUT,10/21/2025 09:33:00,79.87,79.87,79.82,79.84,1185699.59,33.0
CCMFUT,10/21/2025 09:32:00,79.9,79.9,79.9,79.9,35953.47,1.0
CCMFUT,10/21/2025 09:30:00,79.86,79.86,79.85,79.85,179678.28,5.0
CCMFUT,10/21/2025 09:29:00,79.85,79.87,79.85,79.87,179694.0,5.0
CCMFUT,10/21/2025 09:27:00,79.85,79.85,79.82,79.84,467007.42,13.0
CCMFUT,10/21/2025 09:26:00,79.84,79.85,79.84,79.85,71859.79,2.0
CCMFUT,10/21/2025 09:25:00,79.8,79.85,79.79,79.85,251391.39,7.0
CCMFUT,10/21/2025 09:24:00,79.82,79.82,79.82,79.82,35916.8,1.0
CCMFUT,10/21/2025 09:23:00,79.78,79.8,79.75,79.75,2009941.89,56.0
CCMFUT,10/21/2025 09:22:00,79.9,79.9,79.76,79.8,3843154.9,107.0
CCMFUT,10/21/2025 09:21:00,79.91,79.91,79.9,79.9,71912.18,2.0
CCMFUT,10/21/2025 09:20:00,79.93,79.93,79.88,79.91,467489.38,13.0
CCMFUT,10/21/2025 09:19:00,80.0,80.0,79.97,79.97,323937.45,9.0
CCMFUT,10/21/2025 09:18:00,79.97,79.98,79.97,79.97,323895.54,9.0
CCMFUT,10/21/2025 09:17:00,79.98,79.98,79.97,79.97,107965.18,3.0
CCMFUT,10/21/2025 09:16:00,79.99,79.99,79.98,79.98,323947.93,9.0
CCMFUT,10/21/2025 09:15:00,79.91,79.97,79.88,79.97,395708.18,11.0
CCMFUT,10/21/2025 09:14:00,79.91,79.91,79.88,79.9,179767.34,5.0
CCMFUT,10/21/2025 09:13:00,79.93,79.93,79.93,79.93,35969.18,1.0
CCMFUT,10/21/2025 09:11:00,79.91,79.91,79.91,79.91,35958.71,1.0
CCMFUT,10/21/2025 09:10:00,79.97,79.97,79.92,79.92,539632.06,15.0
CCMFUT,10/21/2025 09:09:00,80.01,80.01,80.01,80.01,72011.71,2.0
CCMFUT,10/21/2025 09:08:00,79.94,79.98,79.93,79.98,503746.7,14.0
CCMFUT,10/21/2025 09:06:00,79.93,79.94,79.93,79.93,179851.16,5.0
CCMFUT,10/21/2025 09:05:00,80.05,80.09,79.94,79.94,647885.37,18.0
CCMFUT,10/21/2025 09:04:00,79.98,80.08,79.98,80.08,468254.24,13.0
CCMFUT,10/21/2025 09:03:00,79.88,80.0,79.88,80.0,395666.27,11.0
CCMFUT,10/21/2025 09:02:00,79.83,79.97,79.75,79.95,2693628.8,75.0
CCMFUT,10/21/2025 09:01:00,80.06,80.09,79.83,79.83,2410438.27,67.0
CCMFUT,10/21/2025 09:00:00,80.04,80.09,79.99,80.05,1044505.09,29.0
CCMFUT,10/20/2025 17:19:00,80.28,80.3,80.16,80.16,1191425.54,33.0
CCMFUT,10/20/2025 16:19:00,80.33,80.33,80.3,80.32,1481856.01,41.0
CCMFUT,10/20/2025 16:18:00,80.32,80.33,80.32,80.33,2638616.8,73.0
CCMFUT,10/20/2025 16:17:00,80.25,80.32,80.25,80.32,3432626.33,95.0
CCMFUT,10/20/2025 16:16:00,80.26,80.26,80.22,80.25,1480431.07,41.0
CCMFUT,10/20/2025 16:15:00,80.25,80.25,80.22,80.25,1119419.06,31.0
CCMFUT,10/20/2025 16:14:00,80.25,80.25,80.25,80.25,72221.26,2.0
CCMFUT,10/20/2025 16:13:00,80.21,80.25,80.21,80.25,974620.31,27.0
CCMFUT,10/20/2025 16:12:00,80.21,80.21,80.16,80.16,1912579.92,53.0
CCMFUT,10/20/2025 16:11:00,80.21,80.21,80.2,80.21,1299395.95,36.0
CCMFUT,10/20/2025 16:10:00,80.2,80.21,80.19,80.2,938373.47,26.0
CCMFUT,10/20/2025 16:09:00,80.2,80.23,80.16,80.19,6243487.65,173.0
CCMFUT,10/20/2025 16:08:00,80.23,80.23,80.19,80.21,4656270.11,129.0
CCMFUT,10/20/2025 16:07:00,80.23,80.25,80.23,80.25,180532.2,5.0
CCMFUT,10/20/2025 16:06:00,80.25,80.25,80.23,80.23,180547.91,5.0
CCMFUT,10/20/2025 16:05:00,80.25,80.25,80.25,80.25,324995.67,9.0
CCMFUT,10/20/2025 16:04:00,80.27,80.27,80.25,80.25,758490.88,21.0
CCMFUT,10/20/2025 16:01:00,80.27,80.27,80.27,80.27,325089.97,9.0
CCMFUT,10/20/2025 16:00:00,80.29,80.29,80.27,80.27,216768.56,6.0
CCMFUT,10/20/2025 15:52:00,80.3,80.3,80.3,80.3,36136.82,1.0
CCMFUT,10/20/2025 15:51:00,80.29,80.3,80.29,80.3,252926.34,7.0
CCMFUT,10/20/2025 15:45:00,80.29,80.29,80.29,80.29,36131.59,1.0
CCMFUT,10/20/2025 15:43:00,80.29,80.29,80.29,80.29,108394.76,3.0
CCMFUT,10/20/2025 15:40:00,80.28,80.28,80.28,80.28,72252.69,2.0
CCMFUT,10/20/2025 15:39:00,80.29,80.29,80.29,80.29,252921.1,7.0
CCMFUT,10/20/2025 15:38:00,80.29,80.29,80.29,80.29,36131.59,1.0
CCMFUT,10/20/2025 15:37:00,80.3,80.3,80.3,80.3,252957.77,7.0
CCMFUT,10/20/2025 15:36:00,80.3,80.3,80.3,80.3,36136.82,1.0
CCMFUT,10/20/2025 15:35:00,80.3,80.3,80.29,80.3,397499.83,11.0
CCMFUT,10/20/2025 15:33:00,80.32,80.32,80.32,80.32,36142.06,1.0
CCMFUT,10/20/2025 15:30:00,80.32,80.33,80.3,80.32,5421990.45,150.0
CCMFUT,10/20/2025 15:29:00,80.3,80.32,80.3,80.32,72278.89,2.0
CCMFUT,10/20/2025 15:28:00,80.33,80.33,80.3,80.3,722862.21,20.0
CCMFUT,10/20/2025 15:27:00,80.32,80.32,80.32,80.32,108426.19,3.0
CCMFUT,10/20/2025 15:26:00,80.3,80.32,80.29,80.29,1590198.37,44.0
CCMFUT,10/20/2025 15:25:00,80.27,80.3,80.27,80.3,1698200.22,47.0
CCMFUT,10/20/2025 15:20:00,80.27,80.27,80.27,80.27,325089.97,9.0
CCMFUT,10/20/2025 15:19:00,80.28,80.28,80.27,80.27,108373.8,3.0
CCMFUT,10/20/2025 15:14:00,80.3,80.3,80.29,80.29,650420.92,18.0
CCMFUT,10/20/2025 15:13:00,80.28,80.29,80.28,80.29,541963.3,15.0
CCMFUT,10/20/2025 15:12:00,80.28,80.28,80.28,80.28,5310572.94,147.0
CCMFUT,10/20/2025 15:10:00,80.27,80.28,80.27,80.27,361216.32,10.0
CCMFUT,10/20/2025 15:09:00,80.27,80.28,80.27,80.28,108373.8,3.0
CCMFUT,10/20/2025 15:08:00,80.21,80.28,80.21,80.26,469459.15,13.0
CCMFUT,10/20/2025 15:07:00,80.2,80.2,80.2,80.2,36089.68,1.0
CCMFUT,10/20/2025 15:05:00,80.2,80.2,80.19,80.19,1046584.87,29.0
CCMFUT,10/20/2025 15:04:00,80.2,80.21,80.2,80.21,216548.53,6.0
CCMFUT,10/20/2025 15:03:00,80.22,80.22,80.2,80.2,144384.9,4.0
CCMFUT,10/20/2025 15:02:00,80.21,80.21,80.21,80.21,72189.83,2.0
CCMFUT,10/20/2025 15:01:00,80.22,80.22,80.15,80.21,4331064.89,120.0
CCMFUT,10/20/2025 15:00:00,80.25,80.25,80.23,80.23,180537.44,5.0
CCMFUT,10/20/2025 14:56:00,80.25,80.25,80.25,80.25,216663.78,6.0
CCMFUT,10/20/2025 14:54:00,80.26,80.26,80.26,80.26,108347.61,3.0
CCMFUT,10/20/2025 14:50:00,80.25,80.25,80.25,80.25,144442.52,4.0
CCMFUT,10/20/2025 14:44:00,80.25,80.25,80.25,80.25,144442.52,4.0
CCMFUT,10/20/2025 14:43:00,80.25,80.25,80.25,80.25,180553.15,5.0
CCMFUT,10/20/2025 14:40:00,80.25,80.25,80.25,80.25,180553.15,5.0
CCMFUT,10/20/2025 14:38:00,80.26,80.26,80.26,80.26,144463.48,4.0
CCMFUT,10/20/2025 14:36:00,80.26,80.26,80.26,80.26,144463.48,4.0
CCMFUT,10/20/2025 14:35:00,80.27,80.27,80.27,80.27,180605.54,5.0
CCMFUT,10/20/2025 14:33:00,80.27,80.27,80.27,80.27,216726.65,6.0
CCMFUT,10/20/2025 14:31:00,80.3,80.3,80.28,80.28,469715.85,13.0
CCMFUT,10/20/2025 14:30:00,80.27,80.3,80.26,80.3,3035047.93,84.0
CCMFUT,10/20/2025 14:27:00,80.27,80.27,80.27,80.27,72242.22,2.0
CCMFUT,10/20/2025 14:26:00,80.26,80.29,80.26,80.29,3974380.08,110.0
CCMFUT,10/20/2025 14:25:00,80.27,80.27,80.27,80.27,72242.22,2.0
CCMFUT,10/20/2025 14:23:00,80.25,80.25,80.25,80.25,36110.63,1.0
CCMFUT,10/20/2025 14:22:00,80.23,80.23,80.23,80.23,288843.13,8.0
CCMFUT,10/20/2025 14:15:00,80.27,80.28,80.23,80.23,397337.42,11.0
CCMFUT,10/20/2025 14:13:00,80.23,80.23,80.23,80.23,180526.96,5.0
CCMFUT,10/20/2025 14:08:00,80.23,80.23,80.22,80.22,469349.14,13.0
CCMFUT,10/20/2025 14:05:00,80.26,80.26,80.26,80.26,252811.08,7.0
CCMFUT,10/20/2025 14:04:00,80.27,80.27,80.26,80.27,108358.08,3.0
CCMFUT,10/20/2025 14:03:00,80.28,80.28,80.28,80.28,252884.43,7.0
CCMFUT,10/20/2025 14:02:00,80.3,80.3,80.3,80.3,650462.83,18.0
CCMFUT,10/20/2025 14:01:00,80.29,80.29,80.29,80.29,578105.36,16.0
CCMFUT,10/20/2025 13:58:00,80.3,80.3,80.29,80.29,433615.69,12.0
CCMFUT,10/20/2025 13:56:00,80.3,80.33,80.3,80.3,2277080.92,63.0
CCMFUT,10/20/2025 13:55:00,80.28,80.28,80.28,80.28,36126.35,1.0
CCMFUT,10/20/2025 13:54:00,80.28,80.28,80.28,80.28,36126.35,1.0
CCMFUT,10/20/2025 13:53:00,80.3,80.33,80.27,80.27,19373806.32,536.0
CCMFUT,10/20/2025 13:51:00,80.29,80.3,80.29,80.3,144542.06,4.0
CCMFUT,10/20/2025 13:49:00,80.26,80.26,80.26,80.26,361158.69,10.0
CCMFUT,10/20/2025 13:47:00,80.27,80.27,80.27,80.27,36121.11,1.0
CCMFUT,10/20/2025 13:42:00,80.26,80.26,80.26,80.26,108347.61,3.0
CCMFUT,10/20/2025 13:40:00,80.27,80.27,80.26,80.26,397321.71,11.0
CCMFUT,10/20/2025 13:35:00,80.28,80.29,80.28,80.28,180636.97,5.0
CCMFUT,10/20/2025 13:34:00,80.27,80.27,80.27,80.27,108363.32,3.0
CCMFUT,10/20/2025 13:33:00,80.25,80.27,80.25,80.27,1227855.73,34.0
CCMFUT,10/20/2025 13:32:00,80.23,80.23,80.23,80.23,108316.17,3.0
CCMFUT,10/20/2025 13:31:00,80.25,80.26,80.25,80.26,252784.89,7.0
CCMFUT,10/20/2025 13:30:00,80.25,80.26,80.25,80.25,180558.39,5.0
CCMFUT,10/20/2025 13:29:00,80.21,80.26,80.21,80.26,6064134.17,168.0
CCMFUT,10/20/2025 13:26:00,80.21,80.21,80.21,80.21,108284.74,3.0
CCMFUT,10/20/2025 13:25:00,80.21,80.21,80.21,80.21,180474.57,5.0
CCMFUT,10/20/2025 13:24:00,80.21,80.23,80.2,80.2,1840882.53,51.0
CCMFUT,10/20/2025 13:18:00,80.2,80.2,80.2,80.2,108269.03,3.0
CCMFUT,10/20/2025 13:16:00,80.21,80.21,80.2,80.2,1263243.41,35.0
CCMFUT,10/20/2025 13:14:00,80.21,80.21,80.21,80.21,36094.91,1.0
CCMFUT,10/20/2025 13:13:00,80.2,80.21,80.2,80.21,180469.33,5.0
CCMFUT,10/20/2025 13:10:00,80.2,80.2,80.2,80.2,108269.03,3.0
CCMFUT,10/20/2025 13:08:00,80.18,80.18,80.18,80.18,72158.4,2.0
CCMFUT,10/20/2025 12:57:00,80.21,80.21,80.21,80.21,36094.91,1.0
CCMFUT,10/20/2025 12:56:00,80.19,80.19,80.19,80.19,36084.44,1.0
CCMFUT,10/20/2025 12:55:00,80.19,80.19,80.19,80.19,216506.62,6.0
CCMFUT,10/20/2025 12:47:00,80.19,80.19,80.18,80.18,360839.13,10.0
CCMFUT,10/20/2025 12:45:00,80.19,80.19,80.19,80.19,36084.44,1.0
CCMFUT,10/20/2025 12:42:00,80.19,80.19,80.19,80.19,72168.87,2.0
CCMFUT,10/20/2025 12:39:00,80.21,80.21,80.21,80.21,72189.83,2.0
CCMFUT,10/20/2025 12:35:00,80.2,80.2,80.2,80.2,108269.03,3.0
CCMFUT,10/20/2025 12:33:00,80.2,80.21,80.2,80.21,324812.32,9.0
CCMFUT,10/20/2025 12:32:00,80.21,80.21,80.21,80.21,180474.57,5.0
CCMFUT,10/20/2025 12:31:00,80.21,80.21,80.21,80.21,577518.63,16.0
CCMFUT,10/20/2025 12:28:00,80.2,80.2,80.2,80.2,72179.35,2.0
CCMFUT,10/20/2025 12:27:00,80.19,80.19,80.19,80.19,108253.31,3.0
CCMFUT,10/20/2025 12:21:00,80.19,80.2,80.19,80.2,252601.53,7.0
CCMFUT,10/20/2025 12:19:00,80.21,80.21,80.21,80.21,144379.66,4.0
CCMFUT,10/20/2025 12:13:00,80.21,80.21,80.21,80.21,180474.57,5.0
CCMFUT,10/20/2025 12:09:00,80.2,80.2,80.19,80.19,72174.11,2.0
CCMFUT,10/20/2025 12:07:00,80.18,80.18,80.18,80.18,108237.59,3.0
CCMFUT,10/20/2025 12:06:00,80.16,80.16,80.16,80.16,36073.96,1.0
CCMFUT,10/20/2025 12:05:00,80.16,80.18,80.16,80.16,144301.08,4.0
CCMFUT,10/20/2025 12:04:00,80.19,80.19,80.18,80.18,902100.44,25.0
CCMFUT,10/20/2025 12:02:00,80.19,80.19,80.19,80.19,36084.44,1.0
CCMFUT,10/20/2025 12:01:00,80.2,80.2,80.2,80.2,252627.73,7.0
CCMFUT,10/20/2025 12:00:00,80.2,80.2,80.2,80.2,36089.68,1.0
CCMFUT,10/20/2025 11:59:00,80.21,80.21,80.21,80.21,144379.66,4.0
CCMFUT,10/20/2025 11:58:00,80.21,80.21,80.21,80.21,180474.57,5.0
CCMFUT,10/20/2025 11:57:00,80.2,80.21,80.2,80.21,144363.94,4.0
CCMFUT,10/20/2025 11:56:00,80.21,80.21,80.2,80.2,577466.24,16.0
CCMFUT,10/20/2025 11:52:00,80.21,80.21,80.21,80.21,180474.57,5.0
CCMFUT,10/20/2025 11:49:00,80.2,80.21,80.2,80.21,469228.64,13.0
CCMFUT,10/20/2025 11:45:00,80.2,80.2,80.19,80.19,396981.19,11.0
CCMFUT,10/20/2025 11:44:00,80.21,80.21,80.21,80.21,72189.83,2.0
CCMFUT,10/20/2025 11:42:00,80.19,80.21,80.19,80.21,108263.79,3.0
CCMFUT,10/20/2025 11:41:00,80.21,80.21,80.21,80.21,216569.48,6.0
CCMFUT,10/20/2025 11:40:00,80.19,80.19,80.19,80.19,108253.31,3.0
CCMFUT,10/20/2025 11:39:00,80.21,80.21,80.21,80.21,180474.57,5.0
CCMFUT,10/20/2025 11:36:00,80.18,80.18,80.18,80.18,72158.4,2.0
CCMFUT,10/20/2025 11:35:00,80.18,80.18,80.18,80.18,36079.2,1.0
CCMFUT,10/20/2025 11:33:00,80.18,80.18,80.15,80.18,180375.03,5.0
CCMFUT,10/20/2025 11:32:00,80.19,80.19,80.18,80.18,216501.38,6.0
CCMFUT,10/20/2025 11:30:00,80.21,80.23,80.2,80.2,5414263.31,150.0
CCMFUT,10/20/2025 11:29:00,80.2,80.2,80.2,80.2,36089.68,1.0
CCMFUT,10/20/2025 11:24:00,80.2,80.2,80.18,80.18,793962.38,22.0
CCMFUT,10/20/2025 11:20:00,80.19,80.19,80.16,80.16,108242.83,3.0
CCMFUT,10/20/2025 11:18:00,80.21,80.21,80.19,80.19,288738.36,8.0
CCMFUT,10/20/2025 11:16:00,80.22,80.23,80.22,80.23,216621.87,6.0
CCMFUT,10/20/2025 11:13:00,80.18,80.18,80.18,80.18,180395.99,5.0
CCMFUT,10/20/2025 11:12:00,80.16,80.16,80.16,80.16,36073.96,1.0
CCMFUT,10/20/2025 11:10:00,80.13,80.14,80.13,80.13,216354.7,6.0
CCMFUT,10/20/2025 11:09:00,80.18,80.19,80.13,80.13,757443.13,21.0
CCMFUT,10/20/2025 11:08:00,80.21,80.21,80.19,80.19,469160.54,13.0
CCMFUT,10/20/2025 11:07:00,80.23,80.25,80.23,80.25,144426.81,4.0
CCMFUT,10/20/2025 11:06:00,80.21,80.21,80.21,80.21,108284.74,3.0
CCMFUT,10/20/2025 11:05:00,80.23,80.23,80.22,80.22,72205.54,2.0
CCMFUT,10/20/2025 11:04:00,80.22,80.22,80.22,80.22,36100.15,1.0
CCMFUT,10/20/2025 11:02:00,80.22,80.22,80.22,80.22,36100.15,1.0
CCMFUT,10/20/2025 11:01:00,80.22,80.22,80.22,80.22,144400.61,4.0
CCMFUT,10/20/2025 10:58:00,80.27,80.27,80.22,80.22,722233.56,20.0
CCMFUT,10/20/2025 10:57:00,80.27,80.27,80.27,80.27,505695.51,14.0
CCMFUT,10/20/2025 10:56:00,80.27,80.27,80.27,80.27,108363.32,3.0
CCMFUT,10/20/2025 10:55:00,80.29,80.32,80.27,80.27,2168015.61,60.0
CCMFUT,10/20/2025 10:54:00,80.27,80.28,80.26,80.28,722432.63,20.0
CCMFUT,10/20/2025 10:53:00,80.28,80.28,80.26,80.27,469532.49,13.0
CCMFUT,10/20/2025 10:52:00,80.26,80.28,80.25,80.27,1733739.83,48.0
CCMFUT,10/20/2025 10:51:00,80.21,80.23,80.21,80.23,180516.48,5.0
CCMFUT,10/20/2025 10:50:00,80.2,80.2,80.2,80.2,36089.68,1.0
CCMFUT,10/20/2025 10:49:00,80.21,80.21,80.2,80.2,577513.39,16.0
CCMFUT,10/20/2025 10:48:00,80.15,80.18,80.15,80.18,108221.88,3.0
CCMFUT,10/20/2025 10:47:00,80.15,80.15,80.15,80.15,324618.48,9.0
CCMFUT,10/20/2025 10:46:00,80.18,80.18,80.15,80.16,468982.42,13.0
CCMFUT,10/20/2025 10:45:00,80.2,80.2,80.15,80.15,11253556.02,312.0
CCMFUT,10/20/2025 10:44:00,80.21,80.21,80.21,80.21,216569.48,6.0
CCMFUT,10/20/2025 10:43:00,80.23,80.23,80.21,80.21,505449.29,14.0
CCMFUT,10/20/2025 10:42:00,80.22,80.23,80.22,80.23,108310.94,3.0
CCMFUT,10/20/2025 10:40:00,80.19,80.21,80.19,80.21,2418348.77,67.0
CCMFUT,10/20/2025 10:39:00,80.21,80.21,80.21,80.21,180474.57,5.0
CCMFUT,10/20/2025 10:34:00,80.16,80.16,80.16,80.16,36073.96,1.0
CCMFUT,10/20/2025 10:33:00,80.22,80.22,80.18,80.18,866225.55,24.0
CCMFUT,10/20/2025 10:31:00,80.22,80.22,80.22,80.22,108300.46,3.0
CCMFUT,10/20/2025 10:30:00,80.26,80.26,80.23,80.23,288906.0,8.0
CCMFUT,10/20/2025 10:28:00,80.25,80.25,80.23,80.23,144426.81,4.0
CCMFUT,10/20/2025 10:27:00,80.26,80.27,80.25,80.26,1300076.99,36.0
CCMFUT,10/20/2025 10:26:00,80.27,80.27,80.27,80.27,36121.11,1.0
CCMFUT,10/20/2025 10:25:00,80.26,80.27,80.26,80.27,108358.08,3.0
CCMFUT,10/20/2025 10:24:00,80.23,80.26,80.23,80.23,144432.04,4.0
CCMFUT,10/20/2025 10:23:00,80.22,80.23,80.22,80.23,252727.26,7.0
CCMFUT,10/20/2025 10:22:00,80.19,80.21,80.19,80.21,252627.73,7.0
CCMFUT,10/20/2025 10:21:00,80.18,80.21,80.16,80.2,577345.75,16.0
CCMFUT,10/20/2025 10:20:00,80.2,80.21,80.18,80.19,793936.19,22.0
CCMFUT,10/20/2025 10:19:00,80.23,80.23,80.2,80.2,2382583.89,66.0
CCMFUT,10/20/2025 10:18:00,80.25,80.26,80.23,80.25,325011.39,9.0
CCMFUT,10/20/2025 10:17:00,80.22,80.26,80.22,80.25,361064.39,10.0
CCMFUT,10/20/2025 10:16:00,80.26,80.26,80.22,80.23,541580.87,15.0
CCMFUT,10/20/2025 10:15:00,80.15,80.33,80.15,80.26,8525718.25,236.0
CCMFUT,10/20/2025 10:14:00,80.14,80.16,80.13,80.15,12587936.28,349.0
CCMFUT,10/20/2025 10:13:00,80.13,80.15,80.13,80.15,504888.74,14.0
CCMFUT,10/20/2025 10:12:00,80.09,80.16,80.09,80.14,1009709.38,28.0
CCMFUT,10/20/2025 10:11:00,80.09,80.09,80.09,80.09,36042.53,1.0
CCMFUT,10/20/2025 10:10:00,80.09,80.09,80.09,80.09,36042.53,1.0
CCMFUT,10/20/2025 10:08:00,80.06,80.06,80.06,80.06,72053.62,2.0
CCMFUT,10/20/2025 10:07:00,80.08,80.08,80.07,80.07,432426.5,12.0
CCMFUT,10/20/2025 10:06:00,80.07,80.09,80.07,80.08,792862.25,22.0
CCMFUT,10/20/2025 10:05:00,80.06,80.06,80.06,80.06,36026.81,1.0
CCMFUT,10/20/2025 10:03:00,80.02,80.02,80.02,80.02,72022.19,2.0
CCMFUT,10/20/2025 10:02:00,80.05,80.05,79.98,79.98,720117.11,20.0
CCMFUT,10/20/2025 10:01:00,80.06,80.06,80.06,80.06,36026.81,1.0
CCMFUT,10/20/2025 10:00:00,80.11,80.13,80.05,80.05,576643.76,16.0
CCMFUT,10/20/2025 09:59:00,80.09,80.19,80.08,80.08,4832197.46,134.0
CCMFUT,10/20/2025 09:58:00,79.98,80.09,79.97,80.09,8107226.8,225.0
CCMFUT,10/20/2025 09:57:00,79.85,79.95,79.8,79.95,6362014.12,177.0
CCMFUT,10/20/2025 09:55:00,79.82,79.85,79.82,79.85,574731.62,16.0
CCMFUT,10/20/2025 09:54:00,79.83,79.86,79.8,79.82,1257459.84,35.0
CCMFUT,10/20/2025 09:53:00,79.8,79.82,79.8,79.82,502777.53,14.0
CCMFUT,10/20/2025 09:52:00,79.79,79.79,79.77,79.77,502651.8,14.0
CCMFUT,10/20/2025 09:51:00,79.8,79.8,79.8,79.8,107734.67,3.0
CCMFUT,10/20/2025 09:50:00,79.8,79.8,79.8,79.8,143646.23,4.0
CCMFUT,10/20/2025 09:49:00,79.79,79.8,79.79,79.8,71817.88,2.0
CCMFUT,10/20/2025 09:48:00,79.8,79.8,79.8,79.8,395027.14,11.0
CCMFUT,10/20/2025 09:47:00,79.8,79.8,79.79,79.8,825960.6,23.0
CCMFUT,10/20/2025 09:46:00,79.77,79.79,79.77,79.79,143593.85,4.0
CCMFUT,10/20/2025 09:43:00,79.78,79.79,79.75,79.75,430750.1,12.0
CCMFUT,10/20/2025 09:42:00,79.76,79.76,79.73,79.76,645947.04,18.0
CCMFUT,10/20/2025 09:40:00,79.77,79.77,79.77,79.77,35895.84,1.0
CCMFUT,10/20/2025 09:37:00,79.76,79.76,79.76,79.76,35890.6,1.0
CCMFUT,10/20/2025 09:35:00,79.76,79.76,79.76,79.76,179453.02,5.0
CCMFUT,10/20/2025 09:34:00,79.77,79.77,79.77,79.77,107687.53,3.0
CCMFUT,10/20/2025 09:28:00,79.76,79.76,79.76,79.76,35890.6,1.0
CCMFUT,10/20/2025 09:27:00,79.75,79.76,79.75,79.76,143546.7,4.0
CCMFUT,10/20/2025 09:26:00,79.78,79.78,79.78,79.78,35901.08,1.0
CCMFUT,10/20/2025 09:25:00,79.8,79.8,79.79,79.79,179536.84,5.0
CCMFUT,10/20/2025 09:24:00,79.82,79.82,79.8,79.8,179563.03,5.0
CCMFUT,10/20/2025 09:23:00,79.75,79.8,79.72,79.8,323031.15,9.0
CCMFUT,10/20/2025 09:22:00,79.8,79.8,79.76,79.76,71802.16,2.0
CCMFUT,10/20/2025 09:20:00,79.78,79.83,79.72,79.83,610239.79,17.0
CCMFUT,10/20/2025 09:16:00,79.79,79.79,79.78,79.78,251318.04,7.0
CCMFUT,10/20/2025 09:14:00,79.84,79.84,79.79,79.83,215521.74,6.0
CCMFUT,10/20/2025 09:12:00,79.92,79.92,79.84,79.84,71891.22,2.0
CCMFUT,10/20/2025 09:11:00,79.83,79.91,79.83,79.91,215605.56,6.0
CCMFUT,10/20/2025 09:10:00,79.94,79.94,79.94,79.94,107923.27,3.0
CCMFUT,10/20/2025 09:09:00,79.88,79.94,79.88,79.94,143861.02,4.0
CCMFUT,10/20/2025 09:08:00,79.86,79.86,79.86,79.86,35937.75,1.0
CCMFUT,10/20/2025 09:07:00,79.87,79.87,79.86,79.86,179699.24,5.0
CCMFUT,10/20/2025 09:06:00,79.91,79.97,79.91,79.95,395729.13,11.0
CCMFUT,10/20/2025 09:05:00,79.75,79.91,79.75,79.86,754205.59,21.0
CCMFUT,10/20/2025 09:04:00,79.77,79.77,79.77,79.77,71791.68,2.0
CCMFUT,10/20/2025 09:03:00,79.69,79.69,79.69,79.69,35859.17,1.0
CCMFUT,10/20/2025 09:02:00,79.7,79.7,79.7,79.7,35864.41,1.0
CCMFUT,10/20/2025 09:01:00,79.73,79.73,79.73,79.73,35880.13,1.0
CCMFUT,10/20/2025 09:00:00,79.75,79.75,79.75,79.75,35885.36,1.0
CCMFUT,10/08/2025 17:09:00,77.56,77.71,77.53,77.63,2095977.7,60.0
CCMFUT,10/08/2025 16:19:00,77.5,77.53,77.48,77.53,697407.18,20.0
CCMFUT,10/08/2025 16:18:00,77.51,77.51,77.51,77.51,69759.05,2.0
CCMFUT,10/08/2025 16:17:00,77.53,77.53,77.52,77.52,1570023.99,45.0
CCMFUT,10/08/2025 16:16:00,77.52,77.54,77.51,77.52,1953777.36,56.0
CCMFUT,10/08/2025 16:15:00,77.49,77.51,77.46,77.51,313873.83,9.0
CCMFUT,10/08/2025 16:14:00,77.53,77.54,77.45,77.48,6558115.85,188.0
CCMFUT,10/08/2025 16:13:00,77.54,77.56,77.53,77.53,1989007.88,57.0
CCMFUT,10/08/2025 16:12:00,77.57,77.57,77.54,77.54,488669.61,14.0
CCMFUT,10/08/2025 16:11:00,77.57,77.59,77.57,77.57,558522.96,16.0
CCMFUT,10/08/2025 16:10:00,77.57,77.57,77.57,77.57,174528.6,5.0
CCMFUT,10/08/2025 16:09:00,77.58,77.61,77.57,77.57,1047297.34,30.0
CCMFUT,10/08/2025 16:08:00,77.58,77.59,77.57,77.59,384041.5,11.0
CCMFUT,10/08/2025 16:07:00,77.54,77.59,77.54,77.56,1885296.56,54.0
CCMFUT,10/08/2025 16:06:00,77.56,77.56,77.54,77.54,558391.99,16.0
CCMFUT,10/08/2025 16:05:00,77.57,77.59,77.56,77.56,558460.09,16.0
CCMFUT,10/08/2025 16:04:00,77.54,77.57,77.54,77.57,349036.25,10.0
CCMFUT,10/08/2025 16:03:00,77.54,77.54,77.54,77.54,139580.97,4.0
CCMFUT,10/08/2025 16:02:00,77.57,77.57,77.56,77.56,244313.85,7.0
CCMFUT,10/08/2025 16:01:00,77.6,77.6,77.56,77.56,488868.68,14.0
CCMFUT,10/08/2025 16:00:00,77.61,77.61,77.6,77.6,139690.98,4.0
CCMFUT,10/08/2025 15:59:00,77.61,77.61,77.61,77.61,174633.38,5.0
CCMFUT,10/08/2025 15:58:00,77.6,77.61,77.6,77.61,244471.01,7.0
CCMFUT,10/08/2025 15:57:00,77.6,77.61,77.6,77.61,174612.42,5.0
CCMFUT,10/08/2025 15:56:00,77.59,77.61,77.59,77.6,209533.86,6.0
CCMFUT,10/08/2025 15:55:00,77.59,77.59,77.59,77.59,139664.79,4.0
CCMFUT,10/08/2025 15:54:00,77.6,77.63,77.59,77.59,349256.27,10.0
CCMFUT,10/08/2025 15:53:00,77.6,77.6,77.6,77.6,139685.75,4.0
CCMFUT,10/08/2025 15:52:00,77.57,77.65,77.57,77.6,803444.5,23.0
CCMFUT,10/08/2025 15:51:00,77.57,77.6,77.57,77.57,453858.18,13.0
CCMFUT,10/08/2025 15:50:00,77.57,77.57,77.57,77.57,139622.88,4.0
CCMFUT,10/08/2025 15:49:00,77.57,77.57,77.57,77.57,174528.6,5.0
CCMFUT,10/08/2025 15:48:00,77.57,77.59,77.57,77.59,174539.08,5.0
CCMFUT,10/08/2025 15:47:00,77.57,77.57,77.57,77.57,139622.88,4.0
CCMFUT,10/08/2025 15:46:00,77.57,77.59,77.57,77.57,209455.28,6.0
CCMFUT,10/08/2025 15:45:00,77.57,77.57,77.57,77.57,139622.88,4.0
CCMFUT,10/08/2025 15:44:00,77.58,77.58,77.57,77.57,209450.04,6.0
CCMFUT,10/08/2025 15:43:00,77.57,77.59,77.57,77.58,174554.8,5.0
CCMFUT,10/08/2025 15:42:00,77.57,77.57,77.57,77.57,139622.88,4.0
CCMFUT,10/08/2025 15:41:00,77.58,77.58,77.57,77.57,139633.36,4.0
CCMFUT,10/08/2025 15:40:00,77.58,77.58,77.58,77.58,139643.84,4.0
CCMFUT,10/08/2025 15:39:00,77.58,77.58,77.58,77.58,174554.8,5.0
CCMFUT,10/08/2025 15:38:00,77.57,77.57,77.57,77.57,139622.88,4.0
CCMFUT,10/08/2025 15:37:00,77.57,77.6,77.57,77.57,314214.35,9.0
CCMFUT,10/08/2025 15:36:00,77.57,77.57,77.56,77.57,139617.64,4.0
CCMFUT,10/08/2025 15:35:00,77.57,77.57,77.56,77.56,139607.16,4.0
CCMFUT,10/08/2025 15:34:00,77.56,77.57,77.56,77.57,174518.12,5.0
CCMFUT,10/08/2025 15:33:00,77.56,77.56,77.54,77.56,139596.69,4.0
CCMFUT,10/08/2025 15:32:00,77.56,77.56,77.56,77.56,139601.93,4.0
CCMFUT,10/08/2025 15:31:00,77.58,77.58,77.57,77.57,139638.6,4.0
CCMFUT,10/08/2025 15:30:00,77.58,77.58,77.58,77.58,174554.8,5.0
CCMFUT,10/08/2025 15:29:00,77.59,77.59,77.58,77.58,174575.75,5.0
CCMFUT,10/08/2025 15:28:00,77.59,77.59,77.59,77.59,139664.79,4.0
CCMFUT,10/08/2025 15:27:00,77.59,77.59,77.59,77.59,139664.79,4.0
CCMFUT,10/08/2025 15:26:00,77.59,77.59,77.59,77.59,139664.79,4.0
CCMFUT,10/08/2025 15:25:00,77.59,77.64,77.59,77.59,908114.51,26.0
CCMFUT,10/08/2025 15:24:00,77.56,77.59,77.56,77.59,279261.48,8.0
CCMFUT,10/08/2025 15:23:00,77.57,77.57,77.56,77.56,139612.4,4.0
CCMFUT,10/08/2025 15:22:00,77.57,77.57,77.57,77.57,139622.88,4.0
CCMFUT,10/08/2025 15:21:00,77.58,77.58,77.58,77.58,139643.84,4.0
CCMFUT,10/08/2025 15:20:00,77.6,77.61,77.59,77.59,384156.76,11.0
CCMFUT,10/08/2025 15:19:00,77.6,77.61,77.6,77.6,174622.9,5.0
CCMFUT,10/08/2025 15:18:00,77.6,77.63,77.6,77.6,209554.81,6.0
CCMFUT,10/08/2025 15:17:00,77.61,77.61,77.6,77.6,244465.77,7.0
CCMFUT,10/08/2025 15:16:00,77.6,77.63,77.59,77.59,523868.7,15.0
CCMFUT,10/08/2025 15:15:00,77.56,77.61,77.56,77.61,384051.98,11.0
CCMFUT,10/08/2025 15:14:00,77.57,77.57,77.54,77.54,244298.13,7.0
CCMFUT,10/08/2025 15:13:00,77.54,77.57,77.54,77.57,279209.09,8.0
CCMFUT,10/08/2025 15:12:00,77.54,77.57,77.54,77.54,314109.57,9.0
CCMFUT,10/08/2025 15:11:00,77.54,77.54,77.54,77.54,139580.97,4.0
CCMFUT,10/08/2025 15:10:00,77.56,77.56,77.54,77.54,139591.45,4.0
CCMFUT,10/08/2025 15:09:00,77.54,77.58,77.54,77.56,349036.25,10.0
CCMFUT,10/08/2025 15:08:00,77.54,77.54,77.54,77.54,139580.97,4.0
CCMFUT,10/08/2025 15:07:00,77.54,77.54,77.54,77.54,139580.97,4.0
CCMFUT,10/08/2025 15:06:00,77.57,77.57,77.56,77.56,209408.13,6.0
CCMFUT,10/08/2025 15:05:00,77.56,77.56,77.56,77.56,139601.93,4.0
CCMFUT,10/08/2025 15:04:00,77.56,77.56,77.56,77.56,139601.93,4.0
CCMFUT,10/08/2025 15:03:00,77.56,77.59,77.54,77.57,314161.96,9.0
CCMFUT,10/08/2025 15:02:00,77.53,77.58,77.53,77.57,279214.33,8.0
CCMFUT,10/08/2025 15:01:00,77.53,77.53,77.53,77.53,139560.02,4.0
CCMFUT,10/08/2025 15:00:00,77.53,77.53,77.53,77.53,279120.03,8.0
CCMFUT,10/08/2025 14:59:00,77.51,77.56,77.51,77.51,104659.53,3.0
CCMFUT,10/08/2025 14:58:00,77.52,77.52,77.51,77.51,104649.06,3.0
CCMFUT,10/08/2025 14:57:00,77.53,77.53,77.53,77.53,69780.01,2.0
CCMFUT,10/08/2025 14:56:00,77.53,77.53,77.53,77.53,69780.01,2.0
CCMFUT,10/08/2025 14:55:00,77.53,77.53,77.52,77.53,418674.81,12.0
CCMFUT,10/08/2025 14:54:00,77.53,77.54,77.53,77.54,174455.26,5.0
CCMFUT,10/08/2025 14:53:00,77.53,77.53,77.53,77.53,139560.02,4.0
CCMFUT,10/08/2025 14:52:00,77.54,77.54,77.54,77.54,139580.97,4.0
CCMFUT,10/08/2025 14:51:00,77.54,77.57,77.53,77.57,209387.17,6.0
CCMFUT,10/08/2025 14:50:00,77.54,77.57,77.53,77.57,209387.17,6.0
CCMFUT,10/08/2025 14:49:00,77.54,77.56,77.54,77.54,139586.21,4.0
CCMFUT,10/08/2025 14:48:00,77.56,77.56,77.54,77.56,139596.69,4.0
CCMFUT,10/08/2025 14:47:00,77.56,77.56,77.56,77.56,139601.93,4.0
CCMFUT,10/08/2025 14:46:00,77.56,77.56,77.56,77.56,139601.93,4.0
CCMFUT,10/08/2025 14:45:00,77.59,77.59,77.56,77.56,349088.64,10.0
CCMFUT,10/08/2025 14:44:00,77.6,77.63,77.54,77.54,418983.9,12.0
CCMFUT,10/08/2025 14:43:00,77.65,77.65,77.59,77.61,1571941.37,45.0
CCMFUT,10/08/2025 14:42:00,77.66,77.66,77.65,77.65,209659.59,6.0
CCMFUT,10/08/2025 14:41:00,77.71,77.71,77.66,77.66,139837.67,4.0
CCMFUT,10/08/2025 14:38:00,77.71,77.71,77.67,77.68,664272.15,19.0
CCMFUT,10/08/2025 14:37:00,77.72,77.72,77.72,77.72,34973.82,1.0
CCMFUT,10/08/2025 14:33:00,77.72,77.72,77.72,77.72,104921.47,3.0
CCMFUT,10/08/2025 14:32:00,77.7,77.7,77.7,77.7,69926.69,2.0
CCMFUT,10/08/2025 14:30:00,77.68,77.72,77.68,77.7,454560.17,13.0
CCMFUT,10/08/2025 14:28:00,77.67,77.67,77.67,77.67,34952.87,1.0
CCMFUT,10/08/2025 14:27:00,77.67,77.67,77.64,77.65,908549.33,26.0
CCMFUT,10/08/2025 14:26:00,77.71,77.72,77.67,77.67,1538345.33,44.0
CCMFUT,10/08/2025 14:25:00,77.77,77.78,77.73,77.73,489843.08,14.0
CCMFUT,10/08/2025 14:24:00,77.78,77.78,77.77,77.77,209973.91,6.0
CCMFUT,10/08/2025 14:23:00,77.81,77.81,77.75,77.77,1469979.78,42.0
CCMFUT,10/08/2025 14:22:00,77.82,77.85,77.82,77.84,280214.93,8.0
CCMFUT,10/08/2025 14:21:00,77.86,77.86,77.8,77.8,665419.43,19.0
CCMFUT,10/08/2025 14:20:00,77.84,77.84,77.84,77.84,245183.48,7.0
CCMFUT,10/08/2025 14:18:00,77.86,77.88,77.82,77.84,1611300.02,46.0
CCMFUT,10/08/2025 14:16:00,77.85,77.85,77.85,77.85,70062.9,2.0
CCMFUT,10/08/2025 14:15:00,77.86,77.88,77.85,77.86,5712310.91,163.0
CCMFUT,10/08/2025 14:13:00,77.82,77.85,77.8,77.85,3816856.43,109.0
CCMFUT,10/08/2025 14:12:00,77.85,77.86,77.84,77.84,175162.49,5.0
CCMFUT,10/08/2025 14:11:00,77.85,77.85,77.82,77.82,525419.36,15.0
CCMFUT,10/08/2025 14:10:00,77.84,77.87,77.84,77.87,175146.77,5.0
CCMFUT,10/08/2025 14:09:00,77.84,77.84,77.84,77.84,245183.48,7.0
CCMFUT,10/08/2025 14:08:00,77.82,77.82,77.81,77.81,105052.44,3.0
CCMFUT,10/08/2025 14:07:00,77.81,77.81,77.81,77.81,70031.47,2.0
CCMFUT,10/08/2025 14:06:00,77.87,77.87,77.82,77.82,1191085.02,34.0
CCMFUT,10/08/2025 14:05:00,77.85,77.87,77.85,77.87,350377.37,10.0
CCMFUT,10/08/2025 14:04:00,77.82,77.85,77.82,77.85,210178.22,6.0
CCMFUT,10/08/2025 14:03:00,77.85,77.86,77.84,77.84,350324.98,10.0
CCMFUT,10/08/2025 14:02:00,77.81,77.81,77.81,77.81,175078.67,5.0
CCMFUT,10/08/2025 14:01:00,77.85,77.85,77.82,77.82,175136.3,5.0
CCMFUT,10/08/2025 14:00:00,77.8,77.86,77.8,77.85,1855902.0,53.0
CCMFUT,10/08/2025 13:59:00,77.78,77.8,77.78,77.8,280026.33,8.0
CCMFUT,10/08/2025 13:57:00,77.8,77.8,77.77,77.77,735141.82,21.0
CCMFUT,10/08/2025 13:55:00,77.72,77.87,77.72,77.78,5882402.3,168.0
CCMFUT,10/08/2025 13:54:00,77.74,77.75,77.72,77.73,349801.1,10.0
CCMFUT,10/08/2025 13:53:00,77.71,77.72,77.71,77.72,3986460.62,114.0
CCMFUT,10/08/2025 13:52:00,77.72,77.72,77.7,77.71,594481.66,17.0
CCMFUT,10/08/2025 13:51:00,77.71,77.72,77.71,77.71,384696.35,11.0
CCMFUT,10/08/2025 13:50:00,77.59,77.77,77.59,77.7,10069192.31,288.0
CCMFUT,10/08/2025 13:49:00,77.57,77.57,77.57,77.57,209434.32,6.0
CCMFUT,10/08/2025 13:48:00,77.56,77.56,77.56,77.56,174502.41,5.0
CCMFUT,10/08/2025 13:47:00,77.59,77.59,77.57,77.57,209486.71,6.0
CCMFUT,10/08/2025 13:46:00,77.58,77.58,77.58,77.58,733130.14,21.0
CCMFUT,10/08/2025 13:44:00,77.56,77.57,77.56,77.57,314141.01,9.0
CCMFUT,10/08/2025 13:43:00,77.53,77.56,77.53,77.56,418711.48,12.0
CCMFUT,10/08/2025 13:41:00,77.53,77.54,77.53,77.53,662925.79,19.0
CCMFUT,10/08/2025 13:39:00,77.53,77.53,77.53,77.53,139560.02,4.0
CCMFUT,10/08/2025 13:38:00,77.53,77.53,77.53,77.53,279120.03,8.0
CCMFUT,10/08/2025 13:37:00,77.53,77.53,77.53,77.53,174450.02,5.0
CCMFUT,10/08/2025 13:36:00,77.56,77.57,77.53,77.53,837480.59,24.0
CCMFUT,10/08/2025 13:35:00,77.53,77.57,77.53,77.57,453706.26,13.0
CCMFUT,10/08/2025 13:34:00,77.53,77.56,77.53,77.53,209360.98,6.0
CCMFUT,10/08/2025 13:32:00,77.53,77.54,77.53,77.54,383816.24,11.0
CCMFUT,10/08/2025 13:31:00,77.54,77.57,77.54,77.54,348978.62,10.0
CCMFUT,10/08/2025 13:30:00,77.5,77.57,77.5,77.53,1709730.69,49.0
CCMFUT,10/08/2025 13:29:00,77.46,77.48,77.46,77.48,174303.34,5.0
CCMFUT,10/08/2025 13:28:00,77.46,77.46,77.46,77.46,69717.14,2.0
CCMFUT,10/08/2025 13:27:00,77.44,77.44,77.44,77.44,69696.19,2.0
CCMFUT,10/08/2025 13:26:00,77.43,77.43,77.43,77.43,69685.71,2.0
CCMFUT,10/08/2025 13:25:00,77.45,77.45,77.44,77.44,104549.52,3.0
CCMFUT,10/08/2025 13:23:00,77.44,77.45,77.44,77.44,383370.95,11.0
CCMFUT,10/08/2025 13:22:00,77.43,77.43,77.43,77.43,34842.86,1.0
CCMFUT,10/08/2025 13:20:00,77.44,77.44,77.44,77.44,34848.09,1.0
CCMFUT,10/08/2025 13:18:00,77.42,77.43,77.42,77.43,348391.88,10.0
CCMFUT,10/08/2025 13:16:00,77.42,77.42,77.42,77.42,34837.62,1.0
CCMFUT,10/08/2025 13:08:00,77.39,77.43,77.39,77.42,3379170.24,97.0
CCMFUT,10/08/2025 13:06:00,77.36,77.38,77.36,77.37,208910.45,6.0
CCMFUT,10/08/2025 12:59:00,77.36,77.36,77.36,77.36,34811.42,1.0
CCMFUT,10/08/2025 12:56:00,77.37,77.37,77.36,77.36,69628.08,2.0
CCMFUT,10/08/2025 12:55:00,77.38,77.38,77.38,77.38,34821.9,1.0
CCMFUT,10/08/2025 12:54:00,77.38,77.38,77.38,77.38,34821.9,1.0
CCMFUT,10/08/2025 12:53:00,77.37,77.42,77.37,77.38,1219107.03,35.0
CCMFUT,10/08/2025 12:51:00,77.36,77.37,77.36,77.36,104439.51,3.0
CCMFUT,10/08/2025 12:49:00,77.36,77.39,77.36,77.36,278554.25,8.0
CCMFUT,10/08/2025 12:43:00,77.36,77.36,77.36,77.36,69622.85,2.0
CCMFUT,10/08/2025 12:42:00,77.38,77.38,77.38,77.38,34821.9,1.0
CCMFUT,10/08/2025 12:29:00,77.35,77.35,77.35,77.35,34806.18,1.0
CCMFUT,10/08/2025 12:27:00,77.35,77.35,77.34,77.34,174015.2,5.0
CCMFUT,10/08/2025 12:20:00,77.35,77.36,77.35,77.36,243648.53,7.0
CCMFUT,10/08/2025 12:16:00,77.37,77.37,77.37,77.37,34816.66,1.0
CCMFUT,10/08/2025 12:13:00,77.43,77.43,77.37,77.37,1393415.61,40.0
CCMFUT,10/08/2025 12:12:00,77.46,77.46,77.43,77.44,383339.51,11.0
CCMFUT,10/08/2025 12:11:00,77.45,77.53,77.45,77.49,2964948.35,85.0
CCMFUT,10/08/2025 12:09:00,77.43,77.43,77.43,77.43,104528.57,3.0
CCMFUT,10/08/2025 12:07:00,77.42,77.42,77.42,77.42,34837.62,1.0
CCMFUT,10/08/2025 12:05:00,77.42,77.42,77.42,77.42,34837.62,1.0
CCMFUT,10/08/2025 12:02:00,77.41,77.44,77.41,77.44,487710.92,14.0
CCMFUT,10/08/2025 11:57:00,77.42,77.44,77.42,77.44,209057.13,6.0
CCMFUT,10/08/2025 11:56:00,77.43,77.43,77.42,77.43,139366.18,4.0
CCMFUT,10/08/2025 11:54:00,77.39,77.42,77.39,77.42,139329.51,4.0
CCMFUT,10/08/2025 11:50:00,77.41,77.42,77.41,77.42,174182.84,5.0
CCMFUT,10/08/2025 11:42:00,77.39,77.41,77.39,77.41,139319.03,4.0
CCMFUT,10/08/2025 11:41:00,77.37,77.37,77.37,77.37,69633.32,2.0
CCMFUT,10/08/2025 11:40:00,77.35,77.36,77.35,77.36,139235.21,4.0
CCMFUT,10/08/2025 11:38:00,77.36,77.36,77.34,77.34,522145.15,15.0
CCMFUT,10/08/2025 11:37:00,77.37,77.37,77.37,77.37,34816.66,1.0
CCMFUT,10/08/2025 11:36:00,77.41,77.41,77.41,77.41,34832.38,1.0
CCMFUT,10/08/2025 11:33:00,77.39,77.39,77.38,77.38,208936.64,6.0
CCMFUT,10/08/2025 11:32:00,77.41,77.42,77.41,77.42,104507.61,3.0
CCMFUT,10/08/2025 11:25:00,77.42,77.42,77.42,77.42,34837.62,1.0
CCMFUT,10/08/2025 11:24:00,77.42,77.42,77.42,77.42,174188.08,5.0
CCMFUT,10/08/2025 11:23:00,77.44,77.45,77.44,77.45,69701.43,2.0
CCMFUT,10/08/2025 11:22:00,77.44,77.44,77.44,77.44,34848.09,1.0
CCMFUT,10/08/2025 11:21:00,77.42,77.42,77.42,77.42,69675.23,2.0
CCMFUT,10/08/2025 11:17:00,77.39,77.42,77.39,77.42,104491.9,3.0
CCMFUT,10/08/2025 11:16:00,77.38,77.41,77.38,77.41,104476.18,3.0
CCMFUT,10/08/2025 11:15:00,77.42,77.43,77.42,77.43,209030.94,6.0
CCMFUT,10/08/2025 11:14:00,77.41,77.42,77.41,77.42,174182.84,5.0
CCMFUT,10/08/2025 11:11:00,77.38,77.42,77.38,77.39,278648.55,8.0
CCMFUT,10/08/2025 11:10:00,77.41,77.41,77.41,77.41,104497.13,3.0
CCMFUT,10/08/2025 11:09:00,77.42,77.44,77.41,77.42,1498048.95,43.0
CCMFUT,10/08/2025 11:08:00,77.41,77.41,77.41,77.41,34832.38,1.0
CCMFUT,10/08/2025 11:07:00,77.41,77.41,77.41,77.41,69664.76,2.0
CCMFUT,10/08/2025 11:06:00,77.39,77.41,77.39,77.41,417983.3,12.0
CCMFUT,10/08/2025 11:05:00,77.38,77.38,77.38,77.38,34821.9,1.0
CCMFUT,10/08/2025 11:04:00,77.37,77.37,77.37,77.37,34816.66,1.0
CCMFUT,10/08/2025 11:03:00,77.36,77.38,77.36,77.38,174088.55,5.0
CCMFUT,10/08/2025 11:02:00,77.36,77.37,77.35,77.35,243690.44,7.0
CCMFUT,10/08/2025 11:01:00,77.35,77.35,77.34,77.35,104413.31,3.0
CCMFUT,10/08/2025 11:00:00,77.31,77.35,77.31,77.35,695987.48,20.0
CCMFUT,10/08/2025 10:58:00,77.3,77.31,77.3,77.31,104366.17,3.0
CCMFUT,10/08/2025 10:56:00,77.28,77.3,77.28,77.3,556532.24,16.0
CCMFUT,10/08/2025 10:53:00,77.29,77.29,77.29,77.29,208679.94,6.0
CCMFUT,10/08/2025 10:52:00,77.27,77.29,77.27,77.29,382564.18,11.0
CCMFUT,10/08/2025 10:51:00,77.25,77.25,77.25,77.25,34764.27,1.0
CCMFUT,10/08/2025 10:45:00,77.24,77.24,77.24,77.24,243313.25,7.0
CCMFUT,10/08/2025 10:43:00,77.23,77.23,77.23,77.23,34753.8,1.0
CCMFUT,10/08/2025 10:42:00,77.23,77.23,77.22,77.22,138999.47,4.0
CCMFUT,10/08/2025 10:40:00,77.23,77.28,77.23,77.28,382427.97,11.0
CCMFUT,10/08/2025 10:39:00,77.22,77.22,77.22,77.22,34748.56,1.0
CCMFUT,10/08/2025 10:37:00,77.21,77.21,77.21,77.21,347433.19,10.0
CCMFUT,10/08/2025 10:30:00,77.22,77.22,77.21,77.21,69491.88,2.0
CCMFUT,10/08/2025 10:23:00,77.23,77.23,77.21,77.21,208475.63,6.0
CCMFUT,10/08/2025 10:22:00,77.21,77.23,77.21,77.23,104250.91,3.0
CCMFUT,10/08/2025 10:09:00,77.22,77.22,77.22,77.22,34748.56,1.0
CCMFUT,10/08/2025 10:08:00,77.21,77.23,77.21,77.23,729756.39,21.0
CCMFUT,10/08/2025 10:03:00,77.21,77.21,77.2,77.21,277936.08,8.0
CCMFUT,10/08/2025 09:58:00,77.21,77.21,77.2,77.21,104224.72,3.0
CCMFUT,10/08/2025 09:56:00,77.21,77.21,77.2,77.2,173711.36,5.0
CCMFUT,10/08/2025 09:55:00,77.21,77.21,77.21,77.21,104229.96,3.0
CCMFUT,10/08/2025 09:54:00,77.24,77.24,77.22,77.22,139025.66,4.0
CCMFUT,10/08/2025 09:53:00,77.23,77.23,77.23,77.23,34753.8,1.0
CCMFUT,10/08/2025 09:52:00,77.23,77.23,77.23,77.23,139015.19,4.0
CCMFUT,10/08/2025 09:51:00,77.23,77.23,77.23,77.23,69507.59,2.0
CCMFUT,10/08/2025 09:50:00,77.22,77.22,77.22,77.22,34748.56,1.0
CCMFUT,10/08/2025 09:46:00,77.18,77.22,77.18,77.21,2257713.3,65.0
CCMFUT,10/08/2025 09:45:00,77.2,77.22,77.16,77.18,1840866.81,53.0
CCMFUT,10/08/2025 09:42:00,77.21,77.22,77.21,77.22,104235.2,3.0
CCMFUT,10/08/2025 09:41:00,77.22,77.22,77.22,77.22,69497.12,2.0
CCMFUT,10/08/2025 09:40:00,77.23,77.23,77.23,77.23,34753.8,1.0
CCMFUT,10/08/2025 09:37:00,77.24,77.24,77.23,77.23,5457163.35,157.0
CCMFUT,10/08/2025 09:33:00,77.24,77.24,77.24,77.24,34759.04,1.0
CCMFUT,10/08/2025 09:32:00,77.22,77.22,77.22,77.22,69497.12,2.0
CCMFUT,10/08/2025 09:30:00,77.24,77.24,77.24,77.24,243313.25,7.0
CCMFUT,10/08/2025 09:29:00,77.21,77.21,77.21,77.21,34743.32,1.0
CCMFUT,10/08/2025 09:28:00,77.21,77.23,77.21,77.23,138983.75,4.0
CCMFUT,10/08/2025 09:27:00,77.21,77.24,77.18,77.22,1111644.77,32.0
CCMFUT,10/08/2025 09:23:00,77.22,77.22,77.22,77.22,34748.56,1.0
CCMFUT,10/08/2025 09:22:00,77.24,77.24,77.24,77.24,69518.07,2.0
CCMFUT,10/08/2025 09:21:00,77.24,77.24,77.24,77.24,34759.04,1.0
CCMFUT,10/08/2025 09:20:00,77.24,77.24,77.24,77.24,34759.04,1.0
CCMFUT,10/08/2025 09:19:00,77.24,77.24,77.24,77.24,104277.11,3.0
CCMFUT,10/08/2025 09:18:00,77.22,77.24,77.22,77.24,173784.7,5.0
CCMFUT,10/08/2025 09:16:00,77.24,77.24,77.24,77.24,104277.11,3.0
CCMFUT,10/08/2025 09:13:00,77.22,77.22,77.22,77.22,173742.79,5.0
CCMFUT,10/08/2025 09:12:00,77.3,77.3,77.23,77.23,452008.91,13.0
CCMFUT,10/08/2025 09:11:00,77.3,77.3,77.3,77.3,139140.92,4.0
CCMFUT,10/08/2025 09:10:00,77.32,77.32,77.32,77.32,69591.41,2.0
CCMFUT,10/08/2025 09:09:00,77.3,77.3,77.3,77.3,208711.38,6.0
CCMFUT,10/08/2025 09:08:00,77.29,77.29,77.29,77.29,34779.99,1.0
CCMFUT,10/08/2025 09:07:00,77.29,77.29,77.29,77.29,34779.99,1.0
CCMFUT,10/08/2025 09:06:00,77.29,77.29,77.29,77.29,34779.99,1.0
CCMFUT,10/08/2025 09:05:00,77.29,77.3,77.29,77.3,139135.68,4.0
CCMFUT,10/08/2025 09:04:00,77.3,77.34,77.3,77.3,278308.03,8.0
CCMFUT,10/08/2025 09:03:00,77.29,77.31,77.29,77.3,382632.28,11.0
CCMFUT,10/08/2025 09:02:00,77.31,77.35,77.29,77.29,487108.46,14.0
CCMFUT,10/08/2025 09:01:00,77.28,77.31,77.21,77.31,486820.33,14.0
CCMFUT,10/08/2025 09:00:00,77.23,77.3,77.23,77.3,104324.26,3.0
CCMFUT,10/03/2025 17:05:00,76.83,76.83,76.72,76.76,2867748.78,83.0
CCMFUT,10/03/2025 16:19:00,76.83,76.83,76.8,76.83,3180711.07,92.0
CCMFUT,10/03/2025 16:18:00,76.81,76.83,76.81,76.82,9300637.81,269.0
CCMFUT,10/03/2025 16:17:00,76.81,76.82,76.8,76.81,829622.48,24.0
CCMFUT,10/03/2025 16:16:00,76.81,76.82,76.81,76.81,933328.56,27.0
CCMFUT,10/03/2025 16:15:00,76.8,76.82,76.8,76.81,1451576.09,42.0
CCMFUT,10/03/2025 16:14:00,76.79,76.82,76.79,76.8,1659176.86,48.0
CCMFUT,10/03/2025 16:13:00,76.78,76.8,76.78,76.8,725722.56,21.0
CCMFUT,10/03/2025 16:12:00,76.78,76.8,76.76,76.79,1347519.01,39.0
CCMFUT,10/03/2025 16:11:00,76.79,76.79,76.76,76.78,1105562.6,32.0
CCMFUT,10/03/2025 16:10:00,76.72,76.78,76.72,76.78,1001615.53,29.0
CCMFUT,10/03/2025 16:09:00,76.72,76.73,76.72,76.72,276191.58,8.0
CCMFUT,10/03/2025 16:08:00,76.72,76.73,76.72,76.72,414284.75,12.0
CCMFUT,10/03/2025 16:07:00,76.74,76.74,76.72,76.72,828611.4,24.0
CCMFUT,10/03/2025 16:01:00,76.76,76.76,76.72,76.72,1001280.25,29.0
CCMFUT,10/03/2025 16:00:00,76.78,76.8,76.76,76.76,967338.46,28.0
CCMFUT,10/03/2025 15:59:00,76.78,76.79,76.78,76.79,587351.74,17.0
CCMFUT,10/03/2025 15:58:00,76.79,76.79,76.78,76.78,345515.82,10.0
CCMFUT,10/03/2025 15:57:00,76.82,76.82,76.78,76.78,1555172.16,45.0
CCMFUT,10/03/2025 15:56:00,76.8,76.83,76.8,76.82,4251865.63,123.0
CCMFUT,10/03/2025 15:55:00,76.78,76.78,76.78,76.78,69098.97,2.0
CCMFUT,10/03/2025 15:54:00,76.76,76.78,76.76,76.78,2590881.41,75.0
CCMFUT,10/03/2025 15:53:00,76.74,76.76,76.74,76.76,483530.4,14.0
CCMFUT,10/03/2025 15:52:00,76.74,76.74,76.74,76.74,103601.31,3.0
CCMFUT,10/03/2025 15:51:00,76.73,76.73,76.73,76.73,103585.59,3.0
CCMFUT,10/03/2025 15:50:00,76.75,76.75,76.75,76.75,34539.01,1.0
CCMFUT,10/03/2025 15:49:00,76.74,76.75,76.74,76.74,241752.1,7.0
CCMFUT,10/03/2025 15:47:00,76.73,76.74,76.72,76.74,172637.42,5.0
CCMFUT,10/03/2025 15:43:00,76.73,76.73,76.72,76.73,414300.46,12.0
CCMFUT,10/03/2025 15:42:00,76.72,76.72,76.72,76.72,379756.22,11.0
CCMFUT,10/03/2025 15:41:00,76.73,76.73,76.72,76.72,586953.6,17.0
CCMFUT,10/03/2025 15:40:00,76.72,76.72,76.72,76.72,517849.38,15.0
CCMFUT,10/03/2025 15:39:00,76.73,76.73,76.7,76.72,3832064.49,111.0
CCMFUT,10/03/2025 15:38:00,76.71,76.72,76.71,76.72,586880.25,17.0
CCMFUT,10/03/2025 15:37:00,76.71,76.71,76.71,76.71,69036.11,2.0
CCMFUT,10/03/2025 15:36:00,76.7,76.7,76.7,76.7,103538.44,3.0
CCMFUT,10/03/2025 15:33:00,76.68,76.71,76.68,76.68,138040.78,4.0
CCMFUT,10/03/2025 15:32:00,76.64,76.67,76.64,76.67,448436.09,13.0
CCMFUT,10/03/2025 15:29:00,76.65,76.65,76.64,76.64,137956.96,4.0
CCMFUT,10/03/2025 15:28:00,76.65,76.65,76.65,76.65,103475.58,3.0
CCMFUT,10/03/2025 15:26:00,76.63,76.63,76.63,76.63,172406.91,5.0
CCMFUT,10/03/2025 15:24:00,76.63,76.63,76.63,76.63,137925.53,4.0
CCMFUT,10/03/2025 15:20:00,76.65,76.65,76.65,76.65,34491.86,1.0
CCMFUT,10/03/2025 15:19:00,76.65,76.65,76.65,76.65,34491.86,1.0
CCMFUT,10/03/2025 15:16:00,76.6,76.6,76.6,76.6,620476.29,18.0
CCMFUT,10/03/2025 15:15:00,76.66,76.66,76.58,76.6,2413303.86,70.0
CCMFUT,10/03/2025 15:14:00,76.68,76.68,76.66,76.66,1656180.3,48.0
CCMFUT,10/03/2025 15:13:00,76.68,76.72,76.68,76.72,483242.27,14.0
CCMFUT,10/03/2025 15:12:00,76.68,76.68,76.67,76.68,103517.49,3.0
CCMFUT,10/03/2025 15:11:00,76.68,76.68,76.68,76.68,34507.58,1.0
CCMFUT,10/03/2025 15:10:00,76.68,76.68,76.68,76.68,448598.49,13.0
CCMFUT,10/03/2025 14:59:00,76.71,76.71,76.71,76.71,69036.11,2.0
CCMFUT,10/03/2025 14:58:00,76.7,76.7,76.7,76.7,69025.63,2.0
CCMFUT,10/03/2025 14:57:00,76.7,76.7,76.7,76.7,69025.63,2.0
CCMFUT,10/03/2025 14:56:00,76.73,76.73,76.72,76.72,414305.7,12.0
CCMFUT,10/03/2025 14:55:00,76.72,76.74,76.72,76.74,517880.82,15.0
CCMFUT,10/03/2025 14:54:00,76.7,76.71,76.7,76.71,414211.4,12.0
CCMFUT,10/03/2025 14:53:00,76.68,76.68,76.68,76.68,34507.58,1.0
CCMFUT,10/03/2025 14:52:00,76.7,76.7,76.7,76.7,172564.07,5.0
CCMFUT,10/03/2025 14:51:00,76.7,76.7,76.7,76.7,69025.63,2.0
CCMFUT,10/03/2025 14:49:00,76.68,76.68,76.68,76.68,34507.58,1.0
CCMFUT,10/03/2025 14:44:00,76.71,76.73,76.71,76.71,2347547.21,68.0
CCMFUT,10/03/2025 14:42:00,76.7,76.7,76.7,76.7,34512.81,1.0
CCMFUT,10/03/2025 14:41:00,76.68,76.68,76.68,76.68,34507.58,1.0
CCMFUT,10/03/2025 14:40:00,76.67,76.67,76.67,76.67,172511.69,5.0
CCMFUT,10/03/2025 14:39:00,76.7,76.7,76.7,76.7,69025.63,2.0
CCMFUT,10/03/2025 14:33:00,76.7,76.71,76.7,76.71,69030.87,2.0
CCMFUT,10/03/2025 14:32:00,76.7,76.7,76.7,76.7,34512.81,1.0
CCMFUT,10/03/2025 14:31:00,76.7,76.71,76.65,76.68,1207560.85,35.0
CCMFUT,10/03/2025 14:30:00,76.75,76.75,76.7,76.7,1035745.92,30.0
CCMFUT,10/03/2025 14:29:00,76.79,76.79,76.76,76.78,518289.44,15.0
CCMFUT,10/03/2025 14:28:00,76.8,76.82,76.8,76.8,622173.64,18.0
CCMFUT,10/03/2025 14:25:00,76.81,76.81,76.81,76.81,34565.2,1.0
CCMFUT,10/03/2025 14:24:00,76.81,76.81,76.81,76.81,34565.2,1.0
CCMFUT,10/03/2025 14:23:00,76.81,76.81,76.81,76.81,69130.4,2.0
CCMFUT,10/03/2025 14:22:00,76.81,76.81,76.81,76.81,207391.21,6.0
CCMFUT,10/03/2025 14:21:00,76.8,76.81,76.8,76.81,414777.19,12.0
CCMFUT,10/03/2025 14:20:00,76.81,76.82,76.8,76.8,1209698.26,35.0
CCMFUT,10/03/2025 14:19:00,76.81,76.81,76.81,76.81,34565.2,1.0
CCMFUT,10/03/2025 14:18:00,76.81,76.81,76.81,76.81,276521.62,8.0
CCMFUT,10/03/2025 14:17:00,76.8,76.8,76.8,76.8,34559.96,1.0
CCMFUT,10/03/2025 14:15:00,76.81,76.81,76.81,76.81,172826.01,5.0
CCMFUT,10/03/2025 14:14:00,76.75,76.81,76.75,76.8,1451361.3,42.0
CCMFUT,10/03/2025 14:13:00,76.7,76.76,76.7,76.76,1104844.89,32.0
CCMFUT,10/03/2025 14:12:00,76.67,76.68,76.67,76.68,448535.62,13.0
CCMFUT,10/03/2025 14:07:00,76.7,76.7,76.7,76.7,69025.63,2.0
CCMFUT,10/03/2025 14:05:00,76.73,76.73,76.7,76.7,1346382.21,39.0
CCMFUT,10/03/2025 14:03:00,76.73,76.73,76.73,76.73,172642.66,5.0
CCMFUT,10/03/2025 14:02:00,76.75,76.75,76.74,76.74,172689.8,5.0
CCMFUT,10/03/2025 14:01:00,76.78,76.78,76.78,76.78,172747.43,5.0
CCMFUT,10/03/2025 14:00:00,76.78,76.79,76.76,76.76,552786.54,16.0
CCMFUT,10/03/2025 13:59:00,76.78,76.78,76.76,76.78,138187.47,4.0
CCMFUT,10/03/2025 13:58:00,76.78,76.78,76.78,76.78,380044.35,11.0
CCMFUT,10/03/2025 13:56:00,76.78,76.78,76.78,76.78,172747.43,5.0
CCMFUT,10/03/2025 13:55:00,76.76,76.76,76.76,76.76,103632.74,3.0
CCMFUT,10/03/2025 13:54:00,76.79,76.79,76.76,76.76,380060.06,11.0
CCMFUT,10/03/2025 13:53:00,76.78,76.8,76.75,76.79,1036479.34,30.0
CCMFUT,10/03/2025 13:52:00,76.74,76.74,76.74,76.74,310803.93,9.0
CCMFUT,10/03/2025 13:50:00,76.73,76.73,76.73,76.73,172642.66,5.0
CCMFUT,10/03/2025 13:49:00,76.73,76.73,76.72,76.73,138108.89,4.0
CCMFUT,10/03/2025 13:48:00,76.73,76.73,76.73,76.73,138114.12,4.0
CCMFUT,10/03/2025 13:46:00,76.73,76.74,76.73,76.74,483457.06,14.0
CCMFUT,10/03/2025 13:43:00,76.72,76.72,76.72,76.72,172616.46,5.0
CCMFUT,10/03/2025 13:35:00,76.72,76.72,76.72,76.72,69046.58,2.0
CCMFUT,10/03/2025 13:34:00,76.73,76.73,76.73,76.73,34528.53,1.0
CCMFUT,10/03/2025 13:32:00,76.74,76.74,76.74,76.74,34533.77,1.0
CCMFUT,10/03/2025 13:31:00,76.74,76.74,76.74,76.74,69067.54,2.0
CCMFUT,10/03/2025 13:30:00,76.72,76.73,76.72,76.73,414289.99,12.0
CCMFUT,10/03/2025 13:28:00,76.71,76.71,76.71,76.71,34518.05,1.0
CCMFUT,10/03/2025 13:25:00,76.7,76.7,76.7,76.7,34512.81,1.0
CCMFUT,10/03/2025 13:24:00,76.7,76.7,76.67,76.67,172522.16,5.0
CCMFUT,10/03/2025 13:23:00,76.71,76.72,76.71,76.72,103564.64,3.0
CCMFUT,10/03/2025 13:16:00,76.71,76.71,76.71,76.71,34518.05,1.0
CCMFUT,10/03/2025 13:15:00,76.7,76.7,76.7,76.7,103538.44,3.0
CCMFUT,10/03/2025 13:13:00,76.7,76.7,76.7,76.7,34512.81,1.0
CCMFUT,10/03/2025 13:11:00,76.72,76.72,76.72,76.72,276186.34,8.0
CCMFUT,10/03/2025 13:07:00,76.72,76.72,76.72,76.72,69046.58,2.0
CCMFUT,10/03/2025 13:06:00,76.73,76.73,76.73,76.73,34528.53,1.0
CCMFUT,10/03/2025 13:04:00,76.74,76.74,76.74,76.74,34533.77,1.0
CCMFUT,10/03/2025 13:01:00,76.73,76.73,76.73,76.73,172642.66,5.0
CCMFUT,10/03/2025 12:51:00,76.72,76.72,76.72,76.72,241663.05,7.0
CCMFUT,10/03/2025 12:48:00,76.73,76.73,76.7,76.72,1277377.53,37.0
CCMFUT,10/03/2025 12:46:00,76.76,76.76,76.75,76.75,103627.5,3.0
CCMFUT,10/03/2025 12:45:00,76.78,76.78,76.78,76.78,172747.43,5.0
CCMFUT,10/03/2025 12:43:00,76.78,76.78,76.78,76.78,138197.94,4.0
CCMFUT,10/03/2025 12:42:00,76.78,76.78,76.78,76.78,380044.35,11.0
CCMFUT,10/03/2025 12:40:00,76.75,76.76,76.75,76.76,103627.5,3.0
CCMFUT,10/03/2025 12:39:00,76.75,76.75,76.75,76.75,34539.01,1.0
CCMFUT,10/03/2025 12:37:00,76.74,76.75,76.74,76.75,69072.78,2.0
CCMFUT,10/03/2025 12:34:00,76.74,76.74,76.74,76.74,34533.77,1.0
CCMFUT,10/03/2025 12:31:00,76.76,76.76,76.76,76.76,103632.74,3.0
CCMFUT,10/03/2025 12:29:00,76.75,76.75,76.75,76.75,103617.03,3.0
CCMFUT,10/03/2025 12:28:00,76.78,76.78,76.74,76.75,587262.68,17.0
CCMFUT,10/03/2025 12:26:00,76.78,76.78,76.78,76.78,69098.97,2.0
CCMFUT,10/03/2025 12:22:00,76.79,76.79,76.78,76.79,380091.49,11.0
CCMFUT,10/03/2025 12:20:00,76.78,76.78,76.78,76.78,69098.97,2.0
CCMFUT,10/03/2025 12:19:00,76.78,76.78,76.78,76.78,207296.92,6.0
CCMFUT,10/03/2025 12:17:00,76.79,76.79,76.78,76.78,138203.18,4.0
CCMFUT,10/03/2025 12:16:00,76.79,76.79,76.79,76.79,34554.72,1.0
CCMFUT,10/03/2025 12:12:00,76.79,76.79,76.79,76.79,103664.17,3.0
CCMFUT,10/03/2025 12:11:00,76.79,76.79,76.79,76.79,138218.9,4.0
CCMFUT,10/03/2025 12:10:00,76.8,76.8,76.8,76.8,69119.93,2.0
CCMFUT,10/03/2025 12:09:00,76.8,76.8,76.8,76.8,241919.74,7.0
CCMFUT,10/03/2025 12:08:00,76.8,76.81,76.8,76.81,311044.91,9.0
CCMFUT,10/03/2025 12:07:00,76.79,76.79,76.78,76.79,483734.71,14.0
CCMFUT,10/03/2025 12:06:00,76.82,76.83,76.81,76.81,207417.41,6.0
CCMFUT,10/03/2025 12:05:00,76.78,76.83,76.78,76.83,3593937.59,104.0
CCMFUT,10/03/2025 12:04:00,76.78,76.78,76.78,76.78,69098.97,2.0
CCMFUT,10/03/2025 12:03:00,76.78,76.78,76.78,76.78,69098.97,2.0
CCMFUT,10/03/2025 12:02:00,76.75,76.75,76.75,76.75,414468.1,12.0
CCMFUT,10/03/2025 12:01:00,76.74,76.78,76.74,76.75,656351.18,19.0
CCMFUT,10/03/2025 12:00:00,76.73,76.74,76.73,76.74,310788.21,9.0
CCMFUT,10/03/2025 11:56:00,76.71,76.75,76.71,76.72,517917.49,15.0
CCMFUT,10/03/2025 11:55:00,76.72,76.72,76.72,76.72,724989.14,21.0
CCMFUT,10/03/2025 11:47:00,76.74,76.74,76.74,76.74,310803.93,9.0
CCMFUT,10/03/2025 11:44:00,76.75,76.75,76.75,76.75,172695.04,5.0
CCMFUT,10/03/2025 11:41:00,76.75,76.75,76.75,76.75,69078.02,2.0
CCMFUT,10/03/2025 11:40:00,76.74,76.74,76.74,76.74,345337.7,10.0
CCMFUT,10/03/2025 11:38:00,76.72,76.72,76.71,76.72,517844.15,15.0
CCMFUT,10/03/2025 11:37:00,76.72,76.72,76.72,76.72,241663.05,7.0
CCMFUT,10/03/2025 11:26:00,76.71,76.72,76.71,76.71,138077.45,4.0
CCMFUT,10/03/2025 11:25:00,76.71,76.71,76.71,76.71,34518.05,1.0
CCMFUT,10/03/2025 11:24:00,76.72,76.72,76.72,76.72,448802.8,13.0
CCMFUT,10/03/2025 11:23:00,76.72,76.72,76.72,76.72,241663.05,7.0
CCMFUT,10/03/2025 11:22:00,76.72,76.72,76.72,76.72,138093.17,4.0
CCMFUT,10/03/2025 11:21:00,76.72,76.73,76.71,76.71,379766.69,11.0
CCMFUT,10/03/2025 11:20:00,76.72,76.72,76.72,76.72,34523.29,1.0
CCMFUT,10/03/2025 11:19:00,76.7,76.73,76.7,76.73,414232.36,12.0
CCMFUT,10/03/2025 11:18:00,76.68,76.68,76.68,76.68,69015.15,2.0
CCMFUT,10/03/2025 11:16:00,76.71,76.71,76.71,76.71,69036.11,2.0
CCMFUT,10/03/2025 11:15:00,76.71,76.72,76.71,76.72,586890.73,17.0
CCMFUT,10/03/2025 11:14:00,76.68,76.68,76.68,76.68,310568.18,9.0
CCMFUT,10/03/2025 11:12:00,76.65,76.65,76.65,76.65,34491.86,1.0
CCMFUT,10/03/2025 11:06:00,76.67,76.67,76.67,76.67,69004.67,2.0
CCMFUT,10/03/2025 11:05:00,76.67,76.67,76.67,76.67,34502.34,1.0
CCMFUT,10/03/2025 11:04:00,76.7,76.7,76.7,76.7,172564.07,5.0
CCMFUT,10/03/2025 10:59:00,76.67,76.7,76.67,76.7,172543.12,5.0
CCMFUT,10/03/2025 10:46:00,76.68,76.68,76.68,76.68,34507.58,1.0
CCMFUT,10/03/2025 10:45:00,76.7,76.7,76.7,76.7,69025.63,2.0
CCMFUT,10/03/2025 10:40:00,76.66,76.7,76.66,76.7,345044.33,10.0
CCMFUT,10/03/2025 10:38:00,76.66,76.66,76.66,76.66,34497.1,1.0
CCMFUT,10/03/2025 10:37:00,76.65,76.65,76.65,76.65,34491.86,1.0
CCMFUT,10/03/2025 10:36:00,76.61,76.61,76.61,76.61,68952.29,2.0
CCMFUT,10/03/2025 10:35:00,76.6,76.61,76.6,76.61,310269.58,9.0
CCMFUT,10/03/2025 10:34:00,76.6,76.65,76.6,76.63,517110.72,15.0
CCMFUT,10/03/2025 10:33:00,76.63,76.64,76.6,76.6,344756.2,10.0
CCMFUT,10/03/2025 10:32:00,76.66,76.66,76.63,76.63,758684.71,22.0
CCMFUT,10/03/2025 10:31:00,76.68,76.68,76.68,76.68,103522.73,3.0
CCMFUT,10/03/2025 10:30:00,76.71,76.71,76.7,76.7,103548.92,3.0
CCMFUT,10/03/2025 10:29:00,76.71,76.71,76.71,76.71,34518.05,1.0
CCMFUT,10/03/2025 10:25:00,76.7,76.7,76.7,76.7,34512.81,1.0
CCMFUT,10/03/2025 10:24:00,76.7,76.7,76.7,76.7,241589.7,7.0
CCMFUT,10/03/2025 10:23:00,76.65,76.7,76.64,76.7,1207398.45,35.0
CCMFUT,10/03/2025 10:21:00,76.64,76.65,76.64,76.65,275924.4,8.0
CCMFUT,10/03/2025 10:20:00,76.71,76.71,76.64,76.64,2690946.57,78.0
CCMFUT,10/03/2025 10:10:00,76.71,76.71,76.71,76.71,34518.05,1.0
CCMFUT,10/03/2025 10:09:00,76.71,76.71,76.71,76.71,34518.05,1.0
CCMFUT,10/03/2025 10:07:00,76.72,76.72,76.71,76.71,172605.98,5.0
CCMFUT,10/03/2025 10:05:00,76.72,76.72,76.72,76.72,34523.29,1.0
CCMFUT,10/03/2025 10:03:00,76.71,76.72,76.71,76.72,241652.57,7.0
CCMFUT,10/03/2025 10:02:00,76.71,76.71,76.71,76.71,138072.21,4.0
CCMFUT,10/03/2025 10:01:00,76.73,76.73,76.7,76.7,345227.68,10.0
CCMFUT,10/03/2025 10:00:00,76.71,76.81,76.71,76.74,7390624.88,214.0
CCMFUT,10/03/2025 09:59:00,76.71,76.72,76.71,76.72,241647.33,7.0
CCMFUT,10/03/2025 09:58:00,76.7,76.71,76.7,76.71,103548.92,3.0
CCMFUT,10/03/2025 09:57:00,76.68,76.68,76.67,76.67,172527.4,5.0
CCMFUT,10/03/2025 09:56:00,76.7,76.71,76.7,76.7,345164.82,10.0
CCMFUT,10/03/2025 09:55:00,76.68,76.7,76.68,76.7,172548.36,5.0
CCMFUT,10/03/2025 09:53:00,76.68,76.68,76.68,76.68,138030.3,4.0
CCMFUT,10/03/2025 09:52:00,76.64,76.68,76.64,76.68,1379988.72,40.0
CCMFUT,10/03/2025 09:46:00,76.63,76.63,76.63,76.63,34481.38,1.0
CCMFUT,10/03/2025 09:43:00,76.63,76.63,76.63,76.63,34481.38,1.0
CCMFUT,10/03/2025 09:41:00,76.63,76.63,76.63,76.63,34481.38,1.0
CCMFUT,10/03/2025 09:39:00,76.63,76.63,76.63,76.63,34481.38,1.0
CCMFUT,10/03/2025 09:37:00,76.6,76.6,76.6,76.6,551534.48,16.0
CCMFUT,10/03/2025 09:36:00,76.59,76.59,76.59,76.59,103397.0,3.0
CCMFUT,10/03/2025 09:35:00,76.64,76.64,76.56,76.58,3033224.84,88.0
CCMFUT,10/03/2025 09:34:00,76.64,76.64,76.64,76.64,137946.48,4.0
CCMFUT,10/03/2025 09:32:00,76.64,76.64,76.64,76.64,137946.48,4.0
CCMFUT,10/03/2025 09:31:00,76.6,76.63,76.6,76.63,241333.01,7.0
CCMFUT,10/03/2025 09:29:00,76.66,76.66,76.61,76.61,1655242.56,48.0
CCMFUT,10/03/2025 09:27:00,76.66,76.66,76.66,76.66,379468.08,11.0
CCMFUT,10/03/2025 09:26:00,76.67,76.67,76.66,76.66,241505.88,7.0
CCMFUT,10/03/2025 09:25:00,76.66,76.68,76.66,76.66,4105175.69,119.0
CCMFUT,10/03/2025 09:24:00,76.66,76.66,76.66,76.66,34497.1,1.0
CCMFUT,10/03/2025 09:23:00,76.68,76.68,76.66,76.68,517540.3,15.0
CCMFUT,10/03/2025 09:22:00,76.7,76.71,76.7,76.71,448718.98,13.0
CCMFUT,10/03/2025 09:21:00,76.73,76.74,76.7,76.7,863082.31,25.0
CCMFUT,10/03/2025 09:20:00,76.78,76.79,76.72,76.73,483540.88,14.0
CCMFUT,10/03/2025 09:19:00,76.79,76.79,76.78,76.78,1278351.94,37.0
CCMFUT,10/03/2025 09:18:00,76.78,76.8,76.78,76.8,69109.45,2.0
CCMFUT,10/03/2025 09:17:00,76.81,76.81,76.78,76.78,138229.38,4.0
CCMFUT,10/03/2025 09:16:00,76.82,76.82,76.79,76.81,1693600.61,49.0
CCMFUT,10/03/2025 09:15:00,76.82,76.89,76.82,76.83,2973901.36,86.0
CCMFUT,10/03/2025 09:14:00,76.76,76.82,76.76,76.82,2004551.22,58.0
CCMFUT,10/03/2025 09:13:00,76.72,76.79,76.72,76.74,3868615.18,112.0
CCMFUT,10/03/2025 09:12:00,76.71,76.73,76.71,76.73,621382.59,18.0
CCMFUT,10/03/2025 09:11:00,76.71,76.71,76.71,76.71,34518.05,1.0
CCMFUT,10/03/2025 09:10:00,76.68,76.71,76.67,76.71,414148.54,12.0
CCMFUT,10/03/2025 09:09:00,76.68,76.7,76.67,76.68,552184.08,16.0
CCMFUT,10/03/2025 09:08:00,76.67,76.67,76.67,76.67,69004.67,2.0
CCMFUT,10/03/2025 09:07:00,76.63,76.67,76.63,76.67,1241837.92,36.0
CCMFUT,10/03/2025 09:06:00,76.66,76.66,76.64,76.64,275945.36,8.0
CCMFUT,10/03/2025 09:05:00,76.67,76.68,76.66,76.66,414033.29,12.0
CCMFUT,10/03/2025 09:04:00,76.68,76.73,76.68,76.73,2347332.42,68.0
CCMFUT,10/03/2025 09:03:00,76.61,76.67,76.61,76.65,448472.76,13.0
CCMFUT,10/03/2025 09:02:00,76.59,76.63,76.59,76.63,1758063.3,51.0
CCMFUT,10/03/2025 09:01:00,76.52,76.52,76.5,76.5,68857.99,2.0
CCMFUT,10/03/2025 09:00:00,76.59,76.67,76.53,76.53,793019.41,23.0
CCMFUT,10/02/2025 17:05:00,76.54,76.65,76.5,76.52,3100113.07,90.0
CCMFUT,10/02/2025 16:19:00,76.54,76.58,76.46,76.46,10091346.94,293.0
CCMFUT,10/02/2025 16:18:00,76.45,76.57,76.45,76.54,8262015.83,240.0
CCMFUT,10/02/2025 16:16:00,76.44,76.45,76.44,76.45,344001.82,10.0
CCMFUT,10/02/2025 16:15:00,76.39,76.45,76.39,76.45,4642544.62,135.0
CCMFUT,10/02/2025 16:14:00,76.4,76.4,76.4,76.4,34381.85,1.0
CCMFUT,10/02/2025 16:13:00,76.39,76.42,76.39,76.42,309431.38,9.0
CCMFUT,10/02/2025 16:10:00,76.39,76.42,76.38,76.42,171883.04,5.0
CCMFUT,10/02/2025 16:09:00,76.4,76.42,76.4,76.4,412587.39,12.0
CCMFUT,10/02/2025 16:07:00,76.42,76.42,76.42,76.42,103161.26,3.0
CCMFUT,10/02/2025 16:06:00,76.39,76.39,76.39,76.39,309389.47,9.0
CCMFUT,10/02/2025 16:00:00,76.39,76.4,76.39,76.4,309410.42,9.0
CCMFUT,10/02/2025 15:58:00,76.37,76.37,76.37,76.37,103098.39,3.0
CCMFUT,10/02/2025 15:57:00,76.37,76.37,76.37,76.37,343661.3,10.0
CCMFUT,10/02/2025 15:53:00,76.39,76.39,76.39,76.39,34376.61,1.0
CCMFUT,10/02/2025 15:47:00,76.39,76.39,76.39,76.39,68753.22,2.0
CCMFUT,10/02/2025 15:46:00,76.39,76.42,76.39,76.42,893933.24,26.0
CCMFUT,10/02/2025 15:45:00,76.38,76.4,76.38,76.4,103135.06,3.0
CCMFUT,10/02/2025 15:42:00,76.38,76.38,76.38,76.38,34371.37,1.0
CCMFUT,10/02/2025 15:41:00,76.4,76.42,76.4,76.42,550114.78,16.0
CCMFUT,10/02/2025 15:36:00,76.39,76.39,76.39,76.39,68753.22,2.0
CCMFUT,10/02/2025 15:35:00,76.4,76.42,76.4,76.42,412587.39,12.0
CCMFUT,10/02/2025 15:27:00,76.38,76.39,76.38,76.39,343745.12,10.0
CCMFUT,10/02/2025 15:24:00,76.36,76.37,76.36,76.37,240547.19,7.0
CCMFUT,10/02/2025 15:23:00,76.37,76.37,76.37,76.37,68732.26,2.0
CCMFUT,10/02/2025 15:22:00,76.37,76.37,76.37,76.37,790420.99,23.0
CCMFUT,10/02/2025 15:21:00,76.36,76.36,76.36,76.36,206165.35,6.0
CCMFUT,10/02/2025 15:20:00,76.36,76.37,76.36,76.37,137448.8,4.0
CCMFUT,10/02/2025 15:19:00,76.35,76.35,76.35,76.35,103066.96,3.0
CCMFUT,10/02/2025 15:18:00,76.35,76.36,76.35,76.35,2507967.88,73.0
CCMFUT,10/02/2025 15:17:00,76.35,76.36,76.35,76.35,721494.9,21.0
CCMFUT,10/02/2025 15:16:00,76.36,76.36,76.35,76.35,103077.44,3.0
CCMFUT,10/02/2025 15:15:00,76.37,76.39,76.36,76.36,240573.39,7.0
CCMFUT,10/02/2025 15:14:00,76.39,76.39,76.38,76.38,343718.93,10.0
CCMFUT,10/02/2025 15:13:00,76.38,76.42,76.38,76.42,137506.43,4.0
CCMFUT,10/02/2025 15:12:00,76.35,76.43,76.35,76.4,4467596.92,130.0
CCMFUT,10/02/2025 15:11:00,76.36,76.37,76.35,76.35,1924403.75,56.0
CCMFUT,10/02/2025 15:10:00,76.32,76.39,76.32,76.35,1752342.6,51.0
CCMFUT,10/02/2025 15:09:00,76.3,76.3,76.3,76.3,137338.79,4.0
CCMFUT,10/02/2025 15:08:00,76.26,76.32,76.25,76.3,1270237.13,37.0
CCMFUT,10/02/2025 15:07:00,76.26,76.29,76.26,76.29,205934.84,6.0
CCMFUT,10/02/2025 15:06:00,76.26,76.26,76.26,76.26,137275.93,4.0
CCMFUT,10/02/2025 15:05:00,76.25,76.29,76.25,76.26,171600.15,5.0
CCMFUT,10/02/2025 15:04:00,76.26,76.28,76.25,76.25,755038.55,22.0
CCMFUT,10/02/2025 15:03:00,76.26,76.28,76.26,76.26,205924.37,6.0
CCMFUT,10/02/2025 15:02:00,76.26,76.26,76.26,76.26,102956.94,3.0
CCMFUT,10/02/2025 15:01:00,76.3,76.3,76.26,76.26,137296.88,4.0
CCMFUT,10/02/2025 15:00:00,76.28,76.29,76.26,76.26,1578741.25,46.0
CCMFUT,10/02/2025 14:59:00,76.29,76.29,76.28,76.28,102977.9,3.0
CCMFUT,10/02/2025 14:58:00,76.28,76.31,76.28,76.29,137317.84,4.0
CCMFUT,10/02/2025 14:57:00,76.32,76.32,76.26,76.3,927188.76,27.0
CCMFUT,10/02/2025 14:56:00,76.33,76.33,76.32,76.32,103040.76,3.0
CCMFUT,10/02/2025 14:55:00,76.35,76.35,76.33,76.33,171762.55,5.0
CCMFUT,10/02/2025 14:54:00,76.32,76.35,76.32,76.32,171746.83,5.0
CCMFUT,10/02/2025 14:53:00,76.33,76.33,76.32,76.32,309148.49,9.0
CCMFUT,10/02/2025 14:52:00,76.32,76.33,76.32,76.33,103040.76,3.0
CCMFUT,10/02/2025 14:51:00,76.37,76.37,76.33,76.33,515381.94,15.0
CCMFUT,10/02/2025 14:50:00,76.37,76.37,76.36,76.37,240541.96,7.0
CCMFUT,10/02/2025 14:49:00,76.36,76.36,76.36,76.36,103082.67,3.0
CCMFUT,10/02/2025 14:48:00,76.4,76.4,76.37,76.37,412503.58,12.0
CCMFUT,10/02/2025 14:47:00,76.42,76.42,76.4,76.4,103150.78,3.0
CCMFUT,10/02/2025 14:46:00,76.43,76.43,76.43,76.43,34392.32,1.0
CCMFUT,10/02/2025 14:45:00,76.42,76.44,76.42,76.43,171972.1,5.0
CCMFUT,10/02/2025 14:43:00,76.43,76.43,76.43,76.43,34392.32,1.0
CCMFUT,10/02/2025 14:42:00,76.44,76.44,76.44,76.44,171987.81,5.0
CCMFUT,10/02/2025 14:41:00,76.43,76.43,76.43,76.43,34392.32,1.0
CCMFUT,10/02/2025 14:40:00,76.44,76.44,76.44,76.44,171987.81,5.0
CCMFUT,10/02/2025 14:38:00,76.44,76.44,76.44,76.44,34397.56,1.0
CCMFUT,10/02/2025 14:36:00,76.44,76.44,76.44,76.44,171987.81,5.0
CCMFUT,10/02/2025 14:35:00,76.44,76.44,76.43,76.43,309536.15,9.0
CCMFUT,10/02/2025 14:34:00,76.42,76.43,76.42,76.43,68779.41,2.0
CCMFUT,10/02/2025 14:33:00,76.43,76.43,76.43,76.43,171961.62,5.0
CCMFUT,10/02/2025 14:32:00,76.42,76.43,76.42,76.43,103171.73,3.0
CCMFUT,10/02/2025 14:26:00,76.38,76.38,76.38,76.38,68742.74,2.0
CCMFUT,10/02/2025 14:23:00,76.38,76.38,76.36,76.36,996596.82,29.0
CCMFUT,10/02/2025 14:22:00,76.43,76.43,76.39,76.39,962749.32,28.0
CCMFUT,10/02/2025 14:21:00,76.44,76.46,76.44,76.44,619166.6,18.0
CCMFUT,10/02/2025 14:16:00,76.44,76.46,76.44,76.46,344012.3,10.0
CCMFUT,10/02/2025 14:14:00,76.42,76.42,76.42,76.42,34387.09,1.0
CCMFUT,10/02/2025 14:10:00,76.42,76.42,76.42,76.42,103161.26,3.0
CCMFUT,10/02/2025 14:04:00,76.43,76.43,76.4,76.4,137548.34,4.0
CCMFUT,10/02/2025 14:03:00,76.43,76.44,76.43,76.43,275164.78,8.0
CCMFUT,10/02/2025 14:00:00,76.44,76.47,76.44,76.45,928985.65,27.0
CCMFUT,10/02/2025 13:58:00,76.44,76.44,76.44,76.44,171987.81,5.0
CCMFUT,10/02/2025 13:56:00,76.45,76.45,76.44,76.44,275196.22,8.0
CCMFUT,10/02/2025 13:55:00,76.45,76.45,76.45,76.45,103208.4,3.0
CCMFUT,10/02/2025 13:54:00,76.43,76.43,76.43,76.43,240746.27,7.0
CCMFUT,10/02/2025 13:53:00,76.43,76.43,76.43,76.43,206353.94,6.0
CCMFUT,10/02/2025 13:49:00,76.43,76.43,76.43,76.43,34392.32,1.0
CCMFUT,10/02/2025 13:47:00,76.4,76.44,76.4,76.44,1925933.46,56.0
CCMFUT,10/02/2025 13:46:00,76.4,76.4,76.4,76.4,412582.16,12.0
CCMFUT,10/02/2025 13:45:00,76.4,76.42,76.4,76.42,206296.32,6.0
CCMFUT,10/02/2025 13:44:00,76.42,76.45,76.4,76.4,2476221.12,72.0
CCMFUT,10/02/2025 13:43:00,76.4,76.42,76.4,76.42,171930.19,5.0
CCMFUT,10/02/2025 13:42:00,76.4,76.4,76.4,76.4,34381.85,1.0
CCMFUT,10/02/2025 13:41:00,76.4,76.4,76.4,76.4,206291.08,6.0
CCMFUT,10/02/2025 13:40:00,76.39,76.39,76.39,76.39,68753.22,2.0
CCMFUT,10/02/2025 13:37:00,76.39,76.39,76.39,76.39,240636.25,7.0
CCMFUT,10/02/2025 13:35:00,76.38,76.38,76.38,76.38,34371.37,1.0
CCMFUT,10/02/2025 13:33:00,76.4,76.4,76.38,76.38,515680.55,15.0
CCMFUT,10/02/2025 13:32:00,76.4,76.4,76.4,76.4,34381.85,1.0
CCMFUT,10/02/2025 13:31:00,76.39,76.39,76.39,76.39,68753.22,2.0
CCMFUT,10/02/2025 13:30:00,76.37,76.39,76.37,76.39,378126.97,11.0
CCMFUT,10/02/2025 13:29:00,76.36,76.36,76.36,76.36,34360.89,1.0
CCMFUT,10/02/2025 13:28:00,76.37,76.37,76.35,76.35,515481.47,15.0
CCMFUT,10/02/2025 13:27:00,76.38,76.38,76.38,76.38,206228.21,6.0
CCMFUT,10/02/2025 13:24:00,76.39,76.39,76.39,76.39,103129.82,3.0
CCMFUT,10/02/2025 13:19:00,76.39,76.4,76.39,76.4,550067.63,16.0
CCMFUT,10/02/2025 13:18:00,76.37,76.37,76.37,76.37,446759.69,13.0
CCMFUT,10/02/2025 13:17:00,76.33,76.33,76.33,76.33,171752.07,5.0
CCMFUT,10/02/2025 13:16:00,76.33,76.33,76.33,76.33,34350.41,1.0
CCMFUT,10/02/2025 13:15:00,76.36,76.36,76.36,76.36,103082.67,3.0
CCMFUT,10/02/2025 13:13:00,76.36,76.36,76.36,76.36,34360.89,1.0
CCMFUT,10/02/2025 13:12:00,76.36,76.39,76.36,76.39,171851.61,5.0
CCMFUT,10/02/2025 13:11:00,76.36,76.37,76.36,76.37,343645.59,10.0
CCMFUT,10/02/2025 13:10:00,76.37,76.37,76.35,76.36,137443.57,4.0
CCMFUT,10/02/2025 13:09:00,76.4,76.4,76.4,76.4,34381.85,1.0
CCMFUT,10/02/2025 13:08:00,76.39,76.42,76.38,76.4,653239.36,19.0
CCMFUT,10/02/2025 13:07:00,76.38,76.4,76.37,76.4,549973.33,16.0
CCMFUT,10/02/2025 13:04:00,76.35,76.37,76.35,76.37,687217.83,20.0
CCMFUT,10/02/2025 13:03:00,76.32,76.35,76.32,76.32,412199.73,12.0
CCMFUT,10/02/2025 13:02:00,76.3,76.37,76.29,76.33,2233054.56,65.0
CCMFUT,10/02/2025 12:59:00,76.29,76.29,76.29,76.29,102988.38,3.0
CCMFUT,10/02/2025 12:50:00,76.28,76.28,76.28,76.28,34324.22,1.0
CCMFUT,10/02/2025 12:48:00,76.3,76.3,76.28,76.28,171663.01,5.0
CCMFUT,10/02/2025 12:47:00,76.28,76.28,76.28,76.28,34324.22,1.0
CCMFUT,10/02/2025 12:46:00,76.25,76.28,76.25,76.28,205934.84,6.0
CCMFUT,10/02/2025 12:45:00,76.26,76.26,76.25,76.25,68632.72,2.0
CCMFUT,10/02/2025 12:44:00,76.26,76.36,76.26,76.29,1648406.01,48.0
CCMFUT,10/02/2025 12:42:00,76.25,76.25,76.25,76.25,68627.49,2.0
CCMFUT,10/02/2025 12:40:00,76.23,76.23,76.22,76.22,102904.56,3.0
CCMFUT,10/02/2025 12:37:00,76.28,76.28,76.26,76.28,205940.08,6.0
CCMFUT,10/02/2025 12:36:00,76.28,76.28,76.28,76.28,34324.22,1.0
CCMFUT,10/02/2025 12:35:00,76.26,76.28,76.26,76.28,68643.2,2.0
CCMFUT,10/02/2025 12:33:00,76.28,76.28,76.28,76.28,137296.88,4.0
CCMFUT,10/02/2025 12:32:00,76.32,76.35,76.29,76.29,618218.39,18.0
CCMFUT,10/02/2025 12:31:00,76.3,76.32,76.3,76.32,412084.48,12.0
CCMFUT,10/02/2025 12:30:00,76.29,76.3,76.28,76.29,274635.67,8.0
CCMFUT,10/02/2025 12:28:00,76.29,76.29,76.26,76.26,102972.66,3.0
CCMFUT,10/02/2025 12:26:00,76.26,76.26,76.26,76.26,34318.98,1.0
CCMFUT,10/02/2025 12:25:00,76.29,76.29,76.29,76.29,137317.84,4.0
CCMFUT,10/02/2025 12:24:00,76.28,76.3,76.28,76.3,411948.27,12.0
CCMFUT,10/02/2025 12:23:00,76.28,76.28,76.28,76.28,34324.22,1.0
CCMFUT,10/02/2025 12:22:00,76.28,76.28,76.28,76.28,102972.66,3.0
CCMFUT,10/02/2025 12:21:00,76.25,76.25,76.25,76.25,102941.23,3.0
CCMFUT,10/02/2025 12:20:00,76.23,76.24,76.22,76.24,205814.35,6.0
CCMFUT,10/02/2025 12:19:00,76.21,76.23,76.21,76.23,377278.29,11.0
CCMFUT,10/02/2025 12:18:00,76.23,76.23,76.21,76.21,68596.05,2.0
CCMFUT,10/02/2025 12:16:00,76.23,76.23,76.23,76.23,68606.53,2.0
CCMFUT,10/02/2025 12:05:00,76.21,76.24,76.21,76.23,240091.42,7.0
CCMFUT,10/02/2025 11:55:00,76.26,76.26,76.26,76.26,34318.98,1.0
CCMFUT,10/02/2025 11:51:00,76.24,76.24,76.24,76.24,34308.5,1.0
CCMFUT,10/02/2025 11:49:00,76.23,76.23,76.23,76.23,34303.27,1.0
CCMFUT,10/02/2025 11:48:00,76.23,76.23,76.23,76.23,205819.59,6.0
CCMFUT,10/02/2025 11:47:00,76.21,76.21,76.21,76.21,34292.79,1.0
CCMFUT,10/02/2025 11:45:00,76.24,76.24,76.21,76.21,102899.32,3.0
CCMFUT,10/02/2025 11:44:00,76.26,76.26,76.23,76.24,171542.52,5.0
CCMFUT,10/02/2025 11:43:00,76.28,76.28,76.24,76.25,308839.4,9.0
CCMFUT,10/02/2025 11:42:00,76.28,76.28,76.26,76.26,205940.08,6.0
CCMFUT,10/02/2025 11:41:00,76.31,76.31,76.31,76.31,34339.94,1.0
CCMFUT,10/02/2025 11:39:00,76.31,76.31,76.31,76.31,68679.87,2.0
CCMFUT,10/02/2025 11:38:00,76.32,76.32,76.32,76.32,34345.18,1.0
CCMFUT,10/02/2025 11:37:00,76.36,76.36,76.36,76.36,34360.89,1.0
CCMFUT,10/02/2025 11:36:00,76.36,76.36,76.36,76.36,34360.89,1.0
CCMFUT,10/02/2025 11:35:00,76.32,76.37,76.32,76.37,755976.28,22.0
CCMFUT,10/02/2025 11:34:00,76.35,76.35,76.33,76.33,103061.72,3.0
CCMFUT,10/02/2025 11:32:00,76.32,76.32,76.32,76.32,34345.18,1.0
CCMFUT,10/02/2025 11:31:00,76.33,76.35,76.33,76.35,103061.72,3.0
CCMFUT,10/02/2025 11:25:00,76.33,76.35,76.33,76.35,687081.62,20.0
CCMFUT,10/02/2025 11:24:00,76.32,76.32,76.32,76.32,68690.35,2.0
CCMFUT,10/02/2025 11:20:00,76.32,76.32,76.32,76.32,34345.18,1.0
CCMFUT,10/02/2025 11:19:00,76.35,76.35,76.35,76.35,68711.31,2.0
CCMFUT,10/02/2025 11:18:00,76.33,76.36,76.33,76.36,343535.57,10.0
CCMFUT,10/02/2025 11:17:00,76.31,76.31,76.31,76.31,34339.94,1.0
CCMFUT,10/02/2025 11:16:00,76.31,76.33,76.31,76.33,549585.67,16.0
CCMFUT,10/02/2025 11:14:00,76.38,76.38,76.38,76.38,34371.37,1.0
CCMFUT,10/02/2025 11:13:00,76.36,76.42,76.36,76.4,3814771.41,111.0
CCMFUT,10/02/2025 11:10:00,76.3,76.3,76.3,76.3,137338.79,4.0
CCMFUT,10/02/2025 11:07:00,76.3,76.32,76.3,76.3,343378.41,10.0
CCMFUT,10/02/2025 11:06:00,76.32,76.33,76.3,76.3,549486.13,16.0
CCMFUT,10/02/2025 11:05:00,76.28,76.3,76.28,76.3,205997.71,6.0
CCMFUT,10/02/2025 11:03:00,76.31,76.31,76.28,76.28,137328.31,4.0
CCMFUT,10/02/2025 11:01:00,76.29,76.33,76.29,76.33,515062.38,15.0
CCMFUT,10/02/2025 10:59:00,76.28,76.28,76.26,76.26,102962.18,3.0
CCMFUT,10/02/2025 10:56:00,76.28,76.28,76.28,76.28,34324.22,1.0
CCMFUT,10/02/2025 10:55:00,76.25,76.28,76.25,76.28,68637.96,2.0
CCMFUT,10/02/2025 10:54:00,76.29,76.35,76.29,76.3,755546.71,22.0
CCMFUT,10/02/2025 10:50:00,76.25,76.25,76.25,76.25,411764.91,12.0
CCMFUT,10/02/2025 10:49:00,76.22,76.25,76.22,76.25,171537.28,5.0
CCMFUT,10/02/2025 10:46:00,76.26,76.26,76.19,76.19,1029255.12,30.0
CCMFUT,10/02/2025 10:45:00,76.29,76.29,76.29,76.29,34329.46,1.0
CCMFUT,10/02/2025 10:41:00,76.29,76.29,76.29,76.29,34329.46,1.0
CCMFUT,10/02/2025 10:39:00,76.3,76.3,76.3,76.3,34334.7,1.0
CCMFUT,10/02/2025 10:38:00,76.3,76.3,76.3,76.3,34334.7,1.0
CCMFUT,10/02/2025 10:37:00,76.29,76.29,76.29,76.29,102988.38,3.0
CCMFUT,10/02/2025 10:34:00,76.28,76.28,76.28,76.28,34324.22,1.0
CCMFUT,10/02/2025 10:30:00,76.28,76.28,76.28,76.28,34324.22,1.0
CCMFUT,10/02/2025 10:26:00,76.29,76.29,76.29,76.29,34329.46,1.0
CCMFUT,10/02/2025 10:22:00,76.3,76.3,76.3,76.3,68669.4,2.0
CCMFUT,10/02/2025 10:17:00,76.31,76.32,76.31,76.32,171704.92,5.0
CCMFUT,10/02/2025 10:16:00,76.31,76.32,76.31,76.32,343415.08,10.0
CCMFUT,10/02/2025 10:14:00,76.3,76.31,76.3,76.31,240353.36,7.0
CCMFUT,10/02/2025 10:13:00,76.29,76.32,76.29,76.31,343352.22,10.0
CCMFUT,10/02/2025 10:12:00,76.25,76.29,76.25,76.28,343184.58,10.0
CCMFUT,10/02/2025 10:10:00,76.23,76.24,76.23,76.24,68611.77,2.0
CCMFUT,10/02/2025 10:04:00,76.23,76.23,76.23,76.23,68606.53,2.0
CCMFUT,10/02/2025 10:03:00,76.24,76.25,76.24,76.24,274488.99,8.0
CCMFUT,10/02/2025 10:02:00,76.23,76.23,76.23,76.23,34303.27,1.0
CCMFUT,10/02/2025 10:01:00,76.25,76.25,76.24,76.24,240190.96,7.0
CCMFUT,10/02/2025 10:00:00,76.23,76.26,76.23,76.24,446015.79,13.0
CCMFUT,10/02/2025 09:59:00,76.22,76.3,76.22,76.25,4495063.63,131.0
CCMFUT,10/02/2025 09:55:00,76.22,76.24,76.21,76.24,308729.39,9.0
CCMFUT,10/02/2025 09:53:00,76.22,76.22,76.22,76.22,34298.03,1.0
CCMFUT,10/02/2025 09:52:00,76.22,76.22,76.22,76.22,34298.03,1.0
CCMFUT,10/02/2025 09:51:00,76.21,76.21,76.21,76.21,68585.58,2.0
CCMFUT,10/02/2025 09:50:00,76.23,76.23,76.19,76.19,548705.56,16.0
CCMFUT,10/02/2025 09:48:00,76.19,76.19,76.19,76.19,34287.55,1.0
CCMFUT,10/02/2025 09:45:00,76.19,76.19,76.17,76.17,102852.17,3.0
CCMFUT,10/02/2025 09:44:00,76.23,76.23,76.22,76.22,102904.56,3.0
CCMFUT,10/02/2025 09:43:00,76.23,76.23,76.23,76.23,68606.53,2.0
CCMFUT,10/02/2025 09:42:00,76.22,76.22,76.21,76.21,102888.84,3.0
CCMFUT,10/02/2025 09:41:00,76.19,76.22,76.19,76.22,342906.92,10.0
CCMFUT,10/02/2025 09:40:00,76.16,76.18,76.16,76.18,205657.19,6.0
CCMFUT,10/02/2025 09:38:00,76.14,76.15,76.14,76.15,445402.86,13.0
CCMFUT,10/02/2025 09:37:00,76.14,76.14,76.14,76.14,68522.71,2.0
CCMFUT,10/02/2025 09:36:00,76.14,76.14,76.14,76.14,34261.36,1.0
CCMFUT,10/02/2025 09:34:00,76.17,76.17,76.17,76.17,34277.07,1.0
CCMFUT,10/02/2025 09:33:00,76.17,76.17,76.17,76.17,137108.29,4.0
CCMFUT,10/02/2025 09:32:00,76.15,76.15,76.15,76.15,68533.19,2.0
CCMFUT,10/02/2025 09:31:00,76.16,76.16,76.16,76.16,34271.83,1.0
CCMFUT,10/02/2025 09:30:00,76.19,76.22,76.15,76.15,548443.62,16.0
CCMFUT,10/02/2025 09:28:00,76.17,76.17,76.17,76.17,34277.07,1.0
CCMFUT,10/02/2025 09:26:00,76.19,76.19,76.18,76.18,68569.86,2.0
CCMFUT,10/02/2025 09:25:00,76.21,76.21,76.21,76.21,34292.79,1.0
CCMFUT,10/02/2025 09:23:00,76.19,76.25,76.19,76.25,686018.16,20.0
CCMFUT,10/02/2025 09:21:00,76.19,76.19,76.19,76.19,34287.55,1.0
CCMFUT,10/02/2025 09:19:00,76.19,76.19,76.19,76.19,34287.55,1.0
CCMFUT,10/02/2025 09:18:00,76.19,76.19,76.19,76.19,171437.75,5.0
CCMFUT,10/02/2025 09:15:00,76.21,76.21,76.21,76.21,68585.58,2.0
CCMFUT,10/02/2025 09:14:00,76.22,76.22,76.18,76.18,68580.34,2.0
CCMFUT,10/02/2025 09:13:00,76.24,76.24,76.23,76.23,102915.03,3.0
CCMFUT,10/02/2025 09:11:00,76.17,76.17,76.17,76.17,34277.07,1.0
CCMFUT,10/02/2025 09:10:00,76.18,76.18,76.16,76.17,171390.6,5.0
CCMFUT,10/02/2025 09:09:00,76.21,76.22,76.21,76.22,137186.87,4.0
CCMFUT,10/02/2025 09:08:00,76.14,76.22,76.09,76.22,685179.96,20.0
CCMFUT,10/02/2025 09:07:00,76.26,76.26,76.19,76.19,926256.27,27.0
CCMFUT,10/02/2025 09:05:00,76.31,76.31,76.15,76.21,2024070.77,59.0
CCMFUT,10/02/2025 09:04:00,76.25,76.25,76.25,76.25,377451.17,11.0
CCMFUT,10/02/2025 09:03:00,76.36,76.36,76.24,76.25,5388588.25,157.0
CCMFUT,10/02/2025 09:01:00,76.39,76.49,76.25,76.39,7315925.69,213.0
CCMFUT,10/02/2025 09:00:00,76.36,76.47,76.36,76.47,171982.57,5.0
CCMFUT,10/01/2025 17:05:00,76.42,76.42,76.31,76.35,1339938.56,39.0
CCMFUT,10/01/2025 16:19:00,76.25,76.32,76.25,76.32,7824355.83,228.0
CCMFUT,10/01/2025 16:18:00,76.26,76.26,76.26,76.26,137275.93,4.0
CCMFUT,10/01/2025 16:17:00,76.25,76.25,76.25,76.25,68627.49,2.0
CCMFUT,10/01/2025 16:16:00,76.25,76.29,76.25,76.29,960858.14,28.0
CCMFUT,10/01/2025 16:15:00,76.25,76.26,76.25,76.26,720651.46,21.0
CCMFUT,10/01/2025 16:14:00,76.25,76.26,76.25,76.25,789221.32,23.0
CCMFUT,10/01/2025 16:13:00,76.26,76.28,76.25,76.26,1853099.27,54.0
CCMFUT,10/01/2025 16:10:00,76.25,76.26,76.25,76.26,1441224.34,42.0
CCMFUT,10/01/2025 16:09:00,76.26,76.26,76.26,76.26,34318.98,1.0
CCMFUT,10/01/2025 16:07:00,76.25,76.26,76.25,76.26,583344.1,17.0
CCMFUT,10/01/2025 16:05:00,76.25,76.25,76.25,76.25,240196.2,7.0
CCMFUT,10/01/2025 16:04:00,76.26,76.26,76.26,76.26,34318.98,1.0
CCMFUT,10/01/2025 16:02:00,76.25,76.28,76.24,76.28,1544092.23,45.0
CCMFUT,10/01/2025 15:59:00,76.28,76.28,76.28,76.28,308917.98,9.0
CCMFUT,10/01/2025 15:58:00,76.26,76.26,76.26,76.26,102956.94,3.0
CCMFUT,10/01/2025 15:57:00,76.28,76.28,76.28,76.28,171621.1,5.0
CCMFUT,10/01/2025 15:56:00,76.28,76.28,76.28,76.28,68648.44,2.0
CCMFUT,10/01/2025 15:55:00,76.26,76.26,76.26,76.26,34318.98,1.0
CCMFUT,10/01/2025 15:54:00,76.26,76.29,76.25,76.29,926743.47,27.0
CCMFUT,10/01/2025 15:53:00,76.26,76.26,76.26,76.26,68637.96,2.0
CCMFUT,10/01/2025 15:51:00,76.28,76.28,76.28,76.28,34324.22,1.0
CCMFUT,10/01/2025 15:49:00,76.29,76.31,76.26,76.28,1476192.93,43.0
CCMFUT,10/01/2025 15:47:00,76.29,76.29,76.29,76.29,34329.46,1.0
CCMFUT,10/01/2025 15:45:00,76.29,76.3,76.29,76.3,102998.85,3.0
CCMFUT,10/01/2025 15:44:00,76.26,76.29,76.26,76.29,995391.91,29.0
CCMFUT,10/01/2025 15:39:00,76.25,76.26,76.25,76.26,446120.57,13.0
CCMFUT,10/01/2025 15:38:00,76.26,76.26,76.26,76.26,205913.89,6.0
CCMFUT,10/01/2025 15:37:00,76.25,76.25,76.25,76.25,34313.74,1.0
CCMFUT,10/01/2025 15:36:00,76.25,76.25,76.25,76.25,171568.71,5.0
CCMFUT,10/01/2025 15:35:00,76.26,76.28,76.24,76.28,651997.78,19.0
CCMFUT,10/01/2025 15:34:00,76.26,76.28,76.26,76.28,514805.68,15.0
CCMFUT,10/01/2025 15:33:00,76.24,76.28,76.24,76.25,480423.83,14.0
CCMFUT,10/01/2025 15:32:00,76.24,76.24,76.24,76.24,34308.5,1.0
CCMFUT,10/01/2025 15:31:00,76.24,76.24,76.24,76.24,68617.01,2.0
CCMFUT,10/01/2025 15:30:00,76.24,76.24,76.24,76.24,34308.5,1.0
CCMFUT,10/01/2025 15:29:00,76.24,76.24,76.24,76.24,34308.5,1.0
CCMFUT,10/01/2025 15:27:00,76.26,76.26,76.24,76.24,240175.24,7.0
CCMFUT,10/01/2025 15:26:00,76.28,76.28,76.28,76.28,137296.88,4.0
CCMFUT,10/01/2025 15:25:00,76.23,76.31,76.23,76.26,1441591.06,42.0
CCMFUT,10/01/2025 15:24:00,76.23,76.25,76.23,76.25,686217.23,20.0
CCMFUT,10/01/2025 15:23:00,76.22,76.22,76.22,76.22,137192.11,4.0
CCMFUT,10/01/2025 15:22:00,76.22,76.22,76.22,76.22,102894.08,3.0
CCMFUT,10/01/2025 15:20:00,76.22,76.22,76.22,76.22,34298.03,1.0
CCMFUT,10/01/2025 15:19:00,76.17,76.21,76.17,76.21,411413.92,12.0
CCMFUT,10/01/2025 15:18:00,76.18,76.19,76.17,76.17,582725.93,17.0
CCMFUT,10/01/2025 15:17:00,76.18,76.18,76.18,76.18,68564.62,2.0
CCMFUT,10/01/2025 15:16:00,76.17,76.21,76.17,76.17,137124.0,4.0
CCMFUT,10/01/2025 15:15:00,76.15,76.17,76.15,76.17,102820.74,3.0
CCMFUT,10/01/2025 15:14:00,76.16,76.17,76.15,76.17,342707.85,10.0
CCMFUT,10/01/2025 15:13:00,76.25,76.26,76.15,76.17,3051974.29,89.0
CCMFUT,10/01/2025 15:10:00,76.31,76.32,76.31,76.32,343446.51,10.0
CCMFUT,10/01/2025 15:09:00,76.31,76.31,76.31,76.31,34339.94,1.0
CCMFUT,10/01/2025 15:08:00,76.26,76.31,76.25,76.31,755143.32,22.0
CCMFUT,10/01/2025 15:07:00,76.3,76.3,76.3,76.3,171673.49,5.0
CCMFUT,10/01/2025 15:06:00,76.23,76.33,76.23,76.33,961549.65,28.0
CCMFUT,10/01/2025 15:05:00,76.26,76.26,76.24,76.24,240190.96,7.0
CCMFUT,10/01/2025 15:04:00,76.26,76.28,76.24,76.28,308834.16,9.0
CCMFUT,10/01/2025 15:03:00,76.28,76.29,76.28,76.29,137307.36,4.0
CCMFUT,10/01/2025 15:02:00,76.3,76.3,76.28,76.28,240300.97,7.0
CCMFUT,10/01/2025 15:01:00,76.3,76.33,76.29,76.32,446398.22,13.0
CCMFUT,10/01/2025 15:00:00,76.19,76.37,76.19,76.32,6521109.4,190.0
CCMFUT,10/01/2025 14:59:00,76.21,76.21,76.21,76.21,102878.36,3.0
CCMFUT,10/01/2025 14:58:00,76.19,76.19,76.19,76.19,342875.49,10.0
CCMFUT,10/01/2025 14:56:00,76.18,76.18,76.18,76.18,34282.31,1.0
CCMFUT,10/01/2025 14:55:00,76.17,76.17,76.16,76.17,137103.05,4.0
CCMFUT,10/01/2025 14:54:00,76.16,76.18,76.16,76.18,308477.93,9.0
CCMFUT,10/01/2025 14:53:00,76.16,76.16,76.16,76.16,411261.99,12.0
CCMFUT,10/01/2025 14:50:00,76.16,76.16,76.16,76.16,34271.83,1.0
CCMFUT,10/01/2025 14:48:00,76.15,76.16,76.15,76.16,171343.45,5.0
CCMFUT,10/01/2025 14:45:00,76.15,76.17,76.14,76.14,137071.62,4.0
CCMFUT,10/01/2025 14:43:00,76.16,76.16,76.16,76.16,68543.67,2.0
CCMFUT,10/01/2025 14:41:00,76.15,76.15,76.14,76.14,890810.96,26.0
CCMFUT,10/01/2025 14:39:00,76.14,76.14,76.14,76.14,890795.24,26.0
CCMFUT,10/01/2025 14:35:00,76.14,76.16,76.14,76.16,68533.19,2.0
CCMFUT,10/01/2025 14:33:00,76.17,76.17,76.16,76.16,651185.78,19.0
CCMFUT,10/01/2025 14:31:00,76.18,76.19,76.18,76.19,68569.86,2.0
CCMFUT,10/01/2025 14:30:00,76.21,76.24,76.19,76.19,720316.18,21.0
CCMFUT,10/01/2025 14:27:00,76.19,76.19,76.19,76.19,68575.1,2.0
CCMFUT,10/01/2025 14:26:00,76.18,76.18,76.17,76.17,68559.38,2.0
CCMFUT,10/01/2025 14:25:00,76.18,76.21,76.18,76.18,239991.89,7.0
CCMFUT,10/01/2025 14:23:00,76.22,76.23,76.19,76.19,274331.82,8.0
CCMFUT,10/01/2025 14:22:00,76.18,76.22,76.18,76.22,1268696.94,37.0
CCMFUT,10/01/2025 14:21:00,76.17,76.18,76.17,76.18,205672.91,6.0
CCMFUT,10/01/2025 14:20:00,76.15,76.16,76.14,76.16,342702.61,10.0
CCMFUT,10/01/2025 14:19:00,76.14,76.14,76.11,76.11,239792.82,7.0
CCMFUT,10/01/2025 14:18:00,76.18,76.18,76.16,76.16,651342.94,19.0
CCMFUT,10/01/2025 14:17:00,76.16,76.16,76.16,76.16,171359.16,5.0
CCMFUT,10/01/2025 14:16:00,76.18,76.18,76.16,76.16,994145.09,29.0
CCMFUT,10/01/2025 14:15:00,76.11,76.18,76.11,76.18,1645042.74,48.0
CCMFUT,10/01/2025 14:14:00,76.09,76.14,76.09,76.12,2397828.63,70.0
CCMFUT,10/01/2025 14:13:00,76.07,76.08,76.07,76.08,239640.89,7.0
CCMFUT,10/01/2025 14:12:00,76.08,76.08,76.08,76.08,136940.65,4.0
CCMFUT,10/01/2025 14:11:00,76.03,76.05,76.03,76.05,102653.1,3.0
CCMFUT,10/01/2025 14:07:00,76.03,76.03,76.03,76.03,34214.21,1.0
CCMFUT,10/01/2025 14:05:00,76.07,76.07,76.07,76.07,102689.77,3.0
CCMFUT,10/01/2025 14:04:00,76.09,76.09,76.09,76.09,68480.8,2.0
CCMFUT,10/01/2025 14:03:00,76.08,76.08,76.07,76.07,342346.38,10.0
CCMFUT,10/01/2025 14:02:00,76.08,76.08,76.07,76.07,171160.09,5.0
CCMFUT,10/01/2025 14:01:00,76.08,76.1,76.08,76.08,821696.27,24.0
CCMFUT,10/01/2025 14:00:00,76.02,76.07,76.02,76.07,513260.25,15.0
CCMFUT,10/01/2025 13:59:00,76.01,76.01,76.01,76.01,68407.46,2.0
CCMFUT,10/01/2025 13:58:00,76.01,76.02,75.99,76.01,444601.33,13.0
CCMFUT,10/01/2025 13:55:00,75.99,76.02,75.99,76.02,205217.14,6.0
CCMFUT,10/01/2025 13:54:00,76.0,76.02,76.0,76.01,478878.4,14.0
CCMFUT,10/01/2025 13:52:00,76.0,76.0,76.0,76.0,68396.98,2.0
CCMFUT,10/01/2025 13:48:00,75.95,76.01,75.95,76.01,752220.11,22.0
CCMFUT,10/01/2025 13:47:00,75.96,75.99,75.95,75.95,410224.72,12.0
CCMFUT,10/01/2025 13:45:00,75.92,75.95,75.92,75.95,170845.77,5.0
CCMFUT,10/01/2025 13:41:00,75.92,75.94,75.9,75.94,854045.48,25.0
CCMFUT,10/01/2025 13:39:00,75.93,75.93,75.93,75.93,34167.06,1.0
CCMFUT,10/01/2025 13:37:00,75.92,75.93,75.92,75.93,68328.88,2.0
CCMFUT,10/01/2025 13:36:00,75.93,75.93,75.93,75.93,68334.12,2.0
CCMFUT,10/01/2025 13:35:00,75.93,75.93,75.9,75.9,273278.84,8.0
CCMFUT,10/01/2025 13:34:00,75.93,75.94,75.92,75.94,444208.43,13.0
CCMFUT,10/01/2025 13:33:00,75.96,75.97,75.94,75.94,820260.85,24.0
CCMFUT,10/01/2025 13:31:00,75.97,75.97,75.97,75.97,68376.03,2.0
CCMFUT,10/01/2025 13:30:00,75.99,76.01,75.99,75.99,341942.99,10.0
CCMFUT,10/01/2025 13:29:00,75.97,76.0,75.97,75.97,341890.61,10.0
CCMFUT,10/01/2025 13:26:00,75.96,75.96,75.96,75.96,170913.87,5.0
CCMFUT,10/01/2025 13:25:00,75.96,75.97,75.95,75.96,1264757.41,37.0
CCMFUT,10/01/2025 13:21:00,75.97,75.97,75.97,75.97,68376.03,2.0
CCMFUT,10/01/2025 13:18:00,75.96,75.97,75.96,75.97,307650.21,9.0
CCMFUT,10/01/2025 13:15:00,75.97,75.97,75.97,75.97,34188.01,1.0
CCMFUT,10/01/2025 13:14:00,76.0,76.0,75.99,75.99,68391.74,2.0
CCMFUT,10/01/2025 13:13:00,75.99,75.99,75.99,75.99,273546.01,8.0
CCMFUT,10/01/2025 13:11:00,75.99,75.99,75.99,75.99,170966.26,5.0
CCMFUT,10/01/2025 13:10:00,75.97,75.97,75.97,75.97,34188.01,1.0
CCMFUT,10/01/2025 13:09:00,75.99,76.0,75.99,75.99,170971.5,5.0
CCMFUT,10/01/2025 13:08:00,75.99,75.99,75.95,75.99,512862.1,15.0
CCMFUT,10/01/2025 13:07:00,76.04,76.04,75.97,76.0,1402368.61,41.0
CCMFUT,10/01/2025 13:05:00,76.05,76.07,76.05,76.07,68454.61,2.0
CCMFUT,10/01/2025 13:04:00,76.08,76.08,76.08,76.08,34235.16,1.0
CCMFUT,10/01/2025 13:01:00,76.07,76.07,76.07,76.07,513448.84,15.0
CCMFUT,10/01/2025 12:56:00,76.04,76.05,76.03,76.05,1882074.74,55.0
CCMFUT,10/01/2025 12:55:00,76.04,76.07,76.04,76.04,855496.61,25.0
CCMFUT,10/01/2025 12:52:00,76.04,76.08,76.04,76.08,273823.67,8.0
CCMFUT,10/01/2025 12:51:00,76.07,76.07,76.07,76.07,342299.23,10.0
CCMFUT,10/01/2025 12:49:00,76.1,76.1,76.1,76.1,68491.28,2.0
CCMFUT,10/01/2025 12:48:00,76.09,76.14,76.09,76.14,6403138.23,187.0
CCMFUT,10/01/2025 12:45:00,76.08,76.1,76.08,76.1,68480.8,2.0
CCMFUT,10/01/2025 12:44:00,76.09,76.1,76.09,76.1,205447.64,6.0
CCMFUT,10/01/2025 12:43:00,76.08,76.09,76.08,76.09,239672.33,7.0
CCMFUT,10/01/2025 12:42:00,76.09,76.09,76.09,76.09,34240.4,1.0
CCMFUT,10/01/2025 12:41:00,76.04,76.09,76.04,76.09,479245.11,14.0
CCMFUT,10/01/2025 12:40:00,76.04,76.04,76.03,76.03,171086.75,5.0
CCMFUT,10/01/2025 12:39:00,76.04,76.04,76.04,76.04,205316.67,6.0
CCMFUT,10/01/2025 12:36:00,76.07,76.07,76.07,76.07,68459.85,2.0
CCMFUT,10/01/2025 12:35:00,76.05,76.09,76.05,76.09,1198162.55,35.0
CCMFUT,10/01/2025 12:34:00,76.02,76.04,76.02,76.04,273708.41,8.0
CCMFUT,10/01/2025 12:32:00,76.03,76.03,76.03,76.03,34214.21,1.0
CCMFUT,10/01/2025 12:30:00,76.03,76.03,76.03,76.03,34214.21,1.0
CCMFUT,10/01/2025 12:29:00,76.01,76.07,76.01,76.07,2052595.7,60.0
CCMFUT,10/01/2025 12:25:00,76.02,76.02,76.02,76.02,34208.97,1.0
CCMFUT,10/01/2025 12:23:00,76.0,76.0,76.0,76.0,34198.49,1.0
CCMFUT,10/01/2025 12:20:00,76.03,76.03,76.03,76.03,34214.21,1.0
CCMFUT,10/01/2025 12:18:00,76.04,76.05,76.04,76.05,205321.91,6.0
CCMFUT,10/01/2025 12:16:00,76.07,76.07,76.07,76.07,34229.92,1.0
CCMFUT,10/01/2025 12:15:00,76.09,76.09,76.09,76.09,102721.2,3.0
CCMFUT,10/01/2025 12:14:00,76.08,76.08,76.08,76.08,34235.16,1.0
CCMFUT,10/01/2025 12:12:00,76.09,76.11,76.09,76.11,342451.15,10.0
CCMFUT,10/01/2025 12:11:00,76.07,76.09,76.07,76.09,308137.41,9.0
CCMFUT,10/01/2025 12:10:00,76.04,76.04,76.04,76.04,34219.45,1.0
CCMFUT,10/01/2025 12:03:00,76.05,76.05,76.05,76.05,68449.37,2.0
CCMFUT,10/01/2025 12:00:00,76.01,76.05,76.01,76.05,171091.99,5.0
CCMFUT,10/01/2025 11:55:00,76.02,76.03,76.02,76.03,205259.05,6.0
CCMFUT,10/01/2025 11:54:00,76.02,76.02,76.02,76.02,136835.87,4.0
CCMFUT,10/01/2025 11:50:00,76.02,76.02,76.02,76.02,34208.97,1.0
CCMFUT,10/01/2025 11:48:00,76.07,76.07,76.07,76.07,102689.77,3.0
CCMFUT,10/01/2025 11:47:00,76.04,76.04,76.04,76.04,34219.45,1.0
CCMFUT,10/01/2025 11:46:00,75.99,76.02,75.99,76.02,136820.16,4.0
CCMFUT,10/01/2025 11:44:00,75.97,76.04,75.97,76.03,718341.18,21.0
CCMFUT,10/01/2025 11:43:00,75.97,76.0,75.97,75.97,239331.81,7.0
CCMFUT,10/01/2025 11:42:00,75.97,76.0,75.97,75.97,102574.52,3.0
CCMFUT,10/01/2025 11:41:00,75.97,75.97,75.97,75.97,205128.08,6.0
CCMFUT,10/01/2025 11:40:00,75.96,75.96,75.95,75.95,68360.31,2.0
CCMFUT,10/01/2025 11:39:00,75.97,75.97,75.97,75.97,136752.05,4.0
CCMFUT,10/01/2025 11:38:00,75.96,75.97,75.93,75.96,170898.16,5.0
CCMFUT,10/01/2025 11:37:00,75.95,75.97,75.95,75.97,170919.11,5.0
CCMFUT,10/01/2025 11:36:00,75.94,75.96,75.94,75.95,786078.08,23.0
CCMFUT,10/01/2025 11:34:00,75.93,75.96,75.93,75.95,820114.17,24.0
CCMFUT,10/01/2025 11:31:00,75.9,75.9,75.9,75.9,136626.32,4.0
CCMFUT,10/01/2025 11:30:00,75.94,75.94,75.89,75.9,444056.5,13.0
CCMFUT,10/01/2025 11:29:00,75.96,75.97,75.95,75.95,6393132.24,187.0
CCMFUT,10/01/2025 11:26:00,75.94,75.96,75.94,75.96,239268.94,7.0
CCMFUT,10/01/2025 11:24:00,75.96,75.96,75.96,75.96,170913.87,5.0
CCMFUT,10/01/2025 11:23:00,75.95,75.95,75.95,75.95,34177.54,1.0
CCMFUT,10/01/2025 11:22:00,75.97,76.0,75.96,75.96,615394.71,18.0
CCMFUT,10/01/2025 11:21:00,75.96,75.96,75.96,75.96,102548.32,3.0
CCMFUT,10/01/2025 11:20:00,75.95,75.95,75.95,75.95,34177.54,1.0
CCMFUT,10/01/2025 11:15:00,75.97,75.97,75.97,75.97,102564.04,3.0
CCMFUT,10/01/2025 11:14:00,75.97,75.97,75.97,75.97,444444.17,13.0
CCMFUT,10/01/2025 11:11:00,75.97,76.0,75.97,75.97,273566.97,8.0
CCMFUT,10/01/2025 11:10:00,75.95,75.95,75.95,75.95,34177.54,1.0
CCMFUT,10/01/2025 11:09:00,75.96,75.96,75.96,75.96,68365.55,2.0
CCMFUT,10/01/2025 11:07:00,75.96,75.96,75.96,75.96,34182.77,1.0
CCMFUT,10/01/2025 11:06:00,75.94,75.96,75.94,75.96,68355.07,2.0
CCMFUT,10/01/2025 11:05:00,75.94,75.94,75.94,75.94,68344.59,2.0
CCMFUT,10/01/2025 11:03:00,75.96,75.97,75.96,75.96,307650.21,9.0
CCMFUT,10/01/2025 11:01:00,75.92,75.92,75.92,75.92,34161.82,1.0
CCMFUT,10/01/2025 10:57:00,75.92,75.92,75.92,75.92,34161.82,1.0
CCMFUT,10/01/2025 10:50:00,75.92,75.92,75.92,75.92,34161.82,1.0
CCMFUT,10/01/2025 10:44:00,75.92,75.92,75.9,75.9,273257.88,8.0
CCMFUT,10/01/2025 10:43:00,75.93,75.94,75.93,75.94,136673.47,4.0
CCMFUT,10/01/2025 10:42:00,75.9,75.92,75.9,75.92,239101.3,7.0
CCMFUT,10/01/2025 10:41:00,75.89,75.89,75.88,75.88,136600.13,4.0
CCMFUT,10/01/2025 10:40:00,75.87,75.9,75.87,75.89,512243.93,15.0
CCMFUT,10/01/2025 10:39:00,75.89,75.89,75.88,75.88,239038.44,7.0
CCMFUT,10/01/2025 10:38:00,75.9,75.9,75.88,75.88,580567.57,17.0
CCMFUT,10/01/2025 10:37:00,75.94,75.94,75.92,75.92,1093492.54,32.0
CCMFUT,10/01/2025 10:36:00,75.96,75.97,75.96,75.96,13262932.13,388.0
CCMFUT,10/01/2025 10:35:00,75.94,75.94,75.94,75.94,136689.19,4.0
CCMFUT,10/01/2025 10:33:00,75.95,75.95,75.95,75.95,34177.54,1.0
CCMFUT,10/01/2025 10:32:00,75.94,75.94,75.94,75.94,375895.26,11.0
CCMFUT,10/01/2025 10:31:00,75.94,75.95,75.94,75.95,205039.02,6.0
CCMFUT,10/01/2025 10:30:00,75.9,75.92,75.9,75.92,239111.78,7.0
CCMFUT,10/01/2025 10:29:00,75.92,75.94,75.9,75.9,649116.48,19.0
CCMFUT,10/01/2025 10:28:00,75.94,75.94,75.9,75.9,273294.55,8.0
CCMFUT,10/01/2025 10:27:00,75.94,75.94,75.94,75.94,34172.3,1.0
CCMFUT,10/01/2025 10:26:00,75.96,75.96,75.88,75.94,4850962.62,142.0
CCMFUT,10/01/2025 10:25:00,76.01,76.01,75.97,75.97,307802.13,9.0
CCMFUT,10/01/2025 10:23:00,76.01,76.01,76.01,76.01,68407.46,2.0
CCMFUT,10/01/2025 10:22:00,76.02,76.02,76.01,76.02,102621.67,3.0
CCMFUT,10/01/2025 10:21:00,76.05,76.05,76.02,76.03,3353558.04,98.0
CCMFUT,10/01/2025 10:20:00,76.02,76.17,76.02,76.05,2568459.61,75.0
CCMFUT,10/01/2025 10:19:00,76.03,76.05,76.03,76.04,444884.22,13.0
CCMFUT,10/01/2025 10:15:00,76.05,76.05,76.05,76.05,136898.74,4.0
CCMFUT,10/01/2025 10:14:00,76.07,76.07,76.03,76.05,718665.98,21.0
CCMFUT,10/01/2025 10:12:00,76.05,76.08,76.05,76.08,273828.91,8.0
CCMFUT,10/01/2025 10:10:00,76.03,76.07,76.03,76.07,136893.5,4.0
CCMFUT,10/01/2025 10:09:00,76.03,76.04,76.02,76.04,273692.7,8.0
CCMFUT,10/01/2025 10:07:00,76.09,76.12,76.08,76.09,924674.17,27.0
CCMFUT,10/01/2025 10:06:00,76.01,76.08,76.01,76.08,3284930.55,96.0
CCMFUT,10/01/2025 10:05:00,75.99,76.0,75.99,76.0,307754.98,9.0
CCMFUT,10/01/2025 10:00:00,75.95,75.97,75.95,75.97,273493.63,8.0
CCMFUT,10/01/2025 09:59:00,75.95,75.96,75.95,75.96,2460850.66,72.0
CCMFUT,10/01/2025 09:58:00,75.96,75.96,75.95,75.95,581096.68,17.0
CCMFUT,10/01/2025 09:57:00,75.96,75.96,75.95,75.96,1674735.91,49.0
CCMFUT,10/01/2025 09:56:00,75.99,75.99,75.99,75.99,205159.51,6.0
CCMFUT,10/01/2025 09:54:00,75.96,75.99,75.96,75.99,136752.05,4.0
CCMFUT,10/01/2025 09:51:00,75.97,75.97,75.97,75.97,34188.01,1.0
CCMFUT,10/01/2025 09:50:00,75.96,75.99,75.96,75.99,410308.54,12.0
CCMFUT,10/01/2025 09:49:00,75.96,75.96,75.96,75.96,34182.77,1.0
CCMFUT,10/01/2025 09:48:00,75.99,75.99,75.96,75.97,239321.33,7.0
CCMFUT,10/01/2025 09:43:00,76.02,76.02,76.02,76.02,68417.94,2.0
CCMFUT,10/01/2025 09:42:00,76.01,76.02,76.01,76.02,1607784.82,47.0
CCMFUT,10/01/2025 09:41:00,75.95,76.02,75.95,76.02,3385105.73,99.0
CCMFUT,10/01/2025 09:40:00,75.94,75.94,75.94,75.94,34172.3,1.0
CCMFUT,10/01/2025 09:39:00,75.93,75.95,75.93,75.95,170871.96,5.0
CCMFUT,10/01/2025 09:38:00,75.96,75.96,75.96,75.96,34182.77,1.0
CCMFUT,10/01/2025 09:37:00,75.94,75.94,75.94,75.94,68344.59,2.0
CCMFUT,10/01/2025 09:36:00,75.93,75.94,75.93,75.94,341681.06,10.0
CCMFUT,10/01/2025 09:35:00,75.88,75.93,75.88,75.93,717246.28,21.0
CCMFUT,10/01/2025 09:34:00,75.9,75.9,75.87,75.87,443909.82,13.0
CCMFUT,10/01/2025 09:33:00,75.93,75.93,75.93,75.93,34167.06,1.0
CCMFUT,10/01/2025 09:32:00,75.87,75.92,75.87,75.9,819553.62,24.0
CCMFUT,10/01/2025 09:31:00,75.9,75.94,75.87,75.88,7753522.83,227.0
CCMFUT,10/01/2025 09:30:00,75.9,75.9,75.9,75.9,819757.93,24.0
CCMFUT,10/01/2025 09:29:00,75.92,75.93,75.9,75.9,444140.32,13.0
CCMFUT,10/01/2025 09:27:00,75.94,75.94,75.94,75.94,239206.08,7.0
CCMFUT,10/01/2025 09:26:00,75.93,75.93,75.93,75.93,546672.93,16.0
CCMFUT,10/01/2025 09:25:00,75.9,75.9,75.9,75.9,751444.77,22.0
CCMFUT,10/01/2025 09:24:00,75.93,75.94,75.93,75.93,7790115.43,228.0
CCMFUT,10/01/2025 09:22:00,75.94,75.95,75.9,75.9,546699.12,16.0
CCMFUT,10/01/2025 09:21:00,75.94,75.94,75.94,75.94,34172.3,1.0
CCMFUT,10/01/2025 09:20:00,75.9,75.94,75.9,75.94,375832.4,11.0
CCMFUT,10/01/2025 09:18:00,75.85,75.92,75.83,75.9,785355.13,23.0
CCMFUT,10/01/2025 09:17:00,75.86,75.86,75.81,75.82,1672216.08,49.0
CCMFUT,10/01/2025 09:16:00,75.9,75.9,75.86,75.86,922002.41,27.0
CCMFUT,10/01/2025 09:15:00,75.92,75.92,75.9,75.9,888081.57,26.0
CCMFUT,10/01/2025 09:14:00,75.93,75.93,75.9,75.9,444072.22,13.0
CCMFUT,10/01/2025 09:13:00,75.94,75.94,75.92,75.92,136668.23,4.0
CCMFUT,10/01/2025 09:12:00,75.96,75.96,75.94,75.94,307624.01,9.0
CCMFUT,10/01/2025 09:11:00,76.02,76.02,75.99,75.99,68402.22,2.0
CCMFUT,10/01/2025 09:10:00,75.97,76.08,75.97,76.02,821224.78,24.0
CCMFUT,10/01/2025 09:09:00,76.05,76.05,76.01,76.01,102637.38,3.0
CCMFUT,10/01/2025 09:08:00,76.05,76.05,76.0,76.01,376309.12,11.0
CCMFUT,10/01/2025 09:07:00,76.03,76.03,76.03,76.03,136856.83,4.0
CCMFUT,10/01/2025 09:06:00,76.09,76.09,76.08,76.08,445072.82,13.0
CCMFUT,10/01/2025 09:05:00,76.12,76.12,76.12,76.12,34256.12,1.0
CCMFUT,10/01/2025 09:04:00,76.04,76.14,76.04,76.14,3457761.8,101.0
CCMFUT,10/01/2025 09:03:00,76.01,76.04,75.99,76.01,273687.46,8.0
CCMFUT,10/01/2025 09:02:00,75.92,75.96,75.9,75.96,12911234.6,378.0
CCMFUT,10/01/2025 09:01:00,76.0,76.01,75.86,75.92,2152068.89,63.0
CCMFUT,10/01/2025 09:00:00,76.02,76.02,75.92,75.94,444428.45,13.0
CCMFUT,09/30/2025 17:05:00,76.08,76.12,75.92,75.99,1369165.48,40.0
CCMFUT,09/30/2025 16:19:00,76.03,76.1,75.97,76.0,3695846.79,108.0
CCMFUT,09/30/2025 16:18:00,76.02,76.02,76.0,76.02,2155070.68,63.0
CCMFUT,09/30/2025 16:17:00,76.01,76.03,75.97,76.02,8892660.51,260.0
CCMFUT,09/30/2025 16:16:00,75.96,76.02,75.9,76.01,11006664.71,322.0
CCMFUT,09/30/2025 16:15:00,75.94,75.96,75.93,75.95,3281284.39,96.0
CCMFUT,09/30/2025 16:14:00,75.97,75.97,75.94,75.95,2802987.49,82.0
CCMFUT,09/30/2025 16:13:00,76.03,76.08,75.96,75.99,4857421.99,142.0
CCMFUT,09/30/2025 16:12:00,76.1,76.1,76.04,76.04,2909920.64,85.0
CCMFUT,09/30/2025 16:11:00,76.1,76.1,76.09,76.1,205463.36,6.0
CCMFUT,09/30/2025 16:10:00,76.1,76.12,76.09,76.1,1164508.89,34.0
CCMFUT,09/30/2025 16:09:00,76.12,76.14,76.1,76.1,513805.08,15.0
CCMFUT,09/30/2025 16:08:00,76.12,76.14,76.12,76.12,513873.18,15.0
CCMFUT,09/30/2025 16:07:00,76.12,76.12,76.12,76.12,513841.75,15.0
CCMFUT,09/30/2025 16:05:00,76.14,76.14,76.11,76.11,1164802.26,34.0
CCMFUT,09/30/2025 16:04:00,76.14,76.15,76.14,76.15,479706.12,14.0
CCMFUT,09/30/2025 16:03:00,76.16,76.16,76.14,76.14,274153.71,8.0
CCMFUT,09/30/2025 16:02:00,76.14,76.16,76.14,76.15,1062363.95,31.0
CCMFUT,09/30/2025 16:01:00,76.11,76.15,76.11,76.14,2809321.12,82.0
CCMFUT,09/30/2025 16:00:00,76.14,76.15,76.1,76.11,959234.13,28.0
CCMFUT,09/30/2025 15:59:00,76.1,76.14,76.1,76.14,1438940.25,42.0
CCMFUT,09/30/2025 15:58:00,76.16,76.16,76.09,76.09,1918373.96,56.0
CCMFUT,09/30/2025 15:56:00,76.21,76.21,76.14,76.15,1987530.56,58.0
CCMFUT,09/30/2025 15:55:00,76.16,76.18,76.16,76.18,68554.14,2.0
CCMFUT,09/30/2025 15:54:00,76.17,76.17,76.14,76.14,2364174.96,69.0
CCMFUT,09/30/2025 15:52:00,76.19,76.19,76.17,76.18,925648.57,27.0
CCMFUT,09/30/2025 15:51:00,76.16,76.22,76.16,76.19,1611472.89,47.0
CCMFUT,09/30/2025 15:50:00,76.11,76.17,76.11,76.15,2809871.19,82.0
CCMFUT,09/30/2025 15:49:00,76.11,76.11,76.11,76.11,34250.88,1.0
CCMFUT,09/30/2025 15:48:00,76.11,76.11,76.1,76.1,308247.42,9.0
CCMFUT,09/30/2025 15:47:00,76.12,76.12,76.11,76.11,342519.26,10.0
CCMFUT,09/30/2025 15:46:00,76.12,76.12,76.12,76.12,34256.12,1.0
CCMFUT,09/30/2025 15:45:00,76.14,76.14,76.11,76.14,685111.85,20.0
CCMFUT,09/30/2025 15:44:00,76.15,76.17,76.15,76.16,239913.31,7.0
CCMFUT,09/30/2025 15:39:00,76.14,76.14,76.14,76.14,34261.36,1.0
CCMFUT,09/30/2025 15:38:00,76.16,76.17,76.16,76.17,102820.74,3.0
CCMFUT,09/30/2025 15:37:00,76.14,76.17,76.11,76.17,137050.66,4.0
CCMFUT,09/30/2025 15:36:00,76.15,76.17,76.15,76.17,274185.14,8.0
CCMFUT,09/30/2025 15:35:00,76.1,76.19,76.1,76.14,4455285.88,130.0
CCMFUT,09/30/2025 15:34:00,76.23,76.23,76.11,76.11,8601795.22,251.0
CCMFUT,09/30/2025 15:33:00,76.21,76.24,76.21,76.24,823184.07,24.0
CCMFUT,09/30/2025 15:32:00,76.29,76.29,76.19,76.22,1783717.41,52.0
CCMFUT,09/30/2025 15:30:00,76.25,76.26,76.23,76.26,1166546.76,34.0
CCMFUT,09/30/2025 15:29:00,76.3,76.31,76.25,76.25,4221150.9,123.0
CCMFUT,09/30/2025 15:28:00,76.3,76.3,76.29,76.29,446345.83,13.0
CCMFUT,09/30/2025 15:27:00,76.3,76.3,76.29,76.29,171652.53,5.0
CCMFUT,09/30/2025 15:26:00,76.26,76.29,76.25,76.29,308902.27,9.0
CCMFUT,09/30/2025 15:25:00,76.25,76.26,76.25,76.25,514721.86,15.0
CCMFUT,09/30/2025 15:24:00,76.26,76.29,76.25,76.25,3534519.81,103.0
CCMFUT,09/30/2025 15:23:00,76.28,76.29,76.26,76.29,205940.08,6.0
CCMFUT,09/30/2025 15:22:00,76.28,76.28,76.28,76.28,171621.1,5.0
CCMFUT,09/30/2025 15:21:00,76.29,76.29,76.28,76.28,205966.28,6.0
CCMFUT,09/30/2025 15:20:00,76.33,76.33,76.25,76.3,7757320.92,226.0
CCMFUT,09/30/2025 15:19:00,76.45,76.45,76.33,76.33,5086899.73,148.0
CCMFUT,09/30/2025 15:18:00,76.47,76.47,76.47,76.47,172066.39,5.0
CCMFUT,09/30/2025 15:17:00,76.43,76.47,76.43,76.47,1686025.39,49.0
CCMFUT,09/30/2025 15:15:00,76.42,76.42,76.42,76.42,103161.26,3.0
CCMFUT,09/30/2025 15:14:00,76.42,76.42,76.42,76.42,137548.34,4.0
CCMFUT,09/30/2025 15:13:00,76.42,76.42,76.42,76.42,137548.34,4.0
CCMFUT,09/30/2025 15:12:00,76.42,76.43,76.42,76.43,137553.58,4.0
CCMFUT,09/30/2025 15:11:00,76.42,76.43,76.42,76.42,137553.58,4.0
CCMFUT,09/30/2025 15:10:00,76.42,76.42,76.42,76.42,103161.26,3.0
CCMFUT,09/30/2025 15:09:00,76.42,76.43,76.42,76.42,378273.65,11.0
CCMFUT,09/30/2025 15:08:00,76.42,76.42,76.42,76.42,378257.94,11.0
CCMFUT,09/30/2025 15:07:00,76.4,76.42,76.4,76.42,1169145.18,34.0
CCMFUT,09/30/2025 15:06:00,76.39,76.4,76.39,76.4,171888.28,5.0
CCMFUT,09/30/2025 15:05:00,76.39,76.4,76.39,76.4,2131391.58,62.0
CCMFUT,09/30/2025 15:04:00,76.39,76.4,76.39,76.39,481303.94,14.0
CCMFUT,09/30/2025 15:03:00,76.4,76.4,76.39,76.39,790688.17,23.0
CCMFUT,09/30/2025 15:02:00,76.42,76.42,76.4,76.4,240699.12,7.0
CCMFUT,09/30/2025 15:01:00,76.42,76.42,76.42,76.42,103161.26,3.0
CCMFUT,09/30/2025 15:00:00,76.4,76.43,76.4,76.43,275096.68,8.0
CCMFUT,09/30/2025 14:59:00,76.42,76.42,76.4,76.4,240704.36,7.0
CCMFUT,09/30/2025 14:58:00,76.43,76.43,76.42,76.43,309509.96,9.0
CCMFUT,09/30/2025 14:57:00,76.4,76.49,76.4,76.44,2099000.46,61.0
CCMFUT,09/30/2025 14:56:00,76.43,76.43,76.4,76.4,137537.86,4.0
CCMFUT,09/30/2025 14:55:00,76.43,76.43,76.39,76.42,618941.34,18.0
CCMFUT,09/30/2025 14:54:00,76.44,76.44,76.43,76.43,240767.22,7.0
CCMFUT,09/30/2025 14:53:00,76.39,76.44,76.39,76.44,1272217.37,37.0
CCMFUT,09/30/2025 14:52:00,76.37,76.38,76.37,76.38,893577.01,26.0
CCMFUT,09/30/2025 14:51:00,76.38,76.38,76.37,76.37,206222.97,6.0
CCMFUT,09/30/2025 14:50:00,76.39,76.4,76.38,76.38,240636.25,7.0
CCMFUT,09/30/2025 14:49:00,76.37,76.4,76.37,76.39,584386.61,17.0
CCMFUT,09/30/2025 14:48:00,76.39,76.4,76.37,76.37,2921372.52,85.0
CCMFUT,09/30/2025 14:47:00,76.4,76.42,76.38,76.42,893833.71,26.0
CCMFUT,09/30/2025 14:46:00,76.43,76.45,76.38,76.38,2028544.65,59.0
CCMFUT,09/30/2025 14:45:00,76.54,76.54,76.43,76.43,6092098.56,177.0
CCMFUT,09/30/2025 14:44:00,76.52,76.57,76.52,76.54,619999.56,18.0
CCMFUT,09/30/2025 14:43:00,76.53,76.53,76.53,76.53,241076.31,7.0
CCMFUT,09/30/2025 14:42:00,76.51,76.52,76.51,76.52,172150.21,5.0
CCMFUT,09/30/2025 14:41:00,76.58,76.58,76.51,76.51,3685830.32,107.0
CCMFUT,09/30/2025 14:40:00,76.57,76.57,76.57,76.57,137820.75,4.0
CCMFUT,09/30/2025 14:39:00,76.59,76.59,76.57,76.57,275651.99,8.0
CCMFUT,09/30/2025 14:38:00,76.65,76.65,76.56,76.58,6687172.2,194.0
CCMFUT,09/30/2025 14:35:00,76.66,76.66,76.66,76.66,310473.89,9.0
CCMFUT,09/30/2025 14:34:00,76.65,76.71,76.65,76.67,3485946.22,101.0
CCMFUT,09/30/2025 14:33:00,76.64,76.64,76.64,76.64,103459.86,3.0
CCMFUT,09/30/2025 14:28:00,76.64,76.64,76.64,76.64,34486.62,1.0
CCMFUT,09/30/2025 14:27:00,76.66,76.66,76.65,76.65,206961.64,6.0
CCMFUT,09/30/2025 14:26:00,76.67,76.67,76.66,76.66,517477.43,15.0
CCMFUT,09/30/2025 14:25:00,76.6,76.71,76.6,76.67,7245008.88,210.0
CCMFUT,09/30/2025 14:23:00,76.57,76.59,76.57,76.59,172296.9,5.0
CCMFUT,09/30/2025 14:22:00,76.58,76.58,76.57,76.57,344588.56,10.0
CCMFUT,09/30/2025 14:21:00,76.59,76.59,76.57,76.58,413540.85,12.0
CCMFUT,09/30/2025 14:19:00,76.61,76.61,76.59,76.6,689439.05,20.0
CCMFUT,09/30/2025 14:16:00,76.63,76.65,76.63,76.63,1758974.84,51.0
CCMFUT,09/30/2025 14:15:00,76.63,76.63,76.61,76.61,172385.96,5.0
CCMFUT,09/30/2025 14:12:00,76.61,76.61,76.61,76.61,172380.72,5.0
CCMFUT,09/30/2025 14:11:00,76.61,76.61,76.61,76.61,172380.72,5.0
CCMFUT,09/30/2025 14:10:00,76.6,76.63,76.6,76.63,482676.49,14.0
CCMFUT,09/30/2025 14:09:00,76.61,76.63,76.61,76.61,344766.68,10.0
CCMFUT,09/30/2025 14:08:00,76.66,76.66,76.61,76.61,1068985.72,31.0
CCMFUT,09/30/2025 14:05:00,76.66,76.66,76.66,76.66,206982.59,6.0
CCMFUT,09/30/2025 14:03:00,76.66,76.66,76.66,76.66,68994.2,2.0
CCMFUT,09/30/2025 14:02:00,76.67,76.67,76.67,76.67,69004.67,2.0
CCMFUT,09/30/2025 14:01:00,76.67,76.67,76.67,76.67,34502.34,1.0
CCMFUT,09/30/2025 14:00:00,76.67,76.68,76.66,76.68,310536.75,9.0
CCMFUT,09/30/2025 13:58:00,76.67,76.68,76.67,76.68,69009.91,2.0
CCMFUT,09/30/2025 13:57:00,76.66,76.66,76.66,76.66,137988.39,4.0
CCMFUT,09/30/2025 13:56:00,76.66,76.66,76.64,76.64,206961.64,6.0
CCMFUT,09/30/2025 13:55:00,76.66,76.67,76.65,76.67,344970.99,10.0
CCMFUT,09/30/2025 13:54:00,76.67,76.67,76.66,76.67,483022.25,14.0
CCMFUT,09/30/2025 13:53:00,76.64,76.67,76.64,76.66,1414271.03,41.0
CCMFUT,09/30/2025 13:52:00,76.63,76.63,76.63,76.63,34481.38,1.0
CCMFUT,09/30/2025 13:51:00,76.59,76.63,76.59,76.61,3171323.25,92.0
CCMFUT,09/30/2025 13:50:00,76.54,76.59,76.54,76.59,5822900.7,169.0
CCMFUT,09/30/2025 13:49:00,76.58,76.58,76.54,76.56,1240229.63,36.0
CCMFUT,09/30/2025 13:48:00,76.59,76.59,76.59,76.59,34465.67,1.0
CCMFUT,09/30/2025 13:47:00,76.59,76.59,76.58,76.59,275720.09,8.0
CCMFUT,09/30/2025 13:46:00,76.6,76.6,76.59,76.59,206820.19,6.0
CCMFUT,09/30/2025 13:45:00,76.59,76.6,76.59,76.6,14167473.82,411.0
CCMFUT,09/30/2025 13:44:00,76.58,76.59,76.58,76.59,1137283.16,33.0
CCMFUT,09/30/2025 13:43:00,76.58,76.59,76.57,76.57,1137272.69,33.0
CCMFUT,09/30/2025 13:42:00,76.59,76.59,76.58,76.59,723742.32,21.0
CCMFUT,09/30/2025 13:41:00,76.58,76.58,76.58,76.58,34460.43,1.0
CCMFUT,09/30/2025 13:40:00,76.57,76.58,76.56,76.57,551335.41,16.0
CCMFUT,09/30/2025 13:39:00,76.57,76.57,76.57,76.57,206731.13,6.0
CCMFUT,09/30/2025 13:38:00,76.59,76.59,76.59,76.59,689313.32,20.0
CCMFUT,09/30/2025 13:37:00,76.58,76.59,76.58,76.59,206767.8,6.0
CCMFUT,09/30/2025 13:35:00,76.56,76.58,76.56,76.58,620261.5,18.0
CCMFUT,09/30/2025 13:34:00,76.51,76.56,76.51,76.56,1067450.77,31.0
CCMFUT,09/30/2025 13:33:00,76.51,76.51,76.51,76.51,34429.0,1.0
CCMFUT,09/30/2025 13:32:00,76.53,76.53,76.49,76.51,2685189.2,78.0
CCMFUT,09/30/2025 13:31:00,76.5,76.5,76.5,76.5,34423.76,1.0
CCMFUT,09/30/2025 13:30:00,76.51,76.51,76.49,76.5,2547075.07,74.0
CCMFUT,09/30/2025 13:29:00,76.51,76.51,76.51,76.51,206573.97,6.0
CCMFUT,09/30/2025 13:27:00,76.51,76.51,76.51,76.51,172144.98,5.0
CCMFUT,09/30/2025 13:26:00,76.5,76.52,76.49,76.51,1377081.22,40.0
CCMFUT,09/30/2025 13:25:00,76.52,76.53,76.49,76.49,1273736.61,37.0
CCMFUT,09/30/2025 13:24:00,76.51,76.51,76.44,76.51,1067026.43,31.0
CCMFUT,09/30/2025 13:23:00,76.51,76.54,76.5,76.51,3030615.95,88.0
CCMFUT,09/30/2025 13:22:00,76.47,76.51,76.47,76.51,1170318.65,34.0
CCMFUT,09/30/2025 13:21:00,76.54,76.54,76.46,76.46,1514645.28,44.0
CCMFUT,09/30/2025 13:20:00,76.57,76.57,76.4,76.53,6436378.03,187.0
CCMFUT,09/30/2025 13:19:00,76.61,76.61,76.57,76.57,4860172.33,141.0
CCMFUT,09/30/2025 13:18:00,76.59,76.66,76.54,76.63,3240202.2,94.0
CCMFUT,09/30/2025 13:17:00,76.64,76.64,76.49,76.59,20608351.92,598.0
CCMFUT,09/30/2025 13:16:00,76.65,76.65,76.65,76.65,34491.86,1.0
CCMFUT,09/30/2025 13:15:00,76.65,76.66,76.64,76.64,586330.19,17.0
CCMFUT,09/30/2025 13:14:00,76.68,76.68,76.66,76.66,552063.59,16.0
CCMFUT,09/30/2025 13:13:00,76.67,76.67,76.6,76.65,2034485.38,59.0
CCMFUT,09/30/2025 13:12:00,76.67,76.67,76.67,76.67,34502.34,1.0
CCMFUT,09/30/2025 13:11:00,76.67,76.67,76.67,76.67,172511.69,5.0
CCMFUT,09/30/2025 13:10:00,76.67,76.67,76.67,76.67,69004.67,2.0
CCMFUT,09/30/2025 13:08:00,76.68,76.68,76.68,76.68,34507.58,1.0
CCMFUT,09/30/2025 13:07:00,76.7,76.7,76.68,76.68,552163.13,16.0
CCMFUT,09/30/2025 13:06:00,76.67,76.71,76.65,76.7,1311282.65,38.0
CCMFUT,09/30/2025 13:05:00,76.65,76.65,76.65,76.65,68983.72,2.0
CCMFUT,09/30/2025 13:04:00,76.72,76.72,76.53,76.64,6621347.44,192.0
CCMFUT,09/30/2025 13:03:00,76.78,76.78,76.72,76.72,5732836.29,166.0
CCMFUT,09/30/2025 13:01:00,76.72,76.83,76.72,76.81,2176020.4,63.0
CCMFUT,09/30/2025 13:00:00,76.81,76.81,76.72,76.72,8597562.32,249.0
CCMFUT,09/30/2025 12:59:00,76.83,76.83,76.83,76.83,69151.36,2.0
CCMFUT,09/30/2025 12:57:00,76.85,76.85,76.85,76.85,34580.92,1.0
CCMFUT,09/30/2025 12:56:00,76.85,76.85,76.83,76.83,622367.47,18.0
CCMFUT,09/30/2025 12:50:00,76.85,76.87,76.85,76.87,138355.11,4.0
CCMFUT,09/30/2025 12:42:00,76.86,76.86,76.86,76.86,69172.31,2.0
CCMFUT,09/30/2025 12:38:00,76.86,76.88,76.86,76.88,138355.11,4.0
CCMFUT,09/30/2025 12:35:00,76.87,76.89,76.87,76.89,1799229.31,52.0
CCMFUT,09/30/2025 12:34:00,76.87,76.87,76.87,76.87,34591.4,1.0
CCMFUT,09/30/2025 12:30:00,76.88,76.88,76.88,76.88,138386.54,4.0
CCMFUT,09/30/2025 12:29:00,76.87,76.87,76.87,76.87,34591.4,1.0
CCMFUT,09/30/2025 12:28:00,76.86,76.87,76.86,76.87,345908.72,10.0
CCMFUT,09/30/2025 12:27:00,76.87,76.87,76.87,76.87,172956.98,5.0
CCMFUT,09/30/2025 12:26:00,76.86,76.86,76.86,76.86,103758.47,3.0
CCMFUT,09/30/2025 12:25:00,76.87,76.87,76.87,76.87,69182.79,2.0
CCMFUT,09/30/2025 12:24:00,76.86,76.87,76.86,76.87,726314.54,21.0
CCMFUT,09/30/2025 12:21:00,76.83,76.86,76.83,76.86,172899.35,5.0
CCMFUT,09/30/2025 12:20:00,76.83,76.83,76.83,76.83,34575.68,1.0
CCMFUT,09/30/2025 12:19:00,76.86,76.87,76.85,76.86,415039.12,12.0
CCMFUT,09/30/2025 12:18:00,76.86,76.87,76.86,76.86,864669.65,25.0
CCMFUT,09/30/2025 12:15:00,76.83,76.86,76.83,76.86,103742.76,3.0
CCMFUT,09/30/2025 12:14:00,76.86,76.89,76.85,76.85,1902689.18,55.0
CCMFUT,09/30/2025 12:10:00,76.85,76.85,76.85,76.85,34580.92,1.0
CCMFUT,09/30/2025 12:07:00,76.83,76.83,76.83,76.83,34575.68,1.0
CCMFUT,09/30/2025 12:00:00,76.81,76.85,76.79,76.85,691356.43,20.0
CCMFUT,09/30/2025 11:58:00,76.85,76.85,76.85,76.85,345809.18,10.0
CCMFUT,09/30/2025 11:56:00,76.85,76.86,76.85,76.86,345851.09,10.0
CCMFUT,09/30/2025 11:54:00,76.83,76.83,76.83,76.83,34575.68,1.0
CCMFUT,09/30/2025 11:53:00,76.83,76.83,76.83,76.83,311181.12,9.0
CCMFUT,09/30/2025 11:50:00,76.86,76.86,76.86,76.86,34586.16,1.0
CCMFUT,09/30/2025 11:49:00,76.86,76.86,76.86,76.86,138344.63,4.0
CCMFUT,09/30/2025 11:44:00,76.86,76.87,76.86,76.86,518802.84,15.0
CCMFUT,09/30/2025 11:43:00,76.86,76.87,76.86,76.86,103763.71,3.0
CCMFUT,09/30/2025 11:41:00,76.86,76.86,76.86,76.86,34586.16,1.0
CCMFUT,09/30/2025 11:40:00,76.86,76.87,76.86,76.86,172936.02,5.0
CCMFUT,09/30/2025 11:35:00,76.83,76.83,76.83,76.83,34575.68,1.0
CCMFUT,09/30/2025 11:32:00,76.83,76.87,76.83,76.85,484138.1,14.0
CCMFUT,09/30/2025 11:27:00,76.86,76.86,76.86,76.86,103758.47,3.0
CCMFUT,09/30/2025 11:26:00,76.86,76.86,76.86,76.86,69172.31,2.0
CCMFUT,09/30/2025 11:24:00,76.85,76.85,76.85,76.85,34580.92,1.0
CCMFUT,09/30/2025 11:22:00,76.86,76.86,76.86,76.86,34586.16,1.0
CCMFUT,09/30/2025 11:21:00,76.86,76.86,76.86,76.86,34586.16,1.0
CCMFUT,09/30/2025 11:19:00,76.86,76.86,76.85,76.85,380442.49,11.0
CCMFUT,09/30/2025 11:18:00,76.86,76.87,76.86,76.86,588006.58,17.0
CCMFUT,09/30/2025 11:13:00,76.85,76.85,76.85,76.85,103742.76,3.0
CCMFUT,09/30/2025 11:05:00,76.82,76.85,76.82,76.85,138302.72,4.0
CCMFUT,09/30/2025 11:01:00,76.86,76.86,76.83,76.86,276673.54,8.0
CCMFUT,09/30/2025 10:57:00,76.85,76.85,76.85,76.85,103742.76,3.0
CCMFUT,09/30/2025 10:55:00,76.83,76.83,76.83,76.83,69151.36,2.0
CCMFUT,09/30/2025 10:54:00,76.83,76.83,76.83,76.83,34575.68,1.0
CCMFUT,09/30/2025 10:53:00,76.83,76.83,76.83,76.83,34575.68,1.0
CCMFUT,09/30/2025 10:50:00,76.83,76.83,76.83,76.83,34575.68,1.0
CCMFUT,09/30/2025 10:49:00,76.83,76.83,76.83,76.83,69151.36,2.0
CCMFUT,09/30/2025 10:47:00,76.83,76.83,76.83,76.83,34575.68,1.0
CCMFUT,09/30/2025 10:46:00,76.83,76.83,76.83,76.83,103727.04,3.0
CCMFUT,09/30/2025 10:43:00,76.86,76.86,76.86,76.86,34586.16,1.0
CCMFUT,09/30/2025 10:42:00,76.86,76.86,76.86,76.86,34586.16,1.0
CCMFUT,09/30/2025 10:40:00,76.86,76.86,76.86,76.86,34586.16,1.0
CCMFUT,09/30/2025 10:39:00,76.86,76.88,76.86,76.88,172941.26,5.0
CCMFUT,09/30/2025 10:37:00,76.85,76.86,76.85,76.86,172925.55,5.0
CCMFUT,09/30/2025 10:36:00,76.83,76.85,76.83,76.85,138313.2,4.0
CCMFUT,09/30/2025 10:35:00,76.83,76.83,76.83,76.83,103727.04,3.0
CCMFUT,09/30/2025 10:34:00,76.85,76.85,76.85,76.85,103742.76,3.0
CCMFUT,09/30/2025 10:33:00,76.82,76.83,76.82,76.83,69146.12,2.0
CCMFUT,09/30/2025 10:31:00,76.83,76.83,76.81,76.81,103716.56,3.0
CCMFUT,09/30/2025 10:29:00,76.83,76.83,76.83,76.83,207454.08,6.0
CCMFUT,09/30/2025 10:28:00,76.83,76.83,76.83,76.83,172878.4,5.0
CCMFUT,09/30/2025 10:25:00,76.88,76.88,76.85,76.85,380452.97,11.0
CCMFUT,09/30/2025 10:24:00,76.88,76.89,76.88,76.88,207585.05,6.0
CCMFUT,09/30/2025 10:23:00,76.89,76.89,76.89,76.89,34601.87,1.0
CCMFUT,09/30/2025 10:20:00,76.92,76.92,76.92,76.92,138449.4,4.0
CCMFUT,09/30/2025 10:19:00,76.89,76.92,76.89,76.92,138433.69,4.0
CCMFUT,09/30/2025 10:17:00,76.9,76.9,76.9,76.9,103821.34,3.0
CCMFUT,09/30/2025 10:15:00,76.9,76.9,76.9,76.9,34607.11,1.0
CCMFUT,09/30/2025 10:11:00,76.92,76.92,76.9,76.9,103831.81,3.0
CCMFUT,09/30/2025 10:10:00,76.95,76.95,76.95,76.95,173140.34,5.0
CCMFUT,09/30/2025 10:06:00,76.93,76.94,76.93,76.94,69240.42,2.0
CCMFUT,09/30/2025 10:05:00,76.9,76.9,76.9,76.9,103821.34,3.0
CCMFUT,09/30/2025 10:03:00,76.92,76.93,76.89,76.89,242291.69,7.0
CCMFUT,09/30/2025 09:59:00,76.93,76.95,76.92,76.92,519284.8,15.0
CCMFUT,09/30/2025 09:58:00,76.92,76.96,76.92,76.93,796414.11,23.0
CCMFUT,09/30/2025 09:56:00,76.93,76.93,76.92,76.92,207700.3,6.0
CCMFUT,09/30/2025 09:55:00,76.92,76.93,76.92,76.93,138465.12,4.0
CCMFUT,09/30/2025 09:54:00,76.88,76.88,76.88,76.88,34596.63,1.0
CCMFUT,09/30/2025 09:53:00,76.87,76.87,76.87,76.87,34591.4,1.0
CCMFUT,09/30/2025 09:50:00,76.85,76.87,76.85,76.87,103753.23,3.0
CCMFUT,09/30/2025 09:48:00,76.83,76.83,76.83,76.83,69151.36,2.0
CCMFUT,09/30/2025 09:47:00,76.86,76.9,76.86,76.86,726471.7,21.0
CCMFUT,09/30/2025 09:46:00,76.83,76.85,76.83,76.85,242035.0,7.0
CCMFUT,09/30/2025 09:45:00,76.82,76.85,76.79,76.83,3491776.94,101.0
CCMFUT,09/30/2025 09:44:00,76.83,76.83,76.83,76.83,242029.76,7.0
CCMFUT,09/30/2025 09:43:00,76.87,76.87,76.87,76.87,69182.79,2.0
CCMFUT,09/30/2025 09:40:00,76.85,76.85,76.78,76.85,4597973.42,133.0
CCMFUT,09/30/2025 09:39:00,76.86,76.86,76.86,76.86,34586.16,1.0
CCMFUT,09/30/2025 09:38:00,76.89,76.89,76.89,76.89,69203.75,2.0
CCMFUT,09/30/2025 09:36:00,76.92,76.92,76.92,76.92,34612.35,1.0
CCMFUT,09/30/2025 09:35:00,76.89,76.93,76.89,76.93,173046.04,5.0
CCMFUT,09/30/2025 09:34:00,76.88,76.88,76.88,76.88,34596.63,1.0
CCMFUT,09/30/2025 09:33:00,76.86,76.87,76.85,76.87,276704.97,8.0
CCMFUT,09/30/2025 09:32:00,76.9,76.9,76.87,76.87,311411.62,9.0
CCMFUT,09/30/2025 09:27:00,76.94,76.94,76.94,76.94,69245.66,2.0
CCMFUT,09/30/2025 09:25:00,76.93,76.93,76.93,76.93,242323.13,7.0
CCMFUT,09/30/2025 09:24:00,76.92,76.92,76.92,76.92,103837.05,3.0
CCMFUT,09/30/2025 09:23:00,76.95,76.95,76.89,76.92,1592838.7,46.0
CCMFUT,09/30/2025 09:21:00,77.04,77.04,76.97,76.99,485149.17,14.0
CCMFUT,09/30/2025 09:20:00,77.02,77.04,77.02,77.04,311972.17,9.0
CCMFUT,09/30/2025 09:18:00,77.01,77.01,77.01,77.01,173271.3,5.0
CCMFUT,09/30/2025 09:17:00,77.01,77.01,77.01,77.01,34654.26,1.0
CCMFUT,09/30/2025 09:13:00,77.0,77.0,76.95,76.95,1212317.63,35.0
CCMFUT,09/30/2025 09:12:00,77.03,77.03,77.0,77.0,207920.33,6.0
CCMFUT,09/30/2025 09:11:00,77.02,77.02,77.0,77.0,970345.5,28.0
CCMFUT,09/30/2025 09:10:00,76.94,77.04,76.94,77.04,346526.89,10.0
CCMFUT,09/30/2025 09:09:00,76.95,76.99,76.95,76.99,450274.89,13.0
CCMFUT,09/30/2025 09:08:00,76.93,76.99,76.93,76.99,623373.31,18.0
CCMFUT,09/30/2025 09:07:00,76.92,76.95,76.92,76.94,346212.57,10.0
CCMFUT,09/30/2025 09:03:00,76.78,76.86,76.78,76.86,518629.96,15.0
CCMFUT,09/30/2025 09:02:00,76.85,76.85,76.65,76.76,6280012.14,182.0
CCMFUT,09/30/2025 09:01:00,76.85,76.85,76.85,76.85,34580.92,1.0
CCMFUT,09/30/2025 09:00:00,76.83,76.93,76.83,76.93,103795.14,3.0
CCMFUT,09/29/2025 17:12:00,76.96,76.96,76.93,76.96,1593063.96,46.0
CCMFUT,09/29/2025 16:19:00,76.95,76.96,76.95,76.96,311678.8,9.0
CCMFUT,09/29/2025 16:18:00,76.95,76.97,76.95,76.97,380987.32,11.0
CCMFUT,09/29/2025 16:17:00,76.96,76.96,76.95,76.95,450222.5,13.0
CCMFUT,09/29/2025 16:15:00,76.95,76.96,76.95,76.96,173145.57,5.0
CCMFUT,09/29/2025 16:14:00,76.97,76.97,76.97,76.97,692770.89,20.0
CCMFUT,09/29/2025 16:13:00,76.97,76.97,76.97,76.97,415662.53,12.0
CCMFUT,09/29/2025 16:12:00,76.97,76.97,76.97,76.97,311746.9,9.0
CCMFUT,09/29/2025 16:10:00,76.95,76.95,76.95,76.95,138512.27,4.0
CCMFUT,09/29/2025 16:09:00,76.97,76.99,76.97,76.97,484960.58,14.0
CCMFUT,09/29/2025 16:08:00,76.96,76.97,76.96,76.97,277103.12,8.0
CCMFUT,09/29/2025 16:07:00,76.95,76.95,76.95,76.95,34628.07,1.0
CCMFUT,09/29/2025 16:05:00,76.95,76.96,76.95,76.96,69261.37,2.0
CCMFUT,09/29/2025 16:03:00,76.97,76.99,76.95,76.95,1038936.31,30.0
CCMFUT,09/29/2025 16:02:00,76.96,76.96,76.96,76.96,69266.61,2.0
CCMFUT,09/29/2025 16:01:00,76.95,76.95,76.95,76.95,34628.07,1.0
CCMFUT,09/29/2025 16:00:00,76.95,76.95,76.95,76.95,519421.01,15.0
CCMFUT,09/29/2025 15:58:00,76.95,76.95,76.95,76.95,3116526.04,90.0
CCMFUT,09/29/2025 15:57:00,76.95,76.95,76.95,76.95,865701.68,25.0
CCMFUT,09/29/2025 15:56:00,76.95,76.95,76.95,76.95,69256.13,2.0
CCMFUT,09/29/2025 15:54:00,76.95,76.95,76.95,76.95,34628.07,1.0
CCMFUT,09/29/2025 15:51:00,76.93,76.93,76.93,76.93,553881.43,16.0
CCMFUT,09/29/2025 15:50:00,76.94,76.94,76.94,76.94,34622.83,1.0
CCMFUT,09/29/2025 15:49:00,76.94,76.94,76.93,76.93,207721.25,6.0
CCMFUT,09/29/2025 15:48:00,76.95,76.96,76.95,76.95,173145.57,5.0
CCMFUT,09/29/2025 15:44:00,76.95,76.95,76.95,76.95,34628.07,1.0
CCMFUT,09/29/2025 15:42:00,76.95,76.96,76.95,76.95,623336.64,18.0
CCMFUT,09/29/2025 15:41:00,76.95,76.95,76.95,76.95,277024.54,8.0
CCMFUT,09/29/2025 15:37:00,76.95,76.95,76.95,76.95,69256.13,2.0
CCMFUT,09/29/2025 15:34:00,76.96,76.96,76.95,76.95,207773.64,6.0
CCMFUT,09/29/2025 15:25:00,76.95,76.95,76.95,76.95,34628.07,1.0
CCMFUT,09/29/2025 15:24:00,76.99,76.99,76.96,76.96,173177.01,5.0
CCMFUT,09/29/2025 15:23:00,76.97,76.97,76.97,76.97,173192.72,5.0
CCMFUT,09/29/2025 15:22:00,76.97,76.97,76.97,76.97,138554.18,4.0
CCMFUT,09/29/2025 15:21:00,76.97,76.97,76.97,76.97,34638.54,1.0
CCMFUT,09/29/2025 15:20:00,76.97,76.99,76.97,76.97,623504.28,18.0
CCMFUT,09/29/2025 15:14:00,76.99,76.99,76.97,76.97,242475.05,7.0
CCMFUT,09/29/2025 15:13:00,76.96,76.97,76.96,76.97,277092.64,8.0
CCMFUT,09/29/2025 15:11:00,76.97,76.97,76.97,76.97,69277.09,2.0
CCMFUT,09/29/2025 15:10:00,76.97,76.97,76.97,76.97,34638.54,1.0
CCMFUT,09/29/2025 15:06:00,76.96,76.96,76.96,76.96,242433.14,7.0
CCMFUT,09/29/2025 15:05:00,76.96,76.96,76.96,76.96,207799.84,6.0
CCMFUT,09/29/2025 15:00:00,76.95,76.97,76.95,76.97,138543.7,4.0
CCMFUT,09/29/2025 14:59:00,76.96,76.96,76.96,76.96,34633.31,1.0
CCMFUT,09/29/2025 14:58:00,76.96,76.99,76.96,76.99,311725.95,9.0
CCMFUT,09/29/2025 14:57:00,76.95,76.95,76.95,76.95,138512.27,4.0
CCMFUT,09/29/2025 14:54:00,76.95,76.95,76.95,76.95,69256.13,2.0
CCMFUT,09/29/2025 14:44:00,76.94,76.94,76.94,76.94,69245.66,2.0
CCMFUT,09/29/2025 14:39:00,76.94,76.94,76.94,76.94,34622.83,1.0
CCMFUT,09/29/2025 14:35:00,76.93,76.93,76.93,76.93,34617.59,1.0
CCMFUT,09/29/2025 14:31:00,76.94,76.94,76.94,76.94,173114.14,5.0
CCMFUT,09/29/2025 14:30:00,76.93,76.93,76.92,76.93,242312.65,7.0
CCMFUT,09/29/2025 14:26:00,76.93,76.93,76.93,76.93,69235.18,2.0
CCMFUT,09/29/2025 14:25:00,76.93,76.93,76.93,76.93,173087.95,5.0
CCMFUT,09/29/2025 14:22:00,76.94,76.94,76.94,76.94,103868.49,3.0
CCMFUT,09/29/2025 14:21:00,76.94,76.94,76.94,76.94,103868.49,3.0
CCMFUT,09/29/2025 14:20:00,76.93,76.93,76.93,76.93,34617.59,1.0
CCMFUT,09/29/2025 14:18:00,76.95,76.95,76.95,76.95,242396.47,7.0
CCMFUT,09/29/2025 14:17:00,76.94,76.94,76.94,76.94,138491.31,4.0
CCMFUT,09/29/2025 14:10:00,76.93,76.93,76.93,76.93,34617.59,1.0
CCMFUT,09/29/2025 14:09:00,76.94,76.94,76.94,76.94,7686267.9,222.0
CCMFUT,09/29/2025 14:08:00,76.93,76.94,76.93,76.94,207710.78,6.0
CCMFUT,09/29/2025 14:00:00,76.94,76.94,76.93,76.93,657744.68,19.0
CCMFUT,09/29/2025 13:56:00,76.95,76.95,76.95,76.95,69256.13,2.0
CCMFUT,09/29/2025 13:55:00,76.95,76.95,76.95,76.95,207768.4,6.0
CCMFUT,09/29/2025 13:49:00,76.95,76.95,76.95,76.95,138512.27,4.0
CCMFUT,09/29/2025 13:48:00,76.95,76.95,76.95,76.95,138512.27,4.0
CCMFUT,09/29/2025 13:44:00,76.95,76.96,76.95,76.96,692571.82,20.0
CCMFUT,09/29/2025 13:40:00,76.93,76.95,76.93,76.95,207742.21,6.0
CCMFUT,09/29/2025 13:35:00,76.93,76.93,76.93,76.93,173087.95,5.0
CCMFUT,09/29/2025 13:34:00,76.94,76.94,76.94,76.94,34622.83,1.0
CCMFUT,09/29/2025 13:33:00,76.95,76.95,76.95,76.95,380908.74,11.0
CCMFUT,09/29/2025 13:30:00,76.94,76.94,76.94,76.94,173114.14,5.0
CCMFUT,09/29/2025 13:29:00,76.94,76.94,76.94,76.94,173114.14,5.0
CCMFUT,09/29/2025 13:27:00,76.94,76.94,76.94,76.94,69245.66,2.0
CCMFUT,09/29/2025 13:23:00,76.93,76.93,76.93,76.93,69235.18,2.0
CCMFUT,09/29/2025 13:15:00,76.93,76.93,76.93,76.93,34617.59,1.0
CCMFUT,09/29/2025 13:08:00,76.93,76.93,76.93,76.93,103852.77,3.0
CCMFUT,09/29/2025 13:06:00,76.9,76.9,76.9,76.9,69214.22,2.0
CCMFUT,09/29/2025 13:05:00,76.92,76.92,76.92,76.92,138449.4,4.0
CCMFUT,09/29/2025 13:03:00,76.89,76.89,76.89,76.89,138407.49,4.0
CCMFUT,09/29/2025 13:02:00,76.93,76.93,76.85,76.88,4498316.88,130.0
CCMFUT,09/29/2025 12:50:00,76.94,76.94,76.94,76.94,34622.83,1.0
CCMFUT,09/29/2025 12:26:00,76.95,76.97,76.95,76.97,103894.68,3.0
CCMFUT,09/29/2025 12:25:00,76.94,76.94,76.94,76.94,34622.83,1.0
CCMFUT,09/29/2025 12:24:00,76.95,76.95,76.95,76.95,138512.27,4.0
CCMFUT,09/29/2025 12:21:00,76.95,76.96,76.94,76.96,588614.28,17.0
CCMFUT,09/29/2025 12:16:00,76.96,76.97,76.96,76.97,173171.77,5.0
CCMFUT,09/29/2025 12:10:00,76.99,76.99,76.95,76.95,277082.16,8.0
CCMFUT,09/29/2025 12:08:00,76.99,77.0,76.99,76.99,970036.41,28.0
CCMFUT,09/29/2025 12:07:00,77.0,77.0,77.0,77.0,7865328.01,227.0
CCMFUT,09/29/2025 12:06:00,76.99,76.99,76.99,76.99,207862.7,6.0
CCMFUT,09/29/2025 12:03:00,76.95,76.96,76.95,76.96,207778.88,6.0
CCMFUT,09/29/2025 12:00:00,76.96,76.96,76.96,76.96,138533.22,4.0
CCMFUT,09/29/2025 11:59:00,76.97,76.97,76.97,76.97,34638.54,1.0
CCMFUT,09/29/2025 11:58:00,76.99,77.03,76.99,77.0,623745.26,18.0
CCMFUT,09/29/2025 11:57:00,76.99,76.99,76.99,76.99,34643.78,1.0
CCMFUT,09/29/2025 11:54:00,76.97,76.97,76.97,76.97,173192.72,5.0
CCMFUT,09/29/2025 11:53:00,76.94,76.94,76.94,76.94,34622.83,1.0
CCMFUT,09/29/2025 11:35:00,76.93,76.93,76.92,76.92,207695.06,6.0
CCMFUT,09/29/2025 11:28:00,76.96,76.96,76.95,76.95,138517.51,4.0
CCMFUT,09/29/2025 11:19:00,76.95,76.95,76.95,76.95,34628.07,1.0
CCMFUT,09/29/2025 11:16:00,76.97,76.97,76.97,76.97,34638.54,1.0
CCMFUT,09/29/2025 11:15:00,77.0,77.0,76.97,76.97,69287.57,2.0
CCMFUT,09/29/2025 11:13:00,77.0,77.0,77.0,77.0,34649.02,1.0
CCMFUT,09/29/2025 11:09:00,76.97,76.99,76.97,76.99,173208.44,5.0
CCMFUT,09/29/2025 11:08:00,76.96,76.96,76.96,76.96,34633.31,1.0
CCMFUT,09/29/2025 11:05:00,76.95,76.95,76.95,76.95,69256.13,2.0
CCMFUT,09/29/2025 11:04:00,76.96,76.96,76.96,76.96,34633.31,1.0
CCMFUT,09/29/2025 11:02:00,76.97,76.97,76.96,76.96,69271.85,2.0
CCMFUT,09/29/2025 11:01:00,76.94,76.94,76.94,76.94,34622.83,1.0
CCMFUT,09/29/2025 11:00:00,76.96,76.96,76.94,76.95,1939187.47,56.0
CCMFUT,09/29/2025 10:59:00,77.02,77.02,76.95,76.96,1558624.49,45.0
CCMFUT,09/29/2025 10:54:00,77.02,77.02,77.02,77.02,69319.0,2.0
CCMFUT,09/29/2025 10:53:00,77.01,77.02,77.01,77.02,242595.54,7.0
CCMFUT,09/29/2025 10:52:00,77.01,77.01,77.01,77.01,69308.52,2.0
CCMFUT,09/29/2025 10:51:00,77.01,77.01,77.01,77.01,34654.26,1.0
CCMFUT,09/29/2025 10:48:00,76.99,77.01,76.99,77.01,866199.36,25.0
CCMFUT,09/29/2025 10:47:00,77.01,77.01,76.99,76.99,866330.33,25.0
CCMFUT,09/29/2025 10:46:00,76.96,77.0,76.96,77.0,1247150.01,36.0
CCMFUT,09/29/2025 10:45:00,76.96,76.96,76.96,76.96,277066.45,8.0
CCMFUT,09/29/2025 10:44:00,76.96,76.97,76.96,76.97,311715.47,9.0
CCMFUT,09/29/2025 10:43:00,76.96,76.96,76.96,76.96,69266.61,2.0
CCMFUT,09/29/2025 10:42:00,76.97,76.97,76.96,76.96,796607.94,23.0
CCMFUT,09/29/2025 10:41:00,76.96,76.96,76.96,76.96,103899.92,3.0
CCMFUT,09/29/2025 10:40:00,76.95,76.96,76.95,76.96,380955.89,11.0
CCMFUT,09/29/2025 10:38:00,76.96,76.96,76.96,76.96,346333.06,10.0
CCMFUT,09/29/2025 10:37:00,76.95,76.96,76.95,76.96,173161.29,5.0
CCMFUT,09/29/2025 10:36:00,76.94,76.94,76.94,76.94,69245.66,2.0
CCMFUT,09/29/2025 10:31:00,76.94,76.95,76.94,76.94,173119.38,5.0
CCMFUT,09/29/2025 10:30:00,76.96,76.97,76.95,76.95,103899.92,3.0
CCMFUT,09/29/2025 10:29:00,76.94,76.94,76.94,76.94,34622.83,1.0
CCMFUT,09/29/2025 10:28:00,76.95,76.95,76.95,76.95,69256.13,2.0
CCMFUT,09/29/2025 10:26:00,76.96,76.96,76.96,76.96,34633.31,1.0
CCMFUT,09/29/2025 10:22:00,76.97,76.97,76.97,76.97,34638.54,1.0
CCMFUT,09/29/2025 10:21:00,76.95,76.95,76.95,76.95,69256.13,2.0
CCMFUT,09/29/2025 10:20:00,76.99,76.99,76.97,76.97,103926.11,3.0
CCMFUT,09/29/2025 10:19:00,76.99,76.99,76.99,76.99,34643.78,1.0
CCMFUT,09/29/2025 10:18:00,76.96,77.0,76.96,77.0,484955.34,14.0
CCMFUT,09/29/2025 10:17:00,76.93,76.95,76.93,76.95,173103.66,5.0
CCMFUT,09/29/2025 10:15:00,76.89,76.89,76.89,76.89,34601.87,1.0
CCMFUT,09/29/2025 10:04:00,76.92,76.92,76.92,76.92,34612.35,1.0
CCMFUT,09/29/2025 10:03:00,76.9,76.9,76.9,76.9,69214.22,2.0
CCMFUT,09/29/2025 10:01:00,76.88,76.9,76.86,76.9,899386.77,26.0
CCMFUT,09/29/2025 09:59:00,76.88,76.88,76.87,76.88,622734.19,18.0
CCMFUT,09/29/2025 09:58:00,76.94,76.94,76.89,76.89,1349703.57,39.0
CCMFUT,09/29/2025 09:57:00,76.96,76.96,76.96,76.96,34633.31,1.0
CCMFUT,09/29/2025 09:55:00,76.97,76.97,76.97,76.97,34638.54,1.0
CCMFUT,09/29/2025 09:54:00,76.95,76.96,76.95,76.96,173161.29,5.0
CCMFUT,09/29/2025 09:52:00,76.95,76.95,76.95,76.95,34628.07,1.0
CCMFUT,09/29/2025 09:50:00,76.94,76.94,76.94,76.94,69245.66,2.0
CCMFUT,09/29/2025 09:49:00,76.96,76.96,76.96,76.96,69266.61,2.0
CCMFUT,09/29/2025 09:47:00,76.97,76.97,76.97,76.97,34638.54,1.0
CCMFUT,09/29/2025 09:44:00,76.96,76.96,76.96,76.96,69266.61,2.0
CCMFUT,09/29/2025 09:39:00,76.96,76.96,76.96,76.96,34633.31,1.0
CCMFUT,09/29/2025 09:38:00,76.95,76.96,76.94,76.96,103884.2,3.0
CCMFUT,09/29/2025 09:37:00,76.92,76.94,76.92,76.94,242323.13,7.0
CCMFUT,09/29/2025 09:34:00,76.9,76.9,76.9,76.9,103821.34,3.0
CCMFUT,09/29/2025 09:31:00,76.95,76.95,76.93,76.93,103863.25,3.0
CCMFUT,09/29/2025 09:28:00,76.94,76.94,76.94,76.94,34622.83,1.0
CCMFUT,09/29/2025 09:25:00,76.89,76.95,76.89,76.95,242260.26,7.0
CCMFUT,09/29/2025 09:24:00,76.92,76.92,76.92,76.92,34612.35,1.0
CCMFUT,09/29/2025 09:21:00,76.92,76.93,76.92,76.93,69229.94,2.0
CCMFUT,09/29/2025 09:18:00,76.9,76.93,76.88,76.88,242249.78,7.0
CCMFUT,09/29/2025 09:17:00,76.93,76.93,76.93,76.93,34617.59,1.0
CCMFUT,09/29/2025 09:14:00,76.88,76.88,76.88,76.88,34596.63,1.0
CCMFUT,09/29/2025 09:12:00,76.83,76.85,76.83,76.85,242035.0,7.0
CCMFUT,09/29/2025 09:11:00,76.87,76.87,76.73,76.81,1935557.03,56.0
CCMFUT,09/29/2025 09:10:00,76.89,76.89,76.87,76.87,242176.44,7.0
CCMFUT,09/29/2025 09:09:00,76.9,76.94,76.88,76.88,173030.32,5.0
CCMFUT,09/29/2025 09:07:00,76.96,76.96,76.95,76.95,69261.37,2.0
CCMFUT,09/29/2025 09:05:00,76.99,77.0,76.99,77.0,346458.79,10.0
CCMFUT,09/29/2025 09:04:00,76.99,77.01,76.99,77.01,346479.74,10.0
CCMFUT,09/29/2025 09:03:00,76.89,77.03,76.85,77.03,1073312.92,31.0
CCMFUT,09/29/2025 09:02:00,76.9,76.93,76.89,76.89,173040.8,5.0
CCMFUT,09/29/2025 09:01:00,76.93,77.04,76.93,76.96,485180.61,14.0
CCMFUT,09/29/2025 09:00:00,77.06,77.06,76.92,77.01,346385.45,10.0
CCMFUT,09/26/2025 17:05:00,77.09,77.09,77.09,77.09,69381.86,2.0
CCMFUT,09/26/2025 16:19:00,77.08,77.13,77.07,77.07,2740882.23,79.0
CCMFUT,09/26/2025 16:18:00,77.02,77.16,77.02,77.08,2220864.01,64.0
CCMFUT,09/26/2025 16:17:00,77.09,77.09,77.02,77.06,6485234.51,187.0
CCMFUT,09/26/2025 16:16:00,77.11,77.11,77.09,77.09,138774.21,4.0
CCMFUT,09/26/2025 16:15:00,77.08,77.08,77.07,77.07,1040450.31,30.0
CCMFUT,09/26/2025 16:14:00,77.11,77.11,77.11,77.11,34701.41,1.0
CCMFUT,09/26/2025 16:13:00,77.09,77.11,77.09,77.11,104083.27,3.0
CCMFUT,09/26/2025 16:12:00,77.14,77.14,77.07,77.08,3850950.15,111.0
CCMFUT,09/26/2025 16:11:00,77.15,77.15,77.15,77.15,34717.13,1.0
CCMFUT,09/26/2025 16:10:00,77.16,77.16,77.14,77.14,173580.39,5.0
CCMFUT,09/26/2025 16:08:00,77.15,77.17,77.15,77.17,208323.71,6.0
CCMFUT,09/26/2025 16:06:00,77.15,77.15,77.15,77.15,34717.13,1.0
CCMFUT,09/26/2025 16:05:00,77.16,77.16,77.14,77.14,138868.5,4.0
CCMFUT,09/26/2025 16:03:00,77.16,77.16,77.16,77.16,34722.36,1.0
CCMFUT,09/26/2025 16:02:00,77.14,77.14,77.14,77.14,34711.89,1.0
CCMFUT,09/26/2025 16:01:00,77.16,77.16,77.16,77.16,34722.36,1.0
CCMFUT,09/26/2025 16:00:00,77.15,77.16,77.14,77.14,347176.5,10.0
CCMFUT,09/26/2025 15:51:00,77.15,77.15,77.15,77.15,34717.13,1.0
CCMFUT,09/26/2025 15:49:00,77.14,77.14,77.14,77.14,1839730.01,53.0
CCMFUT,09/26/2025 15:48:00,77.13,77.13,77.13,77.13,1075906.09,31.0
CCMFUT,09/26/2025 15:41:00,77.13,77.14,77.13,77.14,416490.26,12.0
CCMFUT,09/26/2025 15:40:00,77.15,77.15,77.15,77.15,34717.13,1.0
CCMFUT,09/26/2025 15:36:00,77.16,77.16,77.16,77.16,34722.36,1.0
CCMFUT,09/26/2025 15:35:00,77.16,77.16,77.16,77.16,312501.28,9.0
CCMFUT,09/26/2025 15:31:00,77.16,77.16,77.15,77.15,104161.85,3.0
CCMFUT,09/26/2025 15:30:00,77.16,77.16,77.16,77.16,173611.82,5.0
CCMFUT,09/26/2025 15:28:00,77.16,77.16,77.16,77.16,381946.01,11.0
CCMFUT,09/26/2025 15:25:00,77.16,77.16,77.16,77.16,173611.82,5.0
CCMFUT,09/26/2025 15:24:00,77.15,77.15,77.15,77.15,34717.13,1.0
CCMFUT,09/26/2025 15:20:00,77.16,77.16,77.16,77.16,277778.92,8.0
CCMFUT,09/26/2025 15:19:00,77.16,77.16,77.16,77.16,173611.82,5.0
CCMFUT,09/26/2025 15:18:00,77.16,77.16,77.16,77.16,138889.46,4.0
CCMFUT,09/26/2025 15:15:00,77.15,77.15,77.15,77.15,34717.13,1.0
CCMFUT,09/26/2025 15:07:00,77.15,77.15,77.15,77.15,69434.25,2.0
CCMFUT,09/26/2025 15:02:00,77.18,77.18,77.18,77.18,34732.84,1.0
CCMFUT,09/26/2025 14:55:00,77.17,77.21,77.17,77.2,277857.5,8.0
CCMFUT,09/26/2025 14:53:00,77.17,77.17,77.17,77.17,34727.6,1.0
CCMFUT,09/26/2025 14:47:00,77.16,77.18,77.15,77.18,381998.4,11.0
CCMFUT,09/26/2025 14:38:00,77.16,77.16,77.16,77.16,243056.55,7.0
CCMFUT,09/26/2025 14:35:00,77.14,77.14,77.14,77.14,34711.89,1.0
CCMFUT,09/26/2025 14:32:00,77.14,77.14,77.14,77.14,69423.77,2.0
CCMFUT,09/26/2025 14:31:00,77.13,77.14,77.13,77.14,416485.02,12.0
CCMFUT,09/26/2025 14:29:00,77.15,77.18,77.15,77.18,382029.83,11.0
CCMFUT,09/26/2025 14:25:00,77.13,77.13,77.13,77.13,138826.59,4.0
CCMFUT,09/26/2025 14:19:00,77.15,77.15,77.15,77.15,104151.38,3.0
CCMFUT,09/26/2025 14:18:00,77.13,77.13,77.13,77.13,173533.24,5.0
CCMFUT,09/26/2025 14:17:00,77.13,77.16,77.13,77.15,451265.01,13.0
CCMFUT,09/26/2025 14:16:00,77.11,77.13,77.11,77.13,937053.31,27.0
CCMFUT,09/26/2025 14:09:00,77.08,77.08,77.07,77.07,104046.6,3.0
CCMFUT,09/26/2025 14:03:00,77.07,77.08,77.07,77.08,173407.51,5.0
CCMFUT,09/26/2025 14:00:00,77.13,77.13,77.08,77.08,520426.84,15.0
CCMFUT,09/26/2025 13:59:00,77.08,77.08,77.08,77.08,34685.69,1.0
CCMFUT,09/26/2025 13:58:00,77.09,77.09,77.07,77.07,312171.24,9.0
CCMFUT,09/26/2025 13:56:00,77.11,77.11,77.11,77.11,173507.05,5.0
CCMFUT,09/26/2025 13:54:00,77.11,77.13,77.11,77.13,347019.33,10.0
CCMFUT,09/26/2025 13:44:00,77.1,77.1,77.1,77.1,173480.85,5.0
CCMFUT,09/26/2025 13:42:00,77.07,77.07,77.07,77.07,34680.45,1.0
CCMFUT,09/26/2025 13:41:00,77.04,77.08,77.03,77.08,416050.2,12.0
CCMFUT,09/26/2025 13:36:00,77.08,77.08,77.08,77.08,69371.39,2.0
CCMFUT,09/26/2025 13:35:00,77.08,77.08,77.08,77.08,34685.69,1.0
CCMFUT,09/26/2025 13:34:00,77.08,77.08,77.08,77.08,34685.69,1.0
CCMFUT,09/26/2025 13:32:00,77.08,77.08,77.08,77.08,104057.08,3.0
CCMFUT,09/26/2025 13:30:00,77.07,77.07,77.07,77.07,173402.27,5.0
CCMFUT,09/26/2025 13:26:00,77.07,77.07,77.06,77.06,104030.89,3.0
CCMFUT,09/26/2025 13:19:00,77.11,77.11,77.09,77.09,138779.44,4.0
CCMFUT,09/26/2025 13:18:00,77.14,77.14,77.14,77.14,34711.89,1.0
CCMFUT,09/26/2025 13:14:00,77.14,77.15,77.14,77.15,69429.01,2.0
CCMFUT,09/26/2025 13:11:00,77.13,77.13,77.13,77.13,173533.24,5.0
CCMFUT,09/26/2025 13:04:00,77.14,77.14,77.11,77.14,208255.61,6.0
CCMFUT,09/26/2025 13:02:00,77.08,77.1,77.06,77.1,901885.65,26.0
CCMFUT,09/26/2025 12:59:00,77.04,77.04,77.03,77.03,242668.88,7.0
CCMFUT,09/26/2025 12:57:00,77.07,77.07,77.04,77.04,69350.43,2.0
CCMFUT,09/26/2025 12:56:00,77.06,77.06,77.06,77.06,34675.22,1.0
CCMFUT,09/26/2025 12:55:00,77.07,77.07,77.07,77.07,69360.91,2.0
CCMFUT,09/26/2025 12:51:00,77.07,77.07,77.07,77.07,69360.91,2.0
CCMFUT,09/26/2025 12:50:00,77.07,77.07,77.04,77.04,797619.02,23.0
CCMFUT,09/26/2025 12:47:00,77.11,77.11,77.11,77.11,173507.05,5.0
CCMFUT,09/26/2025 12:46:00,77.1,77.1,77.1,77.1,34696.17,1.0
CCMFUT,09/26/2025 12:35:00,77.08,77.09,77.08,77.09,138748.01,4.0
CCMFUT,09/26/2025 12:33:00,77.1,77.1,77.08,77.08,104078.03,3.0
CCMFUT,09/26/2025 12:29:00,77.13,77.14,77.13,77.14,173538.48,5.0
CCMFUT,09/26/2025 12:26:00,77.08,77.08,77.08,77.08,34685.69,1.0
CCMFUT,09/26/2025 12:23:00,77.11,77.11,77.11,77.11,34701.41,1.0
CCMFUT,09/26/2025 12:22:00,77.13,77.13,77.11,77.11,69408.06,2.0
CCMFUT,09/26/2025 12:14:00,77.17,77.17,77.17,77.17,173638.02,5.0
CCMFUT,09/26/2025 12:05:00,77.17,77.17,77.17,77.17,34727.6,1.0
CCMFUT,09/26/2025 12:04:00,77.16,77.16,77.16,77.16,34722.36,1.0
CCMFUT,09/26/2025 12:00:00,77.24,77.24,77.11,77.14,1736202.04,50.0
CCMFUT,09/26/2025 11:40:00,77.24,77.24,77.24,77.24,104277.11,3.0
CCMFUT,09/26/2025 11:39:00,77.25,77.25,77.23,77.23,139046.62,4.0
CCMFUT,09/26/2025 11:37:00,77.3,77.31,77.25,77.25,208643.27,6.0
CCMFUT,09/26/2025 11:36:00,77.34,77.38,77.34,77.35,731024.17,21.0
CCMFUT,09/26/2025 11:35:00,77.17,77.35,77.17,77.3,2642902.09,76.0
CCMFUT,09/26/2025 11:34:00,77.16,77.2,77.16,77.16,382019.35,11.0
CCMFUT,09/26/2025 11:32:00,77.15,77.16,77.15,77.16,69439.49,2.0
CCMFUT,09/26/2025 11:02:00,77.14,77.14,77.14,77.14,34711.89,1.0
CCMFUT,09/26/2025 11:00:00,77.18,77.18,77.14,77.14,347218.41,10.0
CCMFUT,09/26/2025 10:58:00,77.23,77.24,77.18,77.2,486479.81,14.0
CCMFUT,09/26/2025 10:53:00,77.22,77.22,77.22,77.22,34748.56,1.0
CCMFUT,09/26/2025 10:52:00,77.2,77.2,77.2,77.2,34738.08,1.0
CCMFUT,09/26/2025 10:51:00,77.22,77.22,77.22,77.22,34748.56,1.0
CCMFUT,09/26/2025 10:45:00,77.18,77.18,77.18,77.18,34732.84,1.0
CCMFUT,09/26/2025 10:40:00,77.18,77.18,77.18,77.18,34732.84,1.0
CCMFUT,09/26/2025 10:37:00,77.18,77.18,77.18,77.18,34732.84,1.0
CCMFUT,09/26/2025 10:36:00,77.22,77.22,77.22,77.22,34748.56,1.0
CCMFUT,09/26/2025 10:35:00,77.17,77.17,77.17,77.17,69455.21,2.0
CCMFUT,09/26/2025 10:34:00,77.18,77.18,77.18,77.18,34732.84,1.0
CCMFUT,09/26/2025 10:33:00,77.21,77.21,77.18,77.18,69476.16,2.0
CCMFUT,09/26/2025 10:32:00,77.2,77.2,77.18,77.18,208402.29,6.0
CCMFUT,09/26/2025 10:27:00,77.18,77.18,77.18,77.18,34732.84,1.0
CCMFUT,09/26/2025 10:26:00,77.21,77.21,77.21,77.21,34743.32,1.0
CCMFUT,09/26/2025 10:24:00,77.18,77.18,77.18,77.18,34732.84,1.0
CCMFUT,09/26/2025 10:23:00,77.17,77.2,77.17,77.2,347312.7,10.0
CCMFUT,09/26/2025 10:22:00,77.16,77.16,77.16,77.16,34722.36,1.0
CCMFUT,09/26/2025 10:21:00,77.14,77.14,77.13,77.14,208255.61,6.0
CCMFUT,09/26/2025 10:20:00,77.16,77.16,77.15,77.15,104156.62,3.0
CCMFUT,09/26/2025 10:17:00,77.14,77.14,77.14,77.14,34711.89,1.0
CCMFUT,09/26/2025 10:16:00,77.14,77.14,77.13,77.13,173538.48,5.0
CCMFUT,09/26/2025 10:13:00,77.13,77.13,77.13,77.13,34706.65,1.0
CCMFUT,09/26/2025 10:12:00,77.1,77.1,77.1,77.1,69392.34,2.0
CCMFUT,09/26/2025 10:11:00,77.1,77.13,77.1,77.13,69402.82,2.0
CCMFUT,09/26/2025 10:10:00,77.06,77.09,77.06,77.09,104041.36,3.0
CCMFUT,09/26/2025 10:09:00,77.04,77.04,77.04,77.04,69339.95,2.0
CCMFUT,09/26/2025 10:08:00,77.08,77.08,77.04,77.04,208046.06,6.0
CCMFUT,09/26/2025 10:07:00,77.08,77.08,77.08,77.08,34685.69,1.0
CCMFUT,09/26/2025 10:06:00,77.04,77.08,77.04,77.08,173407.51,5.0
CCMFUT,09/26/2025 10:05:00,77.04,77.06,77.04,77.06,138690.39,4.0
CCMFUT,09/26/2025 10:04:00,77.06,77.06,77.01,77.04,346657.86,10.0
CCMFUT,09/26/2025 10:03:00,77.07,77.07,77.07,77.07,34680.45,1.0
CCMFUT,09/26/2025 10:02:00,77.03,77.06,77.03,77.06,104009.93,3.0
CCMFUT,09/26/2025 10:01:00,77.06,77.06,77.01,77.01,69329.48,2.0
CCMFUT,09/26/2025 10:00:00,77.11,77.11,76.95,77.06,5685074.7,164.0
CCMFUT,09/26/2025 09:59:00,77.13,77.13,77.11,77.11,173517.52,5.0
CCMFUT,09/26/2025 09:58:00,77.15,77.17,77.11,77.17,173564.67,5.0
CCMFUT,09/26/2025 09:57:00,77.21,77.21,77.09,77.14,2915730.4,84.0
CCMFUT,09/26/2025 09:55:00,77.21,77.24,77.21,77.24,69502.35,2.0
CCMFUT,09/26/2025 09:54:00,77.22,77.22,77.2,77.21,208459.92,6.0
CCMFUT,09/26/2025 09:52:00,77.23,77.24,77.23,77.24,139030.9,4.0
CCMFUT,09/26/2025 09:47:00,77.21,77.22,77.21,77.22,104235.2,3.0
CCMFUT,09/26/2025 09:45:00,77.28,77.28,77.22,77.22,243302.77,7.0
CCMFUT,09/26/2025 09:43:00,77.31,77.31,77.24,77.24,382527.51,11.0
CCMFUT,09/26/2025 09:40:00,77.29,77.3,77.28,77.28,278255.64,8.0
CCMFUT,09/26/2025 09:38:00,77.25,77.25,77.25,77.25,34764.27,1.0
CCMFUT,09/26/2025 09:37:00,77.27,77.27,77.24,77.24,208590.88,6.0
CCMFUT,09/26/2025 09:36:00,77.31,77.31,77.28,77.28,139146.16,4.0
CCMFUT,09/26/2025 09:35:00,77.25,77.28,77.25,77.28,104313.78,3.0
CCMFUT,09/26/2025 09:34:00,77.22,77.24,77.22,77.24,104261.39,3.0
CCMFUT,09/26/2025 09:32:00,77.16,77.17,77.15,77.17,243046.07,7.0
CCMFUT,09/26/2025 09:31:00,77.16,77.16,77.16,77.16,138889.46,4.0
CCMFUT,09/26/2025 09:30:00,77.18,77.18,77.15,77.15,173638.02,5.0
CCMFUT,09/26/2025 09:28:00,77.22,77.23,77.22,77.23,173758.51,5.0
CCMFUT,09/26/2025 09:23:00,77.21,77.21,77.21,77.21,34743.32,1.0
CCMFUT,09/26/2025 09:21:00,77.17,77.22,77.17,77.22,104214.24,3.0
CCMFUT,09/26/2025 09:20:00,77.21,77.21,77.13,77.13,798645.81,23.0
CCMFUT,09/26/2025 09:18:00,77.27,77.27,77.24,77.24,69528.55,2.0
CCMFUT,09/26/2025 09:14:00,77.17,77.24,77.17,77.24,312658.44,9.0
CCMFUT,09/26/2025 09:13:00,77.18,77.18,77.16,77.16,69455.21,2.0
CCMFUT,09/26/2025 09:11:00,77.25,77.25,77.2,77.2,486506.01,14.0
CCMFUT,09/26/2025 09:05:00,77.24,77.24,77.24,77.24,69518.07,2.0
CCMFUT,09/26/2025 09:04:00,77.31,77.31,77.24,77.24,104324.26,3.0
CCMFUT,09/26/2025 09:03:00,77.34,77.42,77.29,77.31,800647.01,23.0
CCMFUT,09/26/2025 09:02:00,77.22,77.29,77.22,77.29,139057.1,4.0
CCMFUT,09/26/2025 09:01:00,77.14,77.23,77.14,77.23,104177.57,3.0
CCMFUT,09/26/2025 09:00:00,77.36,77.59,77.24,77.24,3590799.59,103.0
CCMFUT,09/25/2025 17:05:00,77.44,77.44,77.36,77.36,3170589.83,91.0
CCMFUT,09/25/2025 16:19:00,77.46,77.46,77.37,77.37,2961443.64,85.0
CCMFUT,09/25/2025 16:18:00,77.41,77.53,77.41,77.46,4985545.84,143.0
CCMFUT,09/25/2025 16:17:00,77.39,77.39,77.37,77.37,69643.8,2.0
CCMFUT,09/25/2025 16:16:00,77.38,77.39,77.38,77.39,208936.64,6.0
CCMFUT,09/25/2025 16:15:00,77.36,77.39,77.36,77.36,661443.23,19.0
CCMFUT,09/25/2025 16:14:00,77.38,77.39,77.36,77.36,661542.77,19.0
CCMFUT,09/25/2025 16:10:00,77.36,77.41,77.36,77.41,278569.96,8.0
CCMFUT,09/25/2025 16:07:00,77.43,77.43,77.36,77.36,3970775.83,114.0
CCMFUT,09/25/2025 16:06:00,77.43,77.43,77.43,77.43,104528.57,3.0
CCMFUT,09/25/2025 16:05:00,77.43,77.44,77.42,77.44,1114882.31,32.0
CCMFUT,09/25/2025 16:04:00,77.43,77.48,77.43,77.44,836527.14,24.0
CCMFUT,09/25/2025 16:02:00,77.45,77.45,77.45,77.45,69706.67,2.0
CCMFUT,09/25/2025 16:00:00,77.45,77.48,77.45,77.48,174287.62,5.0
CCMFUT,09/25/2025 15:59:00,77.44,77.45,77.43,77.45,627234.26,18.0
CCMFUT,09/25/2025 15:58:00,77.44,77.44,77.44,77.44,34848.09,1.0
CCMFUT,09/25/2025 15:57:00,77.45,77.45,77.45,77.45,69706.67,2.0
CCMFUT,09/25/2025 15:56:00,77.44,77.45,77.43,77.43,243941.9,7.0
CCMFUT,09/25/2025 15:55:00,77.45,77.45,77.43,77.44,383360.47,11.0
CCMFUT,09/25/2025 15:54:00,77.45,77.45,77.45,77.45,174266.66,5.0
CCMFUT,09/25/2025 15:51:00,77.42,77.48,77.42,77.48,348517.61,10.0
CCMFUT,09/25/2025 15:50:00,77.43,77.43,77.42,77.43,557412.34,16.0
CCMFUT,09/25/2025 15:49:00,77.49,77.49,77.43,77.44,1673211.44,48.0
CCMFUT,09/25/2025 15:47:00,77.49,77.49,77.49,77.49,34869.05,1.0
CCMFUT,09/25/2025 15:46:00,77.5,77.5,77.5,77.5,174371.44,5.0
CCMFUT,09/25/2025 15:44:00,77.46,77.5,77.46,77.5,801862.4,23.0
CCMFUT,09/25/2025 15:43:00,77.39,77.46,77.39,77.45,4076593.13,117.0
CCMFUT,09/25/2025 15:42:00,77.39,77.39,77.39,77.39,34827.14,1.0
CCMFUT,09/25/2025 15:39:00,77.38,77.38,77.38,77.38,104465.7,3.0
CCMFUT,09/25/2025 15:38:00,77.39,77.39,77.39,77.39,278617.11,8.0
CCMFUT,09/25/2025 15:37:00,77.38,77.38,77.38,77.38,69643.8,2.0
CCMFUT,09/25/2025 15:36:00,77.39,77.42,77.38,77.38,4598429.19,132.0
CCMFUT,09/25/2025 15:35:00,77.37,77.41,77.37,77.39,487616.62,14.0
CCMFUT,09/25/2025 15:34:00,77.37,77.37,77.37,77.37,278533.29,8.0
CCMFUT,09/25/2025 15:31:00,77.38,77.38,77.36,77.36,383030.43,11.0
CCMFUT,09/25/2025 15:30:00,77.36,77.38,77.36,77.38,417768.51,12.0
CCMFUT,09/25/2025 15:28:00,77.36,77.36,77.36,77.36,104434.27,3.0
CCMFUT,09/25/2025 15:27:00,77.36,77.42,77.36,77.37,3691592.93,106.0
CCMFUT,09/25/2025 15:26:00,77.35,77.36,77.35,77.36,139235.21,4.0
CCMFUT,09/25/2025 15:25:00,77.35,77.35,77.34,77.34,174025.68,5.0
CCMFUT,09/25/2025 15:22:00,77.34,77.36,77.34,77.36,278444.24,8.0
CCMFUT,09/25/2025 15:21:00,77.35,77.35,77.35,77.35,139224.74,4.0
CCMFUT,09/25/2025 15:20:00,77.32,77.34,77.32,77.34,69596.65,2.0
CCMFUT,09/25/2025 15:13:00,77.37,77.37,77.37,77.37,34816.66,1.0
CCMFUT,09/25/2025 15:12:00,77.38,77.38,77.36,77.36,348156.14,10.0
CCMFUT,09/25/2025 15:10:00,77.37,77.41,77.37,77.38,1253866.07,36.0
CCMFUT,09/25/2025 15:09:00,77.34,77.36,77.34,77.36,870206.99,25.0
CCMFUT,09/25/2025 15:07:00,77.31,77.31,77.3,77.31,834908.37,24.0
CCMFUT,09/25/2025 15:05:00,77.35,77.36,77.34,77.36,487312.77,14.0
CCMFUT,09/25/2025 15:04:00,77.34,77.34,77.34,77.34,417611.35,12.0
CCMFUT,09/25/2025 15:02:00,77.32,77.34,77.32,77.34,208779.48,6.0
CCMFUT,09/25/2025 15:01:00,77.32,77.32,77.32,77.32,34795.71,1.0
CCMFUT,09/25/2025 15:00:00,77.31,77.31,77.31,77.31,34790.47,1.0
CCMFUT,09/25/2025 14:59:00,77.32,77.36,77.31,77.31,556799.41,16.0
CCMFUT,09/25/2025 14:58:00,77.32,77.32,77.32,77.32,243569.95,7.0
CCMFUT,09/25/2025 14:55:00,77.31,77.31,77.31,77.31,34790.47,1.0
CCMFUT,09/25/2025 14:52:00,77.31,77.32,77.31,77.32,278355.18,8.0
CCMFUT,09/25/2025 14:50:00,77.31,77.31,77.31,77.31,243533.28,7.0
CCMFUT,09/25/2025 14:48:00,77.29,77.31,77.29,77.31,173910.43,5.0
CCMFUT,09/25/2025 14:40:00,77.28,77.28,77.28,77.28,34774.75,1.0
CCMFUT,09/25/2025 14:36:00,77.31,77.31,77.31,77.31,34790.47,1.0
CCMFUT,09/25/2025 14:32:00,77.27,77.27,77.27,77.27,69539.03,2.0
CCMFUT,09/25/2025 14:27:00,77.27,77.27,77.27,77.27,973546.37,28.0
CCMFUT,09/25/2025 14:25:00,77.24,77.24,77.24,77.24,34759.04,1.0
CCMFUT,09/25/2025 14:23:00,77.27,77.27,77.27,77.27,69539.03,2.0
CCMFUT,09/25/2025 14:22:00,77.25,77.3,77.24,77.3,869148.77,25.0
CCMFUT,09/25/2025 14:18:00,77.29,77.29,77.28,77.28,347758.0,10.0
CCMFUT,09/25/2025 14:17:00,77.29,77.29,77.29,77.29,104339.97,3.0
CCMFUT,09/25/2025 14:15:00,77.28,77.28,77.28,77.28,34774.75,1.0
CCMFUT,09/25/2025 14:13:00,77.32,77.32,77.29,77.29,243517.56,7.0
CCMFUT,09/25/2025 14:12:00,77.35,77.35,77.35,77.35,69612.37,2.0
CCMFUT,09/25/2025 14:10:00,77.37,77.37,77.36,77.36,522239.45,15.0
CCMFUT,09/25/2025 14:08:00,77.38,77.38,77.38,77.38,69643.8,2.0
CCMFUT,09/25/2025 14:07:00,77.36,77.36,77.36,77.36,174057.11,5.0
CCMFUT,09/25/2025 14:06:00,77.31,77.39,77.31,77.37,905081.28,26.0
CCMFUT,09/25/2025 14:05:00,77.31,77.32,77.31,77.32,208748.05,6.0
CCMFUT,09/25/2025 14:03:00,77.28,77.31,77.28,77.3,730379.8,21.0
CCMFUT,09/25/2025 14:00:00,77.24,77.28,77.24,77.28,695463.6,20.0
CCMFUT,09/25/2025 13:58:00,77.28,77.28,77.27,77.27,382517.03,11.0
CCMFUT,09/25/2025 13:57:00,77.25,77.25,77.25,77.25,69528.55,2.0
CCMFUT,09/25/2025 13:53:00,77.28,77.28,77.27,77.27,69544.26,2.0
CCMFUT,09/25/2025 13:50:00,77.29,77.29,77.29,77.29,69559.98,2.0
CCMFUT,09/25/2025 13:49:00,77.25,77.3,77.25,77.3,625919.34,18.0
CCMFUT,09/25/2025 13:48:00,77.21,77.24,77.21,77.23,1285670.46,37.0
CCMFUT,09/25/2025 13:46:00,77.18,77.22,77.18,77.22,590641.67,17.0
CCMFUT,09/25/2025 13:45:00,77.18,77.18,77.18,77.18,173664.21,5.0
CCMFUT,09/25/2025 13:41:00,77.18,77.18,77.18,77.18,34732.84,1.0
CCMFUT,09/25/2025 13:30:00,77.16,77.17,77.15,77.17,138894.7,4.0
CCMFUT,09/25/2025 13:29:00,77.16,77.16,77.16,77.16,34722.36,1.0
CCMFUT,09/25/2025 13:28:00,77.2,77.2,77.18,77.18,173674.69,5.0
CCMFUT,09/25/2025 13:27:00,77.22,77.22,77.22,77.22,138994.23,4.0
CCMFUT,09/25/2025 13:25:00,77.22,77.22,77.22,77.22,69497.12,2.0
CCMFUT,09/25/2025 13:20:00,77.22,77.22,77.22,77.22,34748.56,1.0
CCMFUT,09/25/2025 13:19:00,77.24,77.25,77.24,77.25,69523.31,2.0
CCMFUT,09/25/2025 13:17:00,77.21,77.21,77.21,77.21,34743.32,1.0
CCMFUT,09/25/2025 13:15:00,77.18,77.18,77.14,77.16,972388.6,28.0
CCMFUT,09/25/2025 13:14:00,77.18,77.18,77.18,77.18,903053.89,26.0
CCMFUT,09/25/2025 13:13:00,77.18,77.2,77.18,77.18,764138.24,22.0
CCMFUT,09/25/2025 13:12:00,77.18,77.2,77.18,77.18,2188174.28,63.0
CCMFUT,09/25/2025 13:11:00,77.18,77.18,77.18,77.18,1146183.78,33.0
CCMFUT,09/25/2025 13:10:00,77.2,77.2,77.18,77.2,451542.66,13.0
CCMFUT,09/25/2025 13:08:00,77.22,77.22,77.22,77.22,104245.67,3.0
CCMFUT,09/25/2025 13:06:00,77.22,77.22,77.22,77.22,69497.12,2.0
CCMFUT,09/25/2025 13:05:00,77.22,77.22,77.22,77.22,34748.56,1.0
CCMFUT,09/25/2025 13:02:00,77.24,77.24,77.23,77.24,312826.08,9.0
CCMFUT,09/25/2025 13:01:00,77.24,77.24,77.24,77.24,625662.64,18.0
CCMFUT,09/25/2025 13:00:00,77.24,77.28,77.24,77.27,382464.64,11.0
CCMFUT,09/25/2025 12:59:00,77.2,77.23,77.18,77.23,347391.28,10.0
CCMFUT,09/25/2025 12:56:00,77.21,77.21,77.18,77.18,138947.08,4.0
CCMFUT,09/25/2025 12:55:00,77.22,77.22,77.22,77.22,69497.12,2.0
CCMFUT,09/25/2025 12:50:00,77.23,77.23,77.23,77.23,34753.8,1.0
CCMFUT,09/25/2025 12:49:00,77.24,77.24,77.24,77.24,139036.14,4.0
CCMFUT,09/25/2025 12:46:00,77.25,77.25,77.24,77.24,312852.28,9.0
CCMFUT,09/25/2025 12:44:00,77.24,77.24,77.24,77.24,208554.21,6.0
CCMFUT,09/25/2025 12:42:00,77.27,77.27,77.27,77.27,34769.51,1.0
CCMFUT,09/25/2025 12:35:00,77.23,77.23,77.23,77.23,34753.8,1.0
CCMFUT,09/25/2025 12:31:00,77.28,77.3,77.28,77.28,730421.71,21.0
CCMFUT,09/25/2025 12:30:00,77.25,77.25,77.25,77.25,104292.82,3.0
CCMFUT,09/25/2025 12:29:00,77.25,77.25,77.24,77.24,69523.31,2.0
CCMFUT,09/25/2025 12:28:00,77.3,77.3,77.27,77.27,347773.71,10.0
CCMFUT,09/25/2025 12:26:00,77.28,77.3,77.28,77.3,104345.21,3.0
CCMFUT,09/25/2025 12:25:00,77.23,77.23,77.23,77.23,34753.8,1.0
CCMFUT,09/25/2025 12:21:00,77.23,77.23,77.23,77.23,34753.8,1.0
CCMFUT,09/25/2025 12:20:00,77.21,77.21,77.21,77.21,69486.64,2.0
CCMFUT,09/25/2025 12:19:00,77.25,77.25,77.18,77.2,2813821.2,81.0
CCMFUT,09/25/2025 12:18:00,77.25,77.25,77.25,77.25,34764.27,1.0
CCMFUT,09/25/2025 12:17:00,77.32,77.32,77.27,77.27,765238.37,22.0
CCMFUT,09/25/2025 12:16:00,77.35,77.36,77.35,77.35,522098.0,15.0
CCMFUT,09/25/2025 12:15:00,77.37,77.37,77.37,77.37,104449.99,3.0
CCMFUT,09/25/2025 12:14:00,77.38,77.38,77.38,77.38,69643.8,2.0
CCMFUT,09/25/2025 12:12:00,77.38,77.38,77.38,77.38,34821.9,1.0
CCMFUT,09/25/2025 12:10:00,77.39,77.39,77.39,77.39,34827.14,1.0
CCMFUT,09/25/2025 12:09:00,77.41,77.42,77.41,77.42,243847.6,7.0
CCMFUT,09/25/2025 12:08:00,77.39,77.42,77.39,77.42,243842.36,7.0
CCMFUT,09/25/2025 12:04:00,77.37,77.37,77.37,77.37,69633.32,2.0
CCMFUT,09/25/2025 12:03:00,77.43,77.43,77.39,77.39,661862.33,19.0
CCMFUT,09/25/2025 12:02:00,77.43,77.45,77.42,77.43,139376.66,4.0
CCMFUT,09/25/2025 12:01:00,77.39,77.51,77.39,77.45,5610176.45,161.0
CCMFUT,09/25/2025 12:00:00,77.32,77.42,77.32,77.37,3726100.51,107.0
CCMFUT,09/25/2025 11:56:00,77.31,77.31,77.31,77.31,173952.34,5.0
CCMFUT,09/25/2025 11:55:00,77.31,77.32,77.31,77.32,104381.88,3.0
CCMFUT,09/25/2025 11:54:00,77.32,77.32,77.32,77.32,278365.65,8.0
CCMFUT,09/25/2025 11:53:00,77.31,77.31,77.31,77.31,313114.21,9.0
CCMFUT,09/25/2025 11:51:00,77.3,77.3,77.3,77.3,1217483.02,35.0
CCMFUT,09/25/2025 11:49:00,77.31,77.31,77.31,77.31,208742.81,6.0
CCMFUT,09/25/2025 11:48:00,77.3,77.3,77.3,77.3,34785.23,1.0
CCMFUT,09/25/2025 11:47:00,77.3,77.34,77.3,77.34,452239.41,13.0
CCMFUT,09/25/2025 11:46:00,77.34,77.34,77.34,77.34,34800.95,1.0
CCMFUT,09/25/2025 11:45:00,77.31,77.35,77.3,77.35,765453.16,22.0
CCMFUT,09/25/2025 11:44:00,77.32,77.34,77.3,77.32,487118.94,14.0
CCMFUT,09/25/2025 11:43:00,77.28,77.34,77.28,77.34,2226348.97,64.0
CCMFUT,09/25/2025 11:41:00,77.28,77.28,77.28,77.28,34774.75,1.0
CCMFUT,09/25/2025 11:40:00,77.22,77.27,77.22,77.27,451940.8,13.0
CCMFUT,09/25/2025 11:39:00,77.24,77.24,77.24,77.24,173795.18,5.0
CCMFUT,09/25/2025 11:38:00,77.21,77.22,77.21,77.22,277977.99,8.0
CCMFUT,09/25/2025 11:37:00,77.17,77.22,77.17,77.22,347349.37,10.0
CCMFUT,09/25/2025 11:34:00,77.14,77.14,77.14,77.14,34711.89,1.0
CCMFUT,09/25/2025 11:33:00,77.15,77.15,77.15,77.15,104151.38,3.0
CCMFUT,09/25/2025 11:32:00,77.18,77.18,77.16,77.16,729300.62,21.0
CCMFUT,09/25/2025 11:30:00,77.2,77.22,77.18,77.2,521034.54,15.0
CCMFUT,09/25/2025 11:29:00,77.2,77.2,77.18,77.2,1215775.2,35.0
CCMFUT,09/25/2025 11:27:00,77.21,77.21,77.21,77.21,312689.87,9.0
CCMFUT,09/25/2025 11:26:00,77.21,77.21,77.21,77.21,69486.64,2.0
CCMFUT,09/25/2025 11:25:00,77.2,77.22,77.2,77.22,486406.47,14.0
CCMFUT,09/25/2025 11:23:00,77.16,77.21,77.15,77.2,2049164.33,59.0
CCMFUT,09/25/2025 11:22:00,77.14,77.16,77.11,77.16,2359910.63,68.0
CCMFUT,09/25/2025 11:21:00,77.15,77.15,77.15,77.15,34717.13,1.0
CCMFUT,09/25/2025 11:20:00,77.16,77.18,77.16,77.18,1111209.96,32.0
CCMFUT,09/25/2025 11:19:00,77.2,77.22,77.16,77.16,903148.19,26.0
CCMFUT,09/25/2025 11:18:00,77.23,77.24,77.18,77.24,1459119.88,42.0
CCMFUT,09/25/2025 11:17:00,77.22,77.27,77.22,77.27,1633679.91,47.0
CCMFUT,09/25/2025 11:16:00,77.22,77.22,77.22,77.22,34748.56,1.0
CCMFUT,09/25/2025 11:15:00,77.18,77.22,77.18,77.22,416883.16,12.0
CCMFUT,09/25/2025 11:14:00,77.13,77.22,77.13,77.2,4444913.18,128.0
CCMFUT,09/25/2025 11:13:00,77.11,77.14,77.11,77.11,867598.1,25.0
CCMFUT,09/25/2025 11:12:00,77.09,77.11,77.09,77.11,971539.93,28.0
CCMFUT,09/25/2025 11:11:00,77.11,77.11,77.11,77.11,242909.87,7.0
CCMFUT,09/25/2025 11:09:00,77.1,77.11,77.1,77.11,451113.08,13.0
CCMFUT,09/25/2025 11:08:00,77.06,77.14,77.06,77.14,832550.93,24.0
CCMFUT,09/25/2025 11:06:00,77.04,77.07,77.04,77.07,346762.63,10.0
CCMFUT,09/25/2025 11:05:00,77.06,77.06,77.03,77.03,208040.82,6.0
CCMFUT,09/25/2025 11:02:00,77.03,77.06,77.03,77.06,346705.01,10.0
CCMFUT,09/25/2025 11:01:00,77.04,77.04,77.04,77.04,34669.98,1.0
CCMFUT,09/25/2025 11:00:00,77.07,77.07,77.07,77.07,554887.27,16.0
CCMFUT,09/25/2025 10:56:00,77.04,77.08,77.04,77.07,624206.27,18.0
CCMFUT,09/25/2025 10:54:00,77.06,77.06,77.06,77.06,34675.22,1.0
CCMFUT,09/25/2025 10:49:00,77.06,77.06,77.06,77.06,34675.22,1.0
CCMFUT,09/25/2025 10:47:00,77.07,77.08,77.07,77.07,520212.06,15.0
CCMFUT,09/25/2025 10:46:00,77.06,77.06,77.06,77.06,69350.43,2.0
CCMFUT,09/25/2025 10:45:00,77.03,77.06,77.03,77.04,242695.08,7.0
CCMFUT,09/25/2025 10:44:00,77.06,77.07,77.06,77.07,693582.9,20.0
CCMFUT,09/25/2025 10:43:00,77.04,77.04,77.04,77.04,34669.98,1.0
CCMFUT,09/25/2025 10:42:00,77.04,77.07,77.04,77.07,866922.3,25.0
CCMFUT,09/25/2025 10:41:00,77.07,77.1,77.03,77.03,6379066.22,184.0
CCMFUT,09/25/2025 10:39:00,77.07,77.07,77.07,77.07,416165.45,12.0
CCMFUT,09/25/2025 10:38:00,77.07,77.07,77.07,77.07,312124.09,9.0
CCMFUT,09/25/2025 10:36:00,77.06,77.06,77.06,77.06,69350.43,2.0
CCMFUT,09/25/2025 10:35:00,77.03,77.03,77.03,77.03,34664.74,1.0
CCMFUT,09/25/2025 10:34:00,77.04,77.04,77.03,77.03,69334.72,2.0
CCMFUT,09/25/2025 10:33:00,77.03,77.07,77.03,77.06,589531.06,17.0
CCMFUT,09/25/2025 10:30:00,77.03,77.08,77.03,77.08,1525478.99,44.0
CCMFUT,09/25/2025 10:27:00,77.03,77.06,77.03,77.04,589389.61,17.0
CCMFUT,09/25/2025 10:26:00,77.01,77.03,77.01,77.03,381301.64,11.0
CCMFUT,09/25/2025 10:25:00,77.0,77.01,77.0,77.01,207915.09,6.0
CCMFUT,09/25/2025 10:21:00,77.01,77.01,76.99,76.99,103952.3,3.0
CCMFUT,09/25/2025 10:20:00,76.97,76.97,76.97,76.97,34638.54,1.0
CCMFUT,09/25/2025 10:18:00,77.0,77.0,76.99,77.0,207883.65,6.0
CCMFUT,09/25/2025 10:17:00,76.97,76.97,76.97,76.97,34638.54,1.0
CCMFUT,09/25/2025 10:15:00,76.97,77.01,76.97,76.97,277165.98,8.0
CCMFUT,09/25/2025 10:13:00,76.97,76.97,76.97,76.97,34638.54,1.0
CCMFUT,09/25/2025 10:12:00,76.97,76.97,76.97,76.97,34638.54,1.0
CCMFUT,09/25/2025 10:11:00,76.97,76.97,76.97,76.97,69277.09,2.0
CCMFUT,09/25/2025 10:10:00,76.95,76.97,76.95,76.97,138533.22,4.0
CCMFUT,09/25/2025 10:09:00,76.97,76.97,76.97,76.97,69277.09,2.0
CCMFUT,09/25/2025 10:08:00,76.97,76.97,76.97,76.97,34638.54,1.0
CCMFUT,09/25/2025 10:06:00,77.01,77.01,76.97,76.97,173208.44,5.0
CCMFUT,09/25/2025 10:05:00,76.95,77.0,76.95,76.99,277134.55,8.0
CCMFUT,09/25/2025 10:04:00,76.97,76.97,76.97,76.97,173192.72,5.0
CCMFUT,09/25/2025 10:03:00,76.94,77.0,76.94,76.99,1108260.55,32.0
CCMFUT,09/25/2025 10:01:00,76.92,76.92,76.92,76.92,34612.35,1.0
CCMFUT,09/25/2025 10:00:00,76.92,76.92,76.92,76.92,34612.35,1.0
CCMFUT,09/25/2025 09:59:00,76.83,76.87,76.83,76.87,276647.35,8.0
CCMFUT,09/25/2025 09:58:00,76.88,76.9,76.86,76.86,449730.06,13.0
CCMFUT,09/25/2025 09:57:00,76.95,76.95,76.86,76.86,1246505.64,36.0
CCMFUT,09/25/2025 09:56:00,77.01,77.01,76.95,76.96,2597246.48,75.0
CCMFUT,09/25/2025 09:55:00,76.97,77.01,76.97,77.01,311788.81,9.0
CCMFUT,09/25/2025 09:54:00,76.93,77.0,76.93,77.0,658006.62,19.0
CCMFUT,09/25/2025 09:51:00,76.81,76.94,76.81,76.94,1694517.39,49.0
CCMFUT,09/25/2025 09:50:00,76.78,76.8,76.78,76.8,172789.34,5.0
CCMFUT,09/25/2025 09:49:00,76.78,76.78,76.78,76.78,34549.49,1.0
CCMFUT,09/25/2025 09:48:00,76.79,76.79,76.79,76.79,34554.72,1.0
CCMFUT,09/25/2025 09:47:00,76.78,76.78,76.78,76.78,34549.49,1.0
CCMFUT,09/25/2025 09:46:00,76.81,76.81,76.79,76.79,172789.34,5.0
CCMFUT,09/25/2025 09:44:00,76.8,76.81,76.8,76.81,138245.09,4.0
CCMFUT,09/25/2025 09:43:00,76.79,76.81,76.78,76.78,138234.62,4.0
CCMFUT,09/25/2025 09:42:00,76.78,76.78,76.78,76.78,69098.97,2.0
CCMFUT,09/25/2025 09:41:00,76.78,76.78,76.74,76.78,759879.14,22.0
CCMFUT,09/25/2025 09:40:00,76.8,76.82,76.8,76.8,276532.1,8.0
CCMFUT,09/25/2025 09:39:00,76.8,76.81,76.78,76.81,518388.97,15.0
CCMFUT,09/25/2025 09:38:00,76.89,76.89,76.8,76.81,1348362.45,39.0
CCMFUT,09/25/2025 09:37:00,76.9,76.9,76.9,76.9,103821.34,3.0
CCMFUT,09/25/2025 09:36:00,76.85,76.9,76.83,76.9,449630.52,13.0
CCMFUT,09/25/2025 09:35:00,76.89,76.9,76.89,76.9,69208.99,2.0
CCMFUT,09/25/2025 09:34:00,76.89,76.93,76.89,76.93,484499.57,14.0
CCMFUT,09/25/2025 09:33:00,76.87,76.88,76.83,76.88,484248.11,14.0
CCMFUT,09/25/2025 09:32:00,76.89,76.89,76.89,76.89,34601.87,1.0
CCMFUT,09/25/2025 09:30:00,76.85,76.9,76.79,76.9,829921.09,24.0
CCMFUT,09/25/2025 09:29:00,76.88,76.88,76.88,76.88,207579.81,6.0
CCMFUT,09/25/2025 09:27:00,76.87,76.88,76.85,76.88,518813.31,15.0
CCMFUT,09/25/2025 09:25:00,76.88,76.88,76.88,76.88,34596.63,1.0
CCMFUT,09/25/2025 09:24:00,76.89,76.9,76.87,76.9,380594.41,11.0
CCMFUT,09/25/2025 09:22:00,76.92,76.95,76.89,76.95,346139.23,10.0
CCMFUT,09/25/2025 09:21:00,76.96,76.96,76.94,76.94,554059.55,16.0
CCMFUT,09/25/2025 09:18:00,77.01,77.01,76.96,76.96,692828.52,20.0
CCMFUT,09/25/2025 09:17:00,77.02,77.03,77.02,77.03,69324.24,2.0
CCMFUT,09/25/2025 09:15:00,77.02,77.06,77.01,77.06,485327.29,14.0
CCMFUT,09/25/2025 09:14:00,77.03,77.03,77.02,77.02,207983.19,6.0
CCMFUT,09/25/2025 09:13:00,77.07,77.07,77.02,77.03,2219460.03,64.0
CCMFUT,09/25/2025 09:12:00,77.07,77.08,77.07,77.07,104046.6,3.0
CCMFUT,09/25/2025 09:11:00,77.07,77.08,77.07,77.08,416186.41,12.0
CCMFUT,09/25/2025 09:10:00,77.07,77.09,77.07,77.08,450893.06,13.0
CCMFUT,09/25/2025 09:09:00,77.08,77.08,77.03,77.07,1664588.47,48.0
CCMFUT,09/25/2025 09:08:00,77.11,77.11,77.1,77.1,520479.23,15.0
CCMFUT,09/25/2025 09:07:00,77.08,77.13,77.07,77.13,3710971.03,107.0
CCMFUT,09/25/2025 09:06:00,77.13,77.13,77.1,77.1,104098.99,3.0
CCMFUT,09/25/2025 09:05:00,77.11,77.13,77.09,77.09,381626.45,11.0
CCMFUT,09/25/2025 09:04:00,77.09,77.09,77.09,77.09,69381.86,2.0
CCMFUT,09/25/2025 09:03:00,77.14,77.14,77.08,77.11,277553.65,8.0
CCMFUT,09/25/2025 09:02:00,77.09,77.18,77.09,77.18,381862.19,11.0
CCMFUT,09/25/2025 09:01:00,77.07,77.16,77.07,77.14,312365.07,9.0
CCMFUT,09/24/2025 17:05:00,76.96,77.06,76.83,76.95,2112233.51,61.0
CCMFUT,09/24/2025 16:19:00,77.01,77.04,77.0,77.04,2703058.54,78.0
CCMFUT,09/24/2025 16:18:00,76.95,77.02,76.95,77.01,4746423.58,137.0
CCMFUT,09/24/2025 16:17:00,76.99,76.99,76.95,76.95,3047395.63,88.0
CCMFUT,09/24/2025 16:16:00,76.95,76.97,76.95,76.96,1592922.52,46.0
CCMFUT,09/24/2025 16:15:00,76.95,76.99,76.94,76.95,2839621.99,82.0
CCMFUT,09/24/2025 16:14:00,76.96,76.96,76.95,76.95,1073522.47,31.0
CCMFUT,09/24/2025 16:13:00,76.95,76.96,76.94,76.96,2423922.79,70.0
CCMFUT,09/24/2025 16:12:00,76.95,76.95,76.95,76.95,69256.13,2.0
CCMFUT,09/24/2025 16:11:00,76.96,76.96,76.95,76.95,415563.0,12.0
CCMFUT,09/24/2025 16:10:00,76.95,76.96,76.95,76.96,138517.51,4.0
CCMFUT,09/24/2025 16:09:00,76.95,76.97,76.95,76.96,1315897.98,38.0
CCMFUT,09/24/2025 16:08:00,76.89,77.01,76.89,76.95,7132512.19,206.0
CCMFUT,09/24/2025 16:07:00,76.89,76.89,76.89,76.89,69203.75,2.0
CCMFUT,09/24/2025 16:06:00,76.89,76.89,76.89,76.89,69203.75,2.0
CCMFUT,09/24/2025 16:05:00,76.89,76.89,76.89,76.89,173009.37,5.0
CCMFUT,09/24/2025 16:04:00,76.89,76.89,76.89,76.89,69203.75,2.0
CCMFUT,09/24/2025 16:03:00,76.89,76.89,76.89,76.89,69203.75,2.0
CCMFUT,09/24/2025 16:02:00,76.89,76.89,76.89,76.89,69203.75,2.0
CCMFUT,09/24/2025 16:01:00,76.89,76.89,76.89,76.89,69203.75,2.0
CCMFUT,09/24/2025 16:00:00,76.89,76.89,76.89,76.89,103805.62,3.0
CCMFUT,09/24/2025 15:59:00,76.89,76.89,76.89,76.89,69203.75,2.0
CCMFUT,09/24/2025 15:58:00,76.9,76.93,76.9,76.92,657629.43,19.0
CCMFUT,09/24/2025 15:57:00,76.88,76.88,76.88,76.88,69193.27,2.0
CCMFUT,09/24/2025 15:56:00,76.89,76.89,76.89,76.89,34601.87,1.0
CCMFUT,09/24/2025 15:55:00,76.88,76.9,76.88,76.9,138412.73,4.0
CCMFUT,09/24/2025 15:54:00,76.88,76.89,76.88,76.89,415170.09,12.0
CCMFUT,09/24/2025 15:53:00,76.88,76.88,76.88,76.88,69193.27,2.0
CCMFUT,09/24/2025 15:52:00,76.89,76.89,76.88,76.88,138402.25,4.0
CCMFUT,09/24/2025 15:51:00,76.89,76.9,76.89,76.9,380641.56,11.0
CCMFUT,09/24/2025 15:50:00,76.89,76.89,76.87,76.89,6228274.35,180.0
CCMFUT,09/24/2025 15:49:00,76.89,76.89,76.89,76.89,69203.75,2.0
CCMFUT,09/24/2025 15:48:00,76.89,76.9,76.89,76.9,69208.99,2.0
CCMFUT,09/24/2025 15:47:00,76.93,76.93,76.89,76.89,346128.75,10.0
CCMFUT,09/24/2025 15:46:00,76.92,76.93,76.92,76.92,138459.88,4.0
CCMFUT,09/24/2025 15:45:00,76.92,76.92,76.92,76.92,34612.35,1.0
CCMFUT,09/24/2025 15:44:00,76.95,76.95,76.92,76.92,103858.01,3.0
CCMFUT,09/24/2025 15:43:00,76.9,76.94,76.9,76.94,1903820.74,55.0
CCMFUT,09/24/2025 15:42:00,76.9,76.9,76.9,76.9,242249.78,7.0
CCMFUT,09/24/2025 15:41:00,76.9,76.9,76.9,76.9,69214.22,2.0
CCMFUT,09/24/2025 15:40:00,76.9,76.94,76.9,76.9,138444.16,4.0
CCMFUT,09/24/2025 15:39:00,76.9,76.9,76.9,76.9,34607.11,1.0
CCMFUT,09/24/2025 15:38:00,76.92,76.92,76.9,76.9,69219.46,2.0
CCMFUT,09/24/2025 15:37:00,76.9,76.93,76.9,76.92,103837.05,3.0
CCMFUT,09/24/2025 15:36:00,76.9,76.9,76.9,76.9,69214.22,2.0
CCMFUT,09/24/2025 15:35:00,76.9,76.9,76.9,76.9,69214.22,2.0
CCMFUT,09/24/2025 15:34:00,76.9,76.9,76.9,76.9,34607.11,1.0
CCMFUT,09/24/2025 15:33:00,76.9,76.9,76.9,76.9,69214.22,2.0
CCMFUT,09/24/2025 15:32:00,76.9,76.9,76.9,76.9,69214.22,2.0
CCMFUT,09/24/2025 15:31:00,76.9,76.9,76.9,76.9,69214.22,2.0
CCMFUT,09/24/2025 15:30:00,76.9,76.9,76.9,76.9,69214.22,2.0
CCMFUT,09/24/2025 15:29:00,76.89,76.9,76.89,76.9,449829.59,13.0
CCMFUT,09/24/2025 15:28:00,76.9,76.9,76.89,76.89,449829.59,13.0
CCMFUT,09/24/2025 15:27:00,76.9,76.9,76.9,76.9,69214.22,2.0
CCMFUT,09/24/2025 15:26:00,76.9,76.9,76.9,76.9,69214.22,2.0
CCMFUT,09/24/2025 15:25:00,76.92,76.92,76.9,76.9,103826.58,3.0
CCMFUT,09/24/2025 15:24:00,76.94,76.95,76.93,76.93,623252.82,18.0
CCMFUT,09/24/2025 15:21:00,76.94,76.94,76.94,76.94,34622.83,1.0
CCMFUT,09/24/2025 15:18:00,76.93,76.93,76.93,76.93,34617.59,1.0
CCMFUT,09/24/2025 15:17:00,76.93,76.93,76.92,76.93,207700.3,6.0
CCMFUT,09/24/2025 15:16:00,76.94,76.94,76.93,76.93,830942.64,24.0
CCMFUT,09/24/2025 15:15:00,76.89,76.94,76.89,76.94,657529.89,19.0
CCMFUT,09/24/2025 15:14:00,76.87,76.87,76.87,76.87,34591.4,1.0
CCMFUT,09/24/2025 15:10:00,76.87,76.87,76.87,76.87,34591.4,1.0
CCMFUT,09/24/2025 15:07:00,76.87,76.87,76.87,76.87,69182.79,2.0
CCMFUT,09/24/2025 15:05:00,76.86,76.86,76.86,76.86,34586.16,1.0
CCMFUT,09/24/2025 15:02:00,76.86,76.86,76.86,76.86,34586.16,1.0
CCMFUT,09/24/2025 14:56:00,76.86,76.86,76.86,76.86,34586.16,1.0
CCMFUT,09/24/2025 14:50:00,76.86,76.86,76.86,76.86,34586.16,1.0
CCMFUT,09/24/2025 14:49:00,76.87,76.87,76.85,76.85,242103.1,7.0
CCMFUT,09/24/2025 14:48:00,76.88,76.88,76.88,76.88,34596.63,1.0
CCMFUT,09/24/2025 14:47:00,76.89,76.89,76.86,76.86,172983.17,5.0
CCMFUT,09/24/2025 14:40:00,76.85,76.87,76.85,76.87,345861.57,10.0
CCMFUT,09/24/2025 14:38:00,76.83,76.86,76.83,76.85,449541.46,13.0
CCMFUT,09/24/2025 14:34:00,76.83,76.83,76.83,76.83,760664.95,22.0
CCMFUT,09/24/2025 14:30:00,76.8,76.82,76.8,76.82,241982.61,7.0
CCMFUT,09/24/2025 14:26:00,76.83,76.83,76.83,76.83,172878.4,5.0
CCMFUT,09/24/2025 14:24:00,76.83,76.83,76.83,76.83,34575.68,1.0
CCMFUT,09/24/2025 14:17:00,76.83,76.83,76.82,76.82,449420.97,13.0
CCMFUT,09/24/2025 14:15:00,76.81,76.81,76.81,76.81,34565.2,1.0
CCMFUT,09/24/2025 14:14:00,76.83,76.83,76.82,76.82,898957.19,26.0
CCMFUT,09/24/2025 14:10:00,76.82,76.82,76.82,76.82,34570.44,1.0
CCMFUT,09/24/2025 14:08:00,76.82,76.82,76.82,76.82,172852.2,5.0
CCMFUT,09/24/2025 14:05:00,76.82,76.82,76.82,76.82,138281.76,4.0
CCMFUT,09/24/2025 14:04:00,76.83,76.83,76.8,76.82,138276.53,4.0
CCMFUT,09/24/2025 13:59:00,76.82,76.83,76.82,76.83,103721.8,3.0
CCMFUT,09/24/2025 13:58:00,76.8,76.82,76.8,76.82,69130.4,2.0
CCMFUT,09/24/2025 13:57:00,76.82,76.82,76.82,76.82,34570.44,1.0
CCMFUT,09/24/2025 13:56:00,76.82,76.82,76.82,76.82,207422.65,6.0
CCMFUT,09/24/2025 13:55:00,76.83,76.83,76.79,76.82,2143540.22,62.0
CCMFUT,09/24/2025 13:52:00,76.87,76.87,76.85,76.85,345835.38,10.0
CCMFUT,09/24/2025 13:50:00,76.88,76.89,76.88,76.89,69198.51,2.0
CCMFUT,09/24/2025 13:44:00,76.88,76.88,76.88,76.88,172983.17,5.0
CCMFUT,09/24/2025 13:42:00,76.86,76.86,76.86,76.86,34586.16,1.0
CCMFUT,09/24/2025 13:40:00,76.86,76.86,76.85,76.85,345819.66,10.0
CCMFUT,09/24/2025 13:39:00,76.89,76.89,76.89,76.89,34601.87,1.0
CCMFUT,09/24/2025 13:37:00,76.9,76.9,76.89,76.89,207621.72,6.0
CCMFUT,09/24/2025 13:33:00,76.92,76.94,76.92,76.94,138480.84,4.0
CCMFUT,09/24/2025 13:25:00,76.92,76.93,76.9,76.92,1834674.62,53.0
CCMFUT,09/24/2025 13:20:00,76.9,76.92,76.9,76.9,138438.93,4.0
CCMFUT,09/24/2025 13:18:00,76.9,76.9,76.9,76.9,34607.11,1.0
CCMFUT,09/24/2025 13:15:00,76.9,76.9,76.9,76.9,34607.11,1.0
CCMFUT,09/24/2025 13:10:00,76.92,76.92,76.9,76.9,692241.78,20.0
CCMFUT,09/24/2025 13:06:00,76.92,76.92,76.92,76.92,34612.35,1.0
CCMFUT,09/24/2025 13:05:00,76.9,76.9,76.9,76.9,34607.11,1.0
CCMFUT,09/24/2025 13:04:00,76.9,76.9,76.9,76.9,34607.11,1.0
CCMFUT,09/24/2025 13:01:00,76.9,76.92,76.9,76.92,311500.68,9.0
CCMFUT,09/24/2025 13:00:00,76.9,76.9,76.9,76.9,34607.11,1.0
CCMFUT,09/24/2025 12:58:00,76.88,76.89,76.88,76.89,103795.14,3.0
CCMFUT,09/24/2025 12:55:00,76.88,76.88,76.88,76.88,34596.63,1.0
CCMFUT,09/24/2025 12:49:00,76.87,76.87,76.87,76.87,34591.4,1.0
CCMFUT,09/24/2025 12:48:00,76.87,76.87,76.86,76.87,242124.06,7.0
CCMFUT,09/24/2025 12:47:00,76.92,76.92,76.87,76.87,138407.49,4.0
CCMFUT,09/24/2025 12:45:00,76.9,76.94,76.9,76.94,138475.6,4.0
CCMFUT,09/24/2025 12:44:00,76.9,76.9,76.9,76.9,69214.22,2.0
CCMFUT,09/24/2025 12:42:00,76.9,76.9,76.9,76.9,34607.11,1.0
CCMFUT,09/24/2025 12:41:00,76.92,76.92,76.92,76.92,34612.35,1.0
CCMFUT,09/24/2025 12:40:00,76.89,76.93,76.89,76.93,173066.99,5.0
CCMFUT,09/24/2025 12:30:00,76.88,76.88,76.88,76.88,34596.63,1.0
CCMFUT,09/24/2025 12:27:00,76.9,76.9,76.89,76.89,103810.86,3.0
CCMFUT,09/24/2025 12:24:00,76.89,76.9,76.89,76.9,415269.63,12.0
CCMFUT,09/24/2025 12:23:00,76.89,76.89,76.89,76.89,69203.75,2.0
CCMFUT,09/24/2025 12:21:00,76.89,76.89,76.88,76.88,138402.25,4.0
CCMFUT,09/24/2025 12:14:00,76.83,76.85,76.83,76.83,1106426.99,32.0
CCMFUT,09/24/2025 12:13:00,76.81,76.81,76.81,76.81,69130.4,2.0
CCMFUT,09/24/2025 12:11:00,76.81,76.81,76.81,76.81,138260.81,4.0
CCMFUT,09/24/2025 12:10:00,76.81,76.81,76.81,76.81,69130.4,2.0
CCMFUT,09/24/2025 12:05:00,76.83,76.83,76.83,76.83,345756.8,10.0
CCMFUT,09/24/2025 12:00:00,76.81,76.81,76.79,76.79,103685.13,3.0
CCMFUT,09/24/2025 11:59:00,76.81,76.81,76.81,76.81,69130.4,2.0
CCMFUT,09/24/2025 11:58:00,76.81,76.81,76.81,76.81,103695.61,3.0
CCMFUT,09/24/2025 11:57:00,76.79,76.81,76.79,76.81,103679.89,3.0
CCMFUT,09/24/2025 11:55:00,76.81,76.81,76.76,76.78,1693480.12,49.0
CCMFUT,09/24/2025 11:54:00,76.82,76.82,76.82,76.82,69140.88,2.0
CCMFUT,09/24/2025 11:53:00,76.83,76.83,76.83,76.83,242029.76,7.0
CCMFUT,09/24/2025 11:52:00,76.83,76.83,76.83,76.83,34575.68,1.0
CCMFUT,09/24/2025 11:51:00,76.83,76.83,76.83,76.83,172878.4,5.0
CCMFUT,09/24/2025 11:50:00,76.82,76.82,76.81,76.81,172831.25,5.0
CCMFUT,09/24/2025 11:49:00,76.82,76.82,76.82,76.82,69140.88,2.0
CCMFUT,09/24/2025 11:44:00,76.83,76.83,76.83,76.83,207454.08,6.0
CCMFUT,09/24/2025 11:43:00,76.83,76.85,76.83,76.83,1383032.43,40.0
CCMFUT,09/24/2025 11:42:00,76.83,76.83,76.83,76.83,172878.4,5.0
CCMFUT,09/24/2025 11:41:00,76.9,76.9,76.83,76.83,3907486.62,113.0
CCMFUT,09/24/2025 11:40:00,76.96,76.96,76.92,76.92,138491.31,4.0
CCMFUT,09/24/2025 11:38:00,76.95,76.96,76.95,76.96,277029.78,8.0
CCMFUT,09/24/2025 11:37:00,76.96,76.96,76.95,76.95,311657.84,9.0
CCMFUT,09/24/2025 11:36:00,76.96,76.96,76.95,76.95,692571.82,20.0
CCMFUT,09/24/2025 11:35:00,76.85,76.96,76.85,76.95,1592466.75,46.0
CCMFUT,09/24/2025 11:34:00,76.8,76.88,76.8,76.87,7364535.96,213.0
CCMFUT,09/24/2025 11:33:00,76.81,76.81,76.79,76.79,172794.58,5.0
CCMFUT,09/24/2025 11:32:00,76.81,76.81,76.79,76.79,138250.33,4.0
CCMFUT,09/24/2025 11:31:00,76.8,76.8,76.8,76.8,241919.74,7.0
CCMFUT,09/24/2025 11:30:00,76.8,76.8,76.8,76.8,103679.89,3.0
CCMFUT,09/24/2025 11:29:00,76.79,76.8,76.79,76.8,276448.28,8.0
CCMFUT,09/24/2025 11:28:00,76.79,76.79,76.78,76.79,138213.66,4.0
CCMFUT,09/24/2025 11:27:00,76.79,76.79,76.79,76.79,69109.45,2.0
CCMFUT,09/24/2025 11:26:00,76.79,76.79,76.79,76.79,380101.97,11.0
CCMFUT,09/24/2025 11:25:00,76.78,76.79,76.78,76.79,518273.72,15.0
CCMFUT,09/24/2025 11:24:00,76.82,76.82,76.78,76.78,1175159.25,34.0
CCMFUT,09/24/2025 11:23:00,76.8,76.83,76.8,76.81,2350706.17,68.0
CCMFUT,09/24/2025 11:22:00,76.8,76.81,76.8,76.81,138245.09,4.0
CCMFUT,09/24/2025 11:21:00,76.8,76.8,76.8,76.8,207359.78,6.0
CCMFUT,09/24/2025 11:20:00,76.76,76.81,76.76,76.8,311055.39,9.0
CCMFUT,09/24/2025 11:19:00,76.79,76.8,76.78,76.78,725628.26,21.0
CCMFUT,09/24/2025 11:18:00,76.79,76.79,76.76,76.76,69098.97,2.0
CCMFUT,09/24/2025 11:13:00,76.75,76.78,76.75,76.78,241830.69,7.0
CCMFUT,09/24/2025 11:12:00,76.74,76.78,76.74,76.75,759978.68,22.0
CCMFUT,09/24/2025 11:11:00,76.74,76.75,76.72,76.74,552503.65,16.0
CCMFUT,09/24/2025 11:10:00,76.73,76.73,76.73,76.73,103585.59,3.0
CCMFUT,09/24/2025 11:09:00,76.73,76.73,76.73,76.73,138114.12,4.0
CCMFUT,09/24/2025 11:06:00,76.72,76.72,76.72,76.72,2416630.46,70.0
CCMFUT,09/24/2025 11:05:00,76.71,76.74,76.71,76.72,724989.14,21.0
CCMFUT,09/24/2025 11:04:00,76.7,76.7,76.7,76.7,207076.89,6.0
CCMFUT,09/24/2025 11:02:00,76.7,76.7,76.7,76.7,69025.63,2.0
CCMFUT,09/24/2025 11:01:00,76.72,76.74,76.72,76.72,897616.08,26.0
CCMFUT,09/24/2025 10:59:00,76.73,76.73,76.73,76.73,34528.53,1.0
CCMFUT,09/24/2025 10:58:00,76.72,76.72,76.72,76.72,34523.29,1.0
CCMFUT,09/24/2025 10:56:00,76.73,76.73,76.73,76.73,34528.53,1.0
CCMFUT,09/24/2025 10:55:00,76.71,76.71,76.71,76.71,103554.16,3.0
CCMFUT,09/24/2025 10:53:00,76.7,76.71,76.7,76.71,552267.9,16.0
CCMFUT,09/24/2025 10:52:00,76.7,76.7,76.7,76.7,103538.44,3.0
CCMFUT,09/24/2025 10:51:00,76.65,76.7,76.65,76.7,206998.31,6.0
CCMFUT,09/24/2025 10:49:00,76.63,76.65,76.63,76.63,172427.87,5.0
CCMFUT,09/24/2025 10:48:00,76.68,76.68,76.63,76.63,2448780.61,71.0
CCMFUT,09/24/2025 10:47:00,76.72,76.72,76.72,76.72,241663.05,7.0
CCMFUT,09/24/2025 10:46:00,76.73,76.73,76.68,76.72,1760714.1,51.0
CCMFUT,09/24/2025 10:45:00,76.72,76.74,76.7,76.72,3694086.57,107.0
CCMFUT,09/24/2025 10:44:00,76.68,76.72,76.68,76.72,1001007.84,29.0
CCMFUT,09/24/2025 10:43:00,76.67,76.71,76.67,76.71,552246.95,16.0
CCMFUT,09/24/2025 10:42:00,76.67,76.68,76.66,76.67,241516.36,7.0
CCMFUT,09/24/2025 10:41:00,76.65,76.67,76.65,76.65,206972.11,6.0
CCMFUT,09/24/2025 10:40:00,76.65,76.67,76.63,76.66,896887.89,26.0
CCMFUT,09/24/2025 10:39:00,76.63,76.66,76.61,76.66,655193.41,19.0
CCMFUT,09/24/2025 10:38:00,76.63,76.63,76.63,76.63,137925.53,4.0
CCMFUT,09/24/2025 10:37:00,76.64,76.66,76.63,76.63,344871.45,10.0
CCMFUT,09/24/2025 10:36:00,76.66,76.67,76.65,76.65,206972.11,6.0
CCMFUT,09/24/2025 10:35:00,76.65,76.67,76.64,76.66,862354.12,25.0
CCMFUT,09/24/2025 10:34:00,76.64,76.65,76.63,76.63,310374.35,9.0
CCMFUT,09/24/2025 10:33:00,76.63,76.64,76.63,76.63,482755.07,14.0
CCMFUT,09/24/2025 10:32:00,76.65,76.65,76.63,76.63,586256.84,17.0
CCMFUT,09/24/2025 10:31:00,76.66,76.66,76.63,76.65,448383.7,13.0
CCMFUT,09/24/2025 10:30:00,76.66,76.67,76.66,76.66,448493.71,13.0
CCMFUT,09/24/2025 10:29:00,76.66,76.67,76.66,76.66,1483401.43,43.0
CCMFUT,09/24/2025 10:28:00,76.7,76.71,76.68,76.68,724763.87,21.0
CCMFUT,09/24/2025 10:27:00,76.7,76.7,76.7,76.7,13011331.19,377.0
CCMFUT,09/24/2025 10:26:00,76.7,76.7,76.7,76.7,241589.7,7.0
CCMFUT,09/24/2025 10:25:00,76.7,76.7,76.7,76.7,966358.82,28.0
CCMFUT,09/24/2025 10:24:00,76.7,76.7,76.7,76.7,207076.89,6.0
CCMFUT,09/24/2025 10:23:00,76.7,76.7,76.7,76.7,1173435.7,34.0
CCMFUT,09/24/2025 10:22:00,76.7,76.7,76.7,76.7,172564.07,5.0
CCMFUT,09/24/2025 10:21:00,76.66,76.72,76.66,76.72,1070002.03,31.0
CCMFUT,09/24/2025 10:20:00,76.66,76.68,76.66,76.68,448504.19,13.0
CCMFUT,09/24/2025 10:19:00,76.66,76.68,76.66,76.66,1172948.5,34.0
CCMFUT,09/24/2025 10:18:00,76.64,76.67,76.63,76.67,2345320.74,68.0
CCMFUT,09/24/2025 10:17:00,76.67,76.67,76.64,76.64,1828325.27,53.0
CCMFUT,09/24/2025 10:16:00,76.72,76.72,76.67,76.67,1380523.07,40.0
CCMFUT,09/24/2025 10:15:00,76.72,76.73,76.72,76.72,448839.47,13.0
CCMFUT,09/24/2025 10:14:00,76.72,76.73,76.72,76.72,414316.18,12.0
CCMFUT,09/24/2025 10:13:00,76.72,76.72,76.72,76.72,9217719.05,267.0
CCMFUT,09/24/2025 10:12:00,76.73,76.73,76.72,76.72,1311906.06,38.0
CCMFUT,09/24/2025 10:11:00,76.67,76.72,76.67,76.72,690376.79,20.0
CCMFUT,09/24/2025 10:10:00,76.68,76.73,76.68,76.68,828475.2,24.0
CCMFUT,09/24/2025 10:09:00,76.74,76.78,76.67,76.7,2658408.76,77.0
CCMFUT,09/24/2025 10:08:00,76.83,76.83,76.73,76.73,2556012.36,74.0
CCMFUT,09/24/2025 10:07:00,76.8,76.87,76.79,76.83,3215202.93,93.0
CCMFUT,09/24/2025 10:06:00,76.78,76.82,76.78,76.8,1382367.11,40.0
CCMFUT,09/24/2025 10:05:00,76.9,76.92,76.75,76.78,37836145.34,1.094
CCMFUT,09/24/2025 10:04:00,76.95,76.97,76.92,76.92,1592781.07,46.0
CCMFUT,09/24/2025 10:03:00,76.97,76.97,76.97,76.97,277108.36,8.0
CCMFUT,09/24/2025 10:02:00,76.97,76.97,76.97,76.97,138554.18,4.0
CCMFUT,09/24/2025 10:01:00,76.97,76.99,76.97,76.99,207852.22,6.0
CCMFUT,09/24/2025 10:00:00,77.01,77.01,76.97,76.97,796827.97,23.0
CCMFUT,09/24/2025 09:59:00,76.99,77.04,76.97,77.01,1836665.34,53.0
CCMFUT,09/24/2025 09:58:00,76.99,76.99,76.97,76.97,381039.71,11.0
CCMFUT,09/24/2025 09:57:00,76.97,76.99,76.97,76.97,588876.21,17.0
CCMFUT,09/24/2025 09:56:00,76.97,76.97,76.97,76.97,138554.18,4.0
CCMFUT,09/24/2025 09:55:00,76.99,76.99,76.97,76.97,173197.96,5.0
CCMFUT,09/24/2025 09:54:00,76.99,77.0,76.97,77.0,588891.93,17.0
CCMFUT,09/24/2025 09:53:00,76.97,76.97,76.97,76.97,346385.45,10.0
CCMFUT,09/24/2025 09:52:00,76.97,76.97,76.97,76.97,242469.81,7.0
CCMFUT,09/24/2025 09:51:00,76.99,76.99,76.97,76.97,138564.66,4.0
CCMFUT,09/24/2025 09:50:00,76.97,76.97,76.97,76.97,138554.18,4.0
CCMFUT,09/24/2025 09:48:00,76.97,76.99,76.97,76.99,207836.51,6.0
CCMFUT,09/24/2025 09:47:00,76.97,76.99,76.96,76.96,796670.81,23.0
CCMFUT,09/24/2025 09:46:00,77.0,77.0,76.99,76.99,69292.81,2.0
CCMFUT,09/24/2025 09:45:00,77.02,77.02,77.0,77.0,69308.52,2.0
CCMFUT,09/24/2025 09:42:00,77.01,77.02,77.0,77.0,242579.83,7.0
CCMFUT,09/24/2025 09:39:00,77.01,77.01,77.01,77.01,34654.26,1.0
CCMFUT,09/24/2025 09:38:00,77.03,77.1,77.03,77.04,3329208.38,96.0
CCMFUT,09/24/2025 09:37:00,77.01,77.02,77.01,77.02,173276.54,5.0
CCMFUT,09/24/2025 09:36:00,77.02,77.03,77.0,77.0,1108957.3,32.0
CCMFUT,09/24/2025 09:35:00,77.02,77.03,77.02,77.03,103988.98,3.0
CCMFUT,09/24/2025 09:32:00,77.03,77.03,77.03,77.03,34664.74,1.0
CCMFUT,09/24/2025 09:31:00,77.07,77.07,77.06,77.06,624242.94,18.0
CCMFUT,09/24/2025 09:30:00,77.03,77.06,77.03,77.06,277344.1,8.0
CCMFUT,09/24/2025 09:29:00,77.0,77.0,77.0,77.0,34649.02,1.0
CCMFUT,09/24/2025 09:28:00,77.0,77.01,77.0,77.01,103957.54,3.0
CCMFUT,09/24/2025 09:27:00,76.99,76.99,76.99,76.99,415725.4,12.0
CCMFUT,09/24/2025 09:26:00,77.01,77.01,77.01,77.01,34654.26,1.0
CCMFUT,09/24/2025 09:25:00,77.01,77.01,77.01,77.01,866356.52,25.0
CCMFUT,09/24/2025 09:21:00,76.97,76.99,76.97,76.99,762063.7,22.0
CCMFUT,09/24/2025 09:20:00,77.01,77.01,76.99,76.99,103941.83,3.0
CCMFUT,09/24/2025 09:16:00,77.02,77.02,77.02,77.02,34659.5,1.0
CCMFUT,09/24/2025 09:15:00,76.99,77.0,76.97,77.0,173218.92,5.0
CCMFUT,09/24/2025 09:14:00,77.02,77.02,77.02,77.02,34659.5,1.0
CCMFUT,09/24/2025 09:13:00,77.01,77.01,76.97,77.0,1594033.13,46.0
CCMFUT,09/24/2025 09:11:00,77.01,77.01,76.99,77.0,485044.4,14.0
CCMFUT,09/24/2025 09:10:00,77.02,77.03,77.01,77.03,173302.74,5.0
CCMFUT,09/24/2025 09:09:00,76.99,77.02,76.99,77.02,103957.54,3.0
CCMFUT,09/24/2025 09:08:00,77.0,77.01,76.99,77.0,415772.55,12.0
CCMFUT,09/24/2025 09:07:00,76.9,77.01,76.9,77.0,2008532.67,58.0
CCMFUT,09/24/2025 09:06:00,76.93,76.93,76.85,76.89,3286795.54,95.0
CCMFUT,09/24/2025 09:05:00,76.9,76.95,76.88,76.93,2353482.7,68.0
CCMFUT,09/24/2025 09:04:00,76.93,76.93,76.88,76.92,1003506.72,29.0
CCMFUT,09/24/2025 09:03:00,77.1,77.1,76.72,76.99,22501679.47,649.0
CCMFUT,09/22/2025 17:05:00,77.53,77.63,77.49,77.61,976930.59,28.0
CCMFUT,09/22/2025 16:19:00,77.49,77.5,77.48,77.49,2161844.37,62.0
CCMFUT,09/22/2025 16:18:00,77.53,77.53,77.49,77.49,3488240.79,100.0
CCMFUT,09/22/2025 16:17:00,77.48,77.56,77.48,77.53,5930844.92,170.0
CCMFUT,09/22/2025 16:16:00,77.48,77.5,77.48,77.48,732160.97,21.0
CCMFUT,09/22/2025 16:15:00,77.48,77.48,77.48,77.48,836731.45,24.0
CCMFUT,09/22/2025 16:14:00,77.48,77.5,77.45,77.48,2893722.45,83.0
CCMFUT,09/22/2025 16:13:00,77.48,77.5,77.48,77.48,697318.12,20.0
CCMFUT,09/22/2025 16:12:00,77.48,77.5,77.48,77.48,488103.82,14.0
CCMFUT,09/22/2025 16:11:00,77.48,77.5,77.48,77.5,697323.36,20.0
CCMFUT,09/22/2025 16:10:00,77.48,77.49,77.48,77.48,557836.68,16.0
CCMFUT,09/22/2025 16:09:00,77.48,77.48,77.48,77.48,104591.43,3.0
CCMFUT,09/22/2025 16:08:00,77.49,77.49,77.48,77.48,69732.86,2.0
CCMFUT,09/22/2025 16:07:00,77.53,77.56,77.52,77.52,558360.56,16.0
CCMFUT,09/22/2025 16:06:00,77.49,77.54,77.49,77.54,244182.88,7.0
CCMFUT,09/22/2025 16:05:00,77.48,77.51,77.48,77.51,104607.15,3.0
CCMFUT,09/22/2025 16:04:00,77.48,77.49,77.48,77.49,104601.91,3.0
CCMFUT,09/22/2025 16:03:00,77.48,77.49,77.48,77.48,2266152.91,65.0
CCMFUT,09/22/2025 16:02:00,77.48,77.49,77.48,77.48,1150510.98,33.0
CCMFUT,09/22/2025 16:01:00,77.49,77.51,77.48,77.48,6450218.78,185.0
CCMFUT,09/22/2025 16:00:00,77.48,77.5,77.48,77.5,139476.2,4.0
CCMFUT,09/22/2025 15:59:00,77.52,77.52,77.49,77.49,174392.39,5.0
CCMFUT,09/22/2025 15:58:00,77.49,77.53,77.49,77.53,174408.11,5.0
CCMFUT,09/22/2025 15:57:00,77.5,77.51,77.48,77.51,139481.44,4.0
CCMFUT,09/22/2025 15:56:00,77.48,77.48,77.48,77.48,69727.62,2.0
CCMFUT,09/22/2025 15:55:00,77.48,77.48,77.48,77.48,69727.62,2.0
CCMFUT,09/22/2025 15:54:00,77.48,77.5,77.48,77.49,209219.53,6.0
CCMFUT,09/22/2025 15:53:00,77.49,77.5,77.49,77.5,104617.62,3.0
CCMFUT,09/22/2025 15:52:00,77.46,77.51,77.46,77.51,871726.23,25.0
CCMFUT,09/22/2025 15:51:00,77.46,77.46,77.42,77.45,14772212.93,424.0
CCMFUT,09/22/2025 15:50:00,77.44,77.44,77.43,77.43,69690.95,2.0
CCMFUT,09/22/2025 15:49:00,77.44,77.45,77.44,77.44,139402.85,4.0
CCMFUT,09/22/2025 15:48:00,77.43,77.48,77.43,77.44,453109.04,13.0
CCMFUT,09/22/2025 15:47:00,77.43,77.45,77.43,77.43,174224.75,5.0
CCMFUT,09/22/2025 15:46:00,77.43,77.43,77.43,77.43,69685.71,2.0
CCMFUT,09/22/2025 15:45:00,77.43,77.43,77.43,77.43,418114.26,12.0
CCMFUT,09/22/2025 15:44:00,77.44,77.44,77.44,77.44,104544.28,3.0
CCMFUT,09/22/2025 15:43:00,77.44,77.44,77.44,77.44,69696.19,2.0
CCMFUT,09/22/2025 15:42:00,77.49,77.49,77.45,77.45,104575.71,3.0
CCMFUT,09/22/2025 15:41:00,77.45,77.45,77.44,77.44,69701.43,2.0
CCMFUT,09/22/2025 15:40:00,77.45,77.45,77.45,77.45,69706.67,2.0
CCMFUT,09/22/2025 15:39:00,77.44,77.5,77.44,77.45,209161.91,6.0
CCMFUT,09/22/2025 15:38:00,77.44,77.44,77.43,77.43,174229.99,5.0
CCMFUT,09/22/2025 15:37:00,77.45,77.45,77.44,77.44,69701.43,2.0
CCMFUT,09/22/2025 15:36:00,77.54,77.54,77.45,77.45,1953667.35,56.0
CCMFUT,09/22/2025 15:35:00,77.54,77.54,77.54,77.54,314057.19,9.0
CCMFUT,09/22/2025 15:34:00,77.56,77.56,77.56,77.56,69800.96,2.0
CCMFUT,09/22/2025 15:32:00,77.54,77.54,77.54,77.54,34895.24,1.0
CCMFUT,09/22/2025 15:31:00,77.58,77.58,77.58,77.58,34910.96,1.0
CCMFUT,09/22/2025 15:30:00,77.56,77.58,77.56,77.58,139633.36,4.0
CCMFUT,09/22/2025 15:29:00,77.54,77.56,77.52,77.56,523376.25,15.0
CCMFUT,09/22/2025 15:26:00,77.53,77.53,77.53,77.53,139560.02,4.0
CCMFUT,09/22/2025 15:24:00,77.52,77.57,77.52,77.52,558292.45,16.0
CCMFUT,09/22/2025 15:22:00,77.46,77.46,77.46,77.46,139434.29,4.0
CCMFUT,09/22/2025 15:21:00,77.43,77.48,77.43,77.48,418323.81,12.0
CCMFUT,09/22/2025 15:20:00,77.44,77.44,77.44,77.44,69696.19,2.0
CCMFUT,09/22/2025 15:19:00,77.46,77.46,77.46,77.46,209151.43,6.0
CCMFUT,09/22/2025 15:18:00,77.48,77.48,77.48,77.48,313774.29,9.0
CCMFUT,09/22/2025 15:17:00,77.43,77.43,77.43,77.43,34842.86,1.0
CCMFUT,09/22/2025 15:15:00,77.43,77.43,77.43,77.43,174214.28,5.0
CCMFUT,09/22/2025 15:14:00,77.45,77.46,77.43,77.43,871291.41,25.0
CCMFUT,09/22/2025 15:13:00,77.49,77.49,77.44,77.44,627470.01,18.0
CCMFUT,09/22/2025 15:10:00,77.56,77.58,77.51,77.51,418837.21,12.0
CCMFUT,09/22/2025 15:09:00,77.53,77.53,77.53,77.53,34890.0,1.0
CCMFUT,09/22/2025 15:08:00,77.51,77.52,77.51,77.52,104649.06,3.0
CCMFUT,09/22/2025 15:07:00,77.51,77.51,77.51,77.51,69759.05,2.0
CCMFUT,09/22/2025 15:05:00,77.43,77.43,77.42,77.42,174193.32,5.0
CCMFUT,09/22/2025 15:03:00,77.46,77.46,77.45,77.45,209125.24,6.0
CCMFUT,09/22/2025 15:02:00,77.46,77.46,77.42,77.42,209125.24,6.0
CCMFUT,09/22/2025 15:00:00,77.54,77.54,77.46,77.49,1185605.3,34.0
CCMFUT,09/22/2025 14:59:00,77.53,77.59,77.53,77.59,732831.53,21.0
CCMFUT,09/22/2025 14:58:00,77.45,77.52,77.43,77.49,2231907.27,64.0
CCMFUT,09/22/2025 14:57:00,77.43,77.45,77.43,77.45,487815.69,14.0
CCMFUT,09/22/2025 14:56:00,77.42,77.42,77.42,77.42,34837.62,1.0
CCMFUT,09/22/2025 14:55:00,77.45,77.45,77.42,77.42,348454.75,10.0
CCMFUT,09/22/2025 14:54:00,77.42,77.44,77.42,77.44,1219337.54,35.0
CCMFUT,09/22/2025 14:53:00,77.44,77.44,77.42,77.43,1916173.69,55.0
CCMFUT,09/22/2025 14:52:00,77.51,77.51,77.44,77.44,244020.48,7.0
CCMFUT,09/22/2025 14:51:00,77.5,77.51,77.5,77.51,174387.16,5.0
CCMFUT,09/22/2025 14:50:00,77.48,77.5,77.48,77.5,139465.72,4.0
CCMFUT,09/22/2025 14:49:00,77.49,77.49,77.49,77.49,69738.1,2.0
CCMFUT,09/22/2025 14:48:00,77.44,77.46,77.42,77.46,522642.83,15.0
CCMFUT,09/22/2025 14:47:00,77.42,77.49,77.42,77.44,871280.93,25.0
CCMFUT,09/22/2025 14:46:00,77.34,77.43,77.34,77.41,1462991.31,42.0
CCMFUT,09/22/2025 14:45:00,77.32,77.32,77.3,77.31,14122902.62,406.0
CCMFUT,09/22/2025 14:44:00,77.32,77.37,77.27,77.32,2923572.79,84.0
CCMFUT,09/22/2025 14:43:00,77.32,77.36,77.3,77.32,521904.17,15.0
CCMFUT,09/22/2025 14:42:00,77.31,77.46,77.3,77.34,2333664.55,67.0
CCMFUT,09/22/2025 14:41:00,77.3,77.34,77.3,77.31,1843779.55,53.0
CCMFUT,09/22/2025 14:40:00,77.43,77.44,77.0,77.29,19006350.67,547.0
CCMFUT,09/22/2025 14:39:00,77.56,77.57,77.43,77.46,2510823.0,72.0
CCMFUT,09/22/2025 14:38:00,77.67,77.71,77.53,77.53,4541232.64,130.0
CCMFUT,09/22/2025 14:37:00,78.03,78.03,77.51,77.66,69284779.62,1.977
CCMFUT,09/22/2025 14:35:00,78.05,78.05,78.05,78.05,105361.53,3.0
CCMFUT,09/22/2025 14:34:00,78.05,78.05,78.05,78.05,175602.54,5.0
CCMFUT,09/22/2025 14:30:00,78.06,78.06,78.06,78.06,105377.24,3.0
CCMFUT,09/22/2025 14:27:00,78.06,78.06,78.06,78.06,35125.75,1.0
CCMFUT,09/22/2025 14:24:00,78.09,78.09,78.09,78.09,210848.78,6.0
CCMFUT,09/22/2025 14:21:00,78.12,78.12,78.12,78.12,105455.82,3.0
CCMFUT,09/22/2025 14:17:00,78.09,78.09,78.09,78.09,70282.93,2.0
CCMFUT,09/22/2025 14:10:00,78.12,78.12,78.12,78.12,105455.82,3.0
CCMFUT,09/22/2025 14:05:00,78.1,78.1,78.1,78.1,35146.7,1.0
CCMFUT,09/22/2025 14:03:00,78.07,78.07,78.07,78.07,35130.99,1.0
CCMFUT,09/22/2025 14:00:00,78.08,78.08,78.08,78.08,175681.12,5.0
CCMFUT,09/22/2025 13:59:00,78.12,78.12,78.08,78.08,281184.1,8.0
CCMFUT,09/22/2025 13:55:00,78.12,78.12,78.12,78.12,316367.47,9.0
CCMFUT,09/22/2025 13:54:00,78.12,78.12,78.12,78.12,35151.94,1.0
CCMFUT,09/22/2025 13:52:00,78.09,78.09,78.09,78.09,35141.46,1.0
CCMFUT,09/22/2025 13:44:00,78.09,78.09,78.07,78.07,105408.67,3.0
CCMFUT,09/22/2025 13:28:00,78.06,78.06,78.06,78.06,35125.75,1.0
CCMFUT,09/22/2025 13:22:00,78.09,78.09,78.09,78.09,35141.46,1.0
CCMFUT,09/22/2025 13:16:00,78.07,78.07,78.07,78.07,70261.97,2.0
CCMFUT,09/22/2025 13:15:00,78.01,78.06,78.01,78.06,526666.18,15.0
CCMFUT,09/22/2025 13:14:00,78.01,78.01,78.01,78.01,35104.79,1.0
CCMFUT,09/22/2025 13:13:00,78.06,78.06,78.02,78.02,1123819.6,32.0
CCMFUT,09/22/2025 13:11:00,78.07,78.07,78.06,78.06,105382.48,3.0
CCMFUT,09/22/2025 13:10:00,78.07,78.07,78.07,78.07,35130.99,1.0
CCMFUT,09/22/2025 13:09:00,78.07,78.07,78.07,78.07,35130.99,1.0
CCMFUT,09/22/2025 13:07:00,78.03,78.03,78.03,78.03,105345.81,3.0
CCMFUT,09/22/2025 13:06:00,78.06,78.06,78.02,78.03,807619.77,23.0
CCMFUT,09/22/2025 13:04:00,78.08,78.08,78.08,78.08,35136.22,1.0
CCMFUT,09/22/2025 13:03:00,78.08,78.08,78.08,78.08,35136.22,1.0
CCMFUT,09/22/2025 13:01:00,78.13,78.13,78.06,78.06,913704.25,26.0
CCMFUT,09/22/2025 12:45:00,78.17,78.17,78.17,78.17,246246.94,7.0
CCMFUT,09/22/2025 12:30:00,78.21,78.21,78.21,78.21,70387.7,2.0
CCMFUT,09/22/2025 12:25:00,78.21,78.21,78.21,78.21,70387.7,2.0
CCMFUT,09/22/2025 12:24:00,78.21,78.21,78.21,78.21,70387.7,2.0
CCMFUT,09/22/2025 12:22:00,78.21,78.21,78.21,78.21,70387.7,2.0
CCMFUT,09/22/2025 12:20:00,78.21,78.21,78.21,78.21,70387.7,2.0
CCMFUT,09/22/2025 12:18:00,78.21,78.21,78.21,78.21,70387.7,2.0
CCMFUT,09/22/2025 12:17:00,78.21,78.22,78.21,78.22,211173.58,6.0
CCMFUT,09/22/2025 12:16:00,78.21,78.21,78.21,78.21,70387.7,2.0
CCMFUT,09/22/2025 12:15:00,78.21,78.21,78.21,78.21,70387.7,2.0
CCMFUT,09/22/2025 12:13:00,78.19,78.21,78.19,78.21,70377.22,2.0
CCMFUT,09/22/2025 12:11:00,78.19,78.19,78.19,78.19,70366.75,2.0
CCMFUT,09/22/2025 12:09:00,78.16,78.19,78.16,78.19,105539.64,3.0
CCMFUT,09/22/2025 12:07:00,78.16,78.16,78.16,78.16,70345.79,2.0
CCMFUT,09/22/2025 12:05:00,78.17,78.17,78.17,78.17,70356.27,2.0
CCMFUT,09/22/2025 12:04:00,78.2,78.2,78.2,78.2,175943.06,5.0
CCMFUT,09/22/2025 12:03:00,78.21,78.21,78.17,78.17,140733.49,4.0
CCMFUT,09/22/2025 12:02:00,78.21,78.21,78.21,78.21,70387.7,2.0
CCMFUT,09/22/2025 12:00:00,78.23,78.23,78.19,78.2,2604203.52,74.0
CCMFUT,09/22/2025 11:55:00,78.23,78.23,78.23,78.23,176021.64,5.0
CCMFUT,09/22/2025 11:53:00,78.23,78.23,78.21,78.22,563185.43,16.0
CCMFUT,09/22/2025 11:52:00,78.23,78.23,78.23,78.23,211225.97,6.0
CCMFUT,09/22/2025 11:51:00,78.23,78.23,78.23,78.23,35204.33,1.0
CCMFUT,09/22/2025 11:50:00,78.24,78.24,78.24,78.24,211257.4,6.0
CCMFUT,09/22/2025 11:49:00,78.24,78.24,78.24,78.24,176047.84,5.0
CCMFUT,09/22/2025 11:46:00,78.24,78.24,78.24,78.24,211257.4,6.0
CCMFUT,09/22/2025 11:45:00,78.26,78.26,78.23,78.23,422472.9,12.0
CCMFUT,09/22/2025 11:44:00,78.19,78.3,78.19,78.27,7887686.95,224.0
CCMFUT,09/22/2025 11:43:00,78.19,78.19,78.19,78.19,738850.84,21.0
CCMFUT,09/22/2025 11:42:00,78.17,78.19,78.17,78.19,246267.9,7.0
CCMFUT,09/22/2025 11:41:00,78.17,78.17,78.17,78.17,70356.27,2.0
CCMFUT,09/22/2025 11:40:00,78.17,78.17,78.17,78.17,422137.62,12.0
CCMFUT,09/22/2025 11:39:00,78.16,78.16,78.16,78.16,281383.17,8.0
CCMFUT,09/22/2025 11:38:00,78.16,78.16,78.16,78.16,70345.79,2.0
CCMFUT,09/22/2025 11:37:00,78.16,78.16,78.16,78.16,316556.06,9.0
CCMFUT,09/22/2025 11:36:00,78.15,78.19,78.14,78.16,2039514.57,58.0
CCMFUT,09/22/2025 11:35:00,78.15,78.16,78.14,78.14,879112.85,25.0
CCMFUT,09/22/2025 11:34:00,78.15,78.15,78.15,78.15,70335.31,2.0
CCMFUT,09/22/2025 11:33:00,78.13,78.15,78.13,78.15,105492.49,3.0
CCMFUT,09/22/2025 11:32:00,78.13,78.13,78.13,78.13,35157.18,1.0
CCMFUT,09/22/2025 11:31:00,78.13,78.13,78.13,78.13,527357.7,15.0
CCMFUT,09/22/2025 11:30:00,78.15,78.16,78.13,78.13,668117.38,19.0
CCMFUT,09/22/2025 11:29:00,78.13,78.15,78.13,78.15,316435.57,9.0
CCMFUT,09/22/2025 11:28:00,78.12,78.13,78.12,78.12,7592850.7,216.0
CCMFUT,09/22/2025 11:27:00,78.13,78.13,78.12,78.12,13007103.53,370.0
CCMFUT,09/22/2025 11:26:00,78.13,78.13,78.13,78.13,843772.31,24.0
CCMFUT,09/22/2025 11:25:00,78.13,78.15,78.13,78.15,4852408.52,138.0
CCMFUT,09/22/2025 11:24:00,78.15,78.15,78.13,78.13,175827.81,5.0
CCMFUT,09/22/2025 11:23:00,78.14,78.14,78.14,78.14,70324.84,2.0
CCMFUT,09/22/2025 11:22:00,78.14,78.14,78.14,78.14,210974.51,6.0
CCMFUT,09/22/2025 11:21:00,78.13,78.13,78.13,78.13,140628.72,4.0
CCMFUT,09/22/2025 11:19:00,78.13,78.13,78.13,78.13,140628.72,4.0
CCMFUT,09/22/2025 11:18:00,78.13,78.13,78.13,78.13,70314.36,2.0
CCMFUT,09/22/2025 11:17:00,78.13,78.13,78.13,78.13,70314.36,2.0
CCMFUT,09/22/2025 11:16:00,78.12,78.13,78.12,78.13,140618.24,4.0
CCMFUT,09/22/2025 11:15:00,78.13,78.15,78.13,78.15,140644.44,4.0
CCMFUT,09/22/2025 11:14:00,78.13,78.13,78.13,78.13,140628.72,4.0
CCMFUT,09/22/2025 11:13:00,78.13,78.13,78.13,78.13,105471.54,3.0
CCMFUT,09/22/2025 11:12:00,78.15,78.15,78.12,78.12,386728.98,11.0
CCMFUT,09/22/2025 11:11:00,78.15,78.15,78.15,78.15,70335.31,2.0
CCMFUT,09/22/2025 11:10:00,78.15,78.15,78.15,78.15,140670.63,4.0
CCMFUT,09/22/2025 11:08:00,78.15,78.16,78.15,78.16,140675.87,4.0
CCMFUT,09/22/2025 11:07:00,78.15,78.15,78.15,78.15,70335.31,2.0
CCMFUT,09/22/2025 11:06:00,78.13,78.15,78.12,78.15,281278.39,8.0
CCMFUT,09/22/2025 11:05:00,78.15,78.15,78.15,78.15,70335.31,2.0
CCMFUT,09/22/2025 11:04:00,78.15,78.15,78.12,78.15,140654.91,4.0
CCMFUT,09/22/2025 11:03:00,78.16,78.16,78.16,78.16,70345.79,2.0
CCMFUT,09/22/2025 11:02:00,78.16,78.16,78.16,78.16,140691.58,4.0
CCMFUT,09/22/2025 11:01:00,78.14,78.15,78.14,78.15,70330.08,2.0
CCMFUT,09/22/2025 11:00:00,78.13,78.13,78.1,78.12,351503.69,10.0
CCMFUT,09/22/2025 10:59:00,78.17,78.19,78.14,78.14,1019987.79,29.0
CCMFUT,09/22/2025 10:58:00,78.19,78.19,78.19,78.19,70366.75,2.0
CCMFUT,09/22/2025 10:55:00,78.14,78.14,78.14,78.14,35162.42,1.0
CCMFUT,09/22/2025 10:50:00,78.16,78.16,78.14,78.14,105502.97,3.0
CCMFUT,09/22/2025 10:49:00,78.12,78.17,78.12,78.17,351592.75,10.0
CCMFUT,09/22/2025 10:48:00,78.12,78.12,78.12,78.12,140607.76,4.0
CCMFUT,09/22/2025 10:47:00,78.1,78.1,78.1,78.1,210880.21,6.0
CCMFUT,09/22/2025 10:46:00,78.12,78.12,78.12,78.12,105455.82,3.0
CCMFUT,09/22/2025 10:44:00,78.12,78.12,78.12,78.12,281215.53,8.0
CCMFUT,09/22/2025 10:36:00,78.09,78.09,78.09,78.09,70282.93,2.0
CCMFUT,09/22/2025 10:34:00,78.12,78.12,78.1,78.1,140597.29,4.0
CCMFUT,09/22/2025 10:33:00,78.09,78.12,78.09,78.12,1651868.81,47.0
CCMFUT,09/22/2025 10:32:00,78.07,78.09,78.06,78.09,632436.33,18.0
CCMFUT,09/22/2025 10:31:00,78.08,78.08,78.03,78.07,11240218.19,320.0
CCMFUT,09/22/2025 10:30:00,78.07,78.07,78.03,78.05,4566195.23,130.0
CCMFUT,09/22/2025 10:25:00,78.08,78.08,78.07,78.07,70267.21,2.0
CCMFUT,09/22/2025 10:24:00,78.08,78.08,78.08,78.08,878405.62,25.0
CCMFUT,09/22/2025 10:20:00,78.09,78.09,78.07,78.07,210806.87,6.0
CCMFUT,09/22/2025 10:19:00,78.07,78.08,78.07,78.08,140529.18,4.0
CCMFUT,09/22/2025 10:18:00,78.09,78.09,78.09,78.09,105424.39,3.0
CCMFUT,09/22/2025 10:15:00,78.09,78.09,78.03,78.07,843059.85,24.0
CCMFUT,09/22/2025 10:09:00,78.07,78.08,78.06,78.08,281047.89,8.0
CCMFUT,09/22/2025 10:08:00,78.07,78.09,78.07,78.09,140555.38,4.0
CCMFUT,09/22/2025 10:07:00,78.06,78.06,78.05,78.05,140497.75,4.0
CCMFUT,09/22/2025 10:06:00,78.05,78.05,78.05,78.05,105361.53,3.0
CCMFUT,09/22/2025 10:05:00,78.03,78.05,78.02,78.03,316021.71,9.0
CCMFUT,09/22/2025 10:04:00,78.06,78.06,78.06,78.06,70251.49,2.0
CCMFUT,09/22/2025 10:00:00,78.09,78.09,78.01,78.06,7376082.14,210.0
CCMFUT,09/22/2025 09:59:00,78.08,78.09,78.08,78.09,175691.6,5.0
CCMFUT,09/22/2025 09:58:00,78.08,78.08,78.08,78.08,316226.02,9.0
CCMFUT,09/22/2025 09:56:00,78.1,78.1,78.1,78.1,105440.11,3.0
CCMFUT,09/22/2025 09:54:00,78.08,78.09,78.08,78.08,140555.38,4.0
CCMFUT,09/22/2025 09:52:00,78.08,78.08,78.06,78.07,702577.81,20.0
CCMFUT,09/22/2025 09:51:00,78.14,78.14,78.1,78.1,2144299.84,61.0
CCMFUT,09/22/2025 09:50:00,78.14,78.14,78.14,78.14,35162.42,1.0
CCMFUT,09/22/2025 09:49:00,78.15,78.15,78.15,78.15,70335.31,2.0
CCMFUT,09/22/2025 09:45:00,78.15,78.15,78.14,78.14,140665.39,4.0
CCMFUT,09/22/2025 09:44:00,78.13,78.13,78.13,78.13,35157.18,1.0
CCMFUT,09/22/2025 09:42:00,78.15,78.15,78.15,78.15,70335.31,2.0
CCMFUT,09/22/2025 09:41:00,78.13,78.13,78.13,78.13,35157.18,1.0
CCMFUT,09/22/2025 09:40:00,78.12,78.14,78.12,78.14,386749.93,11.0
CCMFUT,09/22/2025 09:39:00,78.12,78.13,78.02,78.12,2846406.16,81.0
CCMFUT,09/22/2025 09:37:00,78.12,78.13,78.12,78.13,843667.54,24.0
CCMFUT,09/22/2025 09:36:00,78.16,78.16,78.14,78.14,703311.24,20.0
CCMFUT,09/22/2025 09:34:00,78.16,78.16,78.15,78.15,140681.11,4.0
CCMFUT,09/22/2025 09:33:00,78.17,78.17,78.17,78.17,35178.13,1.0
CCMFUT,09/22/2025 09:31:00,78.16,78.16,78.16,78.16,140691.58,4.0
CCMFUT,09/22/2025 09:30:00,78.16,78.16,78.16,78.16,70345.79,2.0
CCMFUT,09/22/2025 09:28:00,78.17,78.17,78.17,78.17,35178.13,1.0
CCMFUT,09/22/2025 09:26:00,78.16,78.16,78.16,78.16,70345.79,2.0
CCMFUT,09/22/2025 09:24:00,78.17,78.19,78.16,78.19,281446.03,8.0
CCMFUT,09/22/2025 09:22:00,78.17,78.17,78.17,78.17,35178.13,1.0
CCMFUT,09/22/2025 09:20:00,78.14,78.14,78.14,78.14,140649.67,4.0
CCMFUT,09/22/2025 09:19:00,78.17,78.17,78.17,78.17,35178.13,1.0
CCMFUT,09/22/2025 09:18:00,78.15,78.15,78.15,78.15,35167.66,1.0
CCMFUT,09/22/2025 09:17:00,78.15,78.15,78.15,78.15,35167.66,1.0
CCMFUT,09/22/2025 09:14:00,78.16,78.16,78.16,78.16,70345.79,2.0
CCMFUT,09/22/2025 09:11:00,78.15,78.15,78.14,78.15,105497.73,3.0
CCMFUT,09/22/2025 09:10:00,78.21,78.21,78.16,78.19,1231412.83,35.0
CCMFUT,09/22/2025 09:09:00,78.23,78.23,78.21,78.23,211215.49,6.0
CCMFUT,09/22/2025 09:08:00,78.26,78.26,78.23,78.23,281697.49,8.0
CCMFUT,09/22/2025 09:06:00,78.21,78.21,78.21,78.21,70387.7,2.0
CCMFUT,09/22/2025 09:05:00,78.21,78.21,78.21,78.21,35193.85,1.0
CCMFUT,09/22/2025 09:04:00,78.17,78.21,78.16,78.21,351791.82,10.0
CCMFUT,09/22/2025 09:03:00,78.12,78.17,78.12,78.16,1336674.82,38.0
CCMFUT,09/22/2025 09:02:00,78.23,78.31,78.15,78.15,2850088.99,81.0
CCMFUT,09/22/2025 09:01:00,78.23,78.24,78.07,78.07,3795409.03,108.0
CCMFUT,09/22/2025 09:00:00,78.35,78.35,78.07,78.07,773730.37,22.0
CCMFUT,09/19/2025 17:05:00,78.41,78.41,78.23,78.28,13984746.59,397.0
CCMFUT,09/19/2025 16:19:00,78.41,78.45,78.41,78.41,1764417.89,50.0
CCMFUT,09/19/2025 16:18:00,78.37,78.41,78.37,78.41,1163864.53,33.0
CCMFUT,09/19/2025 16:17:00,78.36,78.37,78.36,78.37,1375399.58,39.0
CCMFUT,09/19/2025 16:16:00,78.37,78.37,78.37,78.37,70534.39,2.0
CCMFUT,09/19/2025 16:15:00,78.42,78.45,78.36,78.37,1305457.17,37.0
CCMFUT,09/19/2025 16:14:00,78.43,78.45,78.43,78.45,176498.37,5.0
CCMFUT,09/19/2025 16:12:00,78.39,78.39,78.39,78.39,141110.68,4.0
CCMFUT,09/19/2025 16:11:00,78.38,78.41,78.37,78.39,1693432.97,48.0
CCMFUT,09/19/2025 16:10:00,78.37,78.37,78.36,78.36,105791.1,3.0
CCMFUT,09/19/2025 16:09:00,78.38,78.38,78.38,78.38,105817.3,3.0
CCMFUT,09/19/2025 16:08:00,78.42,78.42,78.42,78.42,35288.15,1.0
CCMFUT,09/19/2025 16:06:00,78.38,78.38,78.36,78.38,246875.59,7.0
CCMFUT,09/19/2025 16:04:00,78.42,78.42,78.38,78.38,493950.26,14.0
CCMFUT,09/19/2025 16:03:00,78.46,78.46,78.42,78.42,141189.26,4.0
CCMFUT,09/19/2025 16:01:00,78.46,78.46,78.46,78.46,35309.1,1.0
CCMFUT,09/19/2025 16:00:00,78.45,78.45,78.43,78.43,141194.5,4.0
CCMFUT,09/19/2025 15:57:00,78.48,78.48,78.48,78.48,35314.34,1.0
CCMFUT,09/19/2025 15:54:00,78.49,78.49,78.49,78.49,141278.32,4.0
CCMFUT,09/19/2025 15:48:00,78.5,78.5,78.5,78.5,141299.28,4.0
CCMFUT,09/19/2025 15:45:00,78.48,78.49,78.48,78.49,105948.26,3.0
CCMFUT,09/19/2025 15:43:00,78.45,78.45,78.45,78.45,70607.73,2.0
CCMFUT,09/19/2025 15:38:00,78.45,78.45,78.45,78.45,176519.32,5.0
CCMFUT,09/19/2025 15:36:00,78.42,78.43,78.42,78.43,141163.07,4.0
CCMFUT,09/19/2025 15:27:00,78.41,78.42,78.41,78.42,70571.06,2.0
CCMFUT,09/19/2025 15:25:00,78.41,78.41,78.41,78.41,141131.64,4.0
CCMFUT,09/19/2025 15:24:00,78.41,78.41,78.41,78.41,105848.73,3.0
CCMFUT,09/19/2025 15:23:00,78.41,78.41,78.41,78.41,317546.19,9.0
CCMFUT,09/19/2025 15:22:00,78.44,78.44,78.41,78.42,741019.68,21.0
CCMFUT,09/19/2025 15:17:00,78.45,78.45,78.45,78.45,35303.86,1.0
CCMFUT,09/19/2025 15:16:00,78.46,78.46,78.46,78.46,70618.21,2.0
CCMFUT,09/19/2025 15:15:00,78.46,78.46,78.46,78.46,70618.21,2.0
CCMFUT,09/19/2025 15:13:00,78.46,78.48,78.46,78.48,105932.55,3.0
CCMFUT,09/19/2025 15:11:00,78.45,78.46,78.45,78.46,141225.94,4.0
CCMFUT,09/19/2025 15:10:00,78.44,78.44,78.44,78.44,35298.63,1.0
CCMFUT,09/19/2025 15:00:00,78.42,78.42,78.38,78.42,1552358.96,44.0
CCMFUT,09/19/2025 14:58:00,78.42,78.42,78.39,78.39,317561.9,9.0
CCMFUT,09/19/2025 14:57:00,78.46,78.46,78.46,78.46,282472.83,8.0
CCMFUT,09/19/2025 14:53:00,78.44,78.45,78.44,78.44,176498.37,5.0
CCMFUT,09/19/2025 14:52:00,78.43,78.44,78.41,78.44,458709.26,13.0
CCMFUT,09/19/2025 14:49:00,78.42,78.42,78.42,78.42,105864.44,3.0
CCMFUT,09/19/2025 14:48:00,78.41,78.41,78.37,78.37,599699.45,17.0
CCMFUT,09/19/2025 14:47:00,78.43,78.43,78.41,78.41,529306.51,15.0
CCMFUT,09/19/2025 14:46:00,78.49,78.49,78.44,78.44,423735.43,12.0
CCMFUT,09/19/2025 14:40:00,78.49,78.51,78.49,78.51,141294.04,4.0
CCMFUT,09/19/2025 14:34:00,78.48,78.48,78.48,78.48,35314.34,1.0
CCMFUT,09/19/2025 14:30:00,78.48,78.48,78.48,78.48,70628.68,2.0
CCMFUT,09/19/2025 14:29:00,78.46,78.49,78.46,78.48,317834.32,9.0
CCMFUT,09/19/2025 14:20:00,78.44,78.44,78.43,78.43,105890.64,3.0
CCMFUT,09/19/2025 14:19:00,78.43,78.43,78.42,78.42,211755.08,6.0
CCMFUT,09/19/2025 14:17:00,78.41,78.42,78.38,78.42,211692.22,6.0
CCMFUT,09/19/2025 14:11:00,78.45,78.45,78.43,78.43,70597.25,2.0
CCMFUT,09/19/2025 14:09:00,78.41,78.43,78.41,78.43,458709.26,13.0
CCMFUT,09/19/2025 14:08:00,78.39,78.39,78.39,78.39,35277.67,1.0
CCMFUT,09/19/2025 14:05:00,78.41,78.41,78.39,78.39,493950.26,14.0
CCMFUT,09/19/2025 14:02:00,78.36,78.37,78.35,78.36,317352.35,9.0
CCMFUT,09/19/2025 14:00:00,78.37,78.37,78.35,78.37,1022575.73,29.0
CCMFUT,09/19/2025 13:59:00,78.41,78.41,78.38,78.38,599736.12,17.0
CCMFUT,09/19/2025 13:58:00,78.41,78.41,78.41,78.41,35282.91,1.0
CCMFUT,09/19/2025 13:57:00,78.41,78.41,78.39,78.39,599798.98,17.0
CCMFUT,09/19/2025 13:56:00,78.39,78.39,78.39,78.39,35277.67,1.0
CCMFUT,09/19/2025 13:55:00,78.39,78.39,78.39,78.39,211666.02,6.0
CCMFUT,09/19/2025 13:53:00,78.46,78.46,78.43,78.43,70602.49,2.0
CCMFUT,09/19/2025 13:52:00,78.45,78.48,78.45,78.48,211859.86,6.0
CCMFUT,09/19/2025 13:51:00,78.41,78.44,78.39,78.44,917392.32,26.0
CCMFUT,09/19/2025 13:50:00,78.42,78.42,78.42,78.42,70576.3,2.0
CCMFUT,09/19/2025 13:49:00,78.46,78.46,78.38,78.43,2611532.52,74.0
CCMFUT,09/19/2025 13:48:00,78.52,78.52,78.48,78.48,2155007.82,61.0
CCMFUT,09/19/2025 13:46:00,78.53,78.53,78.53,78.53,35340.54,1.0
CCMFUT,09/19/2025 13:45:00,78.53,78.53,78.5,78.52,1978755.67,56.0
CCMFUT,09/19/2025 13:44:00,78.53,78.55,78.53,78.55,70686.31,2.0
CCMFUT,09/19/2025 13:43:00,78.55,78.56,78.52,78.52,2120185.92,60.0
CCMFUT,09/19/2025 13:42:00,78.56,78.56,78.56,78.56,35351.01,1.0
CCMFUT,09/19/2025 13:40:00,78.55,78.56,78.55,78.56,247436.14,7.0
CCMFUT,09/19/2025 13:33:00,78.56,78.57,78.56,78.57,106063.52,3.0
CCMFUT,09/19/2025 13:31:00,78.55,78.55,78.55,78.55,35345.77,1.0
CCMFUT,09/19/2025 13:30:00,78.51,78.51,78.49,78.49,211954.16,6.0
CCMFUT,09/19/2025 13:29:00,78.51,78.51,78.51,78.51,105990.17,3.0
CCMFUT,09/19/2025 13:28:00,78.52,78.52,78.52,78.52,106005.89,3.0
CCMFUT,09/19/2025 13:26:00,78.53,78.53,78.53,78.53,141362.14,4.0
CCMFUT,09/19/2025 13:23:00,78.58,78.58,78.58,78.58,353614.91,10.0
CCMFUT,09/19/2025 13:22:00,78.59,78.59,78.57,78.58,884042.5,25.0
CCMFUT,09/19/2025 13:21:00,78.58,78.63,78.58,78.6,2051511.28,58.0
CCMFUT,09/19/2025 13:20:00,78.6,78.6,78.53,78.58,2970155.66,84.0
CCMFUT,09/19/2025 13:19:00,78.62,78.62,78.59,78.62,530626.67,15.0
CCMFUT,09/19/2025 13:18:00,78.66,78.66,78.64,78.64,353908.28,10.0
CCMFUT,09/19/2025 13:17:00,78.66,78.69,78.66,78.66,247797.61,7.0
CCMFUT,09/19/2025 13:16:00,78.72,78.72,78.66,78.66,672900.35,19.0
CCMFUT,09/19/2025 13:15:00,78.74,78.76,78.73,78.73,354353.57,10.0
CCMFUT,09/19/2025 13:14:00,78.76,78.76,78.74,78.74,248049.07,7.0
CCMFUT,09/19/2025 13:13:00,78.78,78.78,78.74,78.76,708817.15,20.0
CCMFUT,09/19/2025 13:12:00,78.76,78.78,78.76,78.78,389872.22,11.0
CCMFUT,09/19/2025 13:11:00,78.72,78.76,78.72,78.76,602329.3,17.0
CCMFUT,09/19/2025 13:10:00,78.71,78.71,78.71,78.71,35419.12,1.0
CCMFUT,09/19/2025 13:09:00,78.72,78.73,78.7,78.71,1027311.55,29.0
CCMFUT,09/19/2025 13:08:00,78.7,78.78,78.69,78.74,10382390.34,293.0
CCMFUT,09/19/2025 13:07:00,78.71,78.71,78.71,78.71,35419.12,1.0
CCMFUT,09/19/2025 13:06:00,78.73,78.74,78.72,78.72,1594342.22,45.0
CCMFUT,09/19/2025 13:05:00,78.69,78.74,78.69,78.74,531255.32,15.0
CCMFUT,09/19/2025 13:04:00,78.66,78.7,78.66,78.7,2124738.38,60.0
CCMFUT,09/19/2025 13:03:00,78.7,78.7,78.65,78.67,2337038.29,66.0
CCMFUT,09/19/2025 13:02:00,78.74,78.76,78.71,78.71,1310737.82,37.0
CCMFUT,09/19/2025 13:01:00,78.73,78.74,78.72,78.74,992039.12,28.0
CCMFUT,09/19/2025 13:00:00,78.73,78.74,78.73,78.74,425191.8,12.0
CCMFUT,09/19/2025 12:59:00,78.73,78.73,78.73,78.73,141718.38,4.0
CCMFUT,09/19/2025 12:58:00,78.74,78.74,78.74,78.74,35434.83,1.0
CCMFUT,09/19/2025 12:56:00,78.72,78.72,78.72,78.72,177121.78,5.0
CCMFUT,09/19/2025 12:55:00,78.73,78.73,78.73,78.73,35429.59,1.0
CCMFUT,09/19/2025 12:54:00,78.73,78.73,78.72,78.73,389704.58,11.0
CCMFUT,09/19/2025 12:53:00,78.73,78.73,78.72,78.72,70853.95,2.0
CCMFUT,09/19/2025 12:52:00,78.72,78.73,78.72,78.73,354274.99,10.0
CCMFUT,09/19/2025 12:48:00,78.72,78.74,78.72,78.74,247991.44,7.0
CCMFUT,09/19/2025 12:47:00,78.67,78.71,78.67,78.71,672832.25,19.0
CCMFUT,09/19/2025 12:39:00,78.7,78.7,78.7,78.7,212483.27,6.0
CCMFUT,09/19/2025 12:34:00,78.67,78.69,78.67,78.69,106215.44,3.0
CCMFUT,09/19/2025 12:28:00,78.66,78.66,78.66,78.66,35398.16,1.0
CCMFUT,09/19/2025 12:26:00,78.69,78.69,78.69,78.69,70817.28,2.0
CCMFUT,09/19/2025 12:22:00,78.66,78.69,78.66,78.69,141603.12,4.0
CCMFUT,09/19/2025 12:21:00,78.66,78.66,78.66,78.66,70796.32,2.0
CCMFUT,09/19/2025 12:20:00,78.7,78.7,78.7,78.7,35413.88,1.0
CCMFUT,09/19/2025 12:19:00,78.67,78.67,78.64,78.66,212373.25,6.0
CCMFUT,09/19/2025 12:15:00,78.7,78.73,78.7,78.7,637617.44,18.0
CCMFUT,09/19/2025 12:10:00,78.69,78.7,78.69,78.7,70822.52,2.0
CCMFUT,09/19/2025 12:09:00,78.67,78.7,78.67,78.7,177043.2,5.0
CCMFUT,09/19/2025 12:07:00,78.67,78.67,78.65,78.65,141582.17,4.0
CCMFUT,09/19/2025 12:06:00,78.67,78.67,78.66,78.66,283201.01,8.0
CCMFUT,09/19/2025 12:04:00,78.69,78.69,78.69,78.69,141634.56,4.0
CCMFUT,09/19/2025 12:03:00,78.71,78.71,78.7,78.7,566648.24,16.0
CCMFUT,09/19/2025 12:02:00,78.69,78.74,78.69,78.73,4249712.51,120.0
CCMFUT,09/19/2025 12:01:00,78.72,78.72,78.67,78.67,177090.34,5.0
CCMFUT,09/19/2025 12:00:00,78.66,78.81,78.66,78.76,6095598.03,172.0
CCMFUT,09/19/2025 11:59:00,78.66,78.67,78.66,78.66,177001.29,5.0
CCMFUT,09/19/2025 11:57:00,78.66,78.69,78.64,78.69,247760.94,7.0
CCMFUT,09/19/2025 11:56:00,78.7,78.7,78.69,78.69,141639.8,4.0
CCMFUT,09/19/2025 11:55:00,78.74,78.74,78.72,78.72,106294.02,3.0
CCMFUT,09/19/2025 11:54:00,78.74,78.74,78.74,78.74,70869.67,2.0
CCMFUT,09/19/2025 11:50:00,78.66,78.74,78.66,78.74,1770772.48,50.0
CCMFUT,09/19/2025 11:49:00,78.63,78.63,78.63,78.63,424589.35,12.0
CCMFUT,09/19/2025 11:48:00,78.63,78.63,78.63,78.63,70764.89,2.0
CCMFUT,09/19/2025 11:46:00,78.67,78.67,78.63,78.63,530872.89,15.0
CCMFUT,09/19/2025 11:45:00,78.65,78.66,78.65,78.66,566354.87,16.0
CCMFUT,09/19/2025 11:43:00,78.63,78.63,78.63,78.63,141529.78,4.0
CCMFUT,09/19/2025 11:41:00,78.62,78.65,78.62,78.63,1450701.22,41.0
CCMFUT,09/19/2025 11:40:00,78.6,78.65,78.59,78.65,1415051.6,40.0
CCMFUT,09/19/2025 11:39:00,78.64,78.64,78.62,78.62,672245.51,19.0
CCMFUT,09/19/2025 11:38:00,78.65,78.65,78.64,78.64,106168.29,3.0
CCMFUT,09/19/2025 11:37:00,78.62,78.64,78.62,78.64,389227.86,11.0
CCMFUT,09/19/2025 11:36:00,78.57,78.6,78.57,78.6,318263.89,9.0
CCMFUT,09/19/2025 11:35:00,78.53,78.55,78.53,78.53,530149.94,15.0
CCMFUT,09/19/2025 11:34:00,78.56,78.62,78.56,78.58,1060834.24,30.0
CCMFUT,09/19/2025 11:33:00,78.53,78.56,78.53,78.55,883591.97,25.0
CCMFUT,09/19/2025 11:32:00,78.62,78.62,78.52,78.52,1626314.24,46.0
CCMFUT,09/19/2025 11:31:00,78.59,78.64,78.59,78.62,318389.62,9.0
CCMFUT,09/19/2025 11:30:00,78.5,78.59,78.5,78.59,1307777.94,37.0
CCMFUT,09/19/2025 11:29:00,78.53,78.53,78.53,78.53,35340.54,1.0
CCMFUT,09/19/2025 11:25:00,78.52,78.53,78.52,78.53,141356.9,4.0
CCMFUT,09/19/2025 11:23:00,78.55,78.55,78.55,78.55,35345.77,1.0
CCMFUT,09/19/2025 11:21:00,78.52,78.59,78.52,78.58,2156815.18,61.0
CCMFUT,09/19/2025 11:20:00,78.49,78.5,78.49,78.5,282572.36,8.0
CCMFUT,09/19/2025 11:19:00,78.52,78.52,78.5,78.5,529945.63,15.0
CCMFUT,09/19/2025 11:18:00,78.55,78.58,78.55,78.58,848555.28,24.0
CCMFUT,09/19/2025 11:17:00,78.53,78.56,78.52,78.53,1979227.16,56.0
CCMFUT,09/19/2025 11:16:00,78.6,78.6,78.56,78.56,742654.17,21.0
CCMFUT,09/19/2025 11:15:00,78.51,78.7,78.51,78.63,5624928.74,159.0
CCMFUT,09/19/2025 11:14:00,78.48,78.51,78.48,78.51,1024199.74,29.0
CCMFUT,09/19/2025 11:13:00,78.45,78.48,78.45,78.46,1129975.12,32.0
CCMFUT,09/19/2025 11:12:00,78.52,78.52,78.45,78.45,847481.34,24.0
CCMFUT,09/19/2025 11:11:00,78.51,78.55,78.51,78.55,176666.01,5.0
CCMFUT,09/19/2025 11:10:00,78.48,78.49,78.48,78.49,600359.53,17.0
CCMFUT,09/19/2025 11:09:00,78.48,78.49,78.46,78.48,1165394.24,33.0
CCMFUT,09/19/2025 11:08:00,78.43,78.58,78.43,78.53,3957176.06,112.0
CCMFUT,09/19/2025 10:59:00,78.45,78.45,78.45,78.45,70607.73,2.0
CCMFUT,09/19/2025 10:51:00,78.46,78.46,78.46,78.46,176545.52,5.0
CCMFUT,09/19/2025 10:50:00,78.45,78.45,78.45,78.45,70607.73,2.0
CCMFUT,09/19/2025 10:47:00,78.45,78.45,78.45,78.45,141215.46,4.0
CCMFUT,09/19/2025 10:46:00,78.44,78.44,78.44,78.44,105895.88,3.0
CCMFUT,09/19/2025 10:45:00,78.43,78.5,78.43,78.44,953314.35,27.0
CCMFUT,09/19/2025 10:44:00,78.42,78.42,78.41,78.41,176419.79,5.0
CCMFUT,09/19/2025 10:43:00,78.38,78.41,78.38,78.41,176393.59,5.0
CCMFUT,09/19/2025 10:42:00,78.41,78.41,78.41,78.41,35282.91,1.0
CCMFUT,09/19/2025 10:39:00,78.48,78.48,78.45,78.45,317787.17,9.0
CCMFUT,09/19/2025 10:36:00,78.5,78.51,78.5,78.51,141304.52,4.0
CCMFUT,09/19/2025 10:35:00,78.45,78.48,78.45,78.48,388421.09,11.0
CCMFUT,09/19/2025 10:33:00,78.45,78.45,78.45,78.45,70607.73,2.0
CCMFUT,09/19/2025 10:31:00,78.44,78.44,78.44,78.44,105895.88,3.0
CCMFUT,09/19/2025 10:27:00,78.41,78.41,78.35,78.39,881768.89,25.0
CCMFUT,09/19/2025 10:22:00,78.43,78.43,78.43,78.43,141173.55,4.0
CCMFUT,09/19/2025 10:19:00,78.44,78.44,78.44,78.44,70597.25,2.0
CCMFUT,09/19/2025 10:16:00,78.42,78.43,78.42,78.42,141157.83,4.0
CCMFUT,09/19/2025 10:15:00,78.39,78.39,78.39,78.39,35277.67,1.0
CCMFUT,09/19/2025 10:13:00,78.31,78.39,78.31,78.39,423101.54,12.0
CCMFUT,09/19/2025 10:12:00,78.31,78.31,78.31,78.31,35241.0,1.0
CCMFUT,09/19/2025 10:10:00,78.3,78.31,78.27,78.29,1303356.44,37.0
CCMFUT,09/19/2025 10:09:00,78.36,78.36,78.32,78.32,1163372.09,33.0
CCMFUT,09/19/2025 10:08:00,78.46,78.46,78.37,78.37,3106331.45,88.0
CCMFUT,09/19/2025 10:07:00,78.46,78.46,78.46,78.46,141236.41,4.0
CCMFUT,09/19/2025 10:05:00,78.46,78.46,78.46,78.46,105927.31,3.0
CCMFUT,09/19/2025 10:01:00,78.52,78.52,78.51,78.51,212006.54,6.0
CCMFUT,09/19/2025 10:00:00,78.46,78.52,78.46,78.52,1306944.98,37.0
CCMFUT,09/19/2025 09:59:00,78.46,78.46,78.46,78.46,105927.31,3.0
CCMFUT,09/19/2025 09:58:00,78.48,78.48,78.48,78.48,105943.03,3.0
CCMFUT,09/19/2025 09:57:00,78.48,78.5,78.48,78.49,282561.88,8.0
CCMFUT,09/19/2025 09:55:00,78.48,78.48,78.48,78.48,70628.68,2.0
CCMFUT,09/19/2025 09:54:00,78.48,78.49,78.48,78.49,70633.92,2.0
CCMFUT,09/19/2025 09:52:00,78.51,78.51,78.51,78.51,70660.12,2.0
CCMFUT,09/19/2025 09:50:00,78.55,78.55,78.51,78.51,494730.83,14.0
CCMFUT,09/19/2025 09:49:00,78.5,78.52,78.5,78.52,176655.53,5.0
CCMFUT,09/19/2025 09:45:00,78.46,78.49,78.46,78.49,141257.37,4.0
CCMFUT,09/19/2025 09:42:00,78.49,78.49,78.49,78.49,176597.9,5.0
CCMFUT,09/19/2025 09:41:00,78.51,78.51,78.48,78.48,247231.83,7.0
CCMFUT,09/19/2025 09:40:00,78.51,78.51,78.51,78.51,35330.06,1.0
CCMFUT,09/19/2025 09:39:00,78.53,78.53,78.52,78.52,70675.83,2.0
CCMFUT,09/19/2025 09:38:00,78.55,78.55,78.52,78.52,247388.99,7.0
CCMFUT,09/19/2025 09:37:00,78.55,78.58,78.55,78.58,459636.51,13.0
CCMFUT,09/19/2025 09:36:00,78.55,78.55,78.52,78.52,141362.14,4.0
CCMFUT,09/19/2025 09:35:00,78.53,78.55,78.53,78.55,282745.24,8.0
CCMFUT,09/19/2025 09:34:00,78.52,78.52,78.52,78.52,70670.59,2.0
CCMFUT,09/19/2025 09:33:00,78.52,78.52,78.46,78.49,317865.75,9.0
CCMFUT,09/19/2025 09:32:00,78.52,78.52,78.52,78.52,70670.59,2.0
CCMFUT,09/19/2025 09:31:00,78.52,78.52,78.52,78.52,35335.3,1.0
CCMFUT,09/19/2025 09:30:00,78.53,78.57,78.53,78.55,388861.14,11.0
CCMFUT,09/19/2025 09:29:00,78.51,78.52,78.51,78.52,212006.54,6.0
CCMFUT,09/19/2025 09:28:00,78.5,78.5,78.5,78.5,141299.28,4.0
CCMFUT,09/19/2025 09:25:00,78.51,78.51,78.5,78.51,141314.99,4.0
CCMFUT,09/19/2025 09:24:00,78.45,78.5,78.45,78.5,282499.02,8.0
CCMFUT,09/19/2025 09:22:00,78.44,78.44,78.42,78.44,105885.4,3.0
CCMFUT,09/19/2025 09:18:00,78.5,78.51,78.43,78.43,529599.88,15.0
CCMFUT,09/19/2025 09:17:00,78.49,78.5,78.49,78.5,70644.4,2.0
CCMFUT,09/19/2025 09:15:00,78.5,78.5,78.49,78.49,141294.04,4.0
CCMFUT,09/19/2025 09:14:00,78.5,78.5,78.5,78.5,35324.82,1.0
CCMFUT,09/19/2025 09:13:00,78.46,78.46,78.46,78.46,176545.52,5.0
CCMFUT,09/19/2025 09:12:00,78.46,78.46,78.44,78.44,353080.55,10.0
CCMFUT,09/19/2025 09:11:00,78.46,78.46,78.41,78.42,211765.56,6.0
CCMFUT,09/19/2025 09:10:00,78.5,78.51,78.46,78.46,247252.78,7.0
CCMFUT,09/19/2025 09:09:00,78.49,78.53,78.49,78.49,530034.69,15.0
CCMFUT,09/19/2025 09:08:00,78.43,78.52,78.41,78.49,953293.4,27.0
CCMFUT,09/19/2025 09:07:00,78.55,78.55,78.45,78.45,777240.32,22.0
CCMFUT,09/19/2025 09:06:00,78.51,78.51,78.5,78.5,70654.88,2.0
CCMFUT,09/19/2025 09:05:00,78.46,78.56,78.46,78.51,247299.93,7.0
CCMFUT,09/19/2025 09:04:00,78.45,78.45,78.42,78.42,105895.88,3.0
CCMFUT,09/19/2025 09:03:00,78.42,78.42,78.41,78.42,388164.39,11.0
CCMFUT,09/19/2025 09:02:00,78.44,78.46,78.44,78.46,70607.73,2.0
CCMFUT,09/19/2025 09:01:00,78.59,78.59,78.34,78.35,2293892.04,65.0
CCMFUT,09/19/2025 09:00:00,78.53,78.64,78.36,78.62,20472202.33,579.0
CCMFUT,09/18/2025 17:05:00,78.42,78.46,78.31,78.45,1940795.77,55.0
CCMFUT,09/18/2025 16:19:00,78.32,78.34,78.29,78.29,3347496.82,95.0
CCMFUT,09/18/2025 16:18:00,78.36,78.36,78.34,78.36,740359.6,21.0
CCMFUT,09/18/2025 16:16:00,78.37,78.37,78.36,78.36,176315.01,5.0
CCMFUT,09/18/2025 16:15:00,78.38,78.38,78.35,78.35,317404.74,9.0
CCMFUT,09/18/2025 16:14:00,78.34,78.37,78.34,78.36,564154.6,16.0
CCMFUT,09/18/2025 16:13:00,78.34,78.35,78.34,78.35,881339.31,25.0
CCMFUT,09/18/2025 16:12:00,78.28,78.35,78.28,78.32,2537970.14,72.0
CCMFUT,09/18/2025 16:10:00,78.23,78.29,78.23,78.28,1373555.55,39.0
CCMFUT,09/18/2025 16:09:00,78.24,78.24,78.24,78.24,105628.7,3.0
CCMFUT,09/18/2025 16:08:00,78.24,78.26,78.23,78.23,774531.9,22.0
CCMFUT,09/18/2025 16:07:00,78.26,78.26,78.26,78.26,70429.61,2.0
CCMFUT,09/18/2025 16:06:00,78.26,78.26,78.26,78.26,35214.81,1.0
CCMFUT,09/18/2025 16:05:00,78.27,78.28,78.27,78.28,70445.33,2.0
CCMFUT,09/18/2025 16:03:00,78.27,78.27,78.27,78.27,70440.09,2.0
CCMFUT,09/18/2025 16:02:00,78.26,78.26,78.26,78.26,105644.42,3.0
CCMFUT,09/18/2025 16:00:00,78.26,78.28,78.26,78.28,140880.18,4.0
CCMFUT,09/18/2025 15:58:00,78.28,78.28,78.28,78.28,246576.98,7.0
CCMFUT,09/18/2025 15:57:00,78.27,78.29,78.27,78.29,176131.66,5.0
CCMFUT,09/18/2025 15:56:00,78.26,78.29,78.26,78.27,528321.62,15.0
CCMFUT,09/18/2025 15:55:00,78.24,78.24,78.24,78.24,70419.13,2.0
CCMFUT,09/18/2025 15:54:00,78.24,78.24,78.24,78.24,105628.7,3.0
CCMFUT,09/18/2025 15:53:00,78.23,78.24,78.23,78.23,387258.09,11.0
CCMFUT,09/18/2025 15:51:00,78.23,78.23,78.23,78.23,387247.61,11.0
CCMFUT,09/18/2025 15:48:00,78.21,78.21,78.21,78.21,175969.25,5.0
CCMFUT,09/18/2025 15:45:00,78.22,78.23,78.22,78.23,70403.42,2.0
CCMFUT,09/18/2025 15:42:00,78.23,78.23,78.23,78.23,105612.99,3.0
CCMFUT,09/18/2025 15:39:00,78.23,78.23,78.23,78.23,70408.66,2.0
CCMFUT,09/18/2025 15:37:00,78.22,78.29,78.17,78.29,2569313.52,73.0
CCMFUT,09/18/2025 15:36:00,78.22,78.23,78.22,78.22,211205.02,6.0
CCMFUT,09/18/2025 15:35:00,78.21,78.21,78.21,78.21,70387.7,2.0
CCMFUT,09/18/2025 15:34:00,78.22,78.23,78.22,78.22,1689734.42,48.0
CCMFUT,09/18/2025 15:33:00,78.21,78.21,78.21,78.21,70387.7,2.0
CCMFUT,09/18/2025 15:32:00,78.22,78.22,78.21,78.21,774269.96,22.0
CCMFUT,09/18/2025 15:31:00,78.22,78.22,78.22,78.22,70398.18,2.0
CCMFUT,09/18/2025 15:29:00,78.21,78.22,78.21,78.22,70392.94,2.0
CCMFUT,09/18/2025 15:18:00,78.21,78.22,78.21,78.22,598374.05,17.0
CCMFUT,09/18/2025 15:17:00,78.15,78.22,78.15,78.22,1407073.0,40.0
CCMFUT,09/18/2025 15:11:00,78.12,78.13,78.12,78.13,70309.12,2.0
CCMFUT,09/18/2025 15:10:00,78.15,78.15,78.12,78.13,1722623.23,49.0
CCMFUT,09/18/2025 15:07:00,78.16,78.16,78.16,78.16,211037.38,6.0
CCMFUT,09/18/2025 15:06:00,78.15,78.15,78.14,78.15,175833.05,5.0
CCMFUT,09/18/2025 14:59:00,78.14,78.14,78.14,78.14,35162.42,1.0
CCMFUT,09/18/2025 14:57:00,78.15,78.15,78.14,78.14,105492.49,3.0
CCMFUT,09/18/2025 14:42:00,78.16,78.16,78.16,78.16,35172.9,1.0
CCMFUT,09/18/2025 14:38:00,78.16,78.16,78.16,78.16,70345.79,2.0
CCMFUT,09/18/2025 14:36:00,78.17,78.17,78.17,78.17,175890.67,5.0
CCMFUT,09/18/2025 14:35:00,78.17,78.19,78.17,78.17,809102.34,23.0
CCMFUT,09/18/2025 14:32:00,78.17,78.17,78.17,78.17,35178.13,1.0
CCMFUT,09/18/2025 14:21:00,78.16,78.16,78.16,78.16,70345.79,2.0
CCMFUT,09/18/2025 14:20:00,78.19,78.19,78.19,78.19,105550.12,3.0
CCMFUT,09/18/2025 14:16:00,78.2,78.2,78.17,78.17,351875.64,10.0
CCMFUT,09/18/2025 14:13:00,78.17,78.17,78.16,78.17,211063.57,6.0
CCMFUT,09/18/2025 14:12:00,78.16,78.16,78.16,78.16,35172.9,1.0
CCMFUT,09/18/2025 14:11:00,78.16,78.19,78.16,78.16,140702.06,4.0
CCMFUT,09/18/2025 14:10:00,78.16,78.17,78.16,78.17,386938.53,11.0
CCMFUT,09/18/2025 14:09:00,78.14,78.14,78.14,78.14,70324.84,2.0
CCMFUT,09/18/2025 14:08:00,78.13,78.13,78.12,78.12,316409.38,9.0
CCMFUT,09/18/2025 14:07:00,78.16,78.17,78.14,78.14,1055317.85,30.0
CCMFUT,09/18/2025 14:06:00,78.13,78.14,78.13,78.14,105476.78,3.0
CCMFUT,09/18/2025 14:05:00,78.13,78.13,78.13,78.13,562514.88,16.0
CCMFUT,09/18/2025 14:04:00,78.12,78.13,78.12,78.13,105466.3,3.0
CCMFUT,09/18/2025 14:02:00,78.13,78.13,78.13,78.13,105471.54,3.0
CCMFUT,09/18/2025 14:01:00,78.14,78.14,78.13,78.13,105482.02,3.0
CCMFUT,09/18/2025 14:00:00,78.16,78.19,78.13,78.13,703347.91,20.0
CCMFUT,09/18/2025 13:59:00,78.17,78.17,78.17,78.17,140712.54,4.0
CCMFUT,09/18/2025 13:58:00,78.17,78.17,78.17,78.17,35178.13,1.0
CCMFUT,09/18/2025 13:56:00,78.17,78.17,78.17,78.17,70356.27,2.0
CCMFUT,09/18/2025 13:55:00,78.17,78.17,78.13,78.17,633012.59,18.0
CCMFUT,09/18/2025 13:54:00,78.16,78.17,78.16,78.17,281419.84,8.0
CCMFUT,09/18/2025 13:51:00,78.14,78.15,78.14,78.15,316467.01,9.0
CCMFUT,09/18/2025 13:48:00,78.13,78.13,78.13,78.13,140628.72,4.0
CCMFUT,09/18/2025 13:41:00,78.14,78.14,78.14,78.14,35162.42,1.0
CCMFUT,09/18/2025 13:38:00,78.17,78.17,78.17,78.17,316603.21,9.0
CCMFUT,09/18/2025 13:35:00,78.2,78.2,78.2,78.2,70377.22,2.0
CCMFUT,09/18/2025 13:31:00,78.21,78.21,78.21,78.21,35193.85,1.0
CCMFUT,09/18/2025 13:30:00,78.21,78.21,78.2,78.2,70382.46,2.0
CCMFUT,09/18/2025 13:28:00,78.19,78.2,78.19,78.2,105560.6,3.0
CCMFUT,09/18/2025 13:25:00,78.21,78.22,78.21,78.22,387174.27,11.0
CCMFUT,09/18/2025 13:24:00,78.17,78.17,78.17,78.17,140712.54,4.0
CCMFUT,09/18/2025 13:16:00,78.17,78.17,78.17,78.17,105534.4,3.0
CCMFUT,09/18/2025 13:15:00,78.16,78.17,78.16,78.17,140707.3,4.0
CCMFUT,09/18/2025 13:00:00,78.19,78.21,78.17,78.21,211121.2,6.0
CCMFUT,09/18/2025 12:57:00,78.2,78.2,78.2,78.2,35188.61,1.0
CCMFUT,09/18/2025 12:56:00,78.2,78.21,78.2,78.21,105576.31,3.0
CCMFUT,09/18/2025 12:55:00,78.2,78.21,78.2,78.21,175958.78,5.0
CCMFUT,09/18/2025 12:54:00,78.17,78.21,78.17,78.21,281498.42,8.0
CCMFUT,09/18/2025 12:53:00,78.16,78.17,78.16,78.17,70351.03,2.0
CCMFUT,09/18/2025 12:49:00,78.16,78.17,78.16,78.17,70351.03,2.0
CCMFUT,09/18/2025 12:48:00,78.16,78.17,78.16,78.17,281404.12,8.0
CCMFUT,09/18/2025 12:47:00,78.14,78.15,78.14,78.14,597776.83,17.0
CCMFUT,09/18/2025 12:44:00,78.15,78.15,78.15,78.15,35167.66,1.0
CCMFUT,09/18/2025 12:43:00,78.15,78.15,78.15,78.15,316508.92,9.0
CCMFUT,09/18/2025 12:42:00,78.15,78.15,78.15,78.15,175838.29,5.0
CCMFUT,09/18/2025 12:39:00,78.14,78.16,78.14,78.16,175833.05,5.0
CCMFUT,09/18/2025 12:34:00,78.14,78.14,78.14,78.14,246136.93,7.0
CCMFUT,09/18/2025 12:33:00,78.13,78.14,78.13,78.14,281283.63,8.0
CCMFUT,09/18/2025 12:26:00,78.13,78.13,78.13,78.13,35157.18,1.0
CCMFUT,09/18/2025 12:21:00,78.14,78.14,78.14,78.14,70324.84,2.0
CCMFUT,09/18/2025 12:20:00,78.12,78.13,78.12,78.13,351540.37,10.0
CCMFUT,09/18/2025 12:12:00,78.13,78.13,78.12,78.12,210916.88,6.0
CCMFUT,09/18/2025 12:11:00,78.14,78.14,78.14,78.14,70324.84,2.0
CCMFUT,09/18/2025 12:10:00,78.13,78.14,78.13,78.14,457095.72,13.0
CCMFUT,09/18/2025 12:07:00,78.14,78.14,78.14,78.14,316461.77,9.0
CCMFUT,09/18/2025 12:06:00,78.15,78.15,78.14,78.15,316477.48,9.0
CCMFUT,09/18/2025 12:05:00,78.14,78.15,78.14,78.14,281304.59,8.0
CCMFUT,09/18/2025 12:04:00,78.13,78.14,78.13,78.14,351613.71,10.0
CCMFUT,09/18/2025 12:03:00,78.06,78.17,78.05,78.14,2319787.13,66.0
CCMFUT,09/18/2025 12:02:00,78.07,78.07,78.06,78.06,70256.73,2.0
CCMFUT,09/18/2025 12:01:00,78.08,78.08,78.07,78.07,70267.21,2.0
CCMFUT,09/18/2025 12:00:00,78.09,78.09,78.09,78.09,105424.39,3.0
CCMFUT,09/18/2025 11:59:00,78.09,78.09,78.09,78.09,70282.93,2.0
CCMFUT,09/18/2025 11:58:00,78.09,78.09,78.09,78.09,70282.93,2.0
CCMFUT,09/18/2025 11:57:00,78.1,78.1,78.08,78.08,105429.63,3.0
CCMFUT,09/18/2025 11:56:00,78.08,78.1,78.08,78.08,316278.41,9.0
CCMFUT,09/18/2025 11:55:00,78.08,78.08,78.06,78.07,632336.79,18.0
CCMFUT,09/18/2025 11:54:00,78.07,78.07,78.06,78.06,70256.73,2.0
CCMFUT,09/18/2025 11:53:00,78.03,78.08,78.03,78.08,526870.49,15.0
CCMFUT,09/18/2025 11:52:00,78.0,78.02,78.0,78.02,140419.17,4.0
CCMFUT,09/18/2025 11:51:00,78.01,78.01,78.0,78.0,70204.35,2.0
CCMFUT,09/18/2025 11:50:00,78.01,78.01,78.01,78.01,70209.58,2.0
CCMFUT,09/18/2025 11:49:00,78.02,78.02,78.01,78.01,105319.62,3.0
CCMFUT,09/18/2025 11:48:00,78.0,78.02,78.0,78.02,561645.25,16.0
CCMFUT,09/18/2025 11:47:00,78.0,78.0,78.0,78.0,70199.11,2.0
CCMFUT,09/18/2025 11:46:00,78.01,78.02,78.01,78.02,105319.62,3.0
CCMFUT,09/18/2025 11:45:00,78.01,78.03,78.01,78.03,140440.12,4.0
CCMFUT,09/18/2025 11:44:00,78.01,78.01,78.01,78.01,105314.38,3.0
CCMFUT,09/18/2025 11:43:00,78.03,78.03,78.02,78.02,70225.3,2.0
CCMFUT,09/18/2025 11:42:00,78.03,78.03,78.03,78.03,105345.81,3.0
CCMFUT,09/18/2025 11:41:00,78.02,78.03,78.02,78.02,140450.6,4.0
CCMFUT,09/18/2025 11:40:00,78.02,78.05,78.02,78.02,105340.57,3.0
CCMFUT,09/18/2025 11:39:00,78.02,78.03,78.02,78.03,70225.3,2.0
CCMFUT,09/18/2025 11:38:00,78.0,78.03,78.0,78.03,245749.26,7.0
CCMFUT,09/18/2025 11:37:00,78.02,78.02,78.01,78.01,70214.82,2.0
CCMFUT,09/18/2025 11:36:00,78.02,78.03,78.01,78.02,421341.33,12.0
CCMFUT,09/18/2025 11:35:00,78.01,78.03,78.01,78.01,140434.89,4.0
CCMFUT,09/18/2025 11:34:00,78.02,78.02,78.01,78.01,105324.85,3.0
CCMFUT,09/18/2025 11:33:00,78.01,78.02,78.01,78.01,175534.44,5.0
CCMFUT,09/18/2025 11:32:00,78.01,78.05,78.01,78.01,280911.68,8.0
CCMFUT,09/18/2025 11:31:00,78.01,78.01,78.01,78.01,70209.58,2.0
CCMFUT,09/18/2025 11:30:00,78.02,78.02,78.01,78.01,70214.82,2.0
CCMFUT,09/18/2025 11:29:00,78.02,78.03,78.02,78.03,140450.6,4.0
CCMFUT,09/18/2025 11:28:00,78.05,78.06,78.03,78.06,210728.29,6.0
CCMFUT,09/18/2025 11:27:00,78.01,78.03,78.01,78.03,316026.95,9.0
CCMFUT,09/18/2025 11:26:00,78.02,78.02,78.01,78.02,210639.23,6.0
CCMFUT,09/18/2025 11:25:00,78.01,78.03,78.01,78.03,175565.87,5.0
CCMFUT,09/18/2025 11:24:00,78.02,78.02,78.01,78.01,421288.94,12.0
CCMFUT,09/18/2025 11:23:00,78.0,78.02,78.0,78.01,11091689.45,316.0
CCMFUT,09/18/2025 11:22:00,78.03,78.03,78.0,78.0,7898457.79,225.0
CCMFUT,09/18/2025 11:21:00,78.03,78.03,78.03,78.03,70230.54,2.0
CCMFUT,09/18/2025 11:20:00,78.05,78.05,78.05,78.05,70241.02,2.0
CCMFUT,09/18/2025 11:19:00,78.03,78.07,78.03,78.05,245874.99,7.0
CCMFUT,09/18/2025 11:18:00,78.03,78.03,78.03,78.03,70230.54,2.0
CCMFUT,09/18/2025 11:17:00,78.05,78.05,78.03,78.03,70235.78,2.0
CCMFUT,09/18/2025 11:16:00,78.05,78.05,78.05,78.05,70241.02,2.0
CCMFUT,09/18/2025 11:15:00,78.06,78.06,78.05,78.05,70246.26,2.0
CCMFUT,09/18/2025 11:14:00,78.06,78.06,78.06,78.06,70251.49,2.0
CCMFUT,09/18/2025 11:13:00,78.07,78.07,78.06,78.06,70256.73,2.0
CCMFUT,09/18/2025 11:12:00,78.03,78.07,78.03,78.06,210754.48,6.0
CCMFUT,09/18/2025 11:11:00,78.03,78.05,78.03,78.03,105351.05,3.0
CCMFUT,09/18/2025 11:10:00,78.01,78.03,78.01,78.03,351121.27,10.0
CCMFUT,09/18/2025 11:09:00,78.03,78.05,78.02,78.02,280922.16,8.0
CCMFUT,09/18/2025 11:08:00,78.01,78.01,78.01,78.01,70209.58,2.0
CCMFUT,09/18/2025 11:07:00,78.01,78.01,78.01,78.01,70209.58,2.0
CCMFUT,09/18/2025 11:06:00,78.01,78.02,78.01,78.01,315964.09,9.0
CCMFUT,09/18/2025 11:05:00,78.06,78.06,78.02,78.02,70235.78,2.0
CCMFUT,09/18/2025 11:04:00,78.06,78.06,78.06,78.06,70251.49,2.0
CCMFUT,09/18/2025 11:03:00,78.06,78.06,78.06,78.06,70251.49,2.0
CCMFUT,09/18/2025 11:02:00,78.08,78.08,78.05,78.05,105392.96,3.0
CCMFUT,09/18/2025 11:01:00,78.05,78.05,78.05,78.05,70241.02,2.0
CCMFUT,09/18/2025 11:00:00,78.06,78.06,78.03,78.03,140492.51,4.0
CCMFUT,09/18/2025 10:59:00,78.03,78.06,78.03,78.06,140492.51,4.0
CCMFUT,09/18/2025 10:58:00,78.03,78.03,78.03,78.03,70230.54,2.0
CCMFUT,09/18/2025 10:57:00,78.07,78.07,78.05,78.05,105377.24,3.0
CCMFUT,09/18/2025 10:56:00,78.09,78.09,78.08,78.08,70277.69,2.0
CCMFUT,09/18/2025 10:55:00,78.09,78.09,78.08,78.08,70277.69,2.0
CCMFUT,09/18/2025 10:54:00,78.09,78.12,78.09,78.09,140576.33,4.0
CCMFUT,09/18/2025 10:53:00,78.1,78.1,78.08,78.09,210848.78,6.0
CCMFUT,09/18/2025 10:52:00,78.09,78.1,78.09,78.1,140581.57,4.0
CCMFUT,09/18/2025 10:51:00,78.08,78.08,78.08,78.08,105408.67,3.0
CCMFUT,09/18/2025 10:50:00,78.08,78.08,78.08,78.08,70272.45,2.0
CCMFUT,09/18/2025 10:49:00,78.08,78.09,78.08,78.09,70277.69,2.0
CCMFUT,09/18/2025 10:48:00,78.09,78.09,78.08,78.08,70277.69,2.0
CCMFUT,09/18/2025 10:47:00,78.08,78.1,78.08,78.1,175717.8,5.0
CCMFUT,09/18/2025 10:46:00,78.06,78.07,78.06,78.07,70256.73,2.0
CCMFUT,09/18/2025 10:45:00,78.02,78.05,78.02,78.05,210702.1,6.0
CCMFUT,09/18/2025 10:44:00,78.03,78.03,78.02,78.02,70225.3,2.0
CCMFUT,09/18/2025 10:43:00,78.05,78.05,78.02,78.02,70230.54,2.0
CCMFUT,09/18/2025 10:42:00,78.03,78.05,78.03,78.05,70235.78,2.0
CCMFUT,09/18/2025 10:41:00,78.03,78.03,78.03,78.03,70230.54,2.0
CCMFUT,09/18/2025 10:40:00,78.03,78.06,78.03,78.05,175613.02,5.0
CCMFUT,09/18/2025 10:39:00,78.03,78.03,78.03,78.03,70230.54,2.0
CCMFUT,09/18/2025 10:38:00,78.03,78.03,78.03,78.03,70230.54,2.0
CCMFUT,09/18/2025 10:37:00,78.03,78.03,78.02,78.02,70225.3,2.0
CCMFUT,09/18/2025 10:36:00,78.03,78.03,78.03,78.03,70230.54,2.0
CCMFUT,09/18/2025 10:35:00,78.07,78.07,78.03,78.03,175639.21,5.0
CCMFUT,09/18/2025 10:34:00,78.07,78.08,78.06,78.06,245906.43,7.0
CCMFUT,09/18/2025 10:33:00,78.07,78.09,78.07,78.07,210801.63,6.0
CCMFUT,09/18/2025 10:32:00,78.05,78.08,78.05,78.05,140513.47,4.0
CCMFUT,09/18/2025 10:31:00,78.06,78.06,78.05,78.05,70246.26,2.0
CCMFUT,09/18/2025 10:30:00,78.03,78.03,78.02,78.03,280906.44,8.0
CCMFUT,09/18/2025 10:29:00,78.03,78.03,78.01,78.01,245775.46,7.0
CCMFUT,09/18/2025 10:28:00,78.02,78.02,78.01,78.01,280848.82,8.0
CCMFUT,09/18/2025 10:27:00,78.02,78.02,78.02,78.02,70220.06,2.0
CCMFUT,09/18/2025 10:26:00,78.05,78.06,78.02,78.02,316089.82,9.0
CCMFUT,09/18/2025 10:25:00,78.0,78.05,78.0,78.05,280890.73,8.0
CCMFUT,09/18/2025 10:24:00,78.01,78.01,78.01,78.01,70209.58,2.0
CCMFUT,09/18/2025 10:23:00,78.03,78.03,78.03,78.03,245806.89,7.0
CCMFUT,09/18/2025 10:22:00,78.03,78.03,78.01,78.01,315990.28,9.0
CCMFUT,09/18/2025 10:21:00,78.01,78.03,78.0,78.03,12741777.1,363.0
CCMFUT,09/18/2025 10:20:00,78.02,78.02,78.02,78.02,491540.44,14.0
CCMFUT,09/18/2025 10:19:00,78.03,78.03,78.02,78.02,280916.92,8.0
CCMFUT,09/18/2025 10:18:00,78.02,78.03,78.02,78.03,70225.3,2.0
CCMFUT,09/18/2025 10:17:00,78.02,78.05,78.02,78.02,105340.57,3.0
CCMFUT,09/18/2025 10:16:00,78.03,78.03,78.02,78.02,70225.3,2.0
CCMFUT,09/18/2025 10:15:00,78.06,78.06,78.02,78.03,561928.14,16.0
CCMFUT,09/18/2025 10:14:00,78.06,78.07,78.06,78.06,105382.48,3.0
CCMFUT,09/18/2025 10:13:00,78.06,78.06,78.06,78.06,70251.49,2.0
CCMFUT,09/18/2025 10:12:00,78.06,78.06,78.06,78.06,70251.49,2.0
CCMFUT,09/18/2025 10:11:00,78.06,78.06,78.06,78.06,70251.49,2.0
CCMFUT,09/18/2025 10:10:00,78.06,78.06,78.06,78.06,70251.49,2.0
CCMFUT,09/18/2025 10:09:00,78.07,78.08,78.06,78.06,562069.58,16.0
CCMFUT,09/18/2025 10:08:00,78.07,78.08,78.07,78.08,70267.21,2.0
CCMFUT,09/18/2025 10:07:00,78.12,78.12,78.06,78.07,597300.11,17.0
CCMFUT,09/18/2025 10:06:00,78.12,78.13,78.12,78.12,140613.0,4.0
CCMFUT,09/18/2025 10:05:00,78.12,78.14,78.12,78.12,140618.24,4.0
CCMFUT,09/18/2025 10:04:00,78.12,78.12,78.12,78.12,70303.88,2.0
CCMFUT,09/18/2025 10:03:00,78.13,78.14,78.13,78.13,140639.2,4.0
CCMFUT,09/18/2025 10:02:00,78.12,78.14,78.12,78.14,140639.2,4.0
CCMFUT,09/18/2025 10:01:00,78.14,78.17,78.14,78.15,562713.95,16.0
CCMFUT,09/18/2025 10:00:00,78.14,78.14,78.14,78.14,246136.93,7.0
CCMFUT,09/18/2025 09:59:00,78.13,78.13,78.13,78.13,35157.18,1.0
CCMFUT,09/18/2025 09:58:00,78.14,78.14,78.14,78.14,105487.26,3.0
CCMFUT,09/18/2025 09:57:00,78.14,78.14,78.14,78.14,35162.42,1.0
CCMFUT,09/18/2025 09:56:00,78.12,78.14,78.12,78.14,105476.78,3.0
CCMFUT,09/18/2025 09:53:00,78.14,78.14,78.12,78.12,105476.78,3.0
CCMFUT,09/18/2025 09:51:00,78.14,78.14,78.14,78.14,70324.84,2.0
CCMFUT,09/18/2025 09:50:00,78.12,78.13,78.12,78.13,105461.06,3.0
CCMFUT,09/18/2025 09:47:00,78.12,78.12,78.12,78.12,210911.65,6.0
CCMFUT,09/18/2025 09:46:00,78.13,78.16,78.13,78.15,210979.75,6.0
CCMFUT,09/18/2025 09:44:00,78.14,78.14,78.14,78.14,210974.51,6.0
CCMFUT,09/18/2025 09:43:00,78.14,78.15,78.14,78.15,175817.33,5.0
CCMFUT,09/18/2025 09:41:00,78.14,78.14,78.14,78.14,70324.84,2.0
CCMFUT,09/18/2025 09:40:00,78.13,78.13,78.13,78.13,105471.54,3.0
CCMFUT,09/18/2025 09:39:00,78.1,78.1,78.1,78.1,35146.7,1.0
CCMFUT,09/18/2025 09:38:00,78.14,78.14,78.14,78.14,70324.84,2.0
CCMFUT,09/18/2025 09:37:00,78.14,78.14,78.14,78.14,210974.51,6.0
CCMFUT,09/18/2025 09:34:00,78.13,78.14,78.13,78.14,316425.1,9.0
CCMFUT,09/18/2025 09:32:00,78.16,78.17,78.13,78.15,1547591.71,44.0
CCMFUT,09/18/2025 09:28:00,78.07,78.1,78.07,78.1,140560.62,4.0
CCMFUT,09/18/2025 09:27:00,78.07,78.07,78.07,78.07,70261.97,2.0
CCMFUT,09/18/2025 09:26:00,78.09,78.09,78.09,78.09,35141.46,1.0
CCMFUT,09/18/2025 09:25:00,78.12,78.12,78.09,78.09,175743.99,5.0
CCMFUT,09/18/2025 09:24:00,78.12,78.13,78.1,78.1,281215.53,8.0
CCMFUT,09/18/2025 09:23:00,78.1,78.12,78.1,78.1,105445.35,3.0
CCMFUT,09/18/2025 09:22:00,78.17,78.17,78.12,78.12,1828037.14,52.0
CCMFUT,09/18/2025 09:21:00,78.15,78.15,78.15,78.15,35167.66,1.0
CCMFUT,09/18/2025 09:19:00,78.17,78.17,78.17,78.17,35178.13,1.0
CCMFUT,09/18/2025 09:17:00,78.19,78.19,78.13,78.13,879023.79,25.0
CCMFUT,09/18/2025 09:15:00,78.2,78.2,78.17,78.17,140733.49,4.0
CCMFUT,09/18/2025 09:14:00,78.2,78.21,78.2,78.21,316723.7,9.0
CCMFUT,09/18/2025 09:13:00,78.21,78.21,78.17,78.17,562981.12,16.0
CCMFUT,09/18/2025 09:11:00,78.21,78.24,78.21,78.23,387200.46,11.0
CCMFUT,09/18/2025 09:09:00,78.17,78.17,78.17,78.17,35178.13,1.0
CCMFUT,09/18/2025 09:08:00,78.17,78.17,78.17,78.17,175890.67,5.0
CCMFUT,09/18/2025 09:07:00,78.23,78.23,78.23,78.23,211225.97,6.0
CCMFUT,09/18/2025 09:06:00,78.29,78.31,78.19,78.19,352148.06,10.0
CCMFUT,09/18/2025 09:04:00,78.29,78.29,78.29,78.29,105691.57,3.0
CCMFUT,09/18/2025 09:03:00,78.3,78.32,78.3,78.32,70482.0,2.0
CCMFUT,09/18/2025 09:02:00,78.3,78.3,78.3,78.3,35235.76,1.0
CCMFUT,09/18/2025 09:01:00,78.26,78.38,78.23,78.38,810160.56,23.0
CCMFUT,09/18/2025 09:00:00,78.52,78.52,78.46,78.46,70644.4,2.0
CCMFUT,09/12/2025 17:05:00,79.4,79.51,79.4,79.48,1144444.52,32.0
CCMFUT,09/12/2025 16:19:00,79.42,79.45,79.4,79.4,1358111.74,38.0
CCMFUT,09/12/2025 16:18:00,79.43,79.47,79.43,79.43,1251115.73,35.0
CCMFUT,09/12/2025 16:17:00,79.43,79.43,79.43,79.43,357439.19,10.0
CCMFUT,09/12/2025 16:16:00,79.42,79.48,79.4,79.4,2680521.48,75.0
CCMFUT,09/12/2025 16:15:00,79.44,79.45,79.4,79.42,1072170.87,30.0
CCMFUT,09/12/2025 16:14:00,79.5,79.51,79.47,79.47,1180476.57,33.0
CCMFUT,09/12/2025 16:13:00,79.49,79.51,79.49,79.5,3041088.19,85.0
CCMFUT,09/12/2025 16:12:00,79.4,79.5,79.37,79.5,4254285.93,119.0
CCMFUT,09/12/2025 16:11:00,79.34,79.38,79.34,79.38,9604353.73,269.0
CCMFUT,09/12/2025 16:10:00,79.27,79.34,79.26,79.34,2819264.25,79.0
CCMFUT,09/12/2025 16:09:00,79.22,79.28,79.21,79.28,3423599.98,96.0
CCMFUT,09/12/2025 16:08:00,79.22,79.22,79.22,79.22,142598.49,4.0
CCMFUT,09/12/2025 16:07:00,79.24,79.24,79.24,79.24,35660.1,1.0
CCMFUT,09/12/2025 16:05:00,79.26,79.37,79.23,79.26,9096557.48,255.0
CCMFUT,09/12/2025 16:04:00,79.27,79.27,79.24,79.26,356658.61,10.0
CCMFUT,09/12/2025 16:03:00,79.28,79.28,79.28,79.28,35675.81,1.0
CCMFUT,09/12/2025 16:02:00,79.28,79.3,79.27,79.28,1462734.61,41.0
CCMFUT,09/12/2025 16:01:00,79.29,79.29,79.29,79.29,71362.11,2.0
CCMFUT,09/12/2025 16:00:00,79.37,79.45,79.29,79.29,3714653.87,104.0
CCMFUT,09/12/2025 15:59:00,79.3,79.4,79.3,79.38,6000624.93,168.0
CCMFUT,09/12/2025 15:58:00,79.3,79.3,79.29,79.29,249793.57,7.0
CCMFUT,09/12/2025 15:57:00,79.28,79.29,79.28,79.29,321092.81,9.0
CCMFUT,09/12/2025 15:56:00,79.28,79.29,79.28,79.28,998943.77,28.0
CCMFUT,09/12/2025 15:55:00,79.28,79.28,79.28,79.28,107027.44,3.0
CCMFUT,09/12/2025 15:54:00,79.28,79.29,79.28,79.29,570833.99,16.0
CCMFUT,09/12/2025 15:53:00,79.28,79.28,79.28,79.28,642164.67,18.0
CCMFUT,09/12/2025 15:52:00,79.28,79.28,79.28,79.28,142703.26,4.0
CCMFUT,09/12/2025 15:51:00,79.29,79.29,79.28,79.28,214060.13,6.0
CCMFUT,09/12/2025 15:50:00,79.3,79.3,79.28,79.29,2497411.82,70.0
CCMFUT,09/12/2025 15:49:00,79.24,79.31,79.24,79.29,3317845.55,93.0
CCMFUT,09/12/2025 15:48:00,79.22,79.23,79.22,79.23,249552.59,7.0
CCMFUT,09/12/2025 15:46:00,79.23,79.23,79.21,79.21,213913.44,6.0
CCMFUT,09/12/2025 15:44:00,79.22,79.22,79.21,79.21,178237.63,5.0
CCMFUT,09/12/2025 15:40:00,79.22,79.24,79.22,79.24,392213.94,11.0
CCMFUT,09/12/2025 15:38:00,79.22,79.22,79.22,79.22,71299.24,2.0
CCMFUT,09/12/2025 15:36:00,79.2,79.22,79.2,79.22,106938.39,3.0
CCMFUT,09/12/2025 15:35:00,79.22,79.22,79.2,79.22,3742880.19,105.0
CCMFUT,09/12/2025 15:34:00,79.23,79.23,79.23,79.23,285238.88,8.0
CCMFUT,09/12/2025 15:31:00,79.27,79.27,79.26,79.26,214012.98,6.0
CCMFUT,09/12/2025 15:30:00,79.26,79.28,79.26,79.27,321045.66,9.0
CCMFUT,09/12/2025 15:29:00,79.23,79.26,79.23,79.26,142650.87,4.0
CCMFUT,09/12/2025 15:28:00,79.24,79.24,79.24,79.24,106980.3,3.0
CCMFUT,09/12/2025 15:26:00,79.24,79.24,79.24,79.24,142640.39,4.0
CCMFUT,09/12/2025 15:25:00,79.27,79.27,79.27,79.27,142682.3,4.0
CCMFUT,09/12/2025 15:24:00,79.26,79.33,79.26,79.27,2462186.54,69.0
CCMFUT,09/12/2025 15:23:00,79.26,79.26,79.26,79.26,106996.01,3.0
CCMFUT,09/12/2025 15:22:00,79.24,79.24,79.24,79.24,320940.89,9.0
CCMFUT,09/12/2025 15:21:00,79.27,79.27,79.23,79.23,606226.92,17.0
CCMFUT,09/12/2025 15:20:00,79.24,79.24,79.24,79.24,35660.1,1.0
CCMFUT,09/12/2025 15:19:00,79.24,79.27,79.24,79.27,677636.17,19.0
CCMFUT,09/12/2025 15:18:00,79.23,79.24,79.22,79.22,463513.18,13.0
CCMFUT,09/12/2025 15:17:00,79.22,79.24,79.21,79.21,392198.22,11.0
CCMFUT,09/12/2025 15:16:00,79.23,79.23,79.21,79.22,499110.41,14.0
CCMFUT,09/12/2025 15:15:00,79.24,79.26,79.24,79.24,249625.93,7.0
CCMFUT,09/12/2025 15:14:00,79.23,79.23,79.23,79.23,106964.58,3.0
CCMFUT,09/12/2025 15:10:00,79.21,79.22,79.21,79.22,534739.08,15.0
CCMFUT,09/12/2025 15:09:00,79.22,79.24,79.22,79.23,1283491.14,36.0
CCMFUT,09/12/2025 15:08:00,79.22,79.23,79.22,79.22,606069.76,17.0
CCMFUT,09/12/2025 15:07:00,79.22,79.22,79.22,79.22,1889429.93,53.0
CCMFUT,09/12/2025 15:06:00,79.22,79.22,79.2,79.22,3137156.19,88.0
CCMFUT,09/12/2025 15:05:00,79.22,79.22,79.19,79.22,1033807.58,29.0
CCMFUT,09/12/2025 15:03:00,79.2,79.22,79.2,79.22,356470.02,10.0
CCMFUT,09/12/2025 15:02:00,79.23,79.23,79.22,79.22,178258.58,5.0
CCMFUT,09/12/2025 15:01:00,79.26,79.26,79.26,79.26,35665.34,1.0
CCMFUT,09/12/2025 15:00:00,79.2,79.33,79.2,79.28,2925160.13,82.0
CCMFUT,09/12/2025 14:59:00,79.2,79.24,79.19,79.19,1532912.76,43.0
CCMFUT,09/12/2025 14:58:00,79.2,79.21,79.17,79.19,391983.43,11.0
CCMFUT,09/12/2025 14:57:00,79.16,79.17,79.16,79.17,320637.04,9.0
CCMFUT,09/12/2025 14:56:00,79.16,79.16,79.16,79.16,284987.42,8.0
CCMFUT,09/12/2025 14:54:00,79.16,79.2,79.16,79.2,249390.19,7.0
CCMFUT,09/12/2025 14:53:00,79.16,79.16,79.16,79.16,71246.86,2.0
CCMFUT,09/12/2025 14:52:00,79.16,79.16,79.15,79.16,284976.94,8.0
CCMFUT,09/12/2025 14:51:00,79.21,79.21,79.21,79.21,249510.68,7.0
CCMFUT,09/12/2025 14:49:00,79.2,79.22,79.16,79.22,677065.15,19.0
CCMFUT,09/12/2025 14:48:00,79.21,79.21,79.21,79.21,106933.15,3.0
CCMFUT,09/12/2025 14:47:00,79.21,79.21,79.2,79.2,677227.55,19.0
CCMFUT,09/12/2025 14:46:00,79.27,79.28,79.27,79.28,13699476.28,384.0
CCMFUT,09/12/2025 14:45:00,79.21,79.24,79.21,79.24,463481.75,13.0
CCMFUT,09/12/2025 14:44:00,79.23,79.26,79.23,79.26,534880.53,15.0
CCMFUT,09/12/2025 14:43:00,79.22,79.24,79.22,79.24,677410.91,19.0
CCMFUT,09/12/2025 14:42:00,79.2,79.27,79.2,79.22,784558.84,22.0
CCMFUT,09/12/2025 14:41:00,79.17,79.17,79.17,79.17,35628.67,1.0
CCMFUT,09/12/2025 14:38:00,79.2,79.2,79.19,79.19,142551.34,4.0
CCMFUT,09/12/2025 14:37:00,79.16,79.16,79.13,79.16,926125.3,26.0
CCMFUT,09/12/2025 14:36:00,79.19,79.19,79.14,79.14,1033142.26,29.0
CCMFUT,09/12/2025 14:35:00,79.2,79.2,79.16,79.19,712620.47,20.0
CCMFUT,09/12/2025 14:34:00,79.22,79.22,79.22,79.22,35649.62,1.0
CCMFUT,09/12/2025 14:33:00,79.23,79.3,79.23,79.3,784773.63,22.0
CCMFUT,09/12/2025 14:32:00,79.24,79.24,79.23,79.23,356595.75,10.0
CCMFUT,09/12/2025 14:31:00,79.29,79.29,79.26,79.26,356731.96,10.0
CCMFUT,09/12/2025 14:30:00,79.28,79.3,79.28,79.3,214075.84,6.0
CCMFUT,09/12/2025 14:29:00,79.28,79.36,79.27,79.27,6925513.88,194.0
CCMFUT,09/12/2025 14:28:00,79.13,79.28,79.13,79.28,10833215.29,304.0
CCMFUT,09/12/2025 14:26:00,79.1,79.1,79.1,79.1,106791.7,3.0
CCMFUT,09/12/2025 14:25:00,79.1,79.1,79.1,79.1,249180.64,7.0
CCMFUT,09/12/2025 14:19:00,79.1,79.1,79.09,79.09,213572.93,6.0
CCMFUT,09/12/2025 14:18:00,79.1,79.1,79.09,79.1,783133.91,22.0
CCMFUT,09/12/2025 14:16:00,79.07,79.1,79.07,79.09,355893.76,10.0
CCMFUT,09/12/2025 14:14:00,79.08,79.1,79.08,79.09,1957308.27,55.0
CCMFUT,09/12/2025 14:13:00,79.08,79.08,79.07,79.07,2597817.5,73.0
CCMFUT,09/12/2025 14:12:00,79.07,79.08,79.07,79.07,747279.97,21.0
CCMFUT,09/12/2025 14:11:00,79.04,79.08,79.04,79.06,1565513.43,44.0
CCMFUT,09/12/2025 14:10:00,78.99,79.04,78.99,79.04,888762.61,25.0
CCMFUT,09/12/2025 14:09:00,78.98,78.99,78.98,78.99,71084.45,2.0
CCMFUT,09/12/2025 14:08:00,78.98,78.99,78.98,78.99,177703.28,5.0
CCMFUT,09/12/2025 14:07:00,78.93,78.93,78.93,78.93,177593.26,5.0
CCMFUT,09/12/2025 14:06:00,78.93,78.93,78.93,78.93,35518.65,1.0
CCMFUT,09/12/2025 14:05:00,78.92,78.92,78.91,78.91,177556.59,5.0
CCMFUT,09/12/2025 14:02:00,78.93,78.93,78.93,78.93,106555.96,3.0
CCMFUT,09/12/2025 14:01:00,78.93,78.99,78.93,78.97,533020.77,15.0
CCMFUT,09/12/2025 14:00:00,78.95,78.95,78.92,78.92,426244.79,12.0
CCMFUT,09/12/2025 13:59:00,78.91,78.93,78.91,78.93,426208.12,12.0
CCMFUT,09/12/2025 13:58:00,78.87,78.88,78.81,78.87,2909501.54,82.0
CCMFUT,09/12/2025 13:57:00,78.85,78.85,78.84,78.84,248358.16,7.0
CCMFUT,09/12/2025 13:55:00,78.88,78.88,78.87,78.87,390443.24,11.0
CCMFUT,09/12/2025 13:51:00,78.9,78.9,78.88,78.88,248504.84,7.0
CCMFUT,09/12/2025 13:50:00,78.9,78.9,78.88,78.88,319500.24,9.0
CCMFUT,09/12/2025 13:44:00,78.91,78.91,78.91,78.91,35508.18,1.0
CCMFUT,09/12/2025 13:43:00,78.9,78.9,78.9,78.9,106508.81,3.0
CCMFUT,09/12/2025 13:42:00,78.81,78.91,78.81,78.9,709781.08,20.0
CCMFUT,09/12/2025 13:41:00,78.83,78.83,78.83,78.83,35471.5,1.0
CCMFUT,09/12/2025 13:40:00,78.8,78.84,78.8,78.84,461040.5,13.0
CCMFUT,09/12/2025 13:39:00,78.78,78.78,78.78,78.78,70901.1,2.0
CCMFUT,09/12/2025 13:38:00,78.73,78.76,78.73,78.76,248070.02,7.0
CCMFUT,09/12/2025 13:37:00,78.76,78.76,78.76,78.76,106320.22,3.0
CCMFUT,09/12/2025 13:36:00,78.78,78.78,78.74,78.78,638057.5,18.0
CCMFUT,09/12/2025 13:35:00,78.8,78.8,78.8,78.8,106383.08,3.0
CCMFUT,09/12/2025 13:34:00,78.8,78.8,78.8,78.8,70922.05,2.0
CCMFUT,09/12/2025 13:33:00,78.83,78.83,78.81,78.81,141870.3,4.0
CCMFUT,09/12/2025 13:32:00,78.8,78.8,78.8,78.8,390071.29,11.0
CCMFUT,09/12/2025 13:31:00,78.81,78.81,78.76,78.81,921876.68,26.0
CCMFUT,09/12/2025 13:30:00,78.84,78.85,78.83,78.83,390259.89,11.0
CCMFUT,09/12/2025 13:29:00,78.84,78.84,78.84,78.84,35476.74,1.0
CCMFUT,09/12/2025 13:28:00,78.8,78.84,78.8,78.84,496564.39,14.0
CCMFUT,09/12/2025 13:26:00,78.8,78.8,78.8,78.8,35461.03,1.0
CCMFUT,09/12/2025 13:25:00,78.79,78.81,78.77,78.81,638219.9,18.0
CCMFUT,09/12/2025 13:24:00,78.77,78.79,78.77,78.79,460914.77,13.0
CCMFUT,09/12/2025 13:23:00,78.74,78.77,78.74,78.77,531616.79,15.0
CCMFUT,09/12/2025 13:22:00,78.73,78.73,78.73,78.73,70859.19,2.0
CCMFUT,09/12/2025 13:21:00,78.71,78.73,78.71,78.73,354217.36,10.0
CCMFUT,09/12/2025 13:20:00,78.71,78.71,78.71,78.71,70838.23,2.0
CCMFUT,09/12/2025 13:17:00,78.73,78.74,78.7,78.7,247975.73,7.0
CCMFUT,09/12/2025 13:16:00,78.71,78.73,78.71,78.73,141697.42,4.0
CCMFUT,09/12/2025 13:15:00,78.67,78.72,78.66,78.71,1345481.14,38.0
CCMFUT,09/12/2025 13:14:00,78.72,78.72,78.67,78.67,424966.54,12.0
CCMFUT,09/12/2025 13:13:00,78.74,78.74,78.74,78.74,106304.5,3.0
CCMFUT,09/12/2025 13:12:00,78.85,78.85,78.76,78.76,1276623.15,36.0
CCMFUT,09/12/2025 13:11:00,78.87,78.87,78.87,78.87,35492.46,1.0
CCMFUT,09/12/2025 13:09:00,78.84,78.88,78.84,78.87,567868.87,16.0
CCMFUT,09/12/2025 13:08:00,78.79,78.84,78.78,78.84,1418514.41,40.0
CCMFUT,09/12/2025 13:07:00,78.8,78.8,78.8,78.8,70922.05,2.0
CCMFUT,09/12/2025 13:05:00,78.81,78.83,78.81,78.81,1915199.29,54.0
CCMFUT,09/12/2025 13:04:00,78.74,78.81,78.74,78.79,1311727.95,37.0
CCMFUT,09/12/2025 13:03:00,78.72,78.85,78.7,78.81,1737181.68,49.0
CCMFUT,09/12/2025 13:02:00,78.78,78.78,78.64,78.71,6196779.05,175.0
CCMFUT,09/12/2025 13:01:00,78.88,78.9,78.79,78.79,5747976.25,162.0
CCMFUT,09/12/2025 13:00:00,79.04,79.06,78.87,78.91,6891173.95,194.0
CCMFUT,09/12/2025 12:59:00,79.07,79.08,79.05,79.05,782803.87,22.0
CCMFUT,09/12/2025 12:57:00,79.02,79.05,79.0,79.05,1102204.57,31.0
CCMFUT,09/12/2025 12:56:00,79.01,79.02,79.01,79.01,284453.07,8.0
CCMFUT,09/12/2025 12:55:00,79.01,79.02,79.01,79.02,177781.86,5.0
CCMFUT,09/12/2025 12:54:00,79.01,79.01,79.0,79.0,213305.75,6.0
CCMFUT,09/12/2025 12:53:00,79.01,79.01,79.0,79.01,319992.68,9.0
CCMFUT,09/12/2025 12:52:00,79.0,79.01,79.0,79.01,213321.47,6.0
CCMFUT,09/12/2025 12:50:00,79.0,79.01,79.0,79.01,213326.71,6.0
CCMFUT,09/12/2025 12:49:00,79.04,79.04,79.02,79.02,142257.97,4.0
CCMFUT,09/12/2025 12:48:00,79.02,79.02,79.02,79.02,177802.81,5.0
CCMFUT,09/12/2025 12:46:00,79.01,79.05,79.01,79.05,320018.87,9.0
CCMFUT,09/12/2025 12:45:00,79.01,79.01,79.01,79.01,35555.32,1.0
CCMFUT,09/12/2025 12:42:00,79.0,79.0,79.0,79.0,35550.09,1.0
CCMFUT,09/12/2025 12:41:00,79.0,79.0,79.0,79.0,106650.26,3.0
CCMFUT,09/12/2025 12:40:00,78.99,79.01,78.99,79.01,533235.56,15.0
CCMFUT,09/12/2025 12:39:00,78.99,78.99,78.99,78.99,35544.85,1.0
CCMFUT,09/12/2025 12:37:00,78.99,78.99,78.98,78.99,426532.92,12.0
CCMFUT,09/12/2025 12:34:00,79.02,79.02,79.02,79.02,35560.56,1.0
CCMFUT,09/12/2025 12:33:00,79.07,79.08,79.05,79.05,889443.64,25.0
CCMFUT,09/12/2025 12:32:00,79.07,79.07,79.06,79.06,142315.59,4.0
CCMFUT,09/12/2025 12:31:00,79.02,79.02,79.02,79.02,320045.06,9.0
CCMFUT,09/12/2025 12:25:00,79.06,79.06,79.02,79.02,2347672.94,66.0
CCMFUT,09/12/2025 12:24:00,79.07,79.07,79.07,79.07,177907.59,5.0
CCMFUT,09/12/2025 12:23:00,79.1,79.1,79.1,79.1,35597.23,1.0
CCMFUT,09/12/2025 12:22:00,79.04,79.13,79.04,79.1,1636645.04,46.0
CCMFUT,09/12/2025 12:21:00,78.99,79.02,78.99,79.02,1137534.62,32.0
CCMFUT,09/12/2025 12:20:00,79.0,79.0,78.99,79.0,639870.1,18.0
CCMFUT,09/12/2025 12:19:00,79.0,79.01,79.0,79.01,177755.66,5.0
CCMFUT,09/12/2025 12:17:00,79.0,79.0,78.98,79.0,853144.42,24.0
CCMFUT,09/12/2025 12:16:00,79.01,79.01,78.99,79.0,1635445.37,46.0
CCMFUT,09/12/2025 12:14:00,79.02,79.02,79.02,79.02,35560.56,1.0
CCMFUT,09/12/2025 12:13:00,79.04,79.04,79.04,79.04,142263.21,4.0
CCMFUT,09/12/2025 12:12:00,79.05,79.05,79.05,79.05,782562.88,22.0
CCMFUT,09/12/2025 12:11:00,79.06,79.07,79.02,79.05,3343698.73,94.0
CCMFUT,09/12/2025 12:10:00,79.06,79.06,79.06,79.06,569220.46,16.0
CCMFUT,09/12/2025 12:09:00,79.07,79.07,79.06,79.06,355778.51,10.0
CCMFUT,09/12/2025 12:08:00,79.04,79.07,79.04,79.07,1707420.41,48.0
CCMFUT,09/12/2025 12:07:00,79.04,79.04,79.02,79.02,71126.36,2.0
CCMFUT,09/12/2025 12:03:00,79.01,79.01,79.01,79.01,35555.32,1.0
CCMFUT,09/12/2025 12:01:00,79.02,79.02,79.01,79.01,106676.45,3.0
CCMFUT,09/12/2025 12:00:00,79.0,79.02,79.0,79.01,711132.67,20.0
CCMFUT,09/12/2025 11:55:00,78.99,78.99,78.99,78.99,142179.39,4.0
CCMFUT,09/12/2025 11:53:00,78.98,79.02,78.98,79.0,355485.14,10.0
CCMFUT,09/12/2025 11:50:00,78.98,78.98,78.97,78.97,248772.02,7.0
CCMFUT,09/12/2025 11:36:00,78.95,78.97,78.93,78.97,213148.59,6.0
CCMFUT,09/12/2025 11:32:00,78.98,78.98,78.98,78.98,71079.22,2.0
CCMFUT,09/12/2025 11:31:00,78.94,78.97,78.94,78.97,71058.26,2.0
CCMFUT,09/12/2025 11:30:00,78.94,78.94,78.94,78.94,35523.89,1.0
CCMFUT,09/12/2025 11:28:00,78.91,78.92,78.91,78.92,142037.94,4.0
CCMFUT,09/12/2025 11:26:00,78.92,78.93,78.92,78.93,710336.38,20.0
CCMFUT,09/12/2025 11:25:00,78.9,78.9,78.88,78.88,603528.97,17.0
CCMFUT,09/12/2025 11:24:00,78.9,78.9,78.9,78.9,177514.68,5.0
CCMFUT,09/12/2025 11:22:00,78.9,78.97,78.9,78.93,887882.5,25.0
CCMFUT,09/12/2025 11:21:00,78.9,78.9,78.9,78.9,71005.87,2.0
CCMFUT,09/12/2025 11:18:00,78.9,78.92,78.9,78.92,1633156.04,46.0
CCMFUT,09/12/2025 11:17:00,78.87,78.87,78.86,78.87,354903.64,10.0
CCMFUT,09/12/2025 11:16:00,78.92,78.92,78.88,78.88,923285.9,26.0
CCMFUT,09/12/2025 11:15:00,78.95,78.95,78.92,78.93,532821.7,15.0
CCMFUT,09/12/2025 11:14:00,79.04,79.06,78.99,78.99,14228222.24,400.0
CCMFUT,09/12/2025 11:12:00,79.04,79.04,79.04,79.04,71131.6,2.0
CCMFUT,09/12/2025 11:10:00,79.02,79.02,79.02,79.02,35560.56,1.0
CCMFUT,09/12/2025 11:05:00,79.02,79.02,79.02,79.02,71121.13,2.0
CCMFUT,09/12/2025 11:04:00,79.05,79.05,79.05,79.05,71142.08,2.0
CCMFUT,09/12/2025 10:58:00,79.05,79.07,79.05,79.05,249018.24,7.0
CCMFUT,09/12/2025 10:57:00,79.04,79.04,79.04,79.04,177829.01,5.0
CCMFUT,09/12/2025 10:56:00,79.02,79.04,79.02,79.04,213379.09,6.0
CCMFUT,09/12/2025 10:55:00,79.02,79.02,79.02,79.02,213363.38,6.0
CCMFUT,09/12/2025 10:52:00,79.01,79.01,79.01,79.01,35555.32,1.0
CCMFUT,09/12/2025 10:49:00,79.01,79.02,79.01,79.02,71115.89,2.0
CCMFUT,09/12/2025 10:46:00,79.04,79.04,79.04,79.04,213394.81,6.0
CCMFUT,09/12/2025 10:45:00,79.01,79.02,79.01,79.02,817835.32,23.0
CCMFUT,09/12/2025 10:42:00,79.01,79.02,79.0,79.0,142221.3,4.0
CCMFUT,09/12/2025 10:41:00,79.02,79.05,79.01,79.01,2169718.2,61.0
CCMFUT,09/12/2025 10:40:00,79.04,79.05,79.04,79.05,71136.84,2.0
CCMFUT,09/12/2025 10:39:00,78.94,79.04,78.94,79.02,568874.71,16.0
CCMFUT,09/12/2025 10:38:00,78.98,78.98,78.97,78.97,177677.08,5.0
CCMFUT,09/12/2025 10:32:00,78.98,78.99,78.98,78.99,142168.91,4.0
CCMFUT,09/12/2025 10:31:00,78.95,78.97,78.95,78.97,106597.87,3.0
CCMFUT,09/12/2025 10:28:00,78.94,78.94,78.94,78.94,71047.78,2.0
CCMFUT,09/12/2025 10:27:00,78.95,78.95,78.95,78.95,71058.26,2.0
CCMFUT,09/12/2025 10:26:00,78.95,78.97,78.95,78.95,177650.89,5.0
CCMFUT,09/12/2025 10:23:00,78.95,78.95,78.95,78.95,213174.78,6.0
CCMFUT,09/12/2025 10:22:00,78.97,78.97,78.97,78.97,106603.11,3.0
CCMFUT,09/12/2025 10:13:00,78.94,78.94,78.94,78.94,106571.67,3.0
CCMFUT,09/12/2025 10:11:00,78.92,78.92,78.92,78.92,71026.83,2.0
CCMFUT,09/12/2025 10:10:00,78.91,78.92,78.91,78.92,142043.18,4.0
CCMFUT,09/12/2025 10:09:00,78.88,78.88,78.87,78.88,248473.41,7.0
CCMFUT,09/12/2025 10:03:00,78.91,78.91,78.91,78.91,71016.35,2.0
CCMFUT,09/12/2025 10:01:00,78.9,78.91,78.9,78.91,213022.86,6.0
CCMFUT,09/12/2025 09:58:00,78.92,78.92,78.92,78.92,35513.41,1.0
CCMFUT,09/12/2025 09:55:00,78.91,78.92,78.91,78.92,71021.59,2.0
CCMFUT,09/12/2025 09:54:00,78.92,78.92,78.87,78.87,212991.43,6.0
CCMFUT,09/12/2025 09:52:00,78.92,78.94,78.92,78.94,142064.13,4.0
CCMFUT,09/12/2025 09:51:00,78.91,78.91,78.91,78.91,71016.35,2.0
CCMFUT,09/12/2025 09:45:00,78.93,78.93,78.9,78.9,213038.57,6.0
CCMFUT,09/12/2025 09:44:00,78.94,78.94,78.94,78.94,35523.89,1.0
CCMFUT,09/12/2025 09:43:00,78.91,78.92,78.91,78.92,106529.76,3.0
CCMFUT,09/12/2025 09:42:00,78.87,78.91,78.87,78.9,248515.32,7.0
CCMFUT,09/12/2025 09:41:00,78.88,78.9,78.88,78.9,213007.14,6.0
CCMFUT,09/12/2025 09:40:00,78.88,78.91,78.86,78.88,319505.47,9.0
CCMFUT,09/12/2025 09:38:00,78.91,78.91,78.91,78.91,71016.35,2.0
CCMFUT,09/12/2025 09:37:00,78.86,78.91,78.86,78.88,319463.56,9.0
CCMFUT,09/12/2025 09:36:00,78.86,78.86,78.83,78.86,1064469.93,30.0
CCMFUT,09/12/2025 09:35:00,78.93,78.93,78.86,78.88,639010.95,18.0
CCMFUT,09/12/2025 09:34:00,78.95,78.97,78.94,78.94,1741021.68,49.0
CCMFUT,09/12/2025 09:31:00,78.99,78.99,78.98,78.98,106629.3,3.0
CCMFUT,09/12/2025 09:29:00,79.01,79.01,79.01,79.01,71110.65,2.0
CCMFUT,09/12/2025 09:28:00,79.02,79.04,79.02,79.04,71126.36,2.0
CCMFUT,09/12/2025 09:27:00,79.0,79.01,79.0,79.01,106655.49,3.0
CCMFUT,09/12/2025 09:25:00,79.05,79.05,79.05,79.05,71142.08,2.0
CCMFUT,09/12/2025 09:23:00,79.06,79.06,79.04,79.04,142278.92,4.0
CCMFUT,09/12/2025 09:22:00,79.06,79.06,79.06,79.06,35576.28,1.0
CCMFUT,09/12/2025 09:21:00,79.04,79.04,79.04,79.04,106697.4,3.0
CCMFUT,09/12/2025 09:20:00,79.07,79.07,79.05,79.05,106728.84,3.0
CCMFUT,09/12/2025 09:19:00,79.05,79.05,79.05,79.05,604707.68,17.0
CCMFUT,09/12/2025 09:17:00,79.0,79.0,79.0,79.0,142200.34,4.0
CCMFUT,09/12/2025 09:16:00,79.05,79.05,79.02,79.02,177813.29,5.0
CCMFUT,09/12/2025 09:15:00,79.06,79.06,79.06,79.06,35576.28,1.0
CCMFUT,09/12/2025 09:14:00,79.07,79.07,79.06,79.06,71157.8,2.0
CCMFUT,09/12/2025 09:13:00,79.07,79.1,79.05,79.06,604880.56,17.0
CCMFUT,09/12/2025 09:12:00,79.01,79.02,79.01,79.02,213337.18,6.0
CCMFUT,09/12/2025 09:11:00,78.97,78.97,78.95,78.97,142127.0,4.0
CCMFUT,09/12/2025 09:10:00,78.93,78.99,78.93,78.99,142132.24,4.0
CCMFUT,09/12/2025 09:09:00,78.94,78.97,78.91,78.91,248651.52,7.0
CCMFUT,09/12/2025 09:07:00,78.94,78.94,78.85,78.85,1029648.03,29.0
CCMFUT,09/12/2025 09:06:00,78.97,78.97,78.97,78.97,35534.37,1.0
CCMFUT,09/12/2025 09:05:00,78.95,78.95,78.94,78.94,71053.02,2.0
CCMFUT,09/12/2025 09:03:00,79.0,79.02,78.99,79.0,391050.94,11.0
CCMFUT,09/12/2025 09:02:00,78.94,78.94,78.94,78.94,106571.67,3.0
CCMFUT,09/12/2025 09:01:00,78.97,79.01,78.95,78.95,390961.88,11.0
CCMFUT,09/12/2025 09:00:00,79.06,79.06,78.93,79.02,1741734.15,49.0
CCMFUT,09/11/2025 17:05:00,79.13,79.44,79.06,79.06,1390162.35,39.0
CCMFUT,09/11/2025 16:19:00,79.13,79.15,79.05,79.06,2882522.03,81.0
CCMFUT,09/11/2025 16:18:00,79.08,79.16,79.08,79.1,3596604.11,101.0
CCMFUT,09/11/2025 16:17:00,79.12,79.12,79.12,79.12,35602.47,1.0
CCMFUT,09/11/2025 16:16:00,79.09,79.1,79.09,79.1,462758.8,13.0
CCMFUT,09/11/2025 16:15:00,79.14,79.17,79.08,79.12,2777296.71,78.0
CCMFUT,09/11/2025 16:14:00,79.12,79.19,79.1,79.17,1887454.92,53.0
CCMFUT,09/11/2025 16:13:00,79.14,79.14,79.08,79.1,569555.74,16.0
CCMFUT,09/11/2025 16:12:00,79.13,79.15,79.08,79.09,996958.29,28.0
CCMFUT,09/11/2025 16:11:00,79.13,79.13,79.13,79.13,71215.42,2.0
CCMFUT,09/11/2025 16:10:00,79.09,79.1,79.07,79.09,783050.09,22.0
CCMFUT,09/11/2025 16:09:00,79.1,79.1,79.1,79.1,71194.47,2.0
CCMFUT,09/11/2025 16:05:00,79.09,79.1,79.09,79.1,71189.23,2.0
CCMFUT,09/11/2025 16:04:00,79.12,79.13,79.1,79.1,106807.42,3.0
CCMFUT,09/11/2025 16:03:00,79.1,79.12,79.1,79.1,498366.51,14.0
CCMFUT,09/11/2025 16:01:00,79.05,79.08,79.05,79.08,142320.83,4.0
CCMFUT,09/11/2025 16:00:00,79.05,79.09,79.05,79.05,462591.16,13.0
CCMFUT,09/11/2025 15:58:00,79.07,79.07,79.05,79.06,355768.03,10.0
CCMFUT,09/11/2025 15:57:00,79.08,79.08,79.08,79.08,35586.76,1.0
CCMFUT,09/11/2025 15:54:00,79.06,79.08,79.06,79.08,106749.79,3.0
CCMFUT,09/11/2025 15:50:00,79.05,79.05,79.05,79.05,35571.04,1.0
CCMFUT,09/11/2025 15:49:00,79.05,79.05,79.05,79.05,106713.12,3.0
CCMFUT,09/11/2025 15:47:00,79.04,79.04,79.04,79.04,35565.8,1.0
CCMFUT,09/11/2025 15:46:00,79.05,79.05,79.05,79.05,177855.2,5.0
CCMFUT,09/11/2025 15:41:00,79.02,79.06,79.02,79.05,3165764.95,89.0
CCMFUT,09/11/2025 15:38:00,79.02,79.02,79.02,79.02,177802.81,5.0
CCMFUT,09/11/2025 15:36:00,79.05,79.06,79.01,79.02,2703315.23,76.0
CCMFUT,09/11/2025 15:35:00,79.06,79.07,79.06,79.07,177886.63,5.0
CCMFUT,09/11/2025 15:34:00,79.05,79.06,79.05,79.05,7078647.47,199.0
CCMFUT,09/11/2025 15:30:00,79.08,79.08,79.05,79.06,1245070.23,35.0
CCMFUT,09/11/2025 15:27:00,79.09,79.1,79.09,79.1,1067911.78,30.0
CCMFUT,09/11/2025 15:26:00,79.09,79.09,79.08,79.08,142352.26,4.0
CCMFUT,09/11/2025 15:25:00,79.1,79.12,79.1,79.12,284793.59,8.0
CCMFUT,09/11/2025 15:22:00,79.09,79.09,79.09,79.09,35592.0,1.0
CCMFUT,09/11/2025 15:20:00,79.12,79.13,79.1,79.1,320417.01,9.0
CCMFUT,09/11/2025 15:10:00,79.07,79.07,79.07,79.07,35581.52,1.0
CCMFUT,09/11/2025 15:09:00,79.08,79.08,79.08,79.08,35586.76,1.0
CCMFUT,09/11/2025 15:08:00,79.05,79.05,79.05,79.05,35571.04,1.0
CCMFUT,09/11/2025 15:04:00,79.01,79.01,79.01,79.01,35555.32,1.0
CCMFUT,09/11/2025 15:03:00,79.01,79.01,79.01,79.01,35555.32,1.0
CCMFUT,09/11/2025 15:02:00,79.02,79.02,79.01,79.01,248918.7,7.0
CCMFUT,09/11/2025 15:01:00,79.05,79.05,79.02,79.02,675823.57,19.0
CCMFUT,09/11/2025 14:57:00,79.02,79.07,79.02,79.05,1138372.82,32.0
CCMFUT,09/11/2025 14:55:00,79.02,79.02,79.02,79.02,177802.81,5.0
CCMFUT,09/11/2025 14:54:00,79.0,79.02,79.0,79.02,355521.81,10.0
CCMFUT,09/11/2025 14:53:00,79.01,79.01,79.01,79.01,355553.24,10.0
CCMFUT,09/11/2025 14:52:00,79.0,79.01,78.99,79.01,1599785.27,45.0
CCMFUT,09/11/2025 14:50:00,79.01,79.01,79.01,79.01,71110.65,2.0
CCMFUT,09/11/2025 14:49:00,79.01,79.01,79.01,79.01,106665.97,3.0
CCMFUT,09/11/2025 14:48:00,79.02,79.02,79.01,79.01,71115.89,2.0
CCMFUT,09/11/2025 14:45:00,79.02,79.06,79.02,79.05,2063026.03,58.0
CCMFUT,09/11/2025 14:44:00,79.04,79.04,79.01,79.01,604566.24,17.0
CCMFUT,09/11/2025 14:42:00,79.02,79.05,79.02,79.04,320123.65,9.0
CCMFUT,09/11/2025 14:41:00,79.01,79.02,79.01,79.02,711137.91,20.0
CCMFUT,09/11/2025 14:40:00,79.0,79.01,78.97,79.01,1421956.26,40.0
CCMFUT,09/11/2025 14:38:00,79.0,79.01,79.0,79.01,497748.34,14.0
CCMFUT,09/11/2025 14:35:00,79.02,79.02,78.99,79.0,1813127.69,51.0
CCMFUT,09/11/2025 14:34:00,79.04,79.04,79.01,79.01,213363.38,6.0
CCMFUT,09/11/2025 14:33:00,79.06,79.07,79.06,79.07,426931.06,12.0
CCMFUT,09/11/2025 14:32:00,79.06,79.06,79.06,79.06,640373.02,18.0
CCMFUT,09/11/2025 14:31:00,79.06,79.06,79.06,79.06,747101.86,21.0
CCMFUT,09/11/2025 14:29:00,79.1,79.1,79.06,79.07,4057461.25,114.0
CCMFUT,09/11/2025 14:28:00,79.1,79.1,79.1,79.1,1388292.12,39.0
CCMFUT,09/11/2025 14:27:00,79.1,79.12,79.1,79.1,1495110.02,42.0
CCMFUT,09/11/2025 14:26:00,79.12,79.12,79.1,79.1,1495125.73,42.0
CCMFUT,09/11/2025 14:25:00,79.1,79.1,79.1,79.1,142388.94,4.0
CCMFUT,09/11/2025 14:24:00,79.1,79.1,79.1,79.1,1067917.02,30.0
CCMFUT,09/11/2025 14:23:00,79.1,79.1,79.1,79.1,569555.74,16.0
CCMFUT,09/11/2025 14:22:00,79.1,79.12,79.1,79.1,1174713.96,33.0
CCMFUT,09/11/2025 14:21:00,79.12,79.13,79.1,79.1,711976.11,20.0
CCMFUT,09/11/2025 14:20:00,79.1,79.12,79.1,79.12,284798.83,8.0
CCMFUT,09/11/2025 14:19:00,79.1,79.1,79.1,79.1,427166.81,12.0
CCMFUT,09/11/2025 14:18:00,79.1,79.12,79.1,79.1,1174729.67,33.0
CCMFUT,09/11/2025 14:17:00,79.14,79.14,79.1,79.1,925549.04,26.0
CCMFUT,09/11/2025 14:16:00,79.15,79.15,79.14,79.14,249311.61,7.0
CCMFUT,09/11/2025 14:15:00,79.15,79.19,79.15,79.16,320652.76,9.0
CCMFUT,09/11/2025 14:14:00,79.19,79.19,79.12,79.15,1745097.42,49.0
CCMFUT,09/11/2025 14:13:00,79.19,79.19,79.16,79.16,356302.38,10.0
CCMFUT,09/11/2025 14:12:00,79.16,79.19,79.16,79.19,356281.42,10.0
CCMFUT,09/11/2025 14:10:00,79.16,79.2,79.16,79.2,320652.76,9.0
CCMFUT,09/11/2025 14:09:00,79.15,79.26,79.14,79.19,3562850.91,100.0
CCMFUT,09/11/2025 14:08:00,79.08,79.14,79.08,79.14,2242882.43,63.0
CCMFUT,09/11/2025 14:05:00,79.02,79.05,79.02,79.05,142263.21,4.0
CCMFUT,09/11/2025 14:04:00,79.07,79.07,79.06,79.06,71157.8,2.0
CCMFUT,09/11/2025 14:03:00,79.02,79.06,79.02,79.06,2169802.02,61.0
CCMFUT,09/11/2025 14:02:00,79.04,79.05,79.04,79.05,889270.77,25.0
CCMFUT,09/11/2025 14:01:00,79.02,79.05,79.02,79.02,853647.34,24.0
CCMFUT,09/11/2025 14:00:00,79.01,79.06,79.01,79.06,1529507.58,43.0
CCMFUT,09/11/2025 13:59:00,79.02,79.02,79.02,79.02,106681.69,3.0
CCMFUT,09/11/2025 13:58:00,79.05,79.05,79.05,79.05,320139.36,9.0
CCMFUT,09/11/2025 13:57:00,79.01,79.06,79.01,79.06,1778436.76,50.0
CCMFUT,09/11/2025 13:54:00,79.01,79.01,79.01,79.01,177776.62,5.0
CCMFUT,09/11/2025 13:52:00,79.01,79.01,79.01,79.01,71110.65,2.0
CCMFUT,09/11/2025 13:47:00,79.01,79.02,79.01,79.02,995653.85,28.0
CCMFUT,09/11/2025 13:39:00,79.01,79.01,79.01,79.01,106665.97,3.0
CCMFUT,09/11/2025 13:36:00,79.01,79.01,79.0,79.0,71105.41,2.0
CCMFUT,09/11/2025 13:35:00,78.98,79.0,78.97,79.0,817489.56,23.0
CCMFUT,09/11/2025 13:34:00,78.98,78.98,78.98,78.98,106618.82,3.0
CCMFUT,09/11/2025 13:33:00,78.98,78.98,78.98,78.98,35539.61,1.0
CCMFUT,09/11/2025 13:31:00,78.98,78.98,78.98,78.98,106618.82,3.0
CCMFUT,09/11/2025 13:30:00,78.97,78.99,78.97,78.99,284337.82,8.0
CCMFUT,09/11/2025 13:29:00,78.98,78.98,78.97,78.97,71073.98,2.0
CCMFUT,09/11/2025 13:28:00,78.98,78.98,78.98,78.98,35539.61,1.0
CCMFUT,09/11/2025 13:27:00,78.98,78.98,78.98,78.98,35539.61,1.0
CCMFUT,09/11/2025 13:21:00,78.98,78.98,78.98,78.98,35539.61,1.0
CCMFUT,09/11/2025 13:20:00,79.0,79.0,78.93,78.98,746337.0,21.0
CCMFUT,09/11/2025 13:18:00,79.01,79.01,79.01,79.01,71110.65,2.0
CCMFUT,09/11/2025 13:17:00,79.01,79.02,79.01,79.02,142226.53,4.0
CCMFUT,09/11/2025 13:15:00,79.0,79.01,78.99,79.0,142200.34,4.0
CCMFUT,09/11/2025 13:12:00,79.0,79.01,79.0,79.01,177760.9,5.0
CCMFUT,09/11/2025 13:11:00,79.0,79.0,78.99,78.99,284374.49,8.0
CCMFUT,09/11/2025 13:09:00,79.01,79.01,79.0,79.0,355506.09,10.0
CCMFUT,09/11/2025 13:06:00,79.02,79.02,79.01,79.02,533403.2,15.0
CCMFUT,09/11/2025 13:03:00,79.01,79.01,79.01,79.01,177776.62,5.0
CCMFUT,09/11/2025 13:02:00,79.0,79.0,79.0,79.0,319950.77,9.0
CCMFUT,09/11/2025 13:01:00,79.0,79.01,79.0,79.01,213326.71,6.0
CCMFUT,09/11/2025 13:00:00,79.0,79.01,78.99,79.01,568822.32,16.0
CCMFUT,09/11/2025 12:59:00,79.0,79.0,79.0,79.0,35550.09,1.0
CCMFUT,09/11/2025 12:58:00,79.0,79.0,79.0,79.0,213300.51,6.0
CCMFUT,09/11/2025 12:57:00,79.0,79.0,79.0,79.0,71100.17,2.0
CCMFUT,09/11/2025 12:56:00,79.0,79.0,79.0,79.0,106650.26,3.0
CCMFUT,09/11/2025 12:55:00,79.0,79.0,79.0,79.0,35550.09,1.0
CCMFUT,09/11/2025 12:54:00,79.01,79.01,79.01,79.01,355553.24,10.0
CCMFUT,09/11/2025 12:52:00,79.0,79.0,78.99,79.0,533246.04,15.0
CCMFUT,09/11/2025 12:50:00,79.0,79.0,79.0,79.0,35550.09,1.0
CCMFUT,09/11/2025 12:46:00,79.01,79.01,79.01,79.01,248887.27,7.0
CCMFUT,09/11/2025 12:45:00,79.01,79.02,79.0,79.0,355558.48,10.0
CCMFUT,09/11/2025 12:44:00,79.0,79.0,79.0,79.0,284400.68,8.0
CCMFUT,09/11/2025 12:43:00,79.0,79.0,79.0,79.0,177750.43,5.0
CCMFUT,09/11/2025 12:42:00,79.0,79.0,79.0,79.0,213300.51,6.0
CCMFUT,09/11/2025 12:41:00,79.0,79.0,79.0,79.0,213300.51,6.0
CCMFUT,09/11/2025 12:39:00,79.01,79.01,79.01,79.01,35555.32,1.0
CCMFUT,09/11/2025 12:36:00,79.0,79.01,79.0,79.01,213316.23,6.0
CCMFUT,09/11/2025 12:35:00,79.0,79.0,78.99,79.0,355495.61,10.0
CCMFUT,09/11/2025 12:32:00,79.0,79.0,79.0,79.0,35550.09,1.0
CCMFUT,09/11/2025 12:31:00,79.0,79.0,79.0,79.0,177750.43,5.0
CCMFUT,09/11/2025 12:30:00,79.01,79.01,79.01,79.01,35555.32,1.0
CCMFUT,09/11/2025 12:27:00,79.02,79.02,79.02,79.02,177802.81,5.0
CCMFUT,09/11/2025 12:24:00,79.01,79.01,79.01,79.01,71110.65,2.0
CCMFUT,09/11/2025 12:21:00,79.04,79.04,79.04,79.04,71131.6,2.0
CCMFUT,09/11/2025 12:13:00,79.0,79.05,79.0,79.05,391202.86,11.0
CCMFUT,09/11/2025 12:12:00,79.0,79.0,79.0,79.0,35550.09,1.0
CCMFUT,09/11/2025 12:11:00,79.0,79.0,79.0,79.0,142200.34,4.0
CCMFUT,09/11/2025 12:10:00,79.0,79.0,79.0,79.0,35550.09,1.0
CCMFUT,09/11/2025 12:08:00,79.01,79.01,79.01,79.01,71110.65,2.0
CCMFUT,09/11/2025 12:06:00,79.04,79.04,79.04,79.04,35565.8,1.0
CCMFUT,09/11/2025 12:05:00,79.05,79.05,79.05,79.05,142284.16,4.0
CCMFUT,09/11/2025 12:04:00,79.04,79.04,79.04,79.04,71131.6,2.0
CCMFUT,09/11/2025 12:02:00,79.04,79.05,79.04,79.05,177834.25,5.0
CCMFUT,09/11/2025 12:01:00,79.04,79.04,79.04,79.04,391223.82,11.0
CCMFUT,09/11/2025 11:58:00,78.99,79.02,78.99,79.02,426679.6,12.0
CCMFUT,09/11/2025 11:54:00,78.99,79.02,78.99,79.02,248876.79,7.0
CCMFUT,09/11/2025 11:53:00,78.99,78.99,78.94,78.99,1172843.73,33.0
CCMFUT,09/11/2025 11:52:00,79.04,79.04,78.99,79.01,7359894.43,207.0
CCMFUT,09/11/2025 11:51:00,79.0,79.05,79.0,79.05,177792.34,5.0
CCMFUT,09/11/2025 11:49:00,78.99,78.99,78.99,78.99,106634.54,3.0
CCMFUT,09/11/2025 11:48:00,78.97,78.97,78.97,78.97,35534.37,1.0
CCMFUT,09/11/2025 11:47:00,78.98,78.98,78.98,78.98,35539.61,1.0
CCMFUT,09/11/2025 11:46:00,78.97,78.97,78.97,78.97,142137.48,4.0
CCMFUT,09/11/2025 11:45:00,78.95,78.95,78.94,78.94,177635.17,5.0
CCMFUT,09/11/2025 11:43:00,78.97,78.97,78.97,78.97,71068.74,2.0
CCMFUT,09/11/2025 11:39:00,78.95,78.95,78.95,78.95,177645.65,5.0
CCMFUT,09/11/2025 11:37:00,78.97,78.97,78.97,78.97,106603.11,3.0
CCMFUT,09/11/2025 11:36:00,78.99,78.99,78.98,78.98,71084.45,2.0
CCMFUT,09/11/2025 11:35:00,78.99,78.99,78.99,78.99,71089.69,2.0
CCMFUT,09/11/2025 11:33:00,78.97,79.02,78.97,79.0,497685.48,14.0
CCMFUT,09/11/2025 11:32:00,79.01,79.01,78.95,78.95,462098.72,13.0
CCMFUT,09/11/2025 11:31:00,79.01,79.01,79.01,79.01,71110.65,2.0
CCMFUT,09/11/2025 11:30:00,79.02,79.02,79.01,79.02,782238.08,22.0
CCMFUT,09/11/2025 11:29:00,79.02,79.02,79.01,79.02,1280012.62,36.0
CCMFUT,09/11/2025 11:28:00,79.05,79.05,79.04,79.04,71136.84,2.0
CCMFUT,09/11/2025 11:27:00,79.07,79.07,79.05,79.05,213457.67,6.0
CCMFUT,09/11/2025 11:26:00,79.01,79.06,79.01,79.05,3094009.94,87.0
CCMFUT,09/11/2025 11:21:00,78.98,78.98,78.98,78.98,71079.22,2.0
CCMFUT,09/11/2025 11:19:00,78.99,79.01,78.99,79.01,177739.95,5.0
CCMFUT,09/11/2025 11:15:00,79.01,79.01,79.0,79.0,71105.41,2.0
CCMFUT,09/11/2025 11:14:00,79.0,79.01,79.0,79.01,71105.41,2.0
CCMFUT,09/11/2025 11:13:00,78.98,78.99,78.98,78.99,639796.76,18.0
CCMFUT,09/11/2025 11:10:00,78.97,78.97,78.97,78.97,35534.37,1.0
CCMFUT,09/11/2025 11:08:00,78.93,78.93,78.93,78.93,35518.65,1.0
CCMFUT,09/11/2025 11:07:00,78.92,78.92,78.92,78.92,142053.66,4.0
CCMFUT,09/11/2025 11:06:00,78.91,78.91,78.91,78.91,71016.35,2.0
CCMFUT,09/11/2025 11:03:00,78.97,78.97,78.93,78.93,248682.96,7.0
CCMFUT,09/11/2025 10:58:00,78.97,78.97,78.97,78.97,106603.11,3.0
CCMFUT,09/11/2025 10:56:00,78.95,78.99,78.95,78.99,604152.38,17.0
CCMFUT,09/11/2025 10:55:00,78.93,78.93,78.93,78.93,248630.57,7.0
CCMFUT,09/11/2025 10:53:00,78.9,78.91,78.9,78.91,106519.29,3.0
CCMFUT,09/11/2025 10:52:00,78.92,78.92,78.92,78.92,35513.41,1.0
CCMFUT,09/11/2025 10:50:00,78.92,78.92,78.92,78.92,35513.41,1.0
CCMFUT,09/11/2025 10:49:00,78.9,78.91,78.9,78.91,177519.92,5.0
CCMFUT,09/11/2025 10:48:00,78.88,78.88,78.87,78.87,141985.55,4.0
CCMFUT,09/11/2025 10:45:00,78.9,78.9,78.9,78.9,35502.94,1.0
CCMFUT,09/11/2025 10:43:00,78.87,78.9,78.87,78.9,319442.61,9.0
CCMFUT,09/11/2025 10:42:00,78.87,78.88,78.87,78.88,212980.95,6.0
CCMFUT,09/11/2025 10:41:00,78.87,78.87,78.87,78.87,141969.84,4.0
CCMFUT,09/11/2025 10:39:00,78.88,78.88,78.88,78.88,141990.79,4.0
CCMFUT,09/11/2025 10:38:00,78.88,78.88,78.88,78.88,106493.09,3.0
CCMFUT,09/11/2025 10:32:00,78.91,78.91,78.91,78.91,106524.53,3.0
CCMFUT,09/11/2025 10:31:00,78.88,78.88,78.88,78.88,141990.79,4.0
CCMFUT,09/11/2025 10:30:00,78.87,78.87,78.83,78.87,887096.69,25.0
CCMFUT,09/11/2025 10:28:00,78.87,78.87,78.87,78.87,141969.84,4.0
CCMFUT,09/11/2025 10:26:00,78.88,78.9,78.88,78.88,141996.03,4.0
CCMFUT,09/11/2025 10:25:00,78.87,78.87,78.86,78.87,283934.43,8.0
CCMFUT,09/11/2025 10:24:00,78.88,78.88,78.88,78.88,35497.7,1.0
CCMFUT,09/11/2025 10:23:00,78.88,78.9,78.88,78.9,71000.63,2.0
CCMFUT,09/11/2025 10:22:00,78.9,78.92,78.86,78.87,1703889.5,48.0
CCMFUT,09/11/2025 10:21:00,78.87,78.94,78.85,78.91,7384144.56,208.0
CCMFUT,09/11/2025 10:20:00,78.91,78.92,78.87,78.9,3514638.8,99.0
CCMFUT,09/11/2025 10:19:00,78.9,78.92,78.88,78.92,1881969.96,53.0
CCMFUT,09/11/2025 10:18:00,78.88,78.9,78.88,78.9,994008.88,28.0
CCMFUT,09/11/2025 10:17:00,78.88,78.91,78.87,78.88,2484896.47,70.0
CCMFUT,09/11/2025 10:15:00,78.86,78.88,78.84,78.88,2306700.76,65.0
CCMFUT,09/11/2025 10:14:00,78.87,78.88,78.84,78.84,2839113.84,80.0
CCMFUT,09/11/2025 10:13:00,78.87,78.9,78.85,78.87,3229871.4,91.0
CCMFUT,09/11/2025 10:12:00,78.83,78.9,78.83,78.9,816174.64,23.0
CCMFUT,09/11/2025 10:11:00,78.88,78.88,78.83,78.83,248368.63,7.0
CCMFUT,09/11/2025 10:10:00,78.83,78.88,78.83,78.88,1170910.63,33.0
CCMFUT,09/11/2025 10:09:00,78.84,78.84,78.84,78.84,35476.74,1.0
CCMFUT,09/11/2025 10:08:00,78.85,78.85,78.85,78.85,70963.96,2.0
CCMFUT,09/11/2025 10:07:00,78.84,78.85,78.84,78.85,319311.64,9.0
CCMFUT,09/11/2025 10:05:00,78.83,78.83,78.83,78.83,248300.53,7.0
CCMFUT,09/11/2025 10:03:00,78.84,78.84,78.83,78.83,177362.76,5.0
CCMFUT,09/11/2025 10:01:00,78.83,78.83,78.83,78.83,212829.02,6.0
CCMFUT,09/11/2025 10:00:00,78.83,78.83,78.81,78.81,2163484.1,61.0
CCMFUT,09/11/2025 09:59:00,78.81,78.81,78.81,78.81,70932.53,2.0
CCMFUT,09/11/2025 09:58:00,78.81,78.81,78.81,78.81,35466.27,1.0
CCMFUT,09/11/2025 09:57:00,78.81,78.81,78.81,78.81,1773313.27,50.0
CCMFUT,09/11/2025 09:56:00,78.81,78.81,78.81,78.81,35466.27,1.0
CCMFUT,09/11/2025 09:55:00,78.83,78.83,78.81,78.81,248290.05,7.0
CCMFUT,09/11/2025 09:54:00,78.81,78.83,78.81,78.83,673880.0,19.0
CCMFUT,09/11/2025 09:53:00,78.81,78.81,78.81,78.81,319196.39,9.0
CCMFUT,09/11/2025 09:52:00,78.81,78.83,78.81,78.83,141880.78,4.0
CCMFUT,09/11/2025 09:51:00,78.83,78.83,78.81,78.81,177352.28,5.0
CCMFUT,09/11/2025 09:50:00,78.86,78.86,78.81,78.81,1737930.82,49.0
CCMFUT,09/11/2025 09:49:00,78.88,78.91,78.86,78.87,3656341.46,103.0
CCMFUT,09/11/2025 09:48:00,78.9,78.92,78.88,78.88,4544758.31,128.0
CCMFUT,09/11/2025 09:47:00,78.92,78.93,78.88,78.9,994202.71,28.0
CCMFUT,09/11/2025 09:46:00,78.88,78.91,78.88,78.91,284018.25,8.0
CCMFUT,09/11/2025 09:45:00,78.88,78.88,78.88,78.88,70995.4,2.0
CCMFUT,09/11/2025 09:44:00,78.88,78.88,78.87,78.88,425935.7,12.0
CCMFUT,09/11/2025 09:43:00,78.88,78.9,78.88,78.88,248504.84,7.0
CCMFUT,09/11/2025 09:42:00,78.87,78.88,78.87,78.88,532428.8,15.0
CCMFUT,09/11/2025 09:41:00,78.9,78.9,78.87,78.87,248457.69,7.0
CCMFUT,09/11/2025 09:40:00,78.9,78.9,78.9,78.9,35502.94,1.0
CCMFUT,09/11/2025 09:39:00,78.9,78.9,78.87,78.88,425961.9,12.0
CCMFUT,09/11/2025 09:38:00,78.87,78.9,78.87,78.9,248478.65,7.0
CCMFUT,09/11/2025 09:37:00,78.9,78.94,78.9,78.91,426166.21,12.0
CCMFUT,09/11/2025 09:36:00,78.87,78.91,78.87,78.91,283992.06,8.0
CCMFUT,09/11/2025 09:34:00,78.86,78.88,78.83,78.88,496805.37,14.0
CCMFUT,09/11/2025 09:33:00,78.88,78.88,78.86,78.86,3052361.96,86.0
CCMFUT,09/11/2025 09:32:00,78.93,78.93,78.9,78.9,248567.7,7.0
CCMFUT,09/11/2025 09:31:00,78.94,78.94,78.92,78.92,177598.5,5.0
CCMFUT,09/11/2025 09:30:00,78.97,79.0,78.97,79.0,284311.62,8.0
CCMFUT,09/11/2025 09:29:00,78.93,78.95,78.93,78.93,142085.09,4.0
CCMFUT,09/11/2025 09:27:00,78.94,78.94,78.94,78.94,35523.89,1.0
CCMFUT,09/11/2025 09:26:00,78.93,78.93,78.92,78.92,248625.33,7.0
CCMFUT,09/11/2025 09:25:00,78.92,78.93,78.92,78.93,213085.72,6.0
CCMFUT,09/11/2025 09:24:00,78.9,78.9,78.9,78.9,71005.87,2.0
CCMFUT,09/11/2025 09:23:00,78.92,78.92,78.9,78.9,177525.16,5.0
CCMFUT,09/11/2025 09:22:00,78.94,78.94,78.85,78.88,851970.94,24.0
CCMFUT,09/11/2025 09:21:00,78.95,78.97,78.92,78.94,923553.08,26.0
CCMFUT,09/11/2025 09:19:00,78.99,78.99,78.93,78.93,2166936.43,61.0
CCMFUT,09/11/2025 09:18:00,78.92,79.0,78.92,79.0,532863.61,15.0
CCMFUT,09/11/2025 09:17:00,79.01,79.01,78.97,78.97,248803.45,7.0
CCMFUT,09/11/2025 09:16:00,78.93,79.08,78.93,79.0,4800356.4,135.0
CCMFUT,09/11/2025 09:15:00,78.92,78.92,78.92,78.92,35513.41,1.0
CCMFUT,09/11/2025 09:14:00,78.85,78.92,78.85,78.92,248478.65,7.0
CCMFUT,09/11/2025 09:13:00,78.79,78.83,78.79,78.83,354573.6,10.0
CCMFUT,09/11/2025 09:12:00,78.88,78.88,78.81,78.81,496648.21,14.0
CCMFUT,09/11/2025 09:11:00,78.92,78.93,78.92,78.93,355165.57,10.0
CCMFUT,09/11/2025 09:10:00,78.78,78.91,78.78,78.88,745289.25,21.0
CCMFUT,09/11/2025 09:09:00,78.83,78.88,78.79,78.8,993076.39,28.0
CCMFUT,09/11/2025 09:08:00,78.83,78.85,78.73,78.8,1701631.6,48.0
CCMFUT,09/11/2025 09:07:00,79.06,79.06,78.85,78.87,10839695.61,305.0
CCMFUT,09/11/2025 09:06:00,79.06,79.06,79.06,79.06,177881.39,5.0
CCMFUT,09/11/2025 09:05:00,79.0,79.01,78.99,78.99,1030831.98,29.0
CCMFUT,09/11/2025 09:04:00,79.06,79.06,78.97,78.97,782400.48,22.0
CCMFUT,09/11/2025 09:03:00,78.98,79.04,78.98,79.04,426726.75,12.0
CCMFUT,09/11/2025 09:02:00,78.99,79.01,78.99,78.99,710907.41,20.0
CCMFUT,09/11/2025 09:01:00,78.93,79.02,78.88,79.01,1918316.34,54.0
CCMFUT,09/11/2025 09:00:00,78.93,79.01,78.83,78.93,6606176.05,186.0
CCMFUT,09/09/2025 17:07:00,79.35,79.5,79.34,79.49,2037927.23,57.0
CCMFUT,09/09/2025 16:19:00,79.4,79.43,79.37,79.43,1036222.64,29.0
CCMFUT,09/09/2025 16:18:00,79.4,79.43,79.37,79.4,4287415.72,120.0
CCMFUT,09/09/2025 16:17:00,79.4,79.4,79.37,79.37,678825.37,19.0
CCMFUT,09/09/2025 16:16:00,79.4,79.45,79.37,79.4,2143875.5,60.0
CCMFUT,09/09/2025 16:15:00,79.37,79.38,79.37,79.38,214316.83,6.0
CCMFUT,09/09/2025 16:14:00,79.35,79.36,79.35,79.36,499959.09,14.0
CCMFUT,09/09/2025 16:13:00,79.31,79.38,79.31,79.36,892817.39,25.0
CCMFUT,09/09/2025 16:12:00,79.31,79.33,79.29,79.31,749427.86,21.0
CCMFUT,09/09/2025 16:11:00,79.28,79.31,79.28,79.31,535247.24,15.0
CCMFUT,09/09/2025 16:10:00,79.24,79.3,79.24,79.28,1034577.68,29.0
CCMFUT,09/09/2025 16:09:00,79.24,79.29,79.24,79.29,463748.92,13.0
CCMFUT,09/09/2025 16:08:00,79.23,79.23,79.23,79.23,71309.72,2.0
CCMFUT,09/09/2025 16:06:00,79.23,79.23,79.23,79.23,35654.86,1.0
CCMFUT,09/09/2025 16:05:00,79.22,79.26,79.22,79.22,499131.37,14.0
CCMFUT,09/09/2025 16:04:00,79.21,79.22,79.21,79.22,106943.63,3.0
CCMFUT,09/09/2025 16:03:00,79.21,79.21,79.21,79.21,35644.38,1.0
CCMFUT,09/09/2025 16:02:00,79.16,79.21,79.16,79.21,1923916.55,54.0
CCMFUT,09/09/2025 16:01:00,79.16,79.19,79.16,79.16,3918760.39,110.0
CCMFUT,09/09/2025 16:00:00,79.16,79.17,79.16,79.16,1211254.16,34.0
CCMFUT,09/09/2025 15:59:00,79.17,79.19,79.16,79.17,11470869.41,322.0
CCMFUT,09/09/2025 15:58:00,79.17,79.17,79.17,79.17,997602.66,28.0
CCMFUT,09/09/2025 15:57:00,79.2,79.2,79.17,79.17,3420493.41,96.0
CCMFUT,09/09/2025 15:56:00,79.2,79.2,79.17,79.19,463230.29,13.0
CCMFUT,09/09/2025 15:55:00,79.19,79.21,79.19,79.21,71278.29,2.0
CCMFUT,09/09/2025 15:53:00,79.19,79.19,79.17,79.17,178159.05,5.0
CCMFUT,09/09/2025 15:52:00,79.19,79.19,79.19,79.19,213803.43,6.0
CCMFUT,09/09/2025 15:51:00,79.21,79.22,79.2,79.2,784213.09,22.0
CCMFUT,09/09/2025 15:50:00,79.21,79.21,79.21,79.21,249510.68,7.0
CCMFUT,09/09/2025 15:48:00,79.22,79.23,79.22,79.23,641698.42,18.0
CCMFUT,09/09/2025 15:46:00,79.22,79.22,79.22,79.22,35649.62,1.0
CCMFUT,09/09/2025 15:45:00,79.22,79.22,79.21,79.21,178242.87,5.0
CCMFUT,09/09/2025 15:44:00,79.22,79.22,79.22,79.22,71299.24,2.0
CCMFUT,09/09/2025 15:41:00,79.22,79.22,79.21,79.21,106943.63,3.0
CCMFUT,09/09/2025 15:40:00,79.21,79.21,79.2,79.2,534597.63,15.0
CCMFUT,09/09/2025 15:39:00,79.23,79.23,79.2,79.2,392098.69,11.0
CCMFUT,09/09/2025 15:38:00,79.23,79.23,79.23,79.23,35654.86,1.0
CCMFUT,09/09/2025 15:37:00,79.23,79.23,79.23,79.23,35654.86,1.0
CCMFUT,09/09/2025 15:35:00,79.27,79.27,79.26,79.26,142677.07,4.0
CCMFUT,09/09/2025 15:34:00,79.29,79.29,79.29,79.29,107043.16,3.0
CCMFUT,09/09/2025 15:33:00,79.27,79.27,79.24,79.27,820402.3,23.0
CCMFUT,09/09/2025 15:29:00,79.29,79.3,79.29,79.3,71367.35,2.0
CCMFUT,09/09/2025 15:28:00,79.28,79.28,79.27,79.28,820528.03,23.0
CCMFUT,09/09/2025 15:27:00,79.28,79.28,79.28,79.28,249730.7,7.0
CCMFUT,09/09/2025 15:25:00,79.28,79.28,79.28,79.28,35675.81,1.0
CCMFUT,09/09/2025 15:22:00,79.28,79.28,79.26,79.26,392381.58,11.0
CCMFUT,09/09/2025 15:19:00,79.29,79.29,79.28,79.28,285411.76,8.0
CCMFUT,09/09/2025 15:18:00,79.3,79.3,79.27,79.29,249756.9,7.0
CCMFUT,09/09/2025 15:17:00,79.28,79.28,79.27,79.27,142698.02,4.0
CCMFUT,09/09/2025 15:16:00,79.29,79.29,79.29,79.29,71362.11,2.0
CCMFUT,09/09/2025 15:15:00,79.31,79.31,79.31,79.31,249840.72,7.0
CCMFUT,09/09/2025 15:14:00,79.31,79.35,79.29,79.31,1106683.69,31.0
CCMFUT,09/09/2025 15:13:00,79.3,79.33,79.3,79.33,178452.42,5.0
CCMFUT,09/09/2025 15:12:00,79.27,79.34,79.22,79.31,2319111.33,65.0
CCMFUT,09/09/2025 15:11:00,79.29,79.34,79.27,79.28,3176169.09,89.0
CCMFUT,09/09/2025 15:08:00,79.3,79.3,79.3,79.3,35686.29,1.0
CCMFUT,09/09/2025 15:07:00,79.3,79.3,79.3,79.3,107058.88,3.0
CCMFUT,09/09/2025 15:06:00,79.24,79.27,79.23,79.27,1533352.81,43.0
CCMFUT,09/09/2025 15:05:00,79.4,79.41,79.21,79.23,10314286.73,289.0
CCMFUT,09/09/2025 15:04:00,79.4,79.41,79.4,79.4,678856.8,19.0
CCMFUT,09/09/2025 15:03:00,79.4,79.42,79.38,79.41,500236.74,14.0
CCMFUT,09/09/2025 15:01:00,79.41,79.41,79.37,79.41,464471.87,13.0
CCMFUT,09/09/2025 14:53:00,79.4,79.4,79.38,79.4,142907.57,4.0
CCMFUT,09/09/2025 14:50:00,79.4,79.4,79.4,79.4,71456.4,2.0
CCMFUT,09/09/2025 14:49:00,79.38,79.38,79.38,79.38,107168.89,3.0
CCMFUT,09/09/2025 14:48:00,79.38,79.38,79.38,79.38,178614.82,5.0
CCMFUT,09/09/2025 14:46:00,79.4,79.4,79.37,79.37,500179.12,14.0
CCMFUT,09/09/2025 14:45:00,79.4,79.41,79.4,79.41,142918.05,4.0
CCMFUT,09/09/2025 14:44:00,79.42,79.42,79.4,79.4,178661.97,5.0
CCMFUT,09/09/2025 14:43:00,79.4,79.4,79.4,79.4,142912.81,4.0
CCMFUT,09/09/2025 14:42:00,79.4,79.4,79.4,79.4,107184.61,3.0
CCMFUT,09/09/2025 14:41:00,79.41,79.41,79.37,79.37,214379.69,6.0
CCMFUT,09/09/2025 14:40:00,79.41,79.42,79.41,79.41,107205.56,3.0
CCMFUT,09/09/2025 14:39:00,79.41,79.41,79.41,79.41,142933.76,4.0
CCMFUT,09/09/2025 14:38:00,79.4,79.41,79.4,79.41,142923.29,4.0
CCMFUT,09/09/2025 14:37:00,79.4,79.4,79.4,79.4,107184.61,3.0
CCMFUT,09/09/2025 14:33:00,79.4,79.4,79.4,79.4,71456.4,2.0
CCMFUT,09/09/2025 14:32:00,79.4,79.4,79.4,79.4,35728.2,1.0
CCMFUT,09/09/2025 14:31:00,79.38,79.41,79.38,79.4,214369.21,6.0
CCMFUT,09/09/2025 14:30:00,79.4,79.4,79.36,79.36,285783.71,8.0
CCMFUT,09/09/2025 14:29:00,79.4,79.4,79.37,79.37,107163.65,3.0
CCMFUT,09/09/2025 14:22:00,79.4,79.4,79.4,79.4,71456.4,2.0
CCMFUT,09/09/2025 14:21:00,79.4,79.42,79.4,79.42,142923.29,4.0
CCMFUT,09/09/2025 14:18:00,79.4,79.41,79.4,79.41,71461.64,2.0
CCMFUT,09/09/2025 14:16:00,79.36,79.36,79.35,79.35,178557.19,5.0
CCMFUT,09/09/2025 14:15:00,79.35,79.36,79.35,79.35,3642191.62,102.0
CCMFUT,09/09/2025 14:14:00,79.35,79.35,79.35,79.35,35707.25,1.0
CCMFUT,09/09/2025 14:13:00,79.4,79.4,79.35,79.35,1321786.33,37.0
CCMFUT,09/09/2025 14:12:00,79.4,79.41,79.4,79.4,393020.7,11.0
CCMFUT,09/09/2025 14:11:00,79.41,79.41,79.4,79.4,142918.05,4.0
CCMFUT,09/09/2025 14:10:00,79.4,79.4,79.4,79.4,142912.81,4.0
CCMFUT,09/09/2025 14:09:00,79.41,79.41,79.41,79.41,107200.32,3.0
CCMFUT,09/09/2025 14:08:00,79.4,79.41,79.4,79.4,142918.05,4.0
CCMFUT,09/09/2025 14:07:00,79.41,79.41,79.4,79.4,142923.29,4.0
CCMFUT,09/09/2025 14:06:00,79.41,79.43,79.41,79.41,285919.92,8.0
CCMFUT,09/09/2025 14:05:00,79.42,79.42,79.41,79.41,107210.8,3.0
CCMFUT,09/09/2025 14:04:00,79.43,79.43,79.4,79.42,1572460.0,44.0
CCMFUT,09/09/2025 14:01:00,79.44,79.44,79.44,79.44,71498.31,2.0
CCMFUT,09/09/2025 14:00:00,79.45,79.47,79.44,79.44,536305.46,15.0
CCMFUT,09/09/2025 13:59:00,79.47,79.5,79.47,79.47,500729.18,14.0
CCMFUT,09/09/2025 13:57:00,79.44,79.45,79.44,79.45,71503.55,2.0
CCMFUT,09/09/2025 13:56:00,79.47,79.47,79.44,79.44,607782.82,17.0
CCMFUT,09/09/2025 13:51:00,79.48,79.49,79.47,79.47,286124.23,8.0
CCMFUT,09/09/2025 13:50:00,79.47,79.48,79.47,79.48,107284.14,3.0
CCMFUT,09/09/2025 13:49:00,79.47,79.47,79.47,79.47,35759.63,1.0
CCMFUT,09/09/2025 13:47:00,79.45,79.45,79.45,79.45,35754.4,1.0
CCMFUT,09/09/2025 13:46:00,79.48,79.48,79.45,79.45,286071.84,8.0
CCMFUT,09/09/2025 13:45:00,79.48,79.48,79.48,79.48,71529.75,2.0
CCMFUT,09/09/2025 13:43:00,79.48,79.48,79.48,79.48,393413.61,11.0
CCMFUT,09/09/2025 13:42:00,79.43,79.49,79.43,79.48,751030.91,21.0
CCMFUT,09/09/2025 13:41:00,79.42,79.42,79.42,79.42,71477.36,2.0
CCMFUT,09/09/2025 13:38:00,79.38,79.38,79.38,79.38,35722.96,1.0
CCMFUT,09/09/2025 13:35:00,79.4,79.4,79.4,79.4,35728.2,1.0
CCMFUT,09/09/2025 13:33:00,79.42,79.42,79.42,79.42,35738.68,1.0
CCMFUT,09/09/2025 13:23:00,79.4,79.4,79.4,79.4,71456.4,2.0
CCMFUT,09/09/2025 13:22:00,79.4,79.4,79.37,79.37,321501.43,9.0
CCMFUT,09/09/2025 13:18:00,79.4,79.4,79.4,79.4,107184.61,3.0
CCMFUT,09/09/2025 13:17:00,79.38,79.4,79.38,79.4,178630.53,5.0
CCMFUT,09/09/2025 13:11:00,79.36,79.38,79.36,79.38,107147.94,3.0
CCMFUT,09/09/2025 13:10:00,79.4,79.4,79.4,79.4,357282.02,10.0
CCMFUT,09/09/2025 13:06:00,79.37,79.4,79.37,79.4,750171.76,21.0
CCMFUT,09/09/2025 13:05:00,79.37,79.37,79.36,79.36,250018.84,7.0
CCMFUT,09/09/2025 13:04:00,79.37,79.37,79.37,79.37,35717.72,1.0
CCMFUT,09/09/2025 13:03:00,79.4,79.41,79.35,79.35,892927.41,25.0
CCMFUT,09/09/2025 13:01:00,79.37,79.37,79.36,79.36,285731.32,8.0
CCMFUT,09/09/2025 13:00:00,79.41,79.41,79.35,79.35,1035777.35,29.0
CCMFUT,09/09/2025 12:59:00,79.42,79.42,79.42,79.42,35738.68,1.0
CCMFUT,09/09/2025 12:56:00,79.45,79.45,79.41,79.45,1251199.55,35.0
CCMFUT,09/09/2025 12:55:00,79.47,79.47,79.45,79.45,1322944.09,37.0
CCMFUT,09/09/2025 12:54:00,79.48,79.48,79.48,79.48,250354.11,7.0
CCMFUT,09/09/2025 12:51:00,79.49,79.49,79.49,79.49,71540.22,2.0
CCMFUT,09/09/2025 12:50:00,79.49,79.5,79.48,79.48,321951.97,9.0
CCMFUT,09/09/2025 12:43:00,79.47,79.47,79.47,79.47,35759.63,1.0
CCMFUT,09/09/2025 12:40:00,79.49,79.49,79.49,79.49,35770.11,1.0
CCMFUT,09/09/2025 12:38:00,79.51,79.51,79.51,79.51,393586.49,11.0
CCMFUT,09/09/2025 12:37:00,79.51,79.51,79.51,79.51,71561.18,2.0
CCMFUT,09/09/2025 12:35:00,79.51,79.51,79.51,79.51,35780.59,1.0
CCMFUT,09/09/2025 12:33:00,79.51,79.51,79.51,79.51,35780.59,1.0
CCMFUT,09/09/2025 12:32:00,79.51,79.51,79.51,79.51,71561.18,2.0
CCMFUT,09/09/2025 12:30:00,79.5,79.5,79.48,79.48,250406.5,7.0
CCMFUT,09/09/2025 12:20:00,79.48,79.48,79.48,79.48,71529.75,2.0
CCMFUT,09/09/2025 12:14:00,79.5,79.5,79.5,79.5,35775.35,1.0
CCMFUT,09/09/2025 12:13:00,79.48,79.48,79.48,79.48,35764.87,1.0
CCMFUT,09/09/2025 12:02:00,79.48,79.5,79.48,79.48,143075.21,4.0
CCMFUT,09/09/2025 12:01:00,79.5,79.5,79.48,79.48,143090.93,4.0
CCMFUT,09/09/2025 12:00:00,79.49,79.5,79.49,79.5,107320.81,3.0
CCMFUT,09/09/2025 11:59:00,79.5,79.5,79.47,79.47,429278.02,12.0
CCMFUT,09/09/2025 11:58:00,79.49,79.49,79.49,79.49,35770.11,1.0
CCMFUT,09/09/2025 11:57:00,79.47,79.49,79.47,79.49,143059.49,4.0
CCMFUT,09/09/2025 11:56:00,79.45,79.45,79.45,79.45,178771.98,5.0
CCMFUT,09/09/2025 11:54:00,79.45,79.47,79.45,79.47,321805.28,9.0
CCMFUT,09/09/2025 11:53:00,79.47,79.47,79.45,79.45,2145279.48,60.0
CCMFUT,09/09/2025 11:52:00,79.45,79.47,79.45,79.47,107273.67,3.0
CCMFUT,09/09/2025 11:51:00,79.44,79.44,79.44,79.44,142996.63,4.0
CCMFUT,09/09/2025 11:47:00,79.47,79.47,79.45,79.45,143028.06,4.0
CCMFUT,09/09/2025 11:46:00,79.45,79.45,79.44,79.44,71503.55,2.0
CCMFUT,09/09/2025 11:42:00,79.44,79.44,79.44,79.44,35749.16,1.0
CCMFUT,09/09/2025 11:37:00,79.43,79.43,79.43,79.43,35743.92,1.0
CCMFUT,09/09/2025 11:35:00,79.44,79.44,79.44,79.44,35749.16,1.0
CCMFUT,09/09/2025 11:34:00,79.44,79.48,79.42,79.42,858011.21,24.0
CCMFUT,09/09/2025 11:33:00,79.44,79.44,79.44,79.44,35749.16,1.0
CCMFUT,09/09/2025 11:32:00,79.43,79.44,79.43,79.44,71493.08,2.0
CCMFUT,09/09/2025 11:31:00,79.44,79.44,79.42,79.42,536216.4,15.0
CCMFUT,09/09/2025 11:25:00,79.41,79.44,79.38,79.41,2180007.08,61.0
CCMFUT,09/09/2025 11:22:00,79.42,79.42,79.41,79.41,536074.96,15.0
CCMFUT,09/09/2025 11:21:00,79.42,79.42,79.42,79.42,107216.04,3.0
CCMFUT,09/09/2025 11:20:00,79.42,79.42,79.42,79.42,35738.68,1.0
CCMFUT,09/09/2025 11:19:00,79.41,79.41,79.4,79.41,357323.93,10.0
CCMFUT,09/09/2025 11:17:00,79.42,79.42,79.42,79.42,357386.8,10.0
CCMFUT,09/09/2025 11:16:00,79.42,79.42,79.4,79.41,250144.57,7.0
CCMFUT,09/09/2025 11:15:00,79.43,79.43,79.42,79.42,250202.19,7.0
CCMFUT,09/09/2025 11:13:00,79.4,79.41,79.4,79.41,178651.49,5.0
CCMFUT,09/09/2025 11:11:00,79.38,79.38,79.38,79.38,35722.96,1.0
CCMFUT,09/09/2025 11:10:00,79.38,79.38,79.37,79.37,71440.69,2.0
CCMFUT,09/09/2025 11:08:00,79.4,79.4,79.38,79.4,142907.57,4.0
CCMFUT,09/09/2025 11:07:00,79.37,79.4,79.37,79.4,357240.11,10.0
CCMFUT,09/09/2025 11:06:00,79.37,79.37,79.37,79.37,535765.87,15.0
CCMFUT,09/09/2025 11:05:00,79.37,79.37,79.37,79.37,107153.17,3.0
CCMFUT,09/09/2025 11:04:00,79.38,79.38,79.38,79.38,35722.96,1.0
CCMFUT,09/09/2025 11:03:00,79.38,79.38,79.35,79.35,821329.56,23.0
CCMFUT,09/09/2025 11:02:00,79.38,79.4,79.38,79.4,392999.75,11.0
CCMFUT,09/09/2025 11:00:00,79.4,79.4,79.36,79.37,464409.0,13.0
CCMFUT,09/09/2025 10:58:00,79.42,79.42,79.42,79.42,35738.68,1.0
CCMFUT,09/09/2025 10:57:00,79.38,79.42,79.38,79.42,643133.84,18.0
CCMFUT,09/09/2025 10:51:00,79.38,79.38,79.37,79.37,678652.49,19.0
CCMFUT,09/09/2025 10:50:00,79.38,79.38,79.37,79.38,357224.4,10.0
CCMFUT,09/09/2025 10:49:00,79.37,79.38,79.37,79.38,142881.38,4.0
CCMFUT,09/09/2025 10:47:00,79.35,79.35,79.35,79.35,35707.25,1.0
CCMFUT,09/09/2025 10:44:00,79.36,79.38,79.36,79.38,250029.31,7.0
CCMFUT,09/09/2025 10:41:00,79.37,79.4,79.37,79.37,928865.16,26.0
CCMFUT,09/09/2025 10:40:00,79.37,79.4,79.37,79.37,607306.1,17.0
CCMFUT,09/09/2025 10:39:00,79.37,79.38,79.37,79.38,357213.92,10.0
CCMFUT,09/09/2025 10:38:00,79.37,79.37,79.37,79.37,35717.72,1.0
CCMFUT,09/09/2025 10:32:00,79.4,79.4,79.4,79.4,71456.4,2.0
CCMFUT,09/09/2025 10:30:00,79.4,79.4,79.4,79.4,35728.2,1.0
CCMFUT,09/09/2025 10:29:00,79.38,79.38,79.38,79.38,35722.96,1.0
CCMFUT,09/09/2025 10:28:00,79.36,79.38,79.36,79.38,357161.53,10.0
CCMFUT,09/09/2025 10:27:00,79.38,79.38,79.35,79.35,142865.66,4.0
CCMFUT,09/09/2025 10:25:00,79.4,79.41,79.4,79.4,1000410.62,28.0
CCMFUT,09/09/2025 10:23:00,79.38,79.38,79.38,79.38,178614.82,5.0
CCMFUT,09/09/2025 10:21:00,79.35,79.38,79.35,79.38,214301.11,6.0
CCMFUT,09/09/2025 10:20:00,79.36,79.4,79.35,79.4,1107333.29,31.0
CCMFUT,09/09/2025 10:19:00,79.36,79.37,79.36,79.37,785690.41,22.0
CCMFUT,09/09/2025 10:18:00,79.35,79.35,79.35,79.35,35707.25,1.0
CCMFUT,09/09/2025 10:17:00,79.38,79.38,79.35,79.35,3999374.11,112.0
CCMFUT,09/09/2025 10:10:00,79.4,79.4,79.4,79.4,71456.4,2.0
CCMFUT,09/09/2025 10:07:00,79.4,79.4,79.38,79.4,178630.53,5.0
CCMFUT,09/09/2025 10:06:00,79.43,79.43,79.43,79.43,35743.92,1.0
CCMFUT,09/09/2025 10:04:00,79.42,79.44,79.42,79.44,393193.58,11.0
CCMFUT,09/09/2025 10:03:00,79.42,79.45,79.42,79.45,714972.67,20.0
CCMFUT,09/09/2025 10:02:00,79.41,79.45,79.41,79.44,464634.27,13.0
CCMFUT,09/09/2025 10:00:00,79.4,79.4,79.37,79.37,142897.09,4.0
CCMFUT,09/09/2025 09:59:00,79.4,79.4,79.38,79.38,178630.53,5.0
CCMFUT,09/09/2025 09:57:00,79.35,79.38,79.35,79.38,285726.08,8.0
CCMFUT,09/09/2025 09:55:00,79.35,79.35,79.35,79.35,1142631.92,32.0
CCMFUT,09/09/2025 09:53:00,79.36,79.36,79.36,79.36,107137.46,3.0
CCMFUT,09/09/2025 09:52:00,79.36,79.37,79.36,79.36,250003.12,7.0
CCMFUT,09/09/2025 09:50:00,79.36,79.36,79.36,79.36,35712.49,1.0
CCMFUT,09/09/2025 09:48:00,79.33,79.33,79.33,79.33,142787.08,4.0
CCMFUT,09/09/2025 09:47:00,79.3,79.35,79.3,79.34,1106678.45,31.0
CCMFUT,09/09/2025 09:46:00,79.29,79.29,79.28,79.28,713526.78,20.0
CCMFUT,09/09/2025 09:45:00,79.28,79.29,79.26,79.29,285401.28,8.0
CCMFUT,09/09/2025 09:44:00,79.3,79.3,79.24,79.27,2140512.23,60.0
CCMFUT,09/09/2025 09:43:00,79.3,79.3,79.3,79.3,178431.46,5.0
CCMFUT,09/09/2025 09:42:00,79.3,79.33,79.3,79.33,249830.24,7.0
CCMFUT,09/09/2025 09:41:00,79.33,79.33,79.33,79.33,71393.54,2.0
CCMFUT,09/09/2025 09:40:00,79.35,79.36,79.35,79.35,142839.47,4.0
CCMFUT,09/09/2025 09:39:00,79.31,79.34,79.31,79.34,499749.54,14.0
CCMFUT,09/09/2025 09:38:00,79.33,79.33,79.3,79.31,749459.29,21.0
CCMFUT,09/09/2025 09:37:00,79.31,79.33,79.3,79.3,820879.02,23.0
CCMFUT,09/09/2025 09:36:00,79.35,79.36,79.33,79.33,678359.12,19.0
CCMFUT,09/09/2025 09:35:00,79.43,79.43,79.34,79.34,643060.49,18.0
CCMFUT,09/09/2025 09:33:00,79.43,79.43,79.43,79.43,71487.84,2.0
CCMFUT,09/09/2025 09:32:00,79.4,79.42,79.4,79.42,607452.78,17.0
CCMFUT,09/09/2025 09:30:00,79.42,79.42,79.41,79.41,71472.12,2.0
CCMFUT,09/09/2025 09:29:00,79.42,79.42,79.4,79.41,571682.67,16.0
CCMFUT,09/09/2025 09:28:00,79.44,79.44,79.43,79.43,71493.08,2.0
CCMFUT,09/09/2025 09:27:00,79.49,79.49,79.49,79.49,35770.11,1.0
CCMFUT,09/09/2025 09:19:00,79.49,79.49,79.49,79.49,35770.11,1.0
CCMFUT,09/09/2025 09:18:00,79.45,79.47,79.45,79.47,178782.46,5.0
CCMFUT,09/09/2025 09:16:00,79.42,79.42,79.42,79.42,71477.36,2.0
CCMFUT,09/09/2025 09:12:00,79.37,79.4,79.37,79.4,250081.7,7.0
CCMFUT,09/09/2025 09:11:00,79.41,79.41,79.41,79.41,35733.44,1.0
CCMFUT,09/09/2025 09:10:00,79.47,79.47,79.44,79.44,107257.95,3.0
CCMFUT,09/09/2025 09:09:00,79.44,79.44,79.44,79.44,35749.16,1.0
CCMFUT,09/09/2025 09:08:00,79.42,79.42,79.41,79.41,107210.8,3.0
CCMFUT,09/09/2025 09:07:00,79.47,79.47,79.43,79.43,286008.97,8.0
CCMFUT,09/09/2025 09:06:00,79.48,79.49,79.43,79.49,357612.06,10.0
CCMFUT,09/09/2025 09:05:00,79.48,79.48,79.45,79.47,250322.68,7.0
CCMFUT,09/09/2025 09:03:00,79.5,79.5,79.5,79.5,35775.35,1.0
CCMFUT,09/09/2025 09:02:00,79.51,79.51,79.51,79.51,35780.59,1.0
CCMFUT,09/09/2025 09:01:00,79.55,79.61,79.5,79.5,179007.72,5.0
CCMFUT,09/09/2025 09:00:00,79.63,79.63,79.63,79.63,214997.86,6.0
