asset,date,open,max,min,close,volume_usd,quantity
SJCFUT,07/10/2024 09:12:00,26.63,26.63,26.63,26.63,11985.1,1
SJCFUT,07/10/2024 09:36:00,26.68,26.68,26.68,26.68,12005.21,1
SJCFUT,07/10/2024 10:27:00,26.72,26.92,26.72,26.92,24141.12,2
SJCFUT,07/10/2024 10:28:00,26.92,26.92,26.85,26.85,36312.23,3
SJCFUT,07/10/2024 10:36:00,26.61,26.61,26.61,26.61,11975.04,1
SJCFUT,07/10/2024 10:38:00,26.59,26.59,26.59,26.59,47859.95,4
SJCFUT,07/10/2024 10:57:00,26.57,26.57,26.57,26.57,11954.93,1
SJCFUT,07/10/2024 11:00:00,26.59,26.59,26.59,26.59,71789.92,6
SJCFUT,07/10/2024 11:21:00,26.53,26.53,26.53,26.53,47759.4,4
SJCFUT,07/10/2024 11:56:00,26.5,26.5,26.5,26.5,11924.77,1
SJCFUT,07/10/2024 12:19:00,26.45,26.45,26.45,26.45,23809.32,2
SJCFUT,07/10/2024 13:54:00,26.43,26.43,26.43,26.43,11894.6,1
SJCFUT,07/10/2024 14:24:00,26.38,26.38,26.38,26.38,11869.47,1
SJCFUT,07/10/2024 14:26:00,26.37,26.37,26.37,26.37,23728.88,2
SJCFUT,07/10/2024 14:58:00,26.38,26.38,26.38,26.38,11869.47,1
SJCFUT,07/11/2024 09:04:00,26.44,26.44,26.44,26.44,11899.63,1
SJCFUT,07/11/2024 09:05:00,26.47,26.47,26.47,26.47,71458.12,6
SJCFUT,07/11/2024 09:10:00,26.44,26.44,26.44,26.44,59498.16,5
SJCFUT,07/11/2024 09:22:00,26.45,26.45,26.45,26.45,23809.32,2
SJCFUT,07/11/2024 09:25:00,26.45,26.45,26.45,26.45,59523.3,5
SJCFUT,07/11/2024 09:26:00,26.45,26.45,26.45,26.45,238093.18,20
SJCFUT,07/11/2024 09:30:00,26.47,26.47,26.47,26.47,11909.69,1
SJCFUT,07/11/2024 09:34:00,26.48,26.48,26.48,26.48,262123.7,22
SJCFUT,07/11/2024 10:47:00,26.38,26.38,26.33,26.33,23718.83,2
SJCFUT,07/11/2024 10:49:00,26.39,26.39,26.39,26.39,11874.5,1
SJCFUT,07/12/2024 10:45:00,26.22,26.22,26.22,26.22,707945.14,60
SJCFUT,07/12/2024 10:47:00,26.19,26.19,26.19,26.19,11784.0,1
SJCFUT,07/12/2024 10:52:00,26.16,26.16,26.14,26.14,23537.84,2
SJCFUT,07/12/2024 10:57:00,26.2,26.2,26.2,26.2,11789.03,1
SJCFUT,07/12/2024 11:07:00,26.13,26.13,26.13,26.13,23517.73,2
SJCFUT,07/12/2024 11:20:00,26.15,26.15,26.15,26.15,117689.22,10
SJCFUT,07/12/2024 11:33:00,26.2,26.2,26.2,26.2,235780.62,20
SJCFUT,07/12/2024 12:48:00,26.13,26.13,26.13,26.13,58794.34,5
SJCFUT,07/12/2024 13:08:00,26.38,26.38,26.37,26.37,712147.97,60
SJCFUT,07/12/2024 13:13:00,26.41,26.41,26.41,26.41,11884.55,1
SJCFUT,07/12/2024 13:14:00,26.39,26.39,26.39,26.39,11874.5,1
SJCFUT,07/12/2024 13:41:00,26.32,26.33,26.32,26.33,23693.69,2
SJCFUT,07/12/2024 14:19:00,26.26,26.3,26.26,26.3,47291.86,4
SJCFUT,07/12/2024 14:31:00,26.3,26.3,26.3,26.3,11834.28,1
SJCFUT,07/15/2024 09:07:00,25.82,25.84,25.82,25.84,23246.26,2
SJCFUT,07/15/2024 09:10:00,25.81,25.81,25.81,25.81,11613.08,1
SJCFUT,07/15/2024 09:31:00,25.75,25.75,25.75,25.75,57939.69,5
SJCFUT,07/15/2024 09:32:00,25.74,25.74,25.72,25.72,57904.5,5
SJCFUT,07/15/2024 09:34:00,25.73,25.73,25.72,25.72,57869.31,5
SJCFUT,07/15/2024 09:50:00,25.72,25.72,25.72,25.72,11572.86,1
SJCFUT,07/15/2024 10:24:00,25.93,25.94,25.93,25.94,35010.15,3
SJCFUT,07/15/2024 10:30:00,25.81,25.81,25.8,25.8,23221.12,2
SJCFUT,07/15/2024 10:31:00,25.83,25.83,25.83,25.83,11623.13,1
SJCFUT,07/15/2024 10:34:00,25.72,25.72,25.72,25.72,34718.57,3
SJCFUT,07/15/2024 10:44:00,25.76,25.77,25.76,25.77,255105.58,22
SJCFUT,07/15/2024 10:48:00,25.74,25.74,25.74,25.74,11582.91,1
SJCFUT,07/15/2024 10:56:00,25.8,25.8,25.8,25.8,11608.05,1
SJCFUT,07/15/2024 11:11:00,25.72,25.72,25.72,25.72,23145.71,2
SJCFUT,07/15/2024 11:12:00,25.74,25.74,25.74,25.74,11582.91,1
SJCFUT,07/15/2024 11:21:00,25.75,25.75,25.75,25.75,11587.94,1
SJCFUT,07/15/2024 11:33:00,25.72,25.72,25.72,25.72,57864.28,5
SJCFUT,07/15/2024 11:41:00,25.67,25.71,25.67,25.71,115602.89,10
SJCFUT,07/15/2024 13:15:00,25.7,25.7,25.7,25.7,11562.8,1
SJCFUT,07/15/2024 13:57:00,25.68,25.68,25.68,25.68,115577.75,10
SJCFUT,07/15/2024 14:23:00,25.66,25.66,25.65,25.65,127019.9,11
SJCFUT,07/16/2024 09:03:00,25.66,25.67,25.66,25.67,254135.31,22
SJCFUT,07/16/2024 09:06:00,25.68,25.68,25.68,25.68,23115.55,2
SJCFUT,07/16/2024 09:07:00,25.68,25.68,25.68,25.68,11557.78,1
SJCFUT,07/16/2024 09:13:00,25.68,25.68,25.68,25.68,46231.1,4
SJCFUT,07/16/2024 09:15:00,25.68,25.68,25.68,25.68,11557.78,1
SJCFUT,07/16/2024 09:20:00,25.74,25.74,25.74,25.74,11582.91,1
SJCFUT,07/16/2024 10:34:00,25.57,25.63,25.57,25.63,23040.14,2
SJCFUT,07/16/2024 10:35:00,25.64,25.64,25.64,25.64,115376.66,10
SJCFUT,07/16/2024 10:39:00,25.58,25.62,25.57,25.62,253572.25,22
SJCFUT,07/16/2024 10:40:00,25.63,25.65,25.63,25.65,69246.1,6
SJCFUT,07/16/2024 10:45:00,25.63,25.63,25.63,25.63,11532.64,1
SJCFUT,07/16/2024 10:46:00,25.65,25.65,25.64,25.64,115401.79,10
SJCFUT,07/16/2024 10:48:00,25.62,25.62,25.62,25.62,23055.22,2
SJCFUT,07/16/2024 10:55:00,25.61,25.61,25.61,25.61,11522.58,1
SJCFUT,07/16/2024 10:57:00,25.62,25.62,25.62,25.62,23055.22,2
SJCFUT,07/16/2024 11:00:00,25.62,25.62,25.62,25.62,23055.22,2
SJCFUT,07/16/2024 11:06:00,25.63,25.63,25.63,25.63,23065.28,2
SJCFUT,07/16/2024 11:09:00,25.67,25.67,25.67,25.67,23105.5,2
SJCFUT,07/16/2024 11:14:00,25.66,25.66,25.66,25.66,11547.72,1
SJCFUT,07/16/2024 11:17:00,25.68,25.71,25.68,25.71,104030.03,9
SJCFUT,07/16/2024 11:21:00,25.7,25.72,25.7,25.71,555396.59,48
SJCFUT,07/16/2024 11:25:00,25.74,25.74,25.74,25.74,11582.91,1
SJCFUT,07/16/2024 11:30:00,25.72,25.72,25.72,25.72,23145.71,2
SJCFUT,07/16/2024 11:32:00,25.72,25.72,25.72,25.72,115728.57,10
SJCFUT,07/16/2024 11:41:00,25.8,25.8,25.8,25.8,185728.77,16
SJCFUT,07/16/2024 11:45:00,25.87,25.89,25.87,25.87,710363.27,61
SJCFUT,07/16/2024 11:48:00,25.84,25.84,25.84,25.84,23256.31,2
SJCFUT,07/16/2024 11:54:00,25.84,25.84,25.84,25.84,11628.16,1
SJCFUT,07/16/2024 11:59:00,25.81,25.81,25.81,25.81,11613.08,1
SJCFUT,07/16/2024 12:06:00,25.72,25.72,25.72,25.72,11572.86,1
SJCFUT,07/16/2024 12:18:00,25.76,25.76,25.76,25.76,23185.93,2
SJCFUT,07/16/2024 12:21:00,25.76,25.77,25.76,25.77,23190.96,2
SJCFUT,07/16/2024 12:24:00,25.78,25.78,25.78,25.78,11603.02,1
SJCFUT,07/16/2024 12:33:00,25.75,25.75,25.75,25.75,23175.88,2
SJCFUT,07/16/2024 12:39:00,25.77,25.77,25.77,25.77,23195.99,2
SJCFUT,07/16/2024 12:45:00,25.8,25.8,25.8,25.8,11608.05,1
SJCFUT,07/16/2024 13:06:00,25.76,25.76,25.76,25.76,11592.97,1
SJCFUT,07/16/2024 13:15:00,25.74,25.74,25.74,25.74,11582.91,1
SJCFUT,07/16/2024 13:18:00,25.75,25.75,25.75,25.75,23175.88,2
SJCFUT,07/16/2024 13:24:00,25.72,25.72,25.72,25.72,23145.71,2
SJCFUT,07/16/2024 14:12:00,25.7,25.7,25.7,25.7,23125.6,2
SJCFUT,07/17/2024 10:39:00,25.76,25.76,25.76,25.76,115929.66,10
SJCFUT,07/17/2024 10:41:00,25.81,25.81,25.81,25.81,11613.08,1
SJCFUT,07/17/2024 11:39:00,25.65,25.65,25.65,25.65,46170.77,4
SJCFUT,07/17/2024 11:41:00,25.67,25.67,25.67,25.67,11552.75,1
SJCFUT,07/17/2024 13:13:00,25.62,25.62,25.62,25.62,23055.22,2
SJCFUT,07/17/2024 13:16:00,25.58,25.58,25.56,25.56,80567.6,7
SJCFUT,07/17/2024 13:20:00,25.56,25.56,25.56,25.56,23004.95,2
SJCFUT,07/18/2024 09:07:00,25.54,25.54,25.54,25.54,137909.04,12
SJCFUT,07/18/2024 09:08:00,25.51,25.51,25.51,25.51,11477.34,1
SJCFUT,07/18/2024 10:55:00,25.55,25.55,25.55,25.55,11497.45,1
SJCFUT,07/18/2024 11:18:00,25.55,25.55,25.55,25.55,22994.89,2
SJCFUT,07/18/2024 11:30:00,25.56,25.56,25.56,25.56,69014.85,6
SJCFUT,07/18/2024 11:33:00,25.59,25.59,25.59,25.59,11517.56,1
SJCFUT,07/18/2024 12:43:00,25.72,25.72,25.72,25.72,115728.57,10
SJCFUT,07/18/2024 13:14:00,25.73,25.73,25.73,25.73,11577.88,1
SJCFUT,07/18/2024 13:16:00,25.75,25.75,25.75,25.75,11587.94,1
SJCFUT,07/18/2024 13:30:00,25.73,25.73,25.73,25.73,69467.31,6
SJCFUT,07/19/2024 09:05:00,25.81,25.81,25.81,25.81,348392.26,30
SJCFUT,07/19/2024 11:08:00,25.83,25.83,25.83,25.83,11623.13,1
SJCFUT,07/19/2024 12:40:00,25.7,25.7,25.7,25.7,57814.01,5
SJCFUT,07/19/2024 13:35:00,25.65,25.65,25.65,25.65,11542.69,1
SJCFUT,07/19/2024 13:40:00,25.63,25.63,25.63,25.63,23065.28,2
SJCFUT,07/19/2024 14:15:00,25.57,25.57,25.57,25.57,276180.05,24
SJCFUT,07/19/2024 14:17:00,25.58,25.58,25.58,25.58,34537.59,3
SJCFUT,07/19/2024 14:18:00,25.57,25.57,25.57,25.57,425777.57,37
SJCFUT,07/22/2024 09:09:00,25.95,25.95,25.95,25.95,11678.43,1
SJCFUT,07/22/2024 09:34:00,25.93,25.93,25.93,25.93,11668.38,1
SJCFUT,07/22/2024 09:38:00,25.94,25.94,25.94,25.94,58367.02,5
SJCFUT,07/22/2024 09:39:00,25.95,25.95,25.95,25.95,23356.86,2
SJCFUT,07/22/2024 09:48:00,25.93,25.93,25.93,25.93,23336.75,2
SJCFUT,07/22/2024 10:02:00,25.92,25.92,25.92,25.92,11663.35,1
SJCFUT,07/22/2024 10:30:00,25.92,25.92,25.92,25.92,559840.72,48
SJCFUT,07/22/2024 10:32:00,26.03,26.05,26.03,26.05,23437.3,2
SJCFUT,07/22/2024 10:46:00,26.12,26.12,26.12,26.12,23507.68,2
SJCFUT,07/22/2024 10:49:00,26.12,26.12,26.12,26.12,47015.36,4
SJCFUT,07/22/2024 10:53:00,26.12,26.12,26.12,26.12,47015.36,4
SJCFUT,07/22/2024 10:54:00,26.14,26.14,26.14,26.14,105875.05,9
SJCFUT,07/22/2024 11:00:00,26.18,26.19,26.16,26.19,141302.47,12
SJCFUT,07/22/2024 11:02:00,26.14,26.14,26.14,26.14,117638.95,10
SJCFUT,07/22/2024 11:08:00,26.12,26.14,26.12,26.14,23517.73,2
SJCFUT,07/22/2024 11:23:00,26.14,26.14,26.14,26.14,235277.89,20
SJCFUT,07/22/2024 12:03:00,26.23,26.23,26.23,26.23,11804.11,1
SJCFUT,07/22/2024 12:06:00,26.24,26.24,26.24,26.24,23618.28,2
SJCFUT,07/22/2024 12:09:00,26.2,26.2,26.2,26.2,23578.06,2
SJCFUT,07/22/2024 12:22:00,26.24,26.24,26.24,26.24,47236.56,4
SJCFUT,07/22/2024 12:31:00,26.24,26.25,26.24,26.25,153579.15,13
SJCFUT,07/22/2024 12:33:00,26.25,26.25,26.25,26.25,11814.17,1
SJCFUT,07/22/2024 12:34:00,26.25,26.25,26.25,26.25,11814.17,1
SJCFUT,07/22/2024 12:35:00,26.25,26.26,26.25,26.26,23633.36,2
SJCFUT,07/22/2024 13:22:00,26.25,26.25,26.25,26.25,118141.68,10
SJCFUT,07/22/2024 13:23:00,26.25,26.25,26.25,26.25,153584.18,13
SJCFUT,07/22/2024 14:44:00,26.25,26.25,26.25,26.25,47256.67,4
SJCFUT,07/22/2024 14:59:00,26.26,26.26,26.26,26.26,330937.46,28
SJCFUT,07/23/2024 09:02:00,26.34,26.34,26.34,26.34,35563.16,3
SJCFUT,07/23/2024 09:06:00,26.34,26.34,26.32,26.32,82920.37,7
SJCFUT,07/23/2024 09:09:00,26.32,26.32,26.32,26.32,11844.33,1
SJCFUT,07/23/2024 09:10:00,26.32,26.32,26.32,26.32,11844.33,1
SJCFUT,07/23/2024 09:15:00,26.33,26.33,26.33,26.33,308083.33,26
SJCFUT,07/23/2024 09:21:00,26.35,26.35,26.35,26.35,11859.41,1
SJCFUT,07/23/2024 09:32:00,26.37,26.37,26.37,26.37,11864.44,1
SJCFUT,07/23/2024 09:34:00,26.44,26.44,26.44,26.44,23799.26,2
SJCFUT,07/23/2024 09:35:00,26.42,26.42,26.42,26.42,23779.15,2
SJCFUT,07/23/2024 09:37:00,26.43,26.43,26.41,26.41,23779.15,2
SJCFUT,07/23/2024 09:43:00,26.52,26.57,26.52,26.57,35834.63,3
SJCFUT,07/23/2024 09:44:00,26.54,26.54,26.54,26.54,11944.88,1
SJCFUT,07/23/2024 09:54:00,26.58,26.59,26.58,26.59,35889.93,3
SJCFUT,07/23/2024 09:58:00,26.6,26.6,26.6,26.6,11970.01,1
SJCFUT,07/23/2024 10:43:00,26.54,26.54,26.53,26.53,310441.13,26
SJCFUT,07/23/2024 10:51:00,26.52,26.52,26.52,26.52,59674.11,5
SJCFUT,07/23/2024 11:00:00,26.44,26.44,26.44,26.44,35698.9,3
SJCFUT,07/23/2024 11:19:00,26.45,26.45,26.45,26.45,119046.59,10
SJCFUT,07/23/2024 11:39:00,26.59,26.59,26.59,26.59,11964.99,1
SJCFUT,07/23/2024 11:46:00,26.61,26.61,26.61,26.61,11975.04,1
SJCFUT,07/23/2024 11:49:00,26.63,26.63,26.63,26.63,11985.1,1
SJCFUT,07/23/2024 11:50:00,26.61,26.61,26.61,26.61,11975.04,1
SJCFUT,07/23/2024 11:54:00,26.64,26.64,26.64,26.64,11990.12,1
SJCFUT,07/23/2024 11:58:00,26.62,26.62,26.58,26.58,71840.19,6
SJCFUT,07/23/2024 13:50:00,26.53,26.53,26.53,26.53,35819.55,3
SJCFUT,07/23/2024 13:55:00,26.5,26.5,26.5,26.5,23849.54,2
SJCFUT,07/23/2024 14:21:00,26.52,26.52,26.52,26.52,59674.11,5
SJCFUT,07/24/2024 09:05:00,26.34,26.34,26.34,26.34,11854.39,1
SJCFUT,07/24/2024 09:15:00,26.32,26.32,26.32,26.32,47377.33,4
SJCFUT,07/24/2024 09:16:00,26.31,26.31,26.31,26.31,23678.61,2
SJCFUT,07/24/2024 09:19:00,26.3,26.3,26.29,26.29,236610.13,20
SJCFUT,07/24/2024 09:23:00,26.32,26.32,26.32,26.32,118443.31,10
SJCFUT,07/24/2024 09:30:00,26.32,26.32,26.32,26.32,23688.66,2
SJCFUT,07/24/2024 09:47:00,26.38,26.38,26.38,26.38,59347.34,5
SJCFUT,07/24/2024 10:13:00,26.47,26.47,26.47,26.47,11909.69,1
SJCFUT,07/24/2024 10:23:00,26.34,26.34,26.34,26.34,11854.39,1
SJCFUT,07/24/2024 10:32:00,26.43,26.43,26.43,26.43,237892.09,20
SJCFUT,07/24/2024 10:33:00,26.4,26.4,26.4,26.4,11879.52,1
SJCFUT,07/24/2024 10:34:00,26.48,26.48,26.48,26.48,11914.71,1
SJCFUT,07/24/2024 11:06:00,26.35,26.35,26.35,26.35,35578.24,3
SJCFUT,07/24/2024 11:24:00,26.47,26.47,26.47,26.47,11909.69,1
SJCFUT,07/24/2024 11:25:00,26.44,26.44,26.44,26.44,11899.63,1
SJCFUT,07/24/2024 11:54:00,26.51,26.51,26.51,26.51,23859.59,2
SJCFUT,07/24/2024 12:21:00,26.58,26.58,26.58,26.58,23919.92,2
SJCFUT,07/24/2024 12:34:00,26.44,26.44,26.44,26.44,23799.26,2
SJCFUT,07/24/2024 12:37:00,26.44,26.45,26.44,26.45,35708.95,3
SJCFUT,07/24/2024 13:40:00,26.48,26.48,26.48,26.48,11914.71,1
SJCFUT,07/24/2024 13:48:00,26.45,26.45,26.45,26.45,11904.66,1
SJCFUT,07/24/2024 14:03:00,26.39,26.4,26.35,26.35,724314.05,61
SJCFUT,07/24/2024 14:26:00,26.28,26.28,26.28,26.28,47296.89,4
SJCFUT,07/24/2024 14:38:00,26.28,26.29,26.28,26.29,591437.34,50
SJCFUT,07/24/2024 14:58:00,26.24,26.24,26.24,26.24,318846.79,27
SJCFUT,07/25/2024 09:10:00,26.1,26.1,26.1,26.1,11743.79,1
SJCFUT,07/25/2024 09:18:00,26.14,26.14,26.14,26.14,117638.95,10
SJCFUT,07/25/2024 09:32:00,26.22,26.22,26.21,26.21,23593.14,2
SJCFUT,07/25/2024 09:33:00,26.21,26.21,26.21,26.21,11794.06,1
SJCFUT,07/25/2024 09:34:00,26.24,26.24,26.24,26.24,118091.4,10
SJCFUT,07/25/2024 09:35:00,26.22,26.22,26.22,26.22,11799.09,1
SJCFUT,07/25/2024 09:39:00,26.25,26.25,26.25,26.25,11814.17,1
SJCFUT,07/25/2024 09:40:00,26.28,26.28,26.28,26.28,23648.44,2
SJCFUT,07/25/2024 09:42:00,26.29,26.31,26.29,26.31,47337.11,4
SJCFUT,07/25/2024 10:45:00,26.34,26.34,26.34,26.34,11854.39,1
SJCFUT,07/25/2024 10:48:00,26.38,26.39,26.38,26.39,94990.93,8
SJCFUT,07/25/2024 10:51:00,26.4,26.4,26.4,26.4,11879.52,1
SJCFUT,07/25/2024 10:53:00,26.38,26.38,26.38,26.38,261128.29,22
SJCFUT,07/25/2024 10:54:00,26.38,26.38,26.38,26.38,11869.47,1
SJCFUT,07/25/2024 10:59:00,26.38,26.38,26.38,26.38,83086.28,7
SJCFUT,07/25/2024 11:05:00,26.32,26.32,26.32,26.32,11844.33,1
SJCFUT,07/25/2024 11:18:00,26.43,26.45,26.43,26.45,35703.92,3
SJCFUT,07/25/2024 11:28:00,26.5,26.5,26.5,26.5,11924.77,1
SJCFUT,07/25/2024 11:32:00,26.52,26.52,26.52,26.52,71608.94,6
SJCFUT,07/25/2024 11:53:00,26.59,26.59,26.59,26.59,131614.85,11
SJCFUT,07/25/2024 12:18:00,26.57,26.57,26.57,26.57,11954.93,1
SJCFUT,07/25/2024 12:19:00,26.59,26.59,26.59,26.59,143579.84,12
SJCFUT,07/25/2024 12:36:00,26.6,26.62,26.6,26.62,59890.29,5
SJCFUT,07/25/2024 12:40:00,26.56,26.56,26.56,26.56,23899.81,2
SJCFUT,07/25/2024 13:01:00,26.53,26.53,26.53,26.53,11939.85,1
SJCFUT,07/25/2024 13:18:00,26.58,26.58,26.58,26.58,11959.96,1
SJCFUT,07/25/2024 13:38:00,26.62,26.62,26.62,26.62,59900.34,5
SJCFUT,07/25/2024 13:45:00,26.62,26.62,26.62,26.62,23960.14,2
SJCFUT,07/25/2024 13:47:00,26.62,26.62,26.62,26.62,11980.07,1
SJCFUT,07/26/2024 09:06:00,26.41,26.41,26.41,26.41,23769.1,2
SJCFUT,07/26/2024 09:21:00,26.39,26.39,26.39,26.39,11874.5,1
SJCFUT,07/26/2024 09:23:00,26.38,26.38,26.38,26.38,11869.47,1
SJCFUT,07/26/2024 09:24:00,26.37,26.37,26.37,26.37,177966.61,15
SJCFUT,07/26/2024 09:26:00,26.37,26.37,26.37,26.37,177966.61,15
SJCFUT,07/26/2024 09:30:00,26.37,26.37,26.37,26.37,11864.44,1
SJCFUT,07/26/2024 09:34:00,26.35,26.35,26.35,26.35,83015.89,7
SJCFUT,07/26/2024 09:39:00,26.32,26.32,26.32,26.32,165820.64,14
SJCFUT,07/26/2024 10:28:00,26.31,26.31,26.31,26.31,11839.3,1
SJCFUT,07/26/2024 10:35:00,26.24,26.24,26.24,26.24,59045.7,5
SJCFUT,07/26/2024 10:41:00,26.2,26.2,26.2,26.2,23578.06,2
SJCFUT,07/26/2024 10:47:00,26.21,26.21,26.21,26.21,117940.58,10
SJCFUT,07/26/2024 10:48:00,26.18,26.18,26.15,26.15,176654.48,15
SJCFUT,07/26/2024 10:50:00,26.16,26.16,26.16,26.16,11773.95,1
SJCFUT,07/26/2024 11:19:00,26.14,26.14,26.14,26.14,11763.89,1
SJCFUT,07/26/2024 11:27:00,26.09,26.09,26.09,26.09,23477.52,2
SJCFUT,07/26/2024 11:28:00,26.03,26.03,26.03,26.03,81995.35,7
SJCFUT,07/26/2024 11:31:00,26.03,26.03,26.03,26.03,23427.24,2
SJCFUT,07/26/2024 11:32:00,26.03,26.03,26.03,26.03,117136.21,10
SJCFUT,07/26/2024 12:24:00,26.07,26.07,26.07,26.07,211207.15,18
SJCFUT,07/26/2024 12:25:00,26.11,26.11,26.11,26.11,23497.63,2
SJCFUT,07/26/2024 13:47:00,25.97,25.97,25.94,25.94,502433.92,43
SJCFUT,07/26/2024 14:19:00,25.92,25.92,25.92,25.92,244930.32,21
SJCFUT,07/26/2024 14:34:00,25.94,25.94,25.93,25.93,105020.41,9
SJCFUT,07/26/2024 14:50:00,25.9,25.9,25.9,25.9,11653.29,1
SJCFUT,07/26/2024 14:53:00,25.86,25.86,25.86,25.86,23276.42,2
SJCFUT,07/26/2024 14:58:00,25.84,25.84,25.83,25.83,34874.42,3
SJCFUT,07/26/2024 14:59:00,25.83,25.83,25.83,25.83,46492.52,4
SJCFUT,07/29/2024 09:06:00,25.32,25.36,25.32,25.36,79788.36,7
SJCFUT,07/29/2024 09:07:00,25.33,25.35,25.33,25.35,68411.57,6
SJCFUT,07/29/2024 09:09:00,25.34,25.34,25.34,25.34,182430.86,16
SJCFUT,07/29/2024 09:16:00,25.32,25.32,25.32,25.32,22783.75,2
SJCFUT,07/29/2024 09:20:00,25.38,25.38,25.38,25.38,22844.08,2
SJCFUT,07/29/2024 09:39:00,25.34,25.34,25.34,25.34,57009.64,5
SJCFUT,07/29/2024 09:44:00,25.32,25.32,25.32,25.32,11391.87,1
SJCFUT,07/29/2024 10:30:00,25.34,25.34,25.34,25.34,11401.93,1
SJCFUT,07/29/2024 10:31:00,25.35,25.35,25.35,25.35,22813.91,2
SJCFUT,07/29/2024 10:32:00,25.34,25.34,25.34,25.34,57009.64,5
SJCFUT,07/29/2024 10:35:00,25.26,25.26,25.26,25.26,56833.69,5
SJCFUT,07/29/2024 10:42:00,25.19,25.19,25.19,25.19,22673.15,2
SJCFUT,07/29/2024 10:46:00,25.25,25.25,25.21,25.21,204390.13,18
SJCFUT,07/29/2024 11:02:00,25.25,25.25,25.25,25.25,56808.55,5
SJCFUT,07/29/2024 11:08:00,25.23,25.23,25.23,25.23,204329.8,18
SJCFUT,07/29/2024 11:14:00,25.16,25.16,25.16,25.16,11321.49,1
SJCFUT,07/29/2024 11:18:00,25.18,25.18,25.18,25.18,11331.55,1
SJCFUT,07/29/2024 11:19:00,25.19,25.19,25.19,25.19,22673.15,2
SJCFUT,07/29/2024 11:20:00,25.19,25.19,25.19,25.19,56682.87,5
SJCFUT,07/29/2024 11:26:00,25.16,25.16,25.14,25.14,203736.58,18
SJCFUT,07/29/2024 11:33:00,25.15,25.15,25.14,25.14,67873.65,6
SJCFUT,07/29/2024 11:54:00,25.14,25.14,25.14,25.14,11311.44,1
SJCFUT,07/29/2024 12:07:00,25.28,25.28,25.28,25.28,11376.79,1
SJCFUT,07/29/2024 12:08:00,25.32,25.32,25.32,25.32,34175.62,3
SJCFUT,07/29/2024 12:19:00,25.36,25.36,25.36,25.36,11411.98,1
SJCFUT,07/29/2024 12:55:00,25.47,25.47,25.47,25.47,114622.56,10
SJCFUT,07/29/2024 13:06:00,25.49,25.49,25.49,25.49,11472.31,1
SJCFUT,07/30/2024 09:04:00,25.17,25.17,25.17,25.17,11326.52,1
SJCFUT,07/30/2024 09:11:00,25.19,25.19,25.19,25.19,11336.57,1
SJCFUT,07/30/2024 09:12:00,25.2,25.2,25.2,25.2,22683.2,2
SJCFUT,07/30/2024 09:13:00,25.18,25.18,25.18,25.18,11331.55,1
SJCFUT,07/30/2024 09:15:00,25.2,25.2,25.2,25.2,79391.21,7
SJCFUT,07/30/2024 09:38:00,25.16,25.16,25.16,25.16,22642.98,2
SJCFUT,07/30/2024 09:59:00,25.21,25.21,25.21,25.21,11346.63,1
SJCFUT,07/30/2024 10:30:00,25.18,25.18,25.13,25.13,113124.43,10
SJCFUT,07/30/2024 10:31:00,25.15,25.15,25.15,25.15,45265.86,4
SJCFUT,07/30/2024 10:35:00,25.15,25.15,25.15,25.15,11316.46,1
SJCFUT,07/30/2024 10:39:00,25.17,25.23,25.17,25.23,90762.97,8
SJCFUT,07/30/2024 10:58:00,25.21,25.23,25.21,25.23,56743.2,5
SJCFUT,07/30/2024 11:01:00,25.14,25.14,25.14,25.14,22622.87,2
SJCFUT,07/30/2024 11:03:00,25.14,25.14,25.14,25.14,22622.87,2
SJCFUT,07/30/2024 11:06:00,25.16,25.17,25.16,25.17,124556.52,11
SJCFUT,07/30/2024 11:20:00,25.17,25.17,25.17,25.17,11326.52,1
SJCFUT,07/30/2024 12:05:00,25.16,25.16,25.16,25.16,45285.97,4
SJCFUT,07/30/2024 14:17:00,25.29,25.29,25.29,25.29,45527.28,4
SJCFUT,07/31/2024 09:02:00,25.34,25.34,25.34,25.34,11401.93,1
SJCFUT,07/31/2024 09:04:00,25.34,25.34,25.34,25.34,11401.93,1
SJCFUT,07/31/2024 09:13:00,25.32,25.32,25.32,25.32,11391.87,1
SJCFUT,07/31/2024 09:39:00,25.23,25.23,25.23,25.23,11351.66,1
SJCFUT,07/31/2024 10:32:00,25.32,25.33,25.32,25.32,34180.65,3
SJCFUT,07/31/2024 10:36:00,25.24,25.24,25.24,25.24,11356.68,1
SJCFUT,07/31/2024 10:39:00,25.21,25.21,25.21,25.21,11346.63,1
SJCFUT,07/31/2024 10:41:00,25.21,25.21,25.21,25.21,11346.63,1
SJCFUT,07/31/2024 10:45:00,25.15,25.15,25.14,25.14,67883.7,6
SJCFUT,07/31/2024 10:48:00,25.15,25.15,25.15,25.15,22632.93,2
SJCFUT,07/31/2024 10:54:00,25.2,25.2,25.2,25.2,34024.8,3
SJCFUT,07/31/2024 11:09:00,25.11,25.11,25.11,25.11,22602.76,2
SJCFUT,07/31/2024 11:10:00,25.15,25.15,25.15,25.15,11316.46,1
SJCFUT,07/31/2024 12:09:00,25.02,25.02,25.02,25.02,33783.49,3
SJCFUT,07/31/2024 12:10:00,25.02,25.02,25.02,25.02,22522.33,2
SJCFUT,08/01/2024 09:05:00,25.11,25.11,25.11,25.11,56506.91,5
SJCFUT,08/01/2024 09:06:00,25.11,25.11,25.11,25.11,56506.91,5
SJCFUT,08/01/2024 09:09:00,25.11,25.11,25.11,25.11,45205.53,4
SJCFUT,08/01/2024 09:13:00,25.11,25.11,25.11,25.11,45205.53,4
SJCFUT,08/01/2024 09:39:00,25.08,25.08,25.08,25.08,33858.9,3
SJCFUT,08/01/2024 10:30:00,25.09,25.09,25.09,25.09,11291.33,1
SJCFUT,08/01/2024 10:36:00,25.15,25.15,25.15,25.15,11316.46,1
SJCFUT,08/01/2024 10:38:00,25.18,25.18,25.18,25.18,11331.55,1
SJCFUT,08/01/2024 10:41:00,25.19,25.19,25.19,25.19,11336.57,1
SJCFUT,08/01/2024 10:44:00,25.11,25.11,25.11,25.11,11301.38,1
SJCFUT,08/01/2024 11:11:00,25.11,25.11,25.11,25.11,11301.38,1
SJCFUT,08/01/2024 11:18:00,25.13,25.13,25.13,25.13,11306.41,1
SJCFUT,08/01/2024 11:25:00,25.08,25.08,25.08,25.08,22572.6,2
SJCFUT,08/01/2024 11:31:00,25.02,25.02,24.99,24.99,112556.34,10
SJCFUT,08/01/2024 11:35:00,25.01,25.01,25.01,25.01,11256.14,1
SJCFUT,08/01/2024 11:41:00,25.01,25.01,25.01,25.01,22512.27,2
SJCFUT,08/01/2024 12:18:00,25.02,25.02,25.02,25.02,56305.82,5
SJCFUT,08/01/2024 13:26:00,24.97,24.97,24.97,24.97,11236.03,1
SJCFUT,08/01/2024 13:48:00,25.11,25.13,25.11,25.13,135621.62,12
SJCFUT,08/01/2024 14:00:00,25.17,25.17,25.17,25.17,11326.52,1
SJCFUT,08/01/2024 14:05:00,25.17,25.17,25.17,25.17,11326.52,1
SJCFUT,08/01/2024 14:12:00,25.13,25.13,25.13,25.13,56532.05,5
SJCFUT,08/02/2024 10:33:00,25.36,25.36,25.36,25.36,11411.98,1
SJCFUT,08/02/2024 10:56:00,25.32,25.32,25.32,25.32,11391.87,1
SJCFUT,08/02/2024 11:02:00,25.39,25.4,25.39,25.4,22859.16,2
SJCFUT,08/02/2024 12:01:00,25.42,25.44,25.42,25.44,45778.64,4
SJCFUT,08/02/2024 12:42:00,25.3,25.3,25.3,25.3,11386.85,1
SJCFUT,08/05/2024 09:03:00,25.09,25.09,25.09,25.09,293574.52,26
SJCFUT,08/05/2024 09:04:00,25.09,25.09,25.09,25.09,45165.31,4
SJCFUT,08/05/2024 09:07:00,25.01,25.01,25.01,25.01,56280.68,5
SJCFUT,08/05/2024 09:09:00,25.02,25.02,25.02,25.02,33783.49,3
SJCFUT,08/05/2024 09:10:00,25.01,25.01,25.01,25.01,11256.14,1
SJCFUT,08/05/2024 09:21:00,25.05,25.05,25.05,25.05,56356.09,5
SJCFUT,08/05/2024 09:32:00,25.02,25.02,25.02,25.02,11261.16,1
SJCFUT,08/05/2024 09:43:00,25.09,25.09,25.09,25.09,11291.33,1
SJCFUT,08/05/2024 10:37:00,25.27,25.32,25.27,25.3,580342.08,51
SJCFUT,08/05/2024 10:40:00,25.26,25.26,25.26,25.26,11366.74,1
SJCFUT,08/05/2024 10:42:00,25.27,25.27,25.27,25.27,68230.59,6
SJCFUT,08/05/2024 11:03:00,25.28,25.28,25.27,25.27,22748.56,2
SJCFUT,08/05/2024 11:11:00,25.23,25.23,25.23,25.23,11351.66,1
SJCFUT,08/05/2024 11:40:00,25.37,25.37,25.37,25.37,91336.08,8
SJCFUT,08/05/2024 11:43:00,25.45,25.45,25.45,25.45,34356.6,3
SJCFUT,08/05/2024 11:47:00,25.52,25.52,25.52,25.52,344470.96,30
SJCFUT,08/05/2024 11:52:00,25.45,25.45,25.45,25.45,22904.4,2
SJCFUT,08/05/2024 11:55:00,25.39,25.39,25.39,25.39,11427.07,1
SJCFUT,08/05/2024 12:03:00,25.37,25.37,25.37,25.37,11417.01,1
SJCFUT,08/05/2024 12:23:00,25.32,25.32,25.32,25.32,68351.24,6
SJCFUT,08/05/2024 13:35:00,25.44,25.44,25.44,25.44,11447.17,1
SJCFUT,08/05/2024 13:56:00,25.51,25.51,25.51,25.51,11477.34,1
SJCFUT,08/05/2024 14:10:00,25.53,25.54,25.53,25.54,57441.99,5
SJCFUT,08/05/2024 14:14:00,25.55,25.55,25.55,25.55,45989.79,4
SJCFUT,08/05/2024 14:16:00,25.56,25.56,25.56,25.56,11502.47,1
SJCFUT,08/05/2024 14:18:00,25.57,25.57,25.57,25.57,230150.04,20
SJCFUT,08/05/2024 14:27:00,25.57,25.57,25.57,25.57,11507.5,1
SJCFUT,08/05/2024 14:47:00,25.63,25.63,25.63,25.63,69195.83,6
SJCFUT,08/05/2024 14:57:00,25.62,25.62,25.62,25.62,23055.22,2
SJCFUT,08/06/2024 09:00:00,25.25,25.25,25.18,25.18,45386.51,4
SJCFUT,08/06/2024 09:01:00,25.16,25.16,25.16,25.16,11321.49,1
SJCFUT,08/06/2024 09:03:00,25.17,25.2,25.17,25.2,22668.12,2
SJCFUT,08/06/2024 09:04:00,25.18,25.18,25.18,25.18,90652.37,8
SJCFUT,08/06/2024 09:08:00,25.21,25.21,25.21,25.21,34039.88,3
SJCFUT,08/06/2024 09:09:00,25.24,25.24,25.24,25.24,11356.68,1
SJCFUT,08/06/2024 09:11:00,25.21,25.21,25.21,25.21,34039.88,3
SJCFUT,08/06/2024 09:14:00,25.2,25.2,25.19,25.19,351438.81,31
SJCFUT,08/06/2024 09:16:00,25.19,25.19,25.19,25.19,396780.08,35
SJCFUT,08/06/2024 09:22:00,25.23,25.23,25.23,25.23,11351.66,1
SJCFUT,08/06/2024 09:27:00,25.23,25.23,25.23,25.23,22703.31,2
SJCFUT,08/06/2024 09:28:00,25.24,25.24,25.24,25.24,45426.73,4
SJCFUT,08/06/2024 09:31:00,25.21,25.21,25.21,25.21,56733.14,5
SJCFUT,08/06/2024 09:36:00,25.27,25.29,25.27,25.29,79647.6,7
SJCFUT,08/06/2024 09:37:00,25.27,25.27,25.27,25.27,22743.53,2
SJCFUT,08/06/2024 09:43:00,25.32,25.32,25.32,25.32,125310.61,11
SJCFUT,08/06/2024 09:44:00,25.32,25.32,25.32,25.32,45567.5,4
SJCFUT,08/06/2024 10:38:00,25.38,25.38,25.38,25.38,22844.08,2
SJCFUT,08/06/2024 10:43:00,25.38,25.38,25.38,25.38,45688.15,4
SJCFUT,08/06/2024 11:17:00,25.38,25.38,25.38,25.38,22844.08,2
SJCFUT,08/06/2024 11:34:00,25.3,25.3,25.28,25.28,22763.64,2
SJCFUT,08/06/2024 11:50:00,25.33,25.33,25.33,25.33,22793.8,2
SJCFUT,08/06/2024 13:30:00,25.36,25.36,25.36,25.36,11411.98,1
SJCFUT,08/06/2024 14:14:00,25.36,25.36,25.36,25.36,22823.97,2
SJCFUT,08/06/2024 14:26:00,25.36,25.36,25.36,25.36,57059.92,5
SJCFUT,08/07/2024 09:08:00,25.06,25.06,25.05,25.05,563586.07,50
SJCFUT,08/07/2024 09:09:00,25.05,25.09,25.05,25.08,45120.07,4
SJCFUT,08/07/2024 09:10:00,25.09,25.09,25.09,25.09,22582.66,2
SJCFUT,08/07/2024 09:17:00,25.06,25.06,25.06,25.06,11276.25,1
SJCFUT,08/07/2024 09:22:00,25.07,25.07,25.07,25.07,22562.55,2
SJCFUT,08/07/2024 09:27:00,25.06,25.06,25.06,25.06,56381.23,5
SJCFUT,08/07/2024 09:32:00,25.06,25.06,25.06,25.06,22552.49,2
SJCFUT,08/07/2024 09:36:00,25.08,25.08,25.08,25.08,11286.3,1
SJCFUT,08/07/2024 09:37:00,25.08,25.08,25.08,25.08,11286.3,1
SJCFUT,08/07/2024 09:44:00,25.08,25.08,25.08,25.08,22572.6,2
SJCFUT,08/07/2024 09:47:00,25.08,25.08,25.08,25.08,11286.3,1
SJCFUT,08/07/2024 09:57:00,25.07,25.07,25.07,25.07,11281.27,1
SJCFUT,08/07/2024 10:10:00,25.06,25.06,25.06,25.06,11276.25,1
SJCFUT,08/07/2024 10:30:00,25.1,25.1,25.1,25.1,11296.36,1
SJCFUT,08/07/2024 10:31:00,25.14,25.14,25.14,25.14,45245.75,4
SJCFUT,08/07/2024 10:33:00,25.18,25.18,25.18,25.18,11331.55,1
SJCFUT,08/07/2024 10:37:00,25.13,25.13,25.13,25.13,11306.41,1
SJCFUT,08/07/2024 10:39:00,25.13,25.13,25.13,25.13,11306.41,1
SJCFUT,08/07/2024 10:44:00,25.17,25.18,25.17,25.18,203942.7,18
SJCFUT,08/07/2024 10:49:00,25.21,25.21,25.21,25.21,22693.26,2
SJCFUT,08/07/2024 10:52:00,25.21,25.21,25.21,25.21,56733.14,5
SJCFUT,08/07/2024 10:55:00,25.19,25.19,25.19,25.19,11336.57,1
SJCFUT,08/07/2024 10:59:00,25.17,25.17,25.17,25.17,11326.52,1
SJCFUT,08/07/2024 11:02:00,25.19,25.19,25.19,25.19,22673.15,2
SJCFUT,08/07/2024 11:06:00,25.16,25.16,25.16,25.16,22642.98,2
SJCFUT,08/07/2024 11:09:00,25.14,25.14,25.14,25.14,11311.44,1
SJCFUT,08/07/2024 11:31:00,25.1,25.1,25.08,25.08,45165.31,4
SJCFUT,08/07/2024 11:36:00,25.14,25.14,25.14,25.14,22622.87,2
SJCFUT,08/07/2024 13:56:00,25.11,25.11,25.11,25.11,22602.76,2
SJCFUT,08/07/2024 13:58:00,25.11,25.11,25.11,25.11,45205.53,4
SJCFUT,08/07/2024 14:24:00,25.08,25.08,25.08,25.08,11286.3,1
SJCFUT,08/07/2024 14:29:00,25.08,25.08,25.06,25.06,1354054.42,120
SJCFUT,08/07/2024 14:56:00,25.08,25.08,25.08,25.08,22572.6,2
SJCFUT,08/08/2024 09:02:00,25.11,25.11,25.11,25.11,56506.91,5
SJCFUT,08/08/2024 09:08:00,25.11,25.11,25.11,25.11,33904.15,3
SJCFUT,08/08/2024 09:11:00,25.14,25.14,25.14,25.14,11311.44,1
SJCFUT,08/08/2024 09:12:00,25.17,25.17,25.17,25.17,45306.08,4
SJCFUT,08/08/2024 09:25:00,25.17,25.17,25.17,25.17,22653.04,2
SJCFUT,08/08/2024 09:56:00,25.14,25.14,25.14,25.14,11311.44,1
SJCFUT,08/08/2024 10:32:00,25.14,25.14,25.14,25.14,11311.44,1
SJCFUT,08/08/2024 10:38:00,25.1,25.1,25.1,25.1,11296.36,1
SJCFUT,08/08/2024 10:58:00,25.07,25.07,25.07,25.07,135375.28,12
SJCFUT,08/08/2024 11:07:00,25.0,25.0,25.0,25.0,22502.22,2
SJCFUT,08/08/2024 11:22:00,24.87,24.87,24.87,24.87,11190.78,1
SJCFUT,08/08/2024 11:23:00,24.86,24.86,24.86,24.86,111857.54,10
SJCFUT,08/08/2024 11:25:00,24.95,24.95,24.95,24.95,11225.97,1
SJCFUT,08/08/2024 11:50:00,24.85,24.85,24.85,24.85,11180.73,1
SJCFUT,08/08/2024 12:54:00,24.89,24.89,24.89,24.89,156811.71,14
SJCFUT,08/08/2024 13:03:00,24.91,24.91,24.91,24.91,56054.45,5
SJCFUT,08/08/2024 13:11:00,24.96,25.0,24.96,24.98,618524.46,55
SJCFUT,08/08/2024 13:54:00,24.98,24.98,24.98,24.98,11241.05,1
SJCFUT,08/09/2024 09:07:00,24.97,24.97,24.97,24.97,11236.03,1
SJCFUT,08/09/2024 09:14:00,24.91,24.91,24.91,24.91,56054.45,5
SJCFUT,08/09/2024 09:22:00,24.98,24.99,24.98,24.99,22487.14,2
SJCFUT,08/09/2024 09:28:00,24.99,24.99,24.99,24.99,11246.08,1
SJCFUT,08/09/2024 09:34:00,24.96,24.96,24.96,24.96,22462.0,2
SJCFUT,08/09/2024 09:44:00,24.99,24.99,24.99,24.99,11246.08,1
SJCFUT,08/09/2024 10:35:00,24.92,24.92,24.92,24.92,22431.84,2
SJCFUT,08/09/2024 10:37:00,24.91,24.91,24.91,24.91,11210.89,1
SJCFUT,08/09/2024 11:03:00,24.85,24.85,24.85,24.85,55903.64,5
SJCFUT,08/09/2024 11:13:00,24.86,24.86,24.86,24.86,11185.75,1
SJCFUT,08/09/2024 11:19:00,24.83,24.83,24.83,24.83,55878.5,5
SJCFUT,08/09/2024 11:39:00,24.81,24.81,24.81,24.81,55828.23,5
SJCFUT,08/09/2024 11:53:00,24.91,24.91,24.91,24.91,67265.35,6
SJCFUT,08/09/2024 13:13:00,24.79,24.79,24.77,24.77,122701.44,11
SJCFUT,08/09/2024 13:21:00,24.77,24.77,24.77,24.77,44582.14,4
SJCFUT,08/09/2024 13:24:00,24.76,24.76,24.76,24.76,11140.51,1
SJCFUT,08/09/2024 14:22:00,24.71,24.71,24.71,24.71,11120.4,1
SJCFUT,08/09/2024 14:35:00,24.71,24.71,24.71,24.71,11120.4,1
SJCFUT,08/12/2024 09:04:00,24.6,24.6,24.6,24.6,11070.13,1
SJCFUT,08/12/2024 09:08:00,24.58,24.58,24.58,24.58,11060.07,1
SJCFUT,08/12/2024 09:11:00,24.52,24.52,24.52,24.52,33104.81,3
SJCFUT,08/12/2024 09:12:00,24.51,24.51,24.51,24.51,551495.4,50
SJCFUT,08/12/2024 09:13:00,24.51,24.51,24.51,24.51,11029.91,1
SJCFUT,08/12/2024 09:18:00,24.53,24.54,24.53,24.54,176644.43,16
SJCFUT,08/12/2024 10:30:00,24.53,24.53,24.53,24.53,11039.96,1
SJCFUT,08/12/2024 10:32:00,24.52,24.52,24.49,24.49,22054.79,2
SJCFUT,08/12/2024 10:34:00,24.58,24.59,24.58,24.59,33190.27,3
SJCFUT,08/12/2024 10:36:00,24.6,24.62,24.6,24.62,55380.8,5
SJCFUT,08/12/2024 11:57:00,24.57,24.57,24.57,24.57,11055.04,1
SJCFUT,08/12/2024 12:00:00,24.56,24.56,24.56,24.56,44200.07,4
SJCFUT,08/12/2024 12:01:00,24.54,24.57,24.54,24.54,33145.02,3
SJCFUT,08/12/2024 12:39:00,24.5,24.5,24.5,24.5,11024.88,1
SJCFUT,08/12/2024 13:03:00,24.29,24.29,24.24,24.24,32747.87,3
SJCFUT,08/12/2024 13:05:00,24.22,24.22,24.2,24.2,54485.94,5
SJCFUT,08/12/2024 13:06:00,24.18,24.18,24.18,24.18,282856.31,26
SJCFUT,08/12/2024 13:11:00,24.19,24.19,24.19,24.19,10884.12,1
SJCFUT,08/12/2024 13:22:00,24.3,24.3,24.3,24.3,10934.39,1
SJCFUT,08/12/2024 13:24:00,24.34,24.34,24.34,24.34,21909.0,2
SJCFUT,08/12/2024 13:44:00,24.13,24.13,24.13,24.13,21717.96,2
SJCFUT,08/12/2024 13:50:00,24.16,24.16,24.16,24.16,10874.06,1
SJCFUT,08/13/2024 09:11:00,23.91,23.91,23.91,23.91,10758.43,1
SJCFUT,08/13/2024 09:18:00,23.94,23.94,23.94,23.94,53867.58,5
SJCFUT,08/13/2024 09:21:00,23.92,23.92,23.92,23.92,21526.92,2
SJCFUT,08/13/2024 09:22:00,23.92,23.92,23.92,23.92,21526.92,2
SJCFUT,08/13/2024 09:24:00,23.92,23.92,23.92,23.92,107634.61,10
SJCFUT,08/13/2024 09:26:00,23.94,23.94,23.94,23.94,21547.03,2
SJCFUT,08/13/2024 09:31:00,23.96,23.96,23.96,23.96,10783.57,1
SJCFUT,08/13/2024 09:52:00,24.02,24.02,24.02,24.02,21617.41,2
SJCFUT,08/13/2024 10:38:00,23.83,23.83,23.83,23.83,21446.48,2
SJCFUT,08/13/2024 10:40:00,23.89,23.89,23.89,23.89,42993.52,4
SJCFUT,08/13/2024 10:46:00,23.9,23.9,23.9,23.9,32260.22,3
SJCFUT,08/13/2024 11:06:00,23.87,23.87,23.85,23.85,182496.21,17
SJCFUT,08/13/2024 11:26:00,23.86,23.86,23.86,23.86,21476.65,2
SJCFUT,08/13/2024 11:27:00,23.85,23.85,23.85,23.85,21466.59,2
SJCFUT,08/13/2024 11:40:00,23.76,23.76,23.76,23.76,85544.63,8
SJCFUT,08/13/2024 11:42:00,23.78,23.8,23.78,23.8,32114.43,3
SJCFUT,08/13/2024 11:43:00,23.8,23.8,23.8,23.8,10708.16,1
SJCFUT,08/13/2024 12:41:00,23.81,23.81,23.81,23.81,10713.19,1
SJCFUT,08/13/2024 12:53:00,23.82,23.82,23.82,23.82,21436.43,2
SJCFUT,08/13/2024 12:56:00,23.78,23.78,23.78,23.78,10703.13,1
SJCFUT,08/13/2024 13:17:00,23.78,23.78,23.78,23.78,107031.33,10
SJCFUT,08/13/2024 13:19:00,23.75,23.75,23.74,23.75,42742.15,4
SJCFUT,08/13/2024 13:20:00,23.8,23.8,23.8,23.8,21416.32,2
SJCFUT,08/13/2024 14:18:00,23.77,23.77,23.77,23.77,21396.21,2
SJCFUT,08/13/2024 14:45:00,23.74,23.74,23.74,23.74,21366.05,2
SJCFUT,08/14/2024 09:05:00,23.85,23.85,23.85,23.85,75133.08,7
SJCFUT,08/14/2024 09:08:00,23.87,23.89,23.87,23.89,42988.49,4
SJCFUT,08/14/2024 09:10:00,23.89,23.89,23.89,23.89,268709.47,25
SJCFUT,08/14/2024 09:31:00,23.91,23.91,23.9,23.9,107559.2,10
SJCFUT,08/14/2024 10:05:00,23.89,23.89,23.89,23.89,42993.52,4
SJCFUT,08/14/2024 11:10:00,23.89,23.9,23.89,23.89,129010.71,12
SJCFUT,08/14/2024 11:11:00,23.89,23.9,23.89,23.9,677449.51,63
SJCFUT,08/14/2024 11:28:00,23.9,23.9,23.9,23.9,10753.41,1
SJCFUT,08/14/2024 11:34:00,23.89,23.89,23.89,23.89,42993.52,4
SJCFUT,08/14/2024 11:39:00,23.86,23.86,23.86,23.86,64429.95,6
SJCFUT,08/14/2024 12:00:00,23.9,23.9,23.9,23.9,21506.81,2
SJCFUT,08/14/2024 12:51:00,23.91,23.91,23.91,23.91,10758.43,1
SJCFUT,08/14/2024 13:28:00,23.81,23.81,23.8,23.8,32129.51,3
SJCFUT,08/14/2024 13:49:00,23.86,23.86,23.86,23.86,42953.3,4
SJCFUT,08/14/2024 14:23:00,23.85,23.85,23.85,23.85,42933.19,4
SJCFUT,08/15/2024 09:30:00,23.96,23.96,23.96,23.96,107835.7,10
SJCFUT,08/15/2024 10:58:00,23.97,23.97,23.97,23.97,64731.58,6
SJCFUT,08/15/2024 11:22:00,24.02,24.02,24.02,24.02,43234.83,4
SJCFUT,08/15/2024 12:39:00,24.09,24.09,24.09,24.09,32516.61,3
SJCFUT,08/15/2024 12:40:00,24.09,24.09,24.09,24.09,21677.74,2
SJCFUT,08/15/2024 12:48:00,24.04,24.04,24.04,24.04,10818.76,1
SJCFUT,08/15/2024 14:01:00,23.97,23.97,23.97,23.97,53942.99,5
SJCFUT,08/15/2024 14:07:00,23.91,23.91,23.9,23.9,107544.12,10
SJCFUT,08/16/2024 09:05:00,23.66,23.66,23.66,23.66,10647.83,1
SJCFUT,08/16/2024 09:39:00,23.66,23.66,23.66,23.66,10647.83,1
SJCFUT,08/16/2024 10:30:00,23.66,23.66,23.65,23.65,31933.44,3
SJCFUT,08/16/2024 10:45:00,23.65,23.65,23.65,23.65,21285.61,2
SJCFUT,08/16/2024 12:51:00,23.66,23.66,23.66,23.66,21295.67,2
SJCFUT,08/16/2024 12:52:00,23.68,23.68,23.68,23.68,95920.99,9
SJCFUT,08/16/2024 13:27:00,23.74,23.74,23.74,23.74,21366.05,2
SJCFUT,08/16/2024 13:40:00,23.67,23.67,23.65,23.65,53254.25,5
SJCFUT,08/16/2024 14:24:00,23.56,23.56,23.56,23.56,10602.59,1
SJCFUT,08/16/2024 14:28:00,23.56,23.56,23.56,23.56,21205.17,2
SJCFUT,08/19/2024 09:04:00,23.72,23.72,23.72,23.72,53364.85,5
SJCFUT,08/19/2024 09:05:00,23.72,23.72,23.72,23.72,53364.85,5
SJCFUT,08/19/2024 09:08:00,23.72,23.72,23.72,23.72,53364.85,5
SJCFUT,08/19/2024 09:59:00,23.75,23.77,23.75,23.77,21386.16,2
SJCFUT,08/19/2024 10:30:00,23.71,23.71,23.71,23.71,10667.94,1
SJCFUT,08/19/2024 10:38:00,23.72,23.73,23.72,23.73,42701.93,4
SJCFUT,08/19/2024 10:42:00,23.72,23.72,23.72,23.72,32018.91,3
SJCFUT,08/19/2024 10:46:00,23.74,23.74,23.74,23.74,21366.05,2
SJCFUT,08/19/2024 10:52:00,23.76,23.76,23.76,23.76,117623.86,11
SJCFUT,08/19/2024 10:58:00,23.76,23.76,23.76,23.76,32079.24,3
SJCFUT,08/19/2024 11:03:00,23.72,23.72,23.72,23.72,10672.97,1
SJCFUT,08/19/2024 11:04:00,23.72,23.72,23.72,23.72,21345.94,2
SJCFUT,08/19/2024 11:16:00,23.77,23.77,23.77,23.77,10698.11,1
SJCFUT,08/19/2024 11:17:00,23.81,23.81,23.81,23.81,10713.19,1
SJCFUT,08/19/2024 11:38:00,23.83,23.83,23.83,23.83,10723.24,1
SJCFUT,08/19/2024 11:42:00,23.8,23.8,23.8,23.8,32124.48,3
SJCFUT,08/19/2024 11:49:00,23.84,23.84,23.84,23.84,10728.27,1
SJCFUT,08/19/2024 11:57:00,23.87,23.87,23.87,23.87,53716.76,5
SJCFUT,08/19/2024 12:28:00,23.9,23.9,23.9,23.9,10753.41,1
SJCFUT,08/19/2024 13:45:00,23.91,23.92,23.91,23.92,32280.33,3
SJCFUT,08/19/2024 14:52:00,24.01,24.01,24.01,24.01,10803.68,1
SJCFUT,08/20/2024 09:17:00,23.99,23.99,23.99,23.99,10793.62,1
SJCFUT,08/20/2024 09:23:00,23.97,23.97,23.97,23.97,10788.6,1
SJCFUT,08/20/2024 09:32:00,23.97,23.97,23.96,23.96,64726.56,6
SJCFUT,08/20/2024 10:06:00,24.03,24.03,24.03,24.03,10813.73,1
SJCFUT,08/20/2024 10:30:00,24.03,24.03,24.03,24.03,75696.14,7
SJCFUT,08/20/2024 10:32:00,23.99,23.99,23.99,23.99,323808.74,30
SJCFUT,08/20/2024 10:33:00,24.0,24.01,24.0,24.01,162030.05,15
SJCFUT,08/20/2024 10:34:00,24.0,24.0,23.97,23.97,151145.94,14
SJCFUT,08/20/2024 10:35:00,24.08,24.08,24.08,24.08,21667.69,2
SJCFUT,08/20/2024 10:37:00,24.08,24.08,24.08,24.08,130006.12,12
SJCFUT,08/20/2024 10:44:00,24.15,24.19,24.15,24.19,141382.91,13
SJCFUT,08/20/2024 10:45:00,24.19,24.25,24.19,24.25,207084.76,19
SJCFUT,08/20/2024 10:46:00,24.2,24.2,24.2,24.2,10889.14,1
SJCFUT,08/20/2024 10:49:00,24.14,24.14,24.13,24.14,97771.03,9
SJCFUT,08/20/2024 10:50:00,24.14,24.14,24.14,24.14,32592.02,3
SJCFUT,08/20/2024 10:52:00,24.14,24.14,24.14,24.14,43456.03,4
SJCFUT,08/20/2024 10:55:00,24.2,24.2,24.2,24.2,43556.57,4
SJCFUT,08/20/2024 10:59:00,24.16,24.16,24.16,24.16,10874.06,1
SJCFUT,08/20/2024 11:01:00,24.19,24.19,24.19,24.19,10884.12,1
SJCFUT,08/20/2024 11:19:00,24.1,24.11,24.1,24.1,173542.58,16
SJCFUT,08/20/2024 11:20:00,24.09,24.09,24.06,24.06,151683.86,14
SJCFUT,08/20/2024 11:21:00,24.09,24.09,24.09,24.09,21677.74,2
SJCFUT,08/20/2024 11:24:00,24.11,24.11,24.09,24.09,97590.05,9
SJCFUT,08/20/2024 11:25:00,24.06,24.06,24.06,24.06,86630.53,8
SJCFUT,08/20/2024 11:37:00,24.06,24.06,24.06,24.06,10828.82,1
SJCFUT,08/20/2024 11:52:00,24.04,24.04,24.04,24.04,54093.81,5
SJCFUT,08/20/2024 12:03:00,24.01,24.01,24.01,24.01,10803.68,1
SJCFUT,08/20/2024 12:10:00,24.06,24.06,24.06,24.06,10828.82,1
SJCFUT,08/20/2024 12:46:00,24.02,24.02,24.01,24.01,21612.39,2
SJCFUT,08/20/2024 12:54:00,24.06,24.06,24.06,24.06,54144.08,5
SJCFUT,08/20/2024 13:51:00,24.08,24.08,24.08,24.08,379184.51,35
SJCFUT,08/20/2024 13:57:00,24.06,24.06,24.06,24.06,86630.53,8
SJCFUT,08/21/2024 09:28:00,24.13,24.13,24.13,24.13,54294.9,5
SJCFUT,08/21/2024 10:31:00,24.22,24.22,24.19,24.2,43571.66,4
SJCFUT,08/21/2024 10:32:00,24.23,24.23,24.22,24.22,21803.42,2
SJCFUT,08/21/2024 10:36:00,24.24,24.24,24.24,24.24,10909.25,1
SJCFUT,08/21/2024 10:37:00,24.24,24.24,24.24,24.24,109092.53,10
SJCFUT,08/21/2024 10:38:00,24.24,24.24,24.24,24.24,109092.53,10
SJCFUT,08/21/2024 10:54:00,24.13,24.13,24.13,24.13,119448.78,11
SJCFUT,08/21/2024 11:22:00,24.13,24.13,24.13,24.13,32576.94,3
SJCFUT,08/21/2024 11:37:00,24.15,24.15,24.15,24.15,10869.03,1
SJCFUT,08/21/2024 11:53:00,24.06,24.06,24.06,24.06,54144.08,5
SJCFUT,08/21/2024 11:55:00,24.09,24.09,24.09,24.09,54194.35,5
SJCFUT,08/21/2024 11:58:00,24.09,24.09,24.09,24.09,32516.61,3
SJCFUT,08/21/2024 13:26:00,24.11,24.11,24.11,24.11,54244.62,5
SJCFUT,08/21/2024 14:12:00,24.11,24.11,24.11,24.11,108489.25,10
SJCFUT,08/21/2024 14:19:00,24.05,24.05,24.04,24.04,43290.13,4
SJCFUT,08/21/2024 14:27:00,24.08,24.08,24.08,24.08,54169.22,5
SJCFUT,08/21/2024 14:55:00,24.18,24.18,24.18,24.18,10879.09,1
SJCFUT,08/22/2024 09:15:00,23.94,23.94,23.93,23.93,172300.84,16
SJCFUT,08/22/2024 09:27:00,23.93,23.93,23.93,23.93,215369.76,20
SJCFUT,08/22/2024 09:31:00,23.94,23.94,23.94,23.94,10773.52,1
SJCFUT,08/22/2024 09:34:00,23.94,23.94,23.94,23.94,107735.15,10
SJCFUT,08/22/2024 09:36:00,23.93,23.93,23.93,23.93,10768.49,1
SJCFUT,08/22/2024 09:39:00,23.95,23.95,23.95,23.95,10778.54,1
SJCFUT,08/22/2024 09:40:00,23.96,23.96,23.96,23.96,10783.57,1
SJCFUT,08/22/2024 09:41:00,23.96,23.96,23.96,23.96,377424.95,35
SJCFUT,08/22/2024 09:43:00,23.96,23.96,23.96,23.96,215671.4,20
SJCFUT,08/22/2024 10:30:00,23.96,23.96,23.96,23.96,10783.57,1
SJCFUT,08/22/2024 10:40:00,23.95,23.95,23.95,23.95,10778.54,1
SJCFUT,08/22/2024 11:12:00,23.93,23.93,23.93,23.93,64610.93,6
SJCFUT,08/22/2024 11:13:00,23.91,23.91,23.9,23.9,86032.28,8
SJCFUT,08/22/2024 11:22:00,23.84,23.84,23.84,23.84,42913.08,4
SJCFUT,08/22/2024 11:24:00,23.8,23.83,23.8,23.83,53586.05,5
SJCFUT,08/22/2024 11:41:00,23.8,23.8,23.8,23.8,10708.16,1
SJCFUT,08/22/2024 11:42:00,23.8,23.8,23.8,23.8,53540.8,5
SJCFUT,08/22/2024 11:44:00,23.77,23.77,23.77,23.77,21396.21,2
SJCFUT,08/22/2024 11:45:00,23.77,23.77,23.77,23.77,21396.21,2
SJCFUT,08/22/2024 12:08:00,23.76,23.76,23.76,23.76,21386.16,2
SJCFUT,08/22/2024 12:55:00,23.74,23.74,23.74,23.74,10683.02,1
SJCFUT,08/22/2024 13:05:00,23.8,23.8,23.8,23.8,10708.16,1
SJCFUT,08/22/2024 13:22:00,23.73,23.73,23.73,23.73,21355.99,2
SJCFUT,08/22/2024 14:06:00,23.72,23.72,23.72,23.72,10672.97,1
SJCFUT,08/22/2024 14:15:00,23.68,23.68,23.68,23.68,31973.66,3
SJCFUT,08/23/2024 09:09:00,23.86,23.86,23.86,23.86,21476.65,2
SJCFUT,08/23/2024 09:15:00,23.82,23.82,23.82,23.82,42872.86,4
SJCFUT,08/23/2024 10:40:00,23.81,23.81,23.81,23.81,10713.19,1
SJCFUT,08/23/2024 10:55:00,23.82,23.82,23.82,23.82,107182.15,10
SJCFUT,08/23/2024 11:00:00,23.82,23.82,23.82,23.82,32154.65,3
SJCFUT,08/23/2024 11:20:00,23.86,23.86,23.86,23.86,107383.24,10
SJCFUT,08/23/2024 11:29:00,23.93,23.93,23.93,23.93,161527.32,15
SJCFUT,08/23/2024 11:31:00,23.93,23.93,23.93,23.93,32305.46,3
SJCFUT,08/23/2024 11:32:00,23.89,23.89,23.89,23.89,10748.38,1
SJCFUT,08/23/2024 12:05:00,23.99,23.99,23.99,23.99,10793.62,1
SJCFUT,08/23/2024 12:18:00,23.94,23.94,23.94,23.94,21547.03,2
SJCFUT,08/23/2024 12:19:00,23.94,23.94,23.94,23.94,10773.52,1
SJCFUT,08/23/2024 13:03:00,23.93,23.93,23.93,23.93,53842.44,5
SJCFUT,08/26/2024 09:20:00,23.74,23.74,23.74,23.74,53415.12,5
SJCFUT,08/26/2024 10:19:00,23.71,23.71,23.71,23.71,10667.94,1
SJCFUT,08/26/2024 10:35:00,23.85,23.85,23.85,23.85,10733.3,1
SJCFUT,08/26/2024 10:41:00,23.91,23.91,23.91,23.91,10758.43,1
SJCFUT,08/26/2024 10:42:00,23.91,23.91,23.91,23.91,21516.87,2
SJCFUT,08/26/2024 10:47:00,23.91,23.91,23.91,23.91,10758.43,1
SJCFUT,08/26/2024 11:02:00,23.91,23.91,23.91,23.91,21516.87,2
SJCFUT,08/26/2024 11:07:00,23.91,23.91,23.91,23.91,21516.87,2
SJCFUT,08/26/2024 11:17:00,23.96,23.97,23.96,23.96,86288.67,8
SJCFUT,08/26/2024 11:29:00,23.92,23.92,23.92,23.92,64580.76,6
SJCFUT,08/26/2024 11:41:00,24.0,24.01,24.0,24.01,21602.33,2
SJCFUT,08/26/2024 11:42:00,24.0,24.0,24.0,24.0,10798.65,1
SJCFUT,08/26/2024 12:01:00,24.0,24.0,24.0,24.0,53993.26,5
SJCFUT,08/26/2024 12:11:00,24.01,24.01,24.01,24.01,21607.36,2
SJCFUT,08/26/2024 12:14:00,24.02,24.02,24.02,24.02,10808.71,1
SJCFUT,08/26/2024 12:30:00,24.0,24.0,24.0,24.0,43194.61,4
SJCFUT,08/26/2024 12:43:00,23.94,23.94,23.94,23.94,64641.09,6
SJCFUT,08/26/2024 13:39:00,24.02,24.02,24.02,24.02,43234.83,4
SJCFUT,08/26/2024 14:43:00,24.08,24.08,24.08,24.08,43335.37,4
SJCFUT,08/26/2024 14:51:00,24.12,24.12,24.12,24.12,10853.95,1
SJCFUT,08/26/2024 14:59:00,24.18,24.18,24.18,24.18,163186.33,15
SJCFUT,08/27/2024 09:00:00,24.14,24.14,24.14,24.14,10864.01,1
SJCFUT,08/27/2024 09:02:00,24.11,24.11,24.1,24.1,32541.75,3
SJCFUT,08/27/2024 09:14:00,24.15,24.15,24.15,24.15,10869.03,1
SJCFUT,08/27/2024 09:16:00,24.15,24.15,24.15,24.15,10869.03,1
SJCFUT,08/27/2024 09:25:00,24.2,24.2,24.2,24.2,32667.43,3
SJCFUT,08/27/2024 09:31:00,24.23,24.23,24.21,24.21,130840.65,12
SJCFUT,08/27/2024 09:39:00,24.23,24.24,24.23,24.24,229089.28,21
SJCFUT,08/27/2024 09:40:00,24.23,24.23,24.23,24.23,32712.68,3
SJCFUT,08/27/2024 10:30:00,24.22,24.3,24.22,24.27,284067.89,26
SJCFUT,08/27/2024 10:32:00,24.29,24.29,24.29,24.29,10929.36,1
SJCFUT,08/27/2024 10:33:00,24.32,24.32,24.32,24.32,21888.89,2
SJCFUT,08/27/2024 10:36:00,24.37,24.37,24.34,24.34,712685.89,65
SJCFUT,08/27/2024 10:40:00,24.34,24.34,24.34,24.34,120499.48,11
SJCFUT,08/27/2024 10:42:00,24.35,24.35,24.34,24.34,164362.72,15
SJCFUT,08/27/2024 10:47:00,24.34,24.34,24.34,24.34,10954.5,1
SJCFUT,08/27/2024 10:48:00,24.33,24.33,24.33,24.33,153292.59,14
SJCFUT,08/27/2024 10:54:00,24.3,24.31,24.3,24.31,109348.92,10
SJCFUT,08/27/2024 10:55:00,24.29,24.3,24.29,24.3,65581.2,6
SJCFUT,08/27/2024 11:00:00,24.28,24.3,24.28,24.3,54661.89,5
SJCFUT,08/27/2024 11:03:00,24.28,24.28,24.28,24.28,21848.67,2
SJCFUT,08/27/2024 11:05:00,24.28,24.28,24.28,24.28,54621.67,5
SJCFUT,08/27/2024 11:11:00,24.27,24.27,24.27,24.27,21838.61,2
SJCFUT,08/27/2024 11:19:00,24.32,24.32,24.32,24.32,10944.44,1
SJCFUT,08/27/2024 11:20:00,24.32,24.32,24.32,24.32,10944.44,1
SJCFUT,08/27/2024 11:21:00,24.33,24.34,24.33,24.34,54752.38,5
SJCFUT,08/27/2024 11:23:00,24.35,24.35,24.35,24.35,547976.28,50
SJCFUT,08/27/2024 11:26:00,24.39,24.39,24.39,24.39,21949.22,2
SJCFUT,08/27/2024 11:27:00,24.38,24.38,24.38,24.38,43878.32,4
SJCFUT,08/27/2024 11:29:00,24.39,24.39,24.39,24.39,21949.22,2
SJCFUT,08/27/2024 11:31:00,24.37,24.37,24.35,24.35,21924.08,2
SJCFUT,08/27/2024 11:34:00,24.38,24.38,24.38,24.38,21939.16,2
SJCFUT,08/27/2024 11:46:00,24.42,24.42,24.42,24.42,54948.45,5
SJCFUT,08/27/2024 11:58:00,24.33,24.33,24.33,24.33,32848.41,3
SJCFUT,08/27/2024 12:04:00,24.33,24.33,24.33,24.33,32848.41,3
SJCFUT,08/27/2024 12:12:00,24.32,24.32,24.3,24.31,131288.08,12
SJCFUT,08/27/2024 12:13:00,24.3,24.3,24.3,24.3,10934.39,1
SJCFUT,08/27/2024 12:16:00,24.31,24.31,24.31,24.31,54697.08,5
SJCFUT,08/27/2024 12:20:00,24.3,24.3,24.3,24.3,10934.39,1
SJCFUT,08/27/2024 12:24:00,24.3,24.3,24.3,24.3,54671.95,5
SJCFUT,08/27/2024 12:31:00,24.24,24.27,24.24,24.27,567351.52,52
SJCFUT,08/27/2024 12:35:00,24.28,24.28,24.28,24.28,54621.67,5
SJCFUT,08/27/2024 12:37:00,24.28,24.28,24.28,24.28,109243.35,10
SJCFUT,08/27/2024 12:41:00,24.27,24.27,24.27,24.27,10919.31,1
SJCFUT,08/27/2024 12:55:00,24.27,24.27,24.27,24.27,21838.61,2
SJCFUT,08/27/2024 13:03:00,24.28,24.28,24.28,24.28,54621.67,5
SJCFUT,08/27/2024 13:06:00,24.27,24.27,24.27,24.27,54596.54,5
SJCFUT,08/28/2024 09:08:00,24.06,24.06,24.06,24.06,32486.45,3
SJCFUT,08/28/2024 09:10:00,24.06,24.06,24.05,24.05,86615.44,8
SJCFUT,08/28/2024 09:13:00,24.05,24.05,24.05,24.05,86590.31,8
SJCFUT,08/28/2024 09:23:00,24.05,24.05,24.05,24.05,10823.79,1
SJCFUT,08/28/2024 09:29:00,24.03,24.03,24.03,24.03,10813.73,1
SJCFUT,08/28/2024 09:30:00,24.03,24.03,24.03,24.03,10813.73,1
SJCFUT,08/28/2024 09:33:00,24.05,24.05,24.05,24.05,54118.94,5
SJCFUT,08/28/2024 10:30:00,24.03,24.05,24.03,24.05,21637.52,2
SJCFUT,08/28/2024 10:32:00,24.05,24.05,24.05,24.05,10823.79,1
SJCFUT,08/28/2024 10:34:00,24.11,24.11,24.11,24.11,43395.7,4
SJCFUT,08/28/2024 10:49:00,24.13,24.13,24.13,24.13,10858.98,1
SJCFUT,08/28/2024 10:52:00,24.13,24.13,24.13,24.13,10858.98,1
SJCFUT,08/28/2024 11:01:00,24.16,24.19,24.15,24.19,65279.56,6
SJCFUT,08/28/2024 11:03:00,24.16,24.16,24.16,24.16,10874.06,1
SJCFUT,08/28/2024 11:05:00,24.19,24.19,24.19,24.19,522437.57,48
SJCFUT,08/28/2024 11:07:00,24.19,24.19,24.19,24.19,54420.58,5
SJCFUT,08/28/2024 11:14:00,24.19,24.19,24.19,24.19,54420.58,5
SJCFUT,08/28/2024 11:15:00,24.19,24.19,24.19,24.19,54420.58,5
SJCFUT,08/28/2024 11:18:00,24.21,24.22,24.21,24.22,119840.91,11
SJCFUT,08/28/2024 11:38:00,24.23,24.23,24.23,24.23,54521.13,5
SJCFUT,08/28/2024 11:47:00,24.22,24.22,24.22,24.22,54495.99,5
SJCFUT,08/28/2024 11:53:00,24.19,24.19,24.19,24.19,54420.58,5
SJCFUT,08/28/2024 12:05:00,24.13,24.13,24.13,24.13,10858.98,1
SJCFUT,08/28/2024 12:06:00,24.13,24.13,24.12,24.12,86846.7,8
SJCFUT,08/28/2024 12:07:00,24.13,24.13,24.12,24.12,217129.32,20
SJCFUT,08/28/2024 12:08:00,24.11,24.11,24.11,24.11,108489.25,10
SJCFUT,08/28/2024 12:10:00,24.08,24.09,24.08,24.09,119222.55,11
SJCFUT,08/28/2024 13:58:00,24.12,24.12,24.12,24.12,542697.61,50
SJCFUT,08/28/2024 14:10:00,24.02,24.02,24.01,24.01,108041.82,10
SJCFUT,08/28/2024 14:30:00,24.01,24.01,24.01,24.01,21607.36,2
SJCFUT,08/28/2024 14:45:00,24.05,24.05,24.05,24.05,21647.58,2
SJCFUT,08/29/2024 09:06:00,24.3,24.32,24.3,24.31,339247.59,31
SJCFUT,08/29/2024 09:09:00,24.31,24.31,24.31,24.31,10939.42,1
SJCFUT,08/29/2024 09:21:00,24.31,24.31,24.31,24.31,54697.08,5
SJCFUT,08/29/2024 09:29:00,24.34,24.34,24.34,24.34,10954.5,1
SJCFUT,08/29/2024 10:02:00,24.35,24.35,24.35,24.35,21919.05,2
SJCFUT,08/29/2024 10:36:00,24.39,24.39,24.39,24.39,109746.08,10
SJCFUT,08/29/2024 10:44:00,24.31,24.33,24.31,24.33,153252.38,14
SJCFUT,08/29/2024 10:46:00,24.35,24.35,24.35,24.35,65757.15,6
SJCFUT,08/29/2024 10:51:00,24.33,24.33,24.33,24.33,54747.36,5
SJCFUT,08/29/2024 10:59:00,24.31,24.31,24.31,24.31,251606.58,23
SJCFUT,08/29/2024 11:20:00,24.37,24.37,24.37,24.37,54822.76,5
SJCFUT,08/29/2024 11:50:00,24.3,24.3,24.3,24.3,87475.11,8
SJCFUT,08/29/2024 12:02:00,24.27,24.27,24.25,24.25,54591.51,5
SJCFUT,08/29/2024 12:09:00,24.29,24.29,24.29,24.29,87434.89,8
SJCFUT,08/29/2024 12:38:00,24.33,24.33,24.33,24.33,21898.94,2
SJCFUT,08/29/2024 12:56:00,24.38,24.39,24.38,24.39,54852.93,5
SJCFUT,08/29/2024 12:58:00,24.4,24.4,24.4,24.4,10979.63,1
SJCFUT,08/29/2024 12:59:00,24.4,24.4,24.4,24.4,10979.63,1
SJCFUT,08/29/2024 13:05:00,24.41,24.41,24.41,24.41,21969.32,2
SJCFUT,08/29/2024 13:06:00,24.4,24.4,24.39,24.39,548755.52,50
SJCFUT,08/29/2024 13:08:00,24.42,24.43,24.42,24.43,109927.06,10
SJCFUT,08/29/2024 13:37:00,24.35,24.35,24.35,24.35,21919.05,2
SJCFUT,08/29/2024 14:16:00,24.43,24.43,24.43,24.43,32984.15,3
SJCFUT,08/30/2024 09:01:00,24.78,24.78,24.78,24.78,22301.13,2
SJCFUT,08/30/2024 09:03:00,24.72,24.73,24.72,24.73,1123673.13,101
SJCFUT,08/30/2024 09:06:00,24.72,24.72,24.72,24.72,11125.43,1
SJCFUT,08/30/2024 09:08:00,24.71,24.72,24.71,24.72,22245.83,2
SJCFUT,08/30/2024 09:09:00,24.73,24.73,24.73,24.73,333913.62,30
SJCFUT,08/30/2024 09:10:00,24.75,24.75,24.75,24.75,22270.96,2
SJCFUT,08/30/2024 09:19:00,24.77,24.77,24.77,24.77,11145.54,1
SJCFUT,08/30/2024 09:22:00,24.73,24.75,24.73,24.75,44531.87,4
SJCFUT,08/30/2024 09:23:00,24.75,24.75,24.73,24.73,289502.41,26
SJCFUT,08/30/2024 09:26:00,24.75,24.75,24.73,24.73,311788.45,28
SJCFUT,08/30/2024 09:33:00,24.8,24.8,24.8,24.8,267854.83,24
SJCFUT,08/30/2024 09:35:00,24.77,24.77,24.77,24.77,55727.68,5
SJCFUT,08/30/2024 09:36:00,24.79,24.79,24.79,24.79,22311.18,2
SJCFUT,08/30/2024 09:38:00,24.8,24.81,24.8,24.81,44652.53,4
SJCFUT,08/30/2024 09:39:00,24.82,24.82,24.82,24.82,33512.02,3
SJCFUT,08/30/2024 09:40:00,24.81,24.81,24.81,24.81,78159.52,7
SJCFUT,08/30/2024 09:59:00,24.75,24.75,24.75,24.75,11135.48,1
SJCFUT,08/30/2024 10:00:00,24.75,24.75,24.75,24.75,44541.93,4
SJCFUT,08/30/2024 10:30:00,24.73,24.75,24.73,24.73,44526.84,4
SJCFUT,08/30/2024 10:33:00,24.75,24.75,24.75,24.75,211574.15,19
SJCFUT,08/30/2024 10:36:00,24.76,24.77,24.76,24.77,78008.7,7
SJCFUT,08/30/2024 10:39:00,24.76,24.76,24.76,24.76,11140.51,1
SJCFUT,08/30/2024 10:44:00,24.69,24.69,24.69,24.69,1111034.48,100
SJCFUT,08/30/2024 10:48:00,24.64,24.64,24.64,24.64,11090.24,1
SJCFUT,08/30/2024 11:02:00,24.48,24.48,24.48,24.48,11014.83,1
SJCFUT,08/30/2024 11:30:00,24.54,24.54,24.54,24.54,55224.95,5
SJCFUT,08/30/2024 11:40:00,24.47,24.47,24.47,24.47,11009.8,1
SJCFUT,08/30/2024 11:57:00,24.48,24.48,24.48,24.48,352474.43,32
SJCFUT,08/30/2024 12:03:00,24.48,24.48,24.48,24.48,88118.61,8
SJCFUT,08/30/2024 12:24:00,24.44,24.44,24.44,24.44,329992.32,30
SJCFUT,08/30/2024 12:45:00,24.46,24.46,24.46,24.46,55023.86,5
SJCFUT,08/30/2024 13:01:00,24.52,24.52,24.52,24.52,22069.87,2
SJCFUT,08/30/2024 13:06:00,24.52,24.52,24.52,24.52,55174.68,5
SJCFUT,08/30/2024 13:12:00,24.56,24.56,24.56,24.56,44200.07,4
SJCFUT,08/30/2024 13:14:00,24.56,24.56,24.56,24.56,44200.07,4
SJCFUT,08/30/2024 13:17:00,24.54,24.54,24.54,24.54,11044.99,1
SJCFUT,08/30/2024 13:56:00,24.63,24.66,24.63,24.66,33265.68,3
SJCFUT,08/30/2024 13:57:00,24.63,24.63,24.63,24.63,55426.04,5
SJCFUT,08/30/2024 14:09:00,24.64,24.64,24.64,24.64,33270.71,3
SJCFUT,08/30/2024 14:11:00,24.63,24.63,24.63,24.63,11085.21,1
SJCFUT,08/30/2024 14:25:00,24.69,24.69,24.69,24.69,133324.14,12
SJCFUT,08/30/2024 14:54:00,24.69,24.69,24.69,24.69,11110.34,1
SJCFUT,09/03/2024 09:02:00,24.66,24.66,24.66,24.66,110952.63,10
SJCFUT,09/03/2024 09:07:00,24.7,24.7,24.7,24.7,155615.21,14
SJCFUT,09/03/2024 09:08:00,24.73,24.73,24.73,24.73,11130.45,1
SJCFUT,09/03/2024 09:13:00,24.73,24.73,24.73,24.73,55652.27,5
SJCFUT,09/03/2024 09:17:00,24.77,24.77,24.77,24.77,11145.54,1
SJCFUT,09/03/2024 09:19:00,24.77,24.77,24.77,24.77,11145.54,1
SJCFUT,09/03/2024 09:28:00,24.76,24.76,24.76,24.76,22281.02,2
SJCFUT,09/03/2024 09:35:00,24.81,24.81,24.81,24.81,11165.65,1
SJCFUT,09/03/2024 09:40:00,24.81,24.82,24.81,24.82,44672.64,4
SJCFUT,09/03/2024 10:30:00,24.83,24.83,24.83,24.83,78229.9,7
SJCFUT,09/03/2024 10:36:00,24.91,24.91,24.91,24.91,11210.89,1
SJCFUT,09/03/2024 10:45:00,24.81,24.81,24.81,24.81,55828.23,5
SJCFUT,09/03/2024 10:48:00,24.79,24.79,24.79,24.79,22311.18,2
SJCFUT,09/03/2024 10:50:00,24.75,24.75,24.75,24.75,22270.96,2
SJCFUT,09/03/2024 10:56:00,24.69,24.69,24.69,24.69,11110.34,1
SJCFUT,09/03/2024 12:56:00,24.92,24.92,24.92,24.92,291613.87,26
SJCFUT,09/03/2024 13:08:00,25.02,25.02,25.02,25.02,574319.36,51
SJCFUT,09/03/2024 13:16:00,25.1,25.1,25.1,25.1,11296.36,1
SJCFUT,09/03/2024 13:19:00,25.07,25.07,25.07,25.07,22562.55,2
SJCFUT,09/03/2024 13:23:00,25.08,25.08,25.08,25.08,56431.5,5
SJCFUT,09/03/2024 13:25:00,25.11,25.11,25.11,25.11,11301.38,1
SJCFUT,09/03/2024 13:30:00,25.15,25.17,25.15,25.17,33959.45,3
SJCFUT,09/03/2024 13:31:00,25.17,25.17,25.17,25.17,22653.04,2
SJCFUT,09/03/2024 13:32:00,25.17,25.17,25.17,25.17,11326.52,1
SJCFUT,09/03/2024 13:52:00,25.14,25.14,25.14,25.14,22622.87,2
SJCFUT,09/03/2024 14:20:00,25.04,25.04,25.04,25.04,11266.19,1
SJCFUT,09/04/2024 09:08:00,24.78,24.78,24.78,24.78,22301.13,2
SJCFUT,09/04/2024 09:19:00,24.77,24.78,24.77,24.78,222960.99,20
SJCFUT,09/04/2024 09:30:00,24.8,24.8,24.8,24.8,11160.62,1
SJCFUT,09/04/2024 09:33:00,24.8,24.8,24.8,24.8,44642.47,4
SJCFUT,09/04/2024 10:43:00,25.09,25.1,25.09,25.1,937552.23,83
SJCFUT,09/04/2024 10:48:00,25.01,25.01,25.01,25.01,11256.14,1
SJCFUT,09/04/2024 11:45:00,25.05,25.05,25.05,25.05,56356.09,5
SJCFUT,09/04/2024 11:54:00,25.07,25.07,25.07,25.07,11281.27,1
SJCFUT,09/04/2024 13:14:00,25.04,25.04,25.04,25.04,45064.77,4
SJCFUT,09/04/2024 13:15:00,25.04,25.04,25.04,25.04,259122.4,23
SJCFUT,09/04/2024 13:22:00,25.02,25.02,25.02,25.02,11261.16,1
SJCFUT,09/04/2024 13:36:00,25.09,25.09,25.09,25.09,11291.33,1
SJCFUT,09/04/2024 13:51:00,25.13,25.13,25.13,25.13,22612.82,2
SJCFUT,09/04/2024 13:53:00,25.13,25.13,25.13,25.13,22612.82,2
SJCFUT,09/04/2024 14:20:00,25.15,25.15,25.15,25.15,11316.46,1
SJCFUT,09/04/2024 14:21:00,25.17,25.17,25.17,25.17,11326.52,1
SJCFUT,09/04/2024 14:49:00,25.16,25.16,25.16,25.16,22642.98,2
SJCFUT,09/05/2024 09:10:00,24.88,24.88,24.88,24.88,11195.81,1
SJCFUT,09/05/2024 09:30:00,24.98,24.98,24.98,24.98,78687.38,7
SJCFUT,09/05/2024 09:36:00,24.97,24.97,24.97,24.97,11236.03,1
SJCFUT,09/05/2024 09:37:00,24.96,24.96,24.96,24.96,22462.0,2
SJCFUT,09/05/2024 09:38:00,24.96,24.96,24.96,24.96,11231.0,1
SJCFUT,09/05/2024 09:39:00,24.94,24.94,24.94,24.94,89767.56,8
SJCFUT,09/05/2024 09:40:00,24.96,24.96,24.96,24.96,44924.0,4
SJCFUT,09/05/2024 10:30:00,25.02,25.04,25.02,25.04,112636.78,10
SJCFUT,09/05/2024 10:32:00,25.05,25.05,25.05,25.05,22542.44,2
SJCFUT,09/05/2024 10:36:00,25.02,25.02,25.02,25.02,33783.49,3
SJCFUT,09/05/2024 10:44:00,24.97,24.97,24.97,24.97,78652.19,7
SJCFUT,09/05/2024 10:58:00,25.05,25.05,25.05,25.05,56356.09,5
SJCFUT,09/05/2024 11:02:00,25.07,25.08,25.07,25.08,1263608.17,112
SJCFUT,09/05/2024 11:04:00,25.06,25.06,25.06,25.06,112762.46,10
SJCFUT,09/05/2024 11:16:00,25.05,25.05,25.05,25.05,11271.22,1
SJCFUT,09/05/2024 11:40:00,25.07,25.07,25.07,25.07,11281.27,1
SJCFUT,09/05/2024 11:44:00,24.97,24.97,24.97,24.97,33708.08,3
SJCFUT,09/05/2024 12:47:00,25.06,25.08,25.06,25.08,112812.73,10
SJCFUT,09/05/2024 12:59:00,25.02,25.02,25.02,25.02,56305.82,5
SJCFUT,09/05/2024 13:25:00,25.08,25.08,25.08,25.08,90290.4,8
SJCFUT,09/05/2024 14:05:00,25.13,25.13,25.13,25.13,11306.41,1
SJCFUT,09/05/2024 14:07:00,25.11,25.11,25.11,25.11,67808.29,6
SJCFUT,09/05/2024 14:25:00,25.17,25.17,25.17,25.17,90612.15,8
SJCFUT,09/06/2024 09:07:00,25.14,25.14,25.13,25.13,33929.28,3
SJCFUT,09/06/2024 09:08:00,25.13,25.13,25.13,25.13,11306.41,1
SJCFUT,09/06/2024 09:10:00,25.11,25.11,25.11,25.11,22602.76,2
SJCFUT,09/06/2024 09:11:00,25.14,25.14,25.14,25.14,11311.44,1
SJCFUT,09/06/2024 09:12:00,25.14,25.14,25.14,25.14,11311.44,1
SJCFUT,09/06/2024 09:15:00,25.11,25.11,25.11,25.11,11301.38,1
SJCFUT,09/06/2024 09:16:00,25.11,25.11,25.11,25.11,22602.76,2
SJCFUT,09/06/2024 09:21:00,25.16,25.16,25.16,25.16,11321.49,1
SJCFUT,09/06/2024 09:31:00,25.19,25.19,25.19,25.19,11336.57,1
SJCFUT,09/06/2024 09:38:00,25.25,25.26,25.25,25.26,386418.8,34
SJCFUT,09/06/2024 09:41:00,25.28,25.28,25.28,25.28,11376.79,1
SJCFUT,09/06/2024 09:42:00,25.25,25.25,25.25,25.25,11361.71,1
SJCFUT,09/06/2024 09:55:00,25.19,25.19,25.19,25.19,11336.57,1
SJCFUT,09/06/2024 10:30:00,25.3,25.3,25.28,25.28,22763.64,2
SJCFUT,09/06/2024 10:36:00,25.36,25.36,25.36,25.36,11411.98,1
SJCFUT,09/06/2024 10:39:00,25.34,25.36,25.34,25.36,114109.78,10
SJCFUT,09/06/2024 10:41:00,25.36,25.36,25.36,25.36,11411.98,1
SJCFUT,09/06/2024 10:42:00,25.34,25.34,25.34,25.34,22803.86,2
SJCFUT,09/06/2024 10:52:00,25.28,25.28,25.28,25.28,56883.96,5
SJCFUT,09/06/2024 11:04:00,25.18,25.18,25.18,25.18,45326.19,4
SJCFUT,09/06/2024 11:07:00,25.16,25.16,25.13,25.13,45260.83,4
SJCFUT,09/06/2024 11:13:00,25.09,25.09,25.08,25.08,124154.33,11
SJCFUT,09/06/2024 11:19:00,25.04,25.04,25.04,25.04,11266.19,1
SJCFUT,09/06/2024 11:38:00,25.02,25.02,25.02,25.02,22522.33,2
SJCFUT,09/06/2024 12:04:00,24.94,24.94,24.94,24.94,33662.84,3
SJCFUT,09/06/2024 12:24:00,24.82,24.82,24.82,24.82,11170.67,1
SJCFUT,09/06/2024 12:25:00,24.82,24.82,24.82,24.82,11170.67,1
SJCFUT,09/06/2024 12:47:00,24.85,24.85,24.85,24.85,33542.18,3
SJCFUT,09/06/2024 13:18:00,24.87,24.87,24.87,24.87,268578.76,24
SJCFUT,09/06/2024 13:25:00,24.9,24.9,24.9,24.9,11205.86,1
SJCFUT,09/06/2024 13:26:00,24.9,24.9,24.9,24.9,44823.45,4
SJCFUT,09/06/2024 13:27:00,24.9,24.9,24.9,24.9,22411.73,2
SJCFUT,09/06/2024 13:28:00,24.9,24.9,24.9,24.9,201705.55,18
SJCFUT,09/06/2024 13:33:00,24.86,24.86,24.86,24.86,11185.75,1
SJCFUT,09/06/2024 13:40:00,24.86,24.86,24.86,24.86,11185.75,1
SJCFUT,09/06/2024 14:53:00,24.78,24.78,24.78,24.78,11150.56,1
SJCFUT,09/09/2024 09:00:00,24.97,24.97,24.97,24.97,56180.14,5
SJCFUT,09/09/2024 09:02:00,24.97,24.98,24.97,24.98,427119.86,38
SJCFUT,09/09/2024 09:06:00,25.01,25.01,25.01,25.01,56280.68,5
SJCFUT,09/09/2024 09:12:00,24.97,24.97,24.97,24.97,22472.05,2
SJCFUT,09/09/2024 09:16:00,24.96,24.96,24.96,24.96,11231.0,1
SJCFUT,09/09/2024 09:24:00,24.95,24.95,24.95,24.95,33677.92,3
SJCFUT,09/09/2024 10:31:00,24.99,24.99,24.99,24.99,33738.25,3
SJCFUT,09/09/2024 10:38:00,25.07,25.07,25.07,25.07,33843.82,3
SJCFUT,09/09/2024 10:42:00,25.07,25.07,25.07,25.07,11281.27,1
SJCFUT,09/09/2024 11:49:00,25.04,25.04,25.04,25.04,1126619.13,100
SJCFUT,09/09/2024 11:53:00,25.07,25.09,25.07,25.09,45145.2,4
SJCFUT,09/09/2024 12:01:00,25.07,25.07,25.07,25.07,11281.27,1
SJCFUT,09/09/2024 12:30:00,25.11,25.11,25.11,25.11,45205.53,4
SJCFUT,09/09/2024 12:51:00,25.09,25.09,25.09,25.09,11291.33,1
SJCFUT,09/09/2024 12:58:00,25.09,25.09,25.09,25.09,90330.62,8
SJCFUT,09/09/2024 13:00:00,25.09,25.09,25.09,25.09,56456.64,5
SJCFUT,09/09/2024 13:14:00,25.1,25.1,25.1,25.1,11296.36,1
SJCFUT,09/09/2024 13:22:00,25.08,25.08,25.08,25.08,22572.6,2
SJCFUT,09/09/2024 13:29:00,25.08,25.08,25.06,25.06,169193.96,15
SJCFUT,09/09/2024 13:52:00,25.05,25.05,25.05,25.05,101440.97,9
SJCFUT,09/10/2024 09:00:00,24.87,24.87,24.8,24.8,33532.13,3
SJCFUT,09/10/2024 09:01:00,24.81,24.81,24.81,24.81,11165.65,1
SJCFUT,09/10/2024 09:02:00,24.86,24.86,24.86,24.86,44743.02,4
SJCFUT,09/10/2024 09:04:00,24.86,24.86,24.86,24.86,223715.09,20
SJCFUT,09/10/2024 09:24:00,24.83,24.83,24.83,24.83,22351.4,2
SJCFUT,09/10/2024 09:26:00,24.82,24.82,24.82,24.82,44682.69,4
SJCFUT,09/10/2024 09:32:00,24.82,24.82,24.82,24.82,55853.36,5
SJCFUT,09/10/2024 10:31:00,24.72,24.72,24.7,24.7,22240.8,2
SJCFUT,09/10/2024 10:32:00,24.69,24.69,24.67,24.67,33320.98,3
SJCFUT,09/10/2024 10:33:00,24.71,24.71,24.71,24.71,266889.59,24
SJCFUT,09/10/2024 10:36:00,24.71,24.71,24.71,24.71,11120.4,1
SJCFUT,09/10/2024 10:46:00,24.66,24.67,24.66,24.67,22195.55,2
SJCFUT,09/10/2024 10:51:00,24.62,24.63,24.62,24.63,110842.03,10
SJCFUT,09/10/2024 10:57:00,24.69,24.69,24.69,24.69,66662.07,6
SJCFUT,09/10/2024 10:58:00,24.62,24.62,24.62,24.62,22160.36,2
SJCFUT,09/10/2024 11:00:00,24.63,24.63,24.63,24.63,11085.21,1
SJCFUT,09/10/2024 11:04:00,24.68,24.68,24.68,24.68,55526.59,5
SJCFUT,09/10/2024 11:11:00,24.66,24.66,24.66,24.66,55476.31,5
SJCFUT,09/10/2024 11:18:00,24.63,24.63,24.63,24.63,110852.08,10
SJCFUT,09/10/2024 11:19:00,24.62,24.62,24.62,24.62,22160.36,2
SJCFUT,09/10/2024 11:20:00,24.63,24.63,24.63,24.63,11085.21,1
SJCFUT,09/10/2024 11:25:00,24.6,24.61,24.6,24.61,44295.59,4
SJCFUT,09/10/2024 11:27:00,24.58,24.58,24.58,24.58,331802.15,30
SJCFUT,09/10/2024 11:34:00,24.56,24.59,24.56,24.59,66375.51,6
SJCFUT,09/10/2024 13:38:00,24.54,24.54,24.54,24.54,66269.94,6
SJCFUT,09/10/2024 14:30:00,24.58,24.58,24.58,24.58,66360.43,6
SJCFUT,09/10/2024 14:34:00,24.6,24.61,24.6,24.61,44295.59,4
SJCFUT,09/11/2024 09:00:00,24.67,24.67,24.67,24.67,11100.29,1
SJCFUT,09/11/2024 09:03:00,24.75,24.75,24.75,24.75,256116.07,23
SJCFUT,09/11/2024 09:04:00,24.75,24.75,24.75,24.75,412012.81,37
SJCFUT,09/11/2024 09:10:00,24.75,24.75,24.75,24.75,55677.41,5
SJCFUT,09/11/2024 10:11:00,24.73,24.73,24.73,24.73,11130.45,1
SJCFUT,09/11/2024 10:44:00,24.68,24.68,24.68,24.68,11105.32,1
SJCFUT,09/11/2024 11:01:00,24.58,24.58,24.58,24.58,331802.15,30
SJCFUT,09/11/2024 11:07:00,24.53,24.53,24.53,24.53,11039.96,1
SJCFUT,09/11/2024 11:30:00,24.58,24.59,24.58,24.59,287566.89,26
SJCFUT,09/11/2024 11:33:00,24.58,24.58,24.58,24.58,99540.65,9
SJCFUT,09/11/2024 13:00:00,24.69,24.69,24.69,24.69,77772.41,7
SJCFUT,09/11/2024 13:06:00,24.72,24.72,24.72,24.72,22250.85,2
SJCFUT,09/11/2024 13:19:00,24.67,24.67,24.67,24.67,22200.58,2
SJCFUT,09/11/2024 13:46:00,24.75,24.75,24.75,24.75,55677.41,5
SJCFUT,09/11/2024 14:41:00,24.63,24.63,24.63,24.63,55426.04,5
SJCFUT,09/12/2024 09:03:00,24.86,24.86,24.86,24.86,11185.75,1
SJCFUT,09/12/2024 09:05:00,24.85,24.85,24.82,24.82,78214.82,7
SJCFUT,09/12/2024 09:06:00,24.82,24.82,24.82,24.82,11170.67,1
SJCFUT,09/12/2024 09:21:00,24.79,24.79,24.79,24.79,11155.59,1
SJCFUT,09/12/2024 10:47:00,24.75,24.75,24.75,24.75,66812.89,6
SJCFUT,09/12/2024 11:16:00,24.83,24.83,24.83,24.83,11175.7,1
SJCFUT,09/12/2024 11:18:00,24.85,24.85,24.85,24.85,245976.0,22
SJCFUT,09/12/2024 11:31:00,24.8,24.8,24.8,24.8,55803.09,5
SJCFUT,09/12/2024 12:20:00,24.8,24.8,24.8,24.8,111606.18,10
SJCFUT,09/12/2024 12:39:00,24.8,24.8,24.8,24.8,22321.24,2
SJCFUT,09/12/2024 12:52:00,24.81,24.81,24.81,24.81,11165.65,1
SJCFUT,09/12/2024 13:05:00,24.75,24.75,24.75,24.75,11135.48,1
SJCFUT,09/12/2024 13:10:00,25.0,25.05,24.98,24.98,663910.97,59
SJCFUT,09/12/2024 13:13:00,24.81,24.82,24.81,24.82,122847.23,11
SJCFUT,09/12/2024 13:15:00,24.78,24.78,24.78,24.78,55752.82,5
SJCFUT,09/12/2024 13:19:00,24.71,24.71,24.71,24.71,22240.8,2
SJCFUT,09/12/2024 13:29:00,24.72,24.72,24.72,24.72,55627.13,5
SJCFUT,09/12/2024 13:30:00,24.67,24.69,24.67,24.69,44431.32,4
SJCFUT,09/12/2024 13:39:00,24.67,24.67,24.67,24.67,11100.29,1
SJCFUT,09/12/2024 13:42:00,24.6,24.63,24.6,24.63,265713.2,24
SJCFUT,09/12/2024 13:43:00,24.61,24.61,24.61,24.61,33225.46,3
SJCFUT,09/12/2024 13:45:00,24.61,24.61,24.61,24.61,11075.15,1
SJCFUT,09/12/2024 14:04:00,24.81,24.81,24.81,24.81,55828.23,5
SJCFUT,09/12/2024 14:05:00,24.82,24.82,24.82,24.82,44682.69,4
SJCFUT,09/12/2024 14:06:00,24.81,24.81,24.81,24.81,55828.23,5
SJCFUT,09/12/2024 14:17:00,24.88,24.88,24.88,24.88,11195.81,1
SJCFUT,09/13/2024 09:02:00,25.0,25.0,25.0,25.0,56255.55,5
SJCFUT,09/13/2024 09:05:00,25.06,25.06,25.06,25.06,11276.25,1
SJCFUT,09/13/2024 09:07:00,25.04,25.04,25.04,25.04,11266.19,1
SJCFUT,09/13/2024 09:10:00,25.07,25.07,25.07,25.07,22562.55,2
SJCFUT,09/13/2024 09:12:00,25.07,25.07,25.07,25.07,11281.27,1
SJCFUT,09/13/2024 09:13:00,25.07,25.07,25.07,25.07,22562.55,2
SJCFUT,09/13/2024 09:16:00,25.05,25.07,25.05,25.07,90189.86,8
SJCFUT,09/13/2024 09:17:00,25.07,25.07,25.07,25.07,78968.91,7
SJCFUT,09/13/2024 09:18:00,25.06,25.06,25.06,25.06,56381.23,5
SJCFUT,09/13/2024 09:20:00,25.07,25.07,25.07,25.07,11281.27,1
SJCFUT,09/13/2024 09:21:00,25.06,25.06,25.06,25.06,56381.23,5
SJCFUT,09/13/2024 09:23:00,25.09,25.09,25.09,25.09,203243.9,18
SJCFUT,09/13/2024 09:24:00,25.09,25.09,25.09,25.09,45165.31,4
SJCFUT,09/13/2024 09:25:00,25.09,25.09,25.09,25.09,33873.98,3
SJCFUT,09/13/2024 09:37:00,25.09,25.09,25.09,25.09,124204.61,11
SJCFUT,09/13/2024 09:54:00,25.09,25.09,25.09,25.09,11291.33,1
SJCFUT,09/13/2024 10:27:00,25.07,25.07,25.07,25.07,11281.27,1
SJCFUT,09/13/2024 10:30:00,25.11,25.11,25.11,25.11,22602.76,2
SJCFUT,09/13/2024 10:32:00,25.02,25.02,25.02,25.02,11261.16,1
SJCFUT,09/13/2024 10:37:00,24.99,24.99,24.97,24.97,112410.55,10
SJCFUT,09/13/2024 10:39:00,24.99,24.99,24.99,24.99,56230.41,5
SJCFUT,09/13/2024 10:41:00,24.96,24.96,24.96,24.96,56155.0,5
SJCFUT,09/13/2024 10:42:00,24.92,24.92,24.91,24.92,78506.4,7
SJCFUT,09/13/2024 10:44:00,24.92,24.92,24.92,24.92,56079.59,5
SJCFUT,09/13/2024 10:51:00,24.98,25.0,24.98,25.0,78727.6,7
SJCFUT,09/13/2024 10:53:00,24.99,24.99,24.99,24.99,22492.16,2
SJCFUT,09/13/2024 11:12:00,24.9,24.9,24.9,24.9,11205.86,1
SJCFUT,09/13/2024 11:21:00,24.82,24.82,24.82,24.82,22341.35,2
SJCFUT,09/13/2024 11:31:00,24.88,24.88,24.88,24.88,11195.81,1
SJCFUT,09/13/2024 11:43:00,24.85,24.85,24.85,24.85,22361.45,2
SJCFUT,09/13/2024 12:18:00,24.88,24.88,24.88,24.88,22391.62,2
SJCFUT,09/13/2024 12:22:00,24.83,24.83,24.83,24.83,11175.7,1
SJCFUT,09/13/2024 12:25:00,24.85,24.85,24.85,24.85,55903.64,5
SJCFUT,09/13/2024 12:51:00,24.82,24.82,24.82,24.82,11170.67,1
SJCFUT,09/13/2024 12:53:00,24.78,24.78,24.78,24.78,55752.82,5
SJCFUT,09/13/2024 13:20:00,24.7,24.7,24.7,24.7,44461.49,4
SJCFUT,09/13/2024 14:09:00,24.76,24.76,24.76,24.76,11140.51,1
SJCFUT,09/13/2024 14:14:00,24.76,24.76,24.72,24.72,22265.94,2
SJCFUT,09/13/2024 14:49:00,24.75,24.75,24.75,24.75,11135.48,1
SJCFUT,09/13/2024 14:59:00,24.75,24.75,24.75,24.75,44541.93,4
SJCFUT,09/16/2024 09:13:00,24.75,24.75,24.75,24.75,11135.48,1
SJCFUT,09/16/2024 09:14:00,24.75,24.75,24.75,24.75,44541.93,4
SJCFUT,09/16/2024 09:15:00,24.75,24.75,24.75,24.75,11135.48,1
SJCFUT,09/16/2024 09:25:00,24.77,24.77,24.77,24.77,22291.07,2
SJCFUT,09/16/2024 09:26:00,24.79,24.79,24.79,24.79,55777.95,5
SJCFUT,09/16/2024 09:28:00,24.79,24.79,24.79,24.79,22311.18,2
SJCFUT,09/16/2024 10:34:00,24.87,24.87,24.87,24.87,44763.13,4
SJCFUT,09/16/2024 10:46:00,24.82,24.82,24.78,24.79,66963.71,6
SJCFUT,09/16/2024 11:39:00,24.75,24.75,24.75,24.75,44541.93,4
SJCFUT,09/16/2024 11:40:00,24.75,24.75,24.75,24.75,11135.48,1
SJCFUT,09/16/2024 12:26:00,24.75,24.75,24.75,24.75,200438.66,18
SJCFUT,09/16/2024 13:13:00,24.75,24.75,24.75,24.75,11135.48,1
SJCFUT,09/16/2024 13:24:00,24.7,24.7,24.7,24.7,11115.37,1
SJCFUT,09/16/2024 13:29:00,24.69,24.69,24.69,24.69,155544.83,14
SJCFUT,09/16/2024 14:51:00,24.8,24.8,24.8,24.8,66963.71,6
SJCFUT,09/17/2024 09:13:00,24.8,24.8,24.8,24.8,11160.62,1
SJCFUT,09/17/2024 09:20:00,24.82,24.82,24.82,24.82,44682.69,4
SJCFUT,09/17/2024 09:21:00,24.82,24.82,24.82,24.82,22341.35,2
SJCFUT,09/17/2024 09:29:00,24.82,24.82,24.82,24.82,111706.73,10
SJCFUT,09/17/2024 09:31:00,24.82,24.82,24.82,24.82,134048.07,12
SJCFUT,09/17/2024 09:53:00,24.72,24.72,24.72,24.72,11125.43,1
SJCFUT,09/17/2024 10:30:00,24.83,24.85,24.8,24.8,44677.66,4
SJCFUT,09/17/2024 10:35:00,24.86,24.88,24.86,24.87,55948.88,5
SJCFUT,09/17/2024 10:48:00,24.86,24.86,24.86,24.86,78300.28,7
SJCFUT,09/17/2024 10:55:00,24.83,24.83,24.83,24.83,78229.9,7
SJCFUT,09/17/2024 11:03:00,24.86,24.86,24.86,24.86,11185.75,1
SJCFUT,09/17/2024 11:29:00,24.8,24.8,24.8,24.8,11160.62,1
SJCFUT,09/17/2024 12:03:00,24.81,24.81,24.81,24.81,44662.58,4
SJCFUT,09/17/2024 12:07:00,24.85,24.85,24.85,24.85,111807.27,10
SJCFUT,09/17/2024 14:22:00,24.7,24.7,24.7,24.7,22230.74,2
SJCFUT,09/18/2024 09:00:00,25.11,25.11,25.11,25.11,11301.38,1
SJCFUT,09/18/2024 09:02:00,25.11,25.13,25.1,25.13,124295.1,11
SJCFUT,09/18/2024 09:03:00,25.13,25.13,25.13,25.13,22612.82,2
SJCFUT,09/18/2024 09:05:00,25.13,25.13,25.13,25.13,11306.41,1
SJCFUT,09/18/2024 09:13:00,25.1,25.1,25.1,25.1,90370.84,8
SJCFUT,09/18/2024 09:24:00,25.08,25.08,25.05,25.05,247996.97,22
SJCFUT,09/18/2024 09:33:00,25.02,25.02,25.02,25.02,22522.33,2
SJCFUT,09/18/2024 09:34:00,25.05,25.05,25.05,25.05,33813.66,3
SJCFUT,09/18/2024 09:35:00,25.05,25.05,25.05,25.05,22542.44,2
SJCFUT,09/18/2024 09:40:00,25.02,25.02,24.99,24.99,573565.27,51
SJCFUT,09/18/2024 10:43:00,25.08,25.08,25.08,25.08,45145.2,4
SJCFUT,09/18/2024 10:46:00,25.02,25.02,25.02,25.02,56305.82,5
SJCFUT,09/18/2024 11:15:00,25.08,25.08,25.08,25.08,22572.6,2
SJCFUT,09/18/2024 12:03:00,24.94,24.94,24.94,24.94,44883.78,4
SJCFUT,09/18/2024 12:04:00,24.92,24.92,24.92,24.92,11215.92,1
SJCFUT,09/18/2024 12:06:00,24.9,24.9,24.9,24.9,44823.45,4
SJCFUT,09/18/2024 12:09:00,24.88,24.88,24.88,24.88,55979.05,5
SJCFUT,09/18/2024 12:50:00,24.8,24.82,24.8,24.82,100455.62,9
SJCFUT,09/18/2024 13:28:00,24.83,24.83,24.83,24.83,223514.0,20
SJCFUT,09/18/2024 13:29:00,24.81,24.81,24.81,24.81,22331.29,2
SJCFUT,09/19/2024 09:02:00,24.85,24.85,24.85,24.85,11180.73,1
SJCFUT,09/19/2024 09:05:00,24.86,24.86,24.86,24.86,22371.51,2
SJCFUT,09/19/2024 09:28:00,24.92,24.92,24.92,24.92,33647.75,3
SJCFUT,09/19/2024 10:58:00,25.05,25.05,25.04,25.04,135229.49,12
SJCFUT,09/19/2024 11:01:00,25.02,25.02,25.02,25.02,56305.82,5
SJCFUT,09/19/2024 11:21:00,24.99,24.99,24.99,24.99,11246.08,1
SJCFUT,09/19/2024 11:34:00,24.95,24.95,24.95,24.95,11225.97,1
SJCFUT,09/19/2024 11:43:00,24.89,24.89,24.89,24.89,56004.18,5
SJCFUT,09/20/2024 09:02:00,24.87,24.87,24.87,24.87,111907.82,10
SJCFUT,09/20/2024 09:07:00,24.86,24.86,24.86,24.86,44743.02,4
SJCFUT,09/20/2024 09:18:00,24.88,24.88,24.88,24.88,22391.62,2
SJCFUT,09/20/2024 09:37:00,24.86,24.86,24.86,24.86,11185.75,1
SJCFUT,09/20/2024 09:42:00,24.81,24.81,24.75,24.75,44582.14,4
SJCFUT,09/20/2024 09:47:00,24.75,24.75,24.75,24.75,11135.48,1
SJCFUT,09/20/2024 10:02:00,24.91,24.97,24.91,24.97,179454.69,16
SJCFUT,09/20/2024 10:33:00,24.7,24.7,24.7,24.7,288999.68,26
SJCFUT,09/20/2024 10:35:00,24.69,24.69,24.68,24.68,22215.66,2
SJCFUT,09/20/2024 10:36:00,24.66,24.69,24.66,24.69,66586.66,6
SJCFUT,09/20/2024 10:52:00,24.75,24.75,24.75,24.75,55677.41,5
SJCFUT,09/20/2024 10:56:00,24.72,24.72,24.72,24.72,22250.85,2
SJCFUT,09/20/2024 11:08:00,24.73,24.73,24.73,24.73,11130.45,1
SJCFUT,09/20/2024 11:10:00,24.71,24.71,24.71,24.71,55602.0,5
SJCFUT,09/20/2024 11:20:00,24.7,24.7,24.7,24.7,11115.37,1
SJCFUT,09/20/2024 11:26:00,24.76,24.76,24.76,24.76,11140.51,1
SJCFUT,09/20/2024 12:28:00,24.79,24.79,24.79,24.79,11155.59,1
SJCFUT,09/20/2024 12:34:00,24.8,24.8,24.8,24.8,11160.62,1
SJCFUT,09/20/2024 13:47:00,24.91,24.91,24.91,24.91,325115.84,29
SJCFUT,09/20/2024 13:51:00,24.91,24.91,24.91,24.91,22421.78,2
SJCFUT,09/20/2024 14:28:00,24.91,24.91,24.91,24.91,336326.73,30
SJCFUT,09/23/2024 09:04:00,25.2,25.23,25.2,25.23,68099.88,6
SJCFUT,09/23/2024 09:15:00,25.2,25.2,25.2,25.2,68049.61,6
SJCFUT,09/23/2024 09:17:00,25.23,25.23,25.23,25.23,11351.66,1
SJCFUT,09/23/2024 09:18:00,25.23,25.23,25.23,25.23,454066.22,40
SJCFUT,09/23/2024 09:20:00,25.23,25.24,25.23,25.23,454146.66,40
SJCFUT,09/23/2024 09:22:00,25.24,25.24,25.24,25.24,45426.73,4
SJCFUT,09/23/2024 09:25:00,25.25,25.25,25.25,25.25,11361.71,1
SJCFUT,09/23/2024 09:32:00,25.25,25.25,25.25,25.25,68170.26,6
SJCFUT,09/23/2024 09:36:00,25.25,25.25,25.25,25.25,227234.2,20
SJCFUT,09/23/2024 09:55:00,25.21,25.21,25.21,25.21,11346.63,1
SJCFUT,09/23/2024 10:30:00,25.3,25.3,25.26,25.26,125235.2,11
SJCFUT,09/23/2024 10:31:00,25.28,25.28,25.28,25.28,11376.79,1
SJCFUT,09/23/2024 10:33:00,25.27,25.27,25.27,25.27,11371.76,1
SJCFUT,09/23/2024 10:35:00,25.38,25.42,25.38,25.42,182958.72,16
SJCFUT,09/23/2024 10:38:00,25.44,25.45,25.44,25.45,927472.48,81
SJCFUT,09/23/2024 10:41:00,25.48,25.48,25.44,25.44,309470.86,27
SJCFUT,09/23/2024 10:42:00,25.44,25.44,25.44,25.44,68683.05,6
SJCFUT,09/23/2024 10:45:00,25.51,25.55,25.51,25.52,654535.05,57
SJCFUT,09/23/2024 10:48:00,25.52,25.53,25.52,25.53,22969.76,2
SJCFUT,09/23/2024 10:49:00,25.55,25.55,25.53,25.53,114939.28,10
SJCFUT,09/23/2024 10:50:00,25.58,25.58,25.56,25.56,126537.28,11
SJCFUT,09/23/2024 10:51:00,25.56,25.56,25.56,25.56,57512.37,5
SJCFUT,09/23/2024 10:53:00,25.58,25.63,25.57,25.57,161275.96,14
SJCFUT,09/23/2024 11:02:00,25.58,25.58,25.58,25.58,230250.59,20
SJCFUT,09/23/2024 11:08:00,25.59,25.59,25.58,25.58,69100.31,6
SJCFUT,09/23/2024 11:09:00,25.61,25.61,25.61,25.61,403290.44,35
SJCFUT,09/23/2024 11:10:00,25.61,25.61,25.61,25.61,57612.92,5
SJCFUT,09/23/2024 11:14:00,25.62,25.62,25.62,25.62,23055.22,2
SJCFUT,09/23/2024 11:21:00,25.62,25.62,25.62,25.62,11527.61,1
SJCFUT,09/23/2024 11:22:00,25.56,25.56,25.56,25.56,46009.9,4
SJCFUT,09/23/2024 11:23:00,25.57,25.57,25.57,25.57,115075.02,10
SJCFUT,09/23/2024 11:27:00,25.52,25.52,25.52,25.52,34447.1,3
SJCFUT,09/23/2024 11:28:00,25.49,25.49,25.48,25.48,68808.73,6
SJCFUT,09/23/2024 11:44:00,25.44,25.44,25.44,25.44,11447.17,1
SJCFUT,09/23/2024 12:20:00,25.53,25.53,25.52,25.52,22969.76,2
SJCFUT,09/23/2024 12:27:00,25.48,25.48,25.48,25.48,57336.42,5
SJCFUT,09/23/2024 12:35:00,25.48,25.48,25.47,25.47,114647.7,10
SJCFUT,09/23/2024 12:47:00,25.47,25.47,25.47,25.47,34386.77,3
SJCFUT,09/23/2024 12:50:00,25.47,25.47,25.47,25.47,57311.28,5
SJCFUT,09/23/2024 13:08:00,25.55,25.55,25.55,25.55,11497.45,1
SJCFUT,09/23/2024 13:09:00,25.52,25.52,25.52,25.52,34447.1,3
SJCFUT,09/23/2024 14:04:00,25.48,25.48,25.48,25.48,172009.25,15
SJCFUT,09/23/2024 14:09:00,25.53,25.53,25.53,25.53,114873.93,10
SJCFUT,09/23/2024 14:13:00,25.54,25.54,25.54,25.54,22984.84,2
SJCFUT,09/23/2024 14:17:00,25.56,25.59,25.56,25.59,34522.51,3
SJCFUT,09/23/2024 14:50:00,25.55,25.57,25.55,25.55,57507.35,5
SJCFUT,09/23/2024 14:52:00,25.55,25.55,25.53,25.53,229813.21,20
SJCFUT,09/24/2024 09:00:00,25.7,25.7,25.68,25.68,34678.35,3
SJCFUT,09/24/2024 09:01:00,25.72,25.72,25.7,25.7,612888.85,53
SJCFUT,09/24/2024 09:02:00,25.71,25.71,25.71,25.71,11567.83,1
SJCFUT,09/24/2024 09:03:00,25.74,25.74,25.72,25.72,23155.77,2
SJCFUT,09/24/2024 09:04:00,25.74,25.74,25.74,25.74,23165.82,2
SJCFUT,09/24/2024 09:05:00,25.74,25.74,25.74,25.74,46331.65,4
SJCFUT,09/24/2024 09:07:00,25.73,25.73,25.73,25.73,11577.88,1
SJCFUT,09/24/2024 09:08:00,25.73,25.73,25.72,25.72,69442.17,6
SJCFUT,09/24/2024 09:14:00,25.75,25.75,25.75,25.75,115879.39,10
SJCFUT,09/24/2024 09:16:00,25.75,25.75,25.74,25.74,173768.81,15
SJCFUT,09/24/2024 09:18:00,25.74,25.75,25.74,25.75,69502.5,6
SJCFUT,09/24/2024 09:20:00,25.74,25.74,25.73,25.74,34743.71,3
SJCFUT,09/24/2024 09:33:00,25.76,25.81,25.76,25.81,69577.91,6
SJCFUT,09/24/2024 09:34:00,25.81,25.81,25.81,25.81,348392.26,30
SJCFUT,09/24/2024 09:39:00,25.82,25.82,25.82,25.82,23236.21,2
SJCFUT,09/24/2024 09:44:00,25.9,25.9,25.9,25.9,11653.29,1
SJCFUT,09/24/2024 09:46:00,25.9,25.9,25.9,25.9,256372.46,22
SJCFUT,09/24/2024 09:50:00,25.9,25.9,25.9,25.9,11653.29,1
SJCFUT,09/24/2024 09:51:00,25.9,25.9,25.9,25.9,34959.88,3
SJCFUT,09/24/2024 09:53:00,25.9,25.9,25.9,25.9,11653.29,1
SJCFUT,09/24/2024 09:55:00,25.77,25.77,25.72,25.72,231607.96,20
SJCFUT,09/24/2024 10:17:00,25.9,25.9,25.9,25.9,11653.29,1
SJCFUT,09/24/2024 10:30:00,25.9,25.92,25.87,25.89,955675.67,82
SJCFUT,09/24/2024 10:32:00,25.87,25.87,25.86,25.86,23281.45,2
SJCFUT,09/24/2024 10:35:00,25.85,25.86,25.85,25.86,104718.77,9
SJCFUT,09/24/2024 10:40:00,25.97,26.01,25.97,26.01,444283.08,38
SJCFUT,09/24/2024 10:41:00,26.03,26.03,25.97,25.97,222237.06,19
SJCFUT,09/24/2024 10:43:00,25.95,25.95,25.95,25.95,58392.15,5
SJCFUT,09/24/2024 10:44:00,25.95,25.95,25.94,25.94,385242.41,33
SJCFUT,09/24/2024 10:45:00,25.94,25.97,25.94,25.97,58397.18,5
SJCFUT,09/24/2024 10:46:00,25.97,25.97,25.97,25.97,46753.94,4
SJCFUT,09/24/2024 10:47:00,25.97,25.97,25.97,25.97,70130.91,6
SJCFUT,09/24/2024 10:54:00,25.97,25.99,25.97,25.99,46763.99,4
SJCFUT,09/24/2024 11:02:00,25.99,25.99,25.99,25.99,23387.02,2
SJCFUT,09/24/2024 11:06:00,25.93,25.93,25.93,25.93,11668.38,1
SJCFUT,09/24/2024 11:14:00,25.93,25.93,25.93,25.93,46673.5,4
SJCFUT,09/24/2024 11:15:00,25.93,25.94,25.93,25.94,642012.03,55
SJCFUT,09/24/2024 11:18:00,25.96,25.96,25.95,25.95,116809.44,10
SJCFUT,09/24/2024 11:20:00,25.95,25.95,25.95,25.95,35035.29,3
SJCFUT,09/24/2024 11:34:00,25.86,25.86,25.86,25.86,23276.42,2
SJCFUT,09/24/2024 11:38:00,25.91,25.91,25.91,25.91,11658.32,1
SJCFUT,09/24/2024 12:00:00,25.87,25.87,25.87,25.87,116432.39,10
SJCFUT,09/24/2024 12:18:00,25.75,25.75,25.75,25.75,23175.88,2
SJCFUT,09/24/2024 12:21:00,25.77,25.77,25.77,25.77,57989.97,5
SJCFUT,09/24/2024 12:33:00,25.72,25.72,25.68,25.68,69396.92,6
SJCFUT,09/24/2024 12:37:00,25.67,25.67,25.66,25.66,92406.9,8
SJCFUT,09/24/2024 13:08:00,25.73,25.73,25.73,25.73,115778.84,10
SJCFUT,09/24/2024 13:31:00,25.72,25.72,25.72,25.72,11572.86,1
SJCFUT,09/24/2024 13:35:00,25.7,25.7,25.7,25.7,57814.01,5
SJCFUT,09/24/2024 14:14:00,25.62,25.62,25.61,25.61,80668.14,7
SJCFUT,09/24/2024 14:30:00,25.57,25.57,25.57,25.57,69045.01,6
SJCFUT,09/24/2024 14:33:00,25.62,25.62,25.62,25.62,345828.34,30
SJCFUT,09/25/2024 09:00:00,25.48,25.48,25.48,25.48,11467.28,1
SJCFUT,09/25/2024 09:16:00,25.46,25.46,25.46,25.46,11457.23,1
SJCFUT,09/25/2024 09:19:00,25.47,25.47,25.47,25.47,11462.26,1
SJCFUT,09/25/2024 10:35:00,25.49,25.49,25.49,25.49,11472.31,1
SJCFUT,09/25/2024 10:37:00,25.55,25.55,25.55,25.55,287436.18,25
SJCFUT,09/25/2024 10:38:00,25.57,25.57,25.56,25.56,345215.0,30
SJCFUT,09/25/2024 10:39:00,25.58,25.58,25.58,25.58,11512.53,1
SJCFUT,09/25/2024 11:07:00,25.58,25.58,25.58,25.58,23025.06,2
SJCFUT,09/25/2024 11:08:00,25.63,25.63,25.63,25.63,11532.64,1
SJCFUT,09/25/2024 11:14:00,25.62,25.62,25.62,25.62,11527.61,1
SJCFUT,09/25/2024 11:17:00,25.58,25.58,25.58,25.58,575626.46,50
SJCFUT,09/25/2024 11:19:00,25.63,25.63,25.63,25.63,11532.64,1
SJCFUT,09/25/2024 11:26:00,25.66,25.67,25.66,25.67,46205.96,4
SJCFUT,09/25/2024 11:42:00,25.73,25.73,25.73,25.73,277869.22,24
SJCFUT,09/25/2024 12:16:00,25.81,25.81,25.81,25.81,11613.08,1
SJCFUT,09/25/2024 13:33:00,25.8,25.8,25.8,25.8,23216.1,2
SJCFUT,09/25/2024 13:42:00,25.83,25.83,25.83,25.83,23246.26,2
SJCFUT,09/25/2024 13:52:00,25.83,25.83,25.83,25.83,34869.39,3
SJCFUT,09/25/2024 14:25:00,25.77,25.77,25.75,25.76,359427.2,31
SJCFUT,09/25/2024 14:26:00,25.76,25.76,25.76,25.76,23185.93,2
SJCFUT,09/25/2024 14:30:00,25.8,25.8,25.8,25.8,11608.05,1
SJCFUT,09/25/2024 14:56:00,25.92,25.92,25.92,25.92,81643.44,7
SJCFUT,09/25/2024 14:59:00,25.92,25.92,25.92,25.92,58316.74,5
SJCFUT,09/26/2024 09:02:00,26.16,26.2,26.16,26.2,23562.98,2
SJCFUT,09/26/2024 09:04:00,26.18,26.22,26.16,26.22,648492.23,55
SJCFUT,09/26/2024 09:11:00,26.23,26.23,26.23,26.23,11804.11,1
SJCFUT,09/26/2024 09:23:00,26.15,26.15,26.15,26.15,11768.92,1
SJCFUT,09/26/2024 09:33:00,26.15,26.15,26.15,26.15,23537.84,2
SJCFUT,09/26/2024 09:40:00,26.05,26.1,26.05,26.1,375358.73,32
SJCFUT,09/26/2024 09:44:00,26.06,26.06,26.06,26.06,234574.07,20
SJCFUT,09/26/2024 10:15:00,26.25,26.25,26.22,26.22,59055.76,5
SJCFUT,09/26/2024 10:17:00,26.22,26.23,26.22,26.23,59000.46,5
SJCFUT,09/26/2024 10:21:00,26.22,26.22,26.22,26.22,94392.69,8
SJCFUT,09/26/2024 10:24:00,26.22,26.23,26.22,26.23,47211.42,4
SJCFUT,09/26/2024 10:25:00,26.23,26.23,26.22,26.22,118031.08,10
SJCFUT,09/26/2024 10:30:00,26.14,26.15,26.09,26.09,952337.54,81
SJCFUT,09/26/2024 10:32:00,26.03,26.03,26.02,26.02,23422.22,2
SJCFUT,09/26/2024 10:39:00,25.99,25.99,25.97,25.99,93538.04,8
SJCFUT,09/26/2024 10:40:00,25.99,26.0,25.99,26.0,70166.1,6
SJCFUT,09/26/2024 10:44:00,26.0,26.0,25.99,25.99,23392.05,2
SJCFUT,09/26/2024 11:10:00,26.09,26.09,26.09,26.09,11738.76,1
SJCFUT,09/26/2024 11:11:00,26.1,26.1,26.1,26.1,58718.93,5
SJCFUT,09/26/2024 11:15:00,26.09,26.09,26.09,26.09,46955.03,4
SJCFUT,09/26/2024 11:20:00,26.07,26.07,26.07,26.07,58668.65,5
SJCFUT,09/26/2024 11:21:00,26.06,26.06,26.06,26.06,11728.7,1
SJCFUT,09/26/2024 11:38:00,26.03,26.04,26.03,26.04,46859.51,4
SJCFUT,09/26/2024 11:41:00,26.09,26.09,26.07,26.07,70407.41,6
SJCFUT,09/26/2024 11:59:00,26.14,26.14,26.14,26.14,117638.95,10
SJCFUT,09/26/2024 12:03:00,26.14,26.14,26.14,26.14,11763.89,1
SJCFUT,09/26/2024 12:04:00,26.15,26.16,26.15,26.16,105940.41,9
SJCFUT,09/26/2024 12:16:00,26.04,26.04,26.04,26.04,23437.3,2
SJCFUT,09/26/2024 12:17:00,26.01,26.01,26.0,26.0,23402.11,2
SJCFUT,09/26/2024 12:34:00,25.92,25.92,25.92,25.92,69980.09,6
SJCFUT,09/26/2024 12:35:00,25.92,25.92,25.92,25.92,11663.35,1
SJCFUT,09/26/2024 12:37:00,25.91,25.91,25.91,25.91,11658.32,1
SJCFUT,09/26/2024 13:12:00,25.83,25.83,25.81,25.81,81321.69,7
SJCFUT,09/26/2024 13:13:00,25.81,25.81,25.81,25.81,11613.08,1
SJCFUT,09/26/2024 13:14:00,25.81,25.81,25.81,25.81,232261.51,20
SJCFUT,09/26/2024 13:18:00,25.81,25.81,25.81,25.81,23226.15,2
SJCFUT,09/26/2024 13:22:00,25.75,25.75,25.75,25.75,11587.94,1
SJCFUT,09/27/2024 09:08:00,25.7,25.7,25.68,25.68,23120.58,2
SJCFUT,09/27/2024 09:23:00,25.7,25.7,25.7,25.7,11562.8,1
SJCFUT,09/27/2024 11:18:00,25.82,25.82,25.82,25.82,23236.21,2
SJCFUT,09/27/2024 11:21:00,25.86,25.86,25.86,25.86,11638.21,1
SJCFUT,09/27/2024 11:28:00,25.83,25.83,25.83,25.83,58115.65,5
SJCFUT,09/27/2024 11:29:00,25.89,25.89,25.89,25.89,11648.27,1
SJCFUT,09/27/2024 11:40:00,25.89,25.89,25.89,25.89,23296.53,2
SJCFUT,09/27/2024 11:43:00,25.9,25.9,25.9,25.9,69919.76,6
SJCFUT,09/27/2024 11:45:00,25.87,25.87,25.87,25.87,11643.24,1
SJCFUT,09/27/2024 11:53:00,25.93,25.93,25.93,25.93,11668.38,1
SJCFUT,09/27/2024 11:59:00,25.9,25.9,25.9,25.9,23306.59,2
SJCFUT,09/27/2024 12:00:00,25.92,25.92,25.92,25.92,256593.67,22
SJCFUT,09/27/2024 12:11:00,25.99,26.03,25.99,26.03,596992.51,51
SJCFUT,09/27/2024 12:49:00,25.92,25.92,25.92,25.92,69980.09,6
SJCFUT,09/27/2024 12:50:00,25.93,25.93,25.93,25.93,11668.38,1
SJCFUT,09/27/2024 12:52:00,25.93,25.93,25.93,25.93,116683.76,10
SJCFUT,09/27/2024 12:53:00,25.92,25.92,25.9,25.9,69929.82,6
SJCFUT,09/27/2024 13:16:00,26.13,26.16,26.13,26.16,470807.15,40
SJCFUT,09/27/2024 13:23:00,26.16,26.19,26.16,26.19,58889.85,5
SJCFUT,09/27/2024 13:24:00,26.2,26.2,26.2,26.2,117890.31,10
SJCFUT,09/27/2024 13:25:00,26.2,26.2,26.2,26.2,11789.03,1
SJCFUT,09/27/2024 13:49:00,26.19,26.19,26.19,26.19,35352.01,3
SJCFUT,09/27/2024 13:50:00,26.2,26.2,26.2,26.2,11789.03,1
SJCFUT,09/27/2024 13:56:00,26.21,26.21,26.21,26.21,23588.12,2
SJCFUT,09/27/2024 14:19:00,26.21,26.21,26.21,26.21,11794.06,1
SJCFUT,09/27/2024 14:28:00,26.16,26.16,26.16,26.16,11773.95,1
SJCFUT,09/30/2024 09:04:00,26.15,26.15,26.13,26.15,270670.12,23
SJCFUT,09/30/2024 09:07:00,26.21,26.21,26.21,26.21,11794.06,1
SJCFUT,09/30/2024 09:09:00,26.18,26.18,26.12,26.12,58809.42,5
SJCFUT,09/30/2024 09:17:00,26.1,26.1,26.1,26.1,411032.49,35
SJCFUT,09/30/2024 09:33:00,26.06,26.06,26.05,26.05,117256.87,10
SJCFUT,09/30/2024 09:47:00,26.1,26.1,26.1,26.1,11743.79,1
SJCFUT,09/30/2024 10:06:00,26.14,26.14,26.14,26.14,11763.89,1
SJCFUT,09/30/2024 10:31:00,26.14,26.14,26.11,26.11,305499.29,26
SJCFUT,09/30/2024 10:58:00,26.15,26.15,26.15,26.15,11768.92,1
SJCFUT,09/30/2024 10:59:00,26.16,26.16,26.16,26.16,47095.8,4
SJCFUT,09/30/2024 11:05:00,26.16,26.16,26.16,26.16,11773.95,1
SJCFUT,09/30/2024 13:55:00,26.24,26.24,26.24,26.24,23618.28,2
SJCFUT,09/30/2024 13:59:00,26.29,26.35,26.29,26.35,284495.21,24
SJCFUT,09/30/2024 14:13:00,26.32,26.32,26.32,26.32,11844.33,1
SJCFUT,09/30/2024 14:14:00,26.31,26.31,26.31,26.31,47357.22,4
SJCFUT,09/30/2024 14:21:00,26.28,26.28,26.28,26.28,11824.22,1
SJCFUT,09/30/2024 14:56:00,26.09,26.09,26.09,26.09,117387.58,10
SJCFUT,10/01/2024 09:04:00,25.89,25.89,25.89,25.89,69889.6,6
SJCFUT,10/01/2024 09:07:00,25.9,25.9,25.9,25.9,11653.29,1
SJCFUT,10/01/2024 09:15:00,25.86,25.86,25.86,25.86,232764.24,20
SJCFUT,10/01/2024 09:19:00,25.86,25.86,25.86,25.86,58191.06,5
SJCFUT,10/01/2024 10:30:00,25.81,25.81,25.78,25.78,23216.1,2
SJCFUT,10/01/2024 10:32:00,25.9,25.93,25.9,25.92,34985.02,3
SJCFUT,10/01/2024 10:36:00,25.93,25.93,25.93,25.93,23336.75,2
SJCFUT,10/01/2024 10:57:00,26.0,26.0,26.0,26.0,11698.54,1
SJCFUT,10/01/2024 10:58:00,26.02,26.02,26.02,26.02,23417.19,2
SJCFUT,10/01/2024 11:00:00,26.02,26.02,26.02,26.02,58542.97,5
SJCFUT,10/01/2024 11:01:00,26.04,26.05,26.04,26.05,70337.03,6
SJCFUT,10/01/2024 11:02:00,26.02,26.02,26.02,26.02,11708.59,1
SJCFUT,10/01/2024 11:04:00,26.02,26.02,26.02,26.02,398092.2,34
SJCFUT,10/01/2024 11:06:00,26.02,26.02,26.02,26.02,46834.38,4
SJCFUT,10/01/2024 11:13:00,25.93,25.93,25.93,25.93,116683.76,10
SJCFUT,10/01/2024 11:14:00,25.87,25.87,25.87,25.87,34929.72,3
SJCFUT,10/01/2024 11:15:00,25.9,25.9,25.9,25.9,58266.47,5
SJCFUT,10/01/2024 11:23:00,25.96,25.96,25.96,25.96,23366.92,2
SJCFUT,10/01/2024 11:53:00,26.03,26.03,26.03,26.03,11713.62,1
SJCFUT,10/01/2024 11:55:00,26.03,26.03,26.03,26.03,11713.62,1
SJCFUT,10/01/2024 12:21:00,26.0,26.0,26.0,26.0,11698.54,1
SJCFUT,10/01/2024 12:41:00,26.09,26.09,26.09,26.09,11738.76,1
SJCFUT,10/01/2024 12:42:00,26.06,26.06,26.06,26.06,70372.22,6
SJCFUT,10/01/2024 12:51:00,26.1,26.1,26.1,26.1,11743.79,1
SJCFUT,10/01/2024 12:59:00,26.07,26.07,26.07,26.07,11733.73,1
SJCFUT,10/01/2024 13:02:00,26.06,26.06,26.06,26.06,11728.7,1
SJCFUT,10/01/2024 13:04:00,26.04,26.04,26.04,26.04,11718.65,1
SJCFUT,10/01/2024 13:22:00,26.04,26.04,26.04,26.04,11718.65,1
SJCFUT,10/01/2024 13:24:00,26.02,26.02,26.02,26.02,58542.97,5
SJCFUT,10/01/2024 14:07:00,26.16,26.16,26.16,26.16,58869.75,5
SJCFUT,10/01/2024 14:13:00,26.19,26.19,26.18,26.18,70699.0,6
SJCFUT,10/01/2024 14:31:00,26.23,26.25,26.23,26.25,47226.51,4
SJCFUT,10/01/2024 14:37:00,26.15,26.15,26.15,26.15,11768.92,1
SJCFUT,10/01/2024 14:55:00,26.13,26.13,26.13,26.13,23517.73,2
SJCFUT,10/01/2024 14:58:00,26.07,26.07,26.07,26.07,58668.65,5
SJCFUT,10/02/2024 09:04:00,25.86,25.86,25.86,25.86,349146.36,30
SJCFUT,10/02/2024 09:06:00,25.82,25.82,25.82,25.82,46472.41,4
SJCFUT,10/02/2024 09:10:00,25.8,25.8,25.8,25.8,11608.05,1
SJCFUT,10/02/2024 09:11:00,25.81,25.81,25.81,25.81,11613.08,1
SJCFUT,10/02/2024 09:12:00,25.81,25.81,25.81,25.81,11613.08,1
SJCFUT,10/02/2024 09:13:00,25.8,25.8,25.8,25.8,116080.48,10
SJCFUT,10/02/2024 09:15:00,25.83,25.83,25.83,25.83,11623.13,1
SJCFUT,10/02/2024 09:18:00,25.81,25.81,25.81,25.81,11613.08,1
SJCFUT,10/02/2024 09:20:00,25.78,25.78,25.77,25.77,23201.01,2
SJCFUT,10/02/2024 09:27:00,25.77,25.77,25.77,25.77,231959.87,20
SJCFUT,10/02/2024 09:29:00,25.77,25.77,25.77,25.77,57989.97,5
SJCFUT,10/02/2024 09:36:00,25.74,25.74,25.74,25.74,11582.91,1
SJCFUT,10/02/2024 09:37:00,25.73,25.73,25.73,25.73,138934.61,12
SJCFUT,10/02/2024 09:39:00,25.74,25.74,25.74,25.74,11582.91,1
SJCFUT,10/02/2024 09:40:00,25.71,25.71,25.68,25.68,127145.58,11
SJCFUT,10/02/2024 09:49:00,25.66,25.66,25.66,25.66,34643.16,3
SJCFUT,10/02/2024 10:33:00,25.77,25.77,25.77,25.77,11597.99,1
SJCFUT,10/02/2024 10:34:00,25.81,25.81,25.81,25.81,34839.23,3
SJCFUT,10/02/2024 10:44:00,25.9,25.9,25.9,25.9,11653.29,1
SJCFUT,10/02/2024 10:46:00,25.95,25.95,25.95,25.95,11678.43,1
SJCFUT,10/02/2024 11:03:00,25.87,25.87,25.87,25.87,58216.2,5
SJCFUT,10/02/2024 12:37:00,25.92,25.92,25.92,25.92,11663.35,1
SJCFUT,10/02/2024 12:43:00,25.92,25.92,25.92,25.92,34990.05,3
SJCFUT,10/02/2024 13:29:00,25.94,25.94,25.94,25.94,11673.4,1
SJCFUT,10/02/2024 13:44:00,25.94,25.94,25.94,25.94,58367.02,5
SJCFUT,10/02/2024 14:02:00,26.0,26.0,26.0,26.0,233970.79,20
SJCFUT,10/02/2024 14:05:00,26.02,26.03,26.02,26.03,35135.84,3
SJCFUT,10/02/2024 14:23:00,25.96,25.96,25.96,25.96,23366.92,2
SJCFUT,10/02/2024 14:53:00,26.05,26.06,26.05,26.06,35181.08,3
SJCFUT,10/03/2024 09:15:00,25.73,25.73,25.73,25.73,926230.74,80
SJCFUT,10/03/2024 09:21:00,25.76,25.76,25.75,25.75,23180.91,2
SJCFUT,10/03/2024 09:26:00,25.72,25.72,25.72,25.72,11572.86,1
SJCFUT,10/03/2024 09:27:00,25.72,25.72,25.72,25.72,11572.86,1
SJCFUT,10/03/2024 09:38:00,25.71,25.71,25.7,25.7,589707.95,51
SJCFUT,10/03/2024 09:41:00,25.68,25.68,25.68,25.68,11557.78,1
SJCFUT,10/03/2024 10:15:00,25.67,25.67,25.67,25.67,34658.24,3
SJCFUT,10/03/2024 10:34:00,25.77,25.77,25.77,25.77,115979.93,10
SJCFUT,10/03/2024 10:41:00,25.7,25.7,25.7,25.7,11562.8,1
SJCFUT,10/03/2024 10:49:00,25.68,25.68,25.68,25.68,115577.75,10
SJCFUT,10/03/2024 10:54:00,25.73,25.73,25.73,25.73,11577.88,1
SJCFUT,10/03/2024 11:01:00,25.68,25.74,25.68,25.74,23140.69,2
SJCFUT,10/03/2024 11:06:00,25.81,25.81,25.81,25.81,34839.23,3
SJCFUT,10/03/2024 11:45:00,25.83,25.83,25.83,25.83,11623.13,1
SJCFUT,10/03/2024 12:34:00,25.81,25.81,25.81,25.81,11613.08,1
SJCFUT,10/03/2024 12:47:00,25.82,25.82,25.82,25.82,11618.1,1
SJCFUT,10/03/2024 12:48:00,25.82,25.82,25.82,25.82,11618.1,1
SJCFUT,10/03/2024 13:07:00,25.84,25.84,25.84,25.84,34884.47,3
SJCFUT,10/03/2024 13:49:00,25.93,25.93,25.93,25.93,583418.79,50
SJCFUT,10/03/2024 14:03:00,25.95,25.95,25.95,25.95,11678.43,1
SJCFUT,10/03/2024 14:05:00,25.95,25.95,25.95,25.95,11678.43,1
SJCFUT,10/03/2024 14:20:00,25.83,25.83,25.83,25.83,58115.65,5
SJCFUT,10/04/2024 09:12:00,25.81,25.81,25.81,25.81,11613.08,1
SJCFUT,10/04/2024 09:24:00,25.86,25.86,25.86,25.86,11638.21,1
SJCFUT,10/04/2024 09:30:00,25.83,25.83,25.83,25.83,23246.26,2
SJCFUT,10/04/2024 10:12:00,25.83,25.83,25.83,25.83,11623.13,1
SJCFUT,10/04/2024 11:00:00,25.82,25.82,25.82,25.82,34854.31,3
SJCFUT,10/04/2024 11:49:00,25.73,25.73,25.73,25.73,347336.53,30
SJCFUT,10/04/2024 11:51:00,25.71,25.71,25.68,25.68,69386.87,6
SJCFUT,10/04/2024 12:05:00,25.67,25.67,25.67,25.67,11552.75,1
SJCFUT,10/04/2024 12:34:00,25.59,25.59,25.57,25.57,23025.06,2
SJCFUT,10/04/2024 13:22:00,25.65,25.65,25.65,25.65,11542.69,1
SJCFUT,10/07/2024 09:12:00,25.48,25.48,25.48,25.48,11467.28,1
SJCFUT,10/07/2024 09:18:00,25.47,25.47,25.47,25.47,57311.28,5
SJCFUT,10/07/2024 09:20:00,25.47,25.47,25.47,25.47,57311.28,5
SJCFUT,10/07/2024 09:28:00,25.46,25.46,25.46,25.46,11457.23,1
SJCFUT,10/07/2024 09:31:00,25.45,25.45,25.45,25.45,11452.2,1
SJCFUT,10/07/2024 09:39:00,25.42,25.42,25.42,25.42,34311.36,3
SJCFUT,10/07/2024 09:40:00,25.42,25.42,25.42,25.42,11437.12,1
SJCFUT,10/07/2024 09:48:00,25.42,25.42,25.42,25.42,11437.12,1
SJCFUT,10/07/2024 09:49:00,25.42,25.42,25.42,25.42,11437.12,1
SJCFUT,10/07/2024 10:30:00,25.45,25.45,25.45,25.45,45808.81,4
SJCFUT,10/07/2024 10:32:00,25.47,25.47,25.47,25.47,11462.26,1
SJCFUT,10/07/2024 10:35:00,25.53,25.53,25.53,25.53,34462.18,3
SJCFUT,10/07/2024 10:52:00,25.45,25.45,25.45,25.45,11452.2,1
SJCFUT,10/07/2024 11:03:00,25.44,25.44,25.44,25.44,57235.87,5
SJCFUT,10/07/2024 11:23:00,25.42,25.42,25.42,25.42,11437.12,1
SJCFUT,10/07/2024 11:30:00,25.43,25.43,25.43,25.43,11442.15,1
SJCFUT,10/07/2024 12:31:00,25.54,25.54,25.54,25.54,11492.42,1
SJCFUT,10/07/2024 12:43:00,25.49,25.49,25.49,25.49,11472.31,1
SJCFUT,10/07/2024 14:01:00,25.49,25.51,25.49,25.51,229521.63,20
SJCFUT,10/08/2024 09:00:00,25.25,25.25,25.14,25.14,22673.15,2
SJCFUT,10/08/2024 09:01:00,25.13,25.13,25.08,25.13,146943.11,13
SJCFUT,10/08/2024 09:04:00,25.1,25.14,25.1,25.14,395824.89,35
SJCFUT,10/08/2024 09:11:00,25.11,25.11,25.11,25.11,22602.76,2
SJCFUT,10/08/2024 09:35:00,25.11,25.11,25.11,25.11,11301.38,1
SJCFUT,10/08/2024 10:10:00,25.15,25.18,25.15,25.18,33964.47,3
SJCFUT,10/08/2024 10:20:00,25.18,25.18,25.18,25.18,11331.55,1
SJCFUT,10/08/2024 10:21:00,25.18,25.18,25.18,25.18,11331.55,1
SJCFUT,10/08/2024 10:36:00,25.13,25.13,25.13,25.13,11306.41,1
SJCFUT,10/08/2024 10:55:00,25.14,25.14,25.14,25.14,33934.31,3
SJCFUT,10/08/2024 10:56:00,25.11,25.11,25.11,25.11,11301.38,1
SJCFUT,10/08/2024 11:03:00,25.14,25.14,25.14,25.14,56557.19,5
SJCFUT,10/08/2024 11:12:00,25.11,25.11,25.11,25.11,113013.82,10
SJCFUT,10/08/2024 11:20:00,25.07,25.07,25.07,25.07,688157.67,61
SJCFUT,10/08/2024 11:27:00,25.02,25.02,25.02,25.02,11261.16,1
SJCFUT,10/08/2024 11:29:00,25.04,25.04,25.02,25.02,529279.74,47
SJCFUT,10/08/2024 11:34:00,25.04,25.04,25.04,25.04,11266.19,1
SJCFUT,10/08/2024 11:38:00,25.04,25.04,25.04,25.04,11266.19,1
SJCFUT,10/08/2024 11:41:00,25.02,25.02,25.02,25.02,112611.64,10
SJCFUT,10/08/2024 11:42:00,25.01,25.01,25.01,25.01,450245.47,40
SJCFUT,10/08/2024 12:00:00,25.04,25.04,25.04,25.04,67597.15,6
SJCFUT,10/08/2024 13:06:00,24.98,24.98,24.98,24.98,11241.05,1
SJCFUT,10/08/2024 13:30:00,24.98,24.98,24.97,24.97,235961.6,21
SJCFUT,10/09/2024 09:02:00,25.11,25.14,25.11,25.14,169661.5,15
SJCFUT,10/09/2024 09:34:00,25.1,25.1,25.1,25.1,11296.36,1
SJCFUT,10/09/2024 10:30:00,25.01,25.01,24.98,24.99,112480.93,10
SJCFUT,10/09/2024 10:31:00,25.01,25.01,25.01,25.01,22512.27,2
SJCFUT,10/09/2024 10:38:00,24.97,24.97,24.97,24.97,22472.05,2
SJCFUT,10/09/2024 11:44:00,25.09,25.09,25.09,25.09,56456.64,5
SJCFUT,10/09/2024 11:45:00,25.08,25.08,25.08,25.08,11286.3,1
SJCFUT,10/09/2024 11:48:00,25.09,25.09,25.09,25.09,22582.66,2
SJCFUT,10/09/2024 11:50:00,25.08,25.08,25.08,25.08,11286.3,1
SJCFUT,10/09/2024 11:54:00,25.09,25.11,25.09,25.11,33894.09,3
SJCFUT,10/09/2024 12:08:00,25.19,25.19,25.19,25.19,56682.87,5
SJCFUT,10/09/2024 12:10:00,25.19,25.19,25.19,25.19,45346.29,4
SJCFUT,10/09/2024 12:23:00,25.17,25.17,25.17,25.17,22653.04,2
SJCFUT,10/09/2024 12:34:00,25.16,25.16,25.16,25.16,11321.49,1
SJCFUT,10/09/2024 12:47:00,25.2,25.2,25.2,25.2,11341.6,1
SJCFUT,10/10/2024 09:20:00,25.05,25.05,25.05,25.05,22542.44,2
SJCFUT,10/10/2024 09:25:00,25.04,25.04,25.04,25.04,11266.19,1
SJCFUT,10/10/2024 09:43:00,25.07,25.07,25.07,25.07,11281.27,1
SJCFUT,10/10/2024 10:41:00,25.05,25.05,25.05,25.05,56356.09,5
SJCFUT,10/10/2024 10:54:00,25.0,25.0,25.0,25.0,11251.11,1
SJCFUT,10/10/2024 13:14:00,25.01,25.01,25.01,25.01,45024.55,4
SJCFUT,10/10/2024 13:34:00,25.08,25.08,25.08,25.08,22572.6,2
SJCFUT,10/10/2024 13:37:00,25.07,25.07,25.07,25.07,45125.09,4
SJCFUT,10/10/2024 13:46:00,25.04,25.04,25.04,25.04,22532.38,2
SJCFUT,10/10/2024 14:05:00,24.97,24.97,24.97,24.97,67416.16,6
SJCFUT,10/10/2024 14:07:00,24.95,24.95,24.94,24.94,134676.48,12
SJCFUT,10/10/2024 14:56:00,25.0,25.0,25.0,25.0,45004.44,4
SJCFUT,10/11/2024 09:06:00,25.14,25.14,25.14,25.14,11311.44,1
SJCFUT,10/11/2024 09:38:00,25.06,25.06,25.06,25.06,45104.98,4
SJCFUT,10/11/2024 10:39:00,25.1,25.1,25.1,25.1,22592.71,2
SJCFUT,10/11/2024 10:48:00,25.11,25.11,25.11,25.11,22602.76,2
SJCFUT,10/11/2024 11:00:00,25.16,25.16,25.16,25.16,11321.49,1
SJCFUT,10/11/2024 12:16:00,25.18,25.18,25.18,25.18,56657.73,5
SJCFUT,10/11/2024 13:07:00,25.0,25.0,25.0,25.0,11251.11,1
SJCFUT,10/11/2024 14:06:00,24.8,24.8,24.79,24.79,133917.36,12
SJCFUT,10/11/2024 14:19:00,24.75,24.75,24.75,24.75,289522.52,26
SJCFUT,10/11/2024 14:27:00,24.82,24.82,24.82,24.82,44682.69,4
SJCFUT,10/11/2024 14:30:00,24.82,24.85,24.82,24.85,111757.0,10
SJCFUT,10/14/2024 09:06:00,24.61,24.61,24.61,24.61,11075.15,1
SJCFUT,10/14/2024 09:08:00,24.64,24.64,24.64,24.64,22180.47,2
SJCFUT,10/14/2024 09:09:00,24.63,24.63,24.63,24.63,44340.83,4
SJCFUT,10/14/2024 09:10:00,24.64,24.67,24.64,24.67,110932.52,10
SJCFUT,10/14/2024 09:27:00,24.63,24.63,24.63,24.63,11085.21,1
SJCFUT,10/14/2024 09:30:00,24.63,24.63,24.63,24.63,55426.04,5
SJCFUT,10/14/2024 09:33:00,24.63,24.63,24.63,24.63,55426.04,5
SJCFUT,10/14/2024 10:43:00,24.75,24.75,24.75,24.75,22270.96,2
SJCFUT,10/14/2024 10:45:00,24.79,24.79,24.79,24.79,11155.59,1
SJCFUT,10/14/2024 10:47:00,24.8,24.8,24.8,24.8,223212.36,20
SJCFUT,10/14/2024 12:17:00,24.76,24.76,24.76,24.76,111405.09,10
SJCFUT,10/14/2024 12:51:00,24.69,24.69,24.69,24.69,22220.69,2
SJCFUT,10/14/2024 13:18:00,24.75,24.76,24.75,24.76,22275.99,2
SJCFUT,10/14/2024 13:27:00,24.73,24.73,24.73,24.73,22260.91,2
SJCFUT,10/14/2024 13:49:00,24.7,24.7,24.7,24.7,55576.86,5
SJCFUT,10/14/2024 14:00:00,24.68,24.68,24.68,24.68,11105.32,1
SJCFUT,10/14/2024 14:55:00,24.59,24.59,24.58,24.58,77445.64,7
SJCFUT,10/15/2024 09:03:00,24.37,24.37,24.34,24.34,65737.04,6
SJCFUT,10/15/2024 09:05:00,24.34,24.35,24.34,24.35,43833.08,4
SJCFUT,10/15/2024 09:49:00,24.28,24.28,24.24,24.24,32747.87,3
SJCFUT,10/15/2024 09:52:00,24.3,24.3,24.3,24.3,54671.95,5
SJCFUT,10/15/2024 10:15:00,24.28,24.28,24.24,24.24,185482.43,17
SJCFUT,10/15/2024 10:51:00,24.24,24.24,24.24,24.24,32727.76,3
SJCFUT,10/15/2024 11:23:00,24.23,24.23,24.23,24.23,21808.45,2
SJCFUT,10/15/2024 11:25:00,24.24,24.24,24.24,24.24,10909.25,1
SJCFUT,10/15/2024 11:30:00,24.21,24.21,24.21,24.21,10894.17,1
SJCFUT,10/15/2024 12:19:00,24.31,24.31,24.31,24.31,10939.42,1
SJCFUT,10/15/2024 12:34:00,24.4,24.41,24.38,24.38,54898.17,5
SJCFUT,10/15/2024 13:04:00,24.35,24.35,24.35,24.35,273988.14,25
SJCFUT,10/15/2024 13:23:00,24.41,24.42,24.41,24.42,604332.38,55
SJCFUT,10/15/2024 14:26:00,24.4,24.4,24.4,24.4,54898.17,5
SJCFUT,10/15/2024 14:27:00,24.4,24.4,24.4,24.4,54898.17,5
SJCFUT,10/16/2024 09:10:00,24.6,24.62,24.59,24.62,55350.63,5
SJCFUT,10/16/2024 09:11:00,24.62,24.62,24.62,24.62,11080.18,1
SJCFUT,10/16/2024 09:14:00,24.6,24.6,24.6,24.6,11070.13,1
SJCFUT,10/16/2024 09:15:00,24.63,24.63,24.63,24.63,22170.42,2
SJCFUT,10/16/2024 09:33:00,24.56,24.56,24.56,24.56,66300.1,6
SJCFUT,10/16/2024 09:35:00,24.58,24.58,24.58,24.58,11060.07,1
SJCFUT,10/16/2024 09:39:00,24.58,24.58,24.58,24.58,110600.72,10
SJCFUT,10/16/2024 10:32:00,24.6,24.6,24.6,24.6,11070.13,1
SJCFUT,10/16/2024 11:00:00,24.64,24.64,24.64,24.64,11090.24,1
SJCFUT,10/16/2024 11:06:00,24.63,24.63,24.63,24.63,33255.62,3
SJCFUT,10/16/2024 11:25:00,24.48,24.48,24.48,24.48,33044.48,3
SJCFUT,10/16/2024 11:37:00,24.34,24.34,24.34,24.34,10954.5,1
SJCFUT,10/16/2024 11:59:00,24.34,24.38,24.34,24.38,21924.08,2
SJCFUT,10/16/2024 12:50:00,24.27,24.27,24.27,24.27,10919.31,1
SJCFUT,10/16/2024 13:24:00,24.21,24.21,24.21,24.21,10894.17,1
SJCFUT,10/16/2024 14:48:00,24.21,24.21,24.21,24.21,54470.85,5
SJCFUT,10/17/2024 09:02:00,23.91,23.91,23.91,23.91,32275.3,3
SJCFUT,10/17/2024 09:03:00,23.91,23.91,23.91,23.91,10758.43,1
SJCFUT,10/17/2024 09:06:00,23.89,23.89,23.89,23.89,21496.76,2
SJCFUT,10/17/2024 09:08:00,23.92,23.92,23.92,23.92,10763.46,1
SJCFUT,10/17/2024 09:40:00,23.95,23.95,23.95,23.95,21557.09,2
SJCFUT,10/17/2024 09:44:00,24.0,24.0,24.0,24.0,32395.96,3
SJCFUT,10/17/2024 10:30:00,23.96,23.96,23.96,23.96,107835.7,10
SJCFUT,10/17/2024 10:50:00,23.92,23.92,23.92,23.92,10763.46,1
SJCFUT,10/17/2024 11:00:00,23.9,23.9,23.9,23.9,21506.81,2
SJCFUT,10/17/2024 11:05:00,23.89,23.89,23.89,23.89,10748.38,1
SJCFUT,10/17/2024 11:30:00,23.86,23.86,23.86,23.86,214766.48,20
SJCFUT,10/17/2024 11:32:00,23.87,23.87,23.87,23.87,10743.35,1
SJCFUT,10/17/2024 13:12:00,24.08,24.08,24.08,24.08,32501.53,3
SJCFUT,10/17/2024 14:01:00,24.19,24.19,24.19,24.19,10884.12,1
SJCFUT,10/17/2024 14:11:00,24.2,24.2,24.2,24.2,10889.14,1
SJCFUT,10/17/2024 14:13:00,24.24,24.24,24.24,24.24,54546.26,5
SJCFUT,10/17/2024 14:15:00,24.23,24.24,24.23,24.24,272706.18,25
SJCFUT,10/17/2024 14:16:00,24.24,24.25,24.24,24.25,65465.57,6
SJCFUT,10/17/2024 14:43:00,24.3,24.3,24.29,24.29,54666.92,5
SJCFUT,10/17/2024 14:59:00,24.33,24.33,24.33,24.33,10949.47,1
SJCFUT,10/18/2024 09:04:00,24.47,24.47,24.47,24.47,11009.8,1
SJCFUT,10/18/2024 09:10:00,24.42,24.42,24.42,24.42,32969.07,3
SJCFUT,10/18/2024 09:14:00,24.44,24.44,24.44,24.44,131996.93,12
SJCFUT,10/18/2024 09:15:00,24.44,24.44,24.44,24.44,10999.74,1
SJCFUT,10/18/2024 09:19:00,24.43,24.43,24.43,24.43,10994.72,1
SJCFUT,10/18/2024 09:33:00,24.38,24.38,24.38,24.38,21939.16,2
SJCFUT,10/18/2024 09:35:00,24.35,24.35,24.35,24.35,21919.05,2
SJCFUT,10/18/2024 10:33:00,24.38,24.38,24.37,24.38,460621.83,42
SJCFUT,10/18/2024 10:37:00,24.34,24.34,24.34,24.34,21909.0,2
SJCFUT,10/18/2024 11:01:00,24.37,24.38,24.37,24.38,208371.75,19
SJCFUT,10/18/2024 11:02:00,24.37,24.37,24.37,24.37,120610.08,11
SJCFUT,10/18/2024 11:16:00,24.28,24.28,24.28,24.28,21848.67,2
SJCFUT,10/18/2024 13:23:00,24.19,24.2,24.19,24.2,43546.52,4
SJCFUT,10/18/2024 13:39:00,24.14,24.14,24.13,24.13,43445.97,4
SJCFUT,10/18/2024 13:40:00,24.13,24.13,24.13,24.13,21717.96,2
SJCFUT,10/18/2024 13:51:00,24.13,24.13,24.13,24.13,10858.98,1
SJCFUT,10/18/2024 13:52:00,24.12,24.12,24.12,24.12,10853.95,1
SJCFUT,10/18/2024 13:59:00,24.1,24.1,24.1,24.1,10843.9,1
SJCFUT,10/18/2024 14:06:00,24.08,24.08,24.08,24.08,65003.06,6
SJCFUT,10/18/2024 14:09:00,24.04,24.04,24.04,24.04,10818.76,1
SJCFUT,10/18/2024 14:12:00,24.06,24.06,24.06,24.06,21657.63,2
SJCFUT,10/18/2024 14:14:00,24.02,24.02,24.02,24.02,43234.83,4
SJCFUT,10/18/2024 14:20:00,23.99,23.99,23.99,23.99,10793.62,1
SJCFUT,10/18/2024 14:27:00,23.96,23.99,23.96,23.99,43149.36,4
SJCFUT,10/18/2024 14:28:00,23.96,23.96,23.96,23.96,32350.71,3
SJCFUT,10/18/2024 14:41:00,23.86,23.86,23.86,23.86,322149.73,30
SJCFUT,10/21/2024 09:06:00,23.96,23.96,23.96,23.96,32350.71,3
SJCFUT,10/21/2024 09:08:00,24.0,24.0,24.0,24.0,21597.3,2
SJCFUT,10/21/2024 09:36:00,23.94,23.94,23.94,23.94,32320.55,3
SJCFUT,10/21/2024 10:40:00,24.13,24.13,24.13,24.13,21717.96,2
SJCFUT,10/21/2024 10:42:00,24.13,24.13,24.13,24.13,10858.98,1
SJCFUT,10/21/2024 10:55:00,24.12,24.12,24.12,24.12,10853.95,1
SJCFUT,10/21/2024 10:57:00,24.13,24.13,24.13,24.13,10858.98,1
SJCFUT,10/21/2024 10:59:00,24.15,24.15,24.15,24.15,10869.03,1
SJCFUT,10/21/2024 11:12:00,24.19,24.19,24.19,24.19,10884.12,1
SJCFUT,10/21/2024 11:17:00,24.19,24.19,24.19,24.19,10884.12,1
SJCFUT,10/21/2024 12:48:00,24.11,24.11,24.11,24.11,10848.92,1
SJCFUT,10/21/2024 13:04:00,24.13,24.13,24.12,24.12,32566.88,3
SJCFUT,10/21/2024 14:59:00,24.13,24.13,24.13,24.13,10858.98,1
SJCFUT,10/22/2024 10:31:00,24.21,24.22,24.21,24.22,54490.96,5
SJCFUT,10/22/2024 10:34:00,24.27,24.3,24.27,24.3,32788.09,3
SJCFUT,10/22/2024 10:37:00,24.27,24.27,24.27,24.27,10919.31,1
SJCFUT,10/22/2024 10:39:00,24.27,24.27,24.27,24.27,10919.31,1
SJCFUT,10/22/2024 10:44:00,24.29,24.29,24.29,24.29,32788.09,3
SJCFUT,10/22/2024 10:51:00,24.3,24.3,24.3,24.3,54671.95,5
SJCFUT,10/22/2024 10:55:00,24.35,24.35,24.32,24.32,54747.36,5
SJCFUT,10/22/2024 11:09:00,24.38,24.38,24.38,24.38,43878.32,4
SJCFUT,10/22/2024 11:19:00,24.35,24.35,24.34,24.34,21914.02,2
SJCFUT,10/22/2024 11:34:00,24.39,24.39,24.39,24.39,54873.04,5
SJCFUT,10/22/2024 11:36:00,24.42,24.42,24.42,24.42,109896.9,10
SJCFUT,10/22/2024 11:50:00,24.34,24.34,24.34,24.34,10954.5,1
SJCFUT,10/22/2024 11:51:00,24.38,24.38,24.35,24.35,241129.67,22
SJCFUT,10/22/2024 12:19:00,24.35,24.35,24.35,24.35,21919.05,2
SJCFUT,10/22/2024 12:30:00,24.38,24.38,24.38,24.38,21939.16,2
SJCFUT,10/22/2024 12:31:00,24.41,24.41,24.41,24.41,10984.66,1
SJCFUT,10/22/2024 13:55:00,24.44,24.44,24.44,24.44,21999.49,2
SJCFUT,10/22/2024 14:00:00,24.39,24.39,24.39,24.39,10974.61,1
SJCFUT,10/23/2024 09:07:00,24.27,24.27,24.27,24.27,10919.31,1
SJCFUT,10/23/2024 09:08:00,24.27,24.27,24.27,24.27,10919.31,1
SJCFUT,10/23/2024 09:11:00,24.27,24.27,24.27,24.27,43677.23,4
SJCFUT,10/23/2024 09:39:00,24.32,24.32,24.32,24.32,54722.22,5
SJCFUT,10/23/2024 10:36:00,24.4,24.4,24.4,24.4,21959.27,2
SJCFUT,10/23/2024 10:40:00,24.46,24.46,24.46,24.46,110047.71,10
SJCFUT,10/23/2024 10:42:00,24.42,24.42,24.42,24.42,10989.69,1
SJCFUT,10/23/2024 10:46:00,24.48,24.48,24.47,24.47,275270.1,25
SJCFUT,10/23/2024 10:48:00,24.47,24.47,24.47,24.47,11009.8,1
SJCFUT,10/23/2024 11:18:00,24.47,24.47,24.47,24.47,11009.8,1
SJCFUT,10/23/2024 12:29:00,24.49,24.5,24.49,24.5,22044.73,2
SJCFUT,10/23/2024 12:33:00,24.52,24.53,24.52,24.53,33114.86,3
SJCFUT,10/23/2024 12:51:00,24.56,24.56,24.54,24.56,508250.52,46
SJCFUT,10/23/2024 12:59:00,24.59,24.59,24.59,24.59,11065.1,1
SJCFUT,10/23/2024 13:08:00,24.58,24.58,24.54,24.54,44215.15,4
SJCFUT,10/23/2024 14:55:00,24.57,24.57,24.57,24.57,110550.44,10
SJCFUT,10/23/2024 14:58:00,24.58,24.58,24.58,24.58,55300.36,5
SJCFUT,10/24/2024 09:27:00,24.8,24.8,24.8,24.8,44642.47,4
SJCFUT,10/24/2024 09:47:00,24.63,24.73,24.58,24.73,121932.26,11
SJCFUT,10/24/2024 10:14:00,24.79,24.79,24.79,24.79,11155.59,1
SJCFUT,10/24/2024 10:29:00,24.87,24.87,24.86,24.86,33562.29,3
SJCFUT,10/24/2024 10:30:00,24.9,24.91,24.89,24.89,179334.04,16
SJCFUT,10/24/2024 10:34:00,24.87,24.87,24.87,24.87,11190.78,1
SJCFUT,10/24/2024 11:04:00,24.75,24.75,24.75,24.75,11135.48,1
SJCFUT,10/24/2024 11:31:00,24.75,24.75,24.75,24.75,44541.93,4
SJCFUT,10/24/2024 11:34:00,24.77,24.77,24.77,24.77,22291.07,2
SJCFUT,10/24/2024 11:59:00,24.69,24.69,24.69,24.69,311089.66,28
SJCFUT,10/24/2024 12:02:00,24.69,24.69,24.69,24.69,688841.38,62
SJCFUT,10/24/2024 12:04:00,24.64,24.64,24.64,24.64,11090.24,1
SJCFUT,10/24/2024 12:06:00,24.63,24.63,24.62,24.62,166227.85,15
SJCFUT,10/24/2024 12:07:00,24.59,24.59,24.59,24.59,22130.2,2
SJCFUT,10/24/2024 12:17:00,24.67,24.67,24.67,24.67,11100.29,1
SJCFUT,10/24/2024 12:21:00,24.63,24.63,24.6,24.6,232487.74,21
SJCFUT,10/24/2024 12:25:00,24.63,24.63,24.63,24.63,11085.21,1
SJCFUT,10/24/2024 13:20:00,24.68,24.68,24.68,24.68,11105.32,1
SJCFUT,10/24/2024 13:23:00,24.69,24.7,24.69,24.7,222277.28,20
SJCFUT,10/24/2024 13:44:00,24.7,24.7,24.7,24.7,22230.74,2
SJCFUT,10/24/2024 14:32:00,24.6,24.6,24.6,24.6,22140.25,2
SJCFUT,10/24/2024 14:38:00,24.58,24.58,24.58,24.58,121660.79,11
SJCFUT,10/25/2024 09:09:00,24.4,24.4,24.4,24.4,10979.63,1
SJCFUT,10/25/2024 09:18:00,24.4,24.4,24.4,24.4,10979.63,1
SJCFUT,10/25/2024 10:33:00,24.35,24.35,24.34,24.34,76706.63,7
SJCFUT,10/25/2024 10:36:00,24.34,24.35,24.34,24.35,449139.46,41
SJCFUT,10/25/2024 10:41:00,24.39,24.39,24.39,24.39,10974.61,1
SJCFUT,10/25/2024 10:58:00,24.44,24.44,24.44,24.44,10999.74,1
SJCFUT,10/25/2024 11:35:00,24.28,24.28,24.27,24.27,87379.59,8
SJCFUT,10/25/2024 14:12:00,24.31,24.31,24.31,24.31,32818.25,3
SJCFUT,10/28/2024 09:05:00,24.13,24.13,24.13,24.13,10858.98,1
SJCFUT,10/28/2024 09:25:00,24.14,24.14,24.14,24.14,217280.14,20
SJCFUT,10/28/2024 09:26:00,24.14,24.14,24.14,24.14,434560.28,40
SJCFUT,10/28/2024 09:38:00,24.13,24.13,24.13,24.13,10858.98,1
SJCFUT,10/28/2024 09:41:00,24.11,24.11,24.11,24.11,10848.92,1
SJCFUT,10/28/2024 10:20:00,24.28,24.28,24.28,24.28,10924.33,1
SJCFUT,10/28/2024 10:36:00,24.09,24.09,24.09,24.09,10838.87,1
SJCFUT,10/28/2024 10:39:00,24.14,24.14,24.14,24.14,10864.01,1
SJCFUT,10/28/2024 10:48:00,24.13,24.13,24.13,24.13,434359.18,40
SJCFUT,10/28/2024 11:00:00,24.13,24.15,24.13,24.15,1521564.24,140
SJCFUT,10/28/2024 11:01:00,24.15,24.15,24.15,24.15,21738.07,2
SJCFUT,10/28/2024 11:03:00,24.16,24.16,24.16,24.16,10874.06,1
SJCFUT,10/28/2024 11:21:00,24.13,24.13,24.13,24.13,293192.45,27
SJCFUT,10/28/2024 11:55:00,24.13,24.13,24.13,24.13,108589.8,10
SJCFUT,10/28/2024 12:02:00,24.13,24.13,24.13,24.13,162884.69,15
SJCFUT,10/28/2024 13:12:00,24.19,24.19,24.19,24.19,402712.3,37
SJCFUT,10/28/2024 14:03:00,24.12,24.12,24.12,24.12,32561.86,3
SJCFUT,10/28/2024 14:23:00,24.11,24.11,24.11,24.11,21697.85,2
SJCFUT,10/29/2024 09:15:00,24.09,24.09,24.09,24.09,10838.87,1
SJCFUT,10/29/2024 10:00:00,24.02,24.02,24.02,24.02,43234.83,4
SJCFUT,10/29/2024 10:01:00,24.02,24.08,24.02,24.08,64877.38,6
SJCFUT,10/29/2024 12:17:00,23.93,23.94,23.93,23.94,64636.06,6
SJCFUT,10/29/2024 12:25:00,23.91,23.91,23.91,23.91,10758.43,1
SJCFUT,10/29/2024 12:31:00,23.92,23.92,23.92,23.92,10763.46,1
SJCFUT,10/29/2024 14:04:00,23.86,23.86,23.86,23.86,21476.65,2
SJCFUT,10/30/2024 09:00:00,24.1,24.1,23.91,23.91,54146.32,5
SJCFUT,10/30/2024 09:01:00,23.91,23.91,23.91,23.91,21515.75,2
SJCFUT,10/30/2024 09:02:00,23.92,23.92,23.92,23.92,21525.67,2
SJCFUT,10/30/2024 09:22:00,23.86,23.86,23.86,23.86,64428.27,6
SJCFUT,10/30/2024 09:36:00,23.9,23.9,23.9,23.9,10752.92,1
SJCFUT,10/30/2024 10:35:00,23.92,23.92,23.92,23.92,21525.67,2
SJCFUT,10/30/2024 10:45:00,23.95,23.95,23.95,23.95,21555.41,2
SJCFUT,10/30/2024 10:53:00,24.02,24.02,24.02,24.02,32422.35,3
SJCFUT,10/30/2024 11:17:00,24.06,24.08,24.06,24.08,64973.6,6
SJCFUT,10/30/2024 11:26:00,24.08,24.1,24.08,24.1,32521.5,3
SJCFUT,10/30/2024 14:58:00,24.05,24.05,24.05,24.05,54111.62,5
SJCFUT,10/31/2024 09:13:00,24.18,24.18,24.18,24.18,10881.81,1
SJCFUT,10/31/2024 09:32:00,24.21,24.21,24.21,24.21,54483.43,5
SJCFUT,10/31/2024 09:37:00,24.21,24.21,24.21,24.21,108966.87,10
SJCFUT,10/31/2024 09:39:00,24.23,24.23,24.23,24.23,21803.29,2
SJCFUT,10/31/2024 10:30:00,24.24,24.24,24.24,24.24,239945.24,22
SJCFUT,10/31/2024 10:32:00,24.19,24.19,24.19,24.19,54433.86,5
SJCFUT,10/31/2024 10:58:00,24.13,24.15,24.13,24.14,108595.05,10
SJCFUT,10/31/2024 11:00:00,24.14,24.14,24.14,24.14,10861.98,1
SJCFUT,10/31/2024 11:01:00,24.14,24.14,24.12,24.13,76019.01,7
SJCFUT,10/31/2024 11:04:00,24.13,24.14,24.13,24.14,32580.99,3
SJCFUT,10/31/2024 11:15:00,24.17,24.17,24.17,24.17,10876.86,1
SJCFUT,10/31/2024 11:16:00,24.18,24.18,24.18,24.18,21763.63,2
SJCFUT,10/31/2024 11:19:00,24.21,24.21,24.21,24.21,21793.37,2
SJCFUT,10/31/2024 11:22:00,24.23,24.23,24.23,24.23,10901.64,1
SJCFUT,10/31/2024 11:35:00,24.24,24.24,24.24,24.24,10906.6,1
SJCFUT,10/31/2024 13:15:00,24.12,24.12,24.12,24.12,10852.07,1
SJCFUT,10/31/2024 13:17:00,24.08,24.08,24.08,24.08,541859.81,50
SJCFUT,10/31/2024 13:26:00,24.08,24.08,24.08,24.08,10837.2,1
SJCFUT,11/01/2024 09:09:00,24.31,24.31,24.31,24.31,10941.3,1
SJCFUT,11/01/2024 09:15:00,24.34,24.36,24.34,24.36,1643669.51,150
SJCFUT,11/01/2024 09:21:00,24.36,24.36,24.36,24.36,43844.54,4
SJCFUT,11/01/2024 09:23:00,24.36,24.36,24.36,24.36,10961.13,1
SJCFUT,11/01/2024 09:32:00,24.35,24.35,24.35,24.35,10956.18,1
SJCFUT,11/01/2024 09:44:00,24.35,24.35,24.35,24.35,10956.18,1
SJCFUT,11/01/2024 10:37:00,24.44,24.44,24.44,24.44,21991.68,2
SJCFUT,11/01/2024 10:39:00,24.44,24.44,24.42,24.42,65970.07,6
SJCFUT,11/01/2024 10:40:00,24.4,24.4,24.4,24.4,10980.96,1
SJCFUT,11/01/2024 10:47:00,24.42,24.42,24.42,24.42,10990.88,1
SJCFUT,11/01/2024 10:50:00,24.47,24.47,24.47,24.47,1090060.31,99
SJCFUT,11/01/2024 11:19:00,24.38,24.38,24.37,24.37,21937.14,2
SJCFUT,11/01/2024 11:26:00,24.33,24.33,24.33,24.33,10946.26,1
SJCFUT,11/01/2024 11:28:00,24.35,24.35,24.35,24.35,54780.89,5
SJCFUT,11/01/2024 11:31:00,24.35,24.35,24.35,24.35,10956.18,1
SJCFUT,11/01/2024 11:47:00,24.28,24.28,24.28,24.28,109264.32,10
SJCFUT,11/01/2024 11:48:00,24.26,24.26,24.25,24.25,21828.08,2
SJCFUT,11/01/2024 11:49:00,24.24,24.24,24.24,24.24,21813.2,2
SJCFUT,11/01/2024 11:57:00,24.23,24.23,24.23,24.23,54508.22,5
SJCFUT,11/01/2024 12:03:00,24.26,24.26,24.26,24.26,545825.84,50
SJCFUT,11/01/2024 12:05:00,24.26,24.26,24.26,24.26,10916.52,1
SJCFUT,11/01/2024 13:02:00,24.13,24.13,24.13,24.13,10857.03,1
SJCFUT,11/01/2024 13:12:00,24.06,24.06,24.06,24.06,43309.12,4
SJCFUT,11/01/2024 13:50:00,24.08,24.08,24.08,24.08,10837.2,1
SJCFUT,11/01/2024 14:30:00,24.1,24.1,24.1,24.1,10847.11,1
SJCFUT,11/01/2024 14:38:00,24.14,24.14,24.14,24.14,119481.82,11
SJCFUT,11/01/2024 14:51:00,24.13,24.13,24.13,24.13,10857.03,1
SJCFUT,11/04/2024 09:09:00,24.47,24.47,24.47,24.47,11010.71,1
SJCFUT,11/04/2024 09:12:00,24.45,24.45,24.45,24.45,11000.8,1
SJCFUT,11/04/2024 09:24:00,24.46,24.46,24.46,24.46,22011.51,2
SJCFUT,11/04/2024 09:30:00,24.46,24.46,24.46,24.46,11005.75,1
SJCFUT,11/04/2024 09:55:00,24.42,24.42,24.42,24.42,329726.4,30
SJCFUT,11/04/2024 10:13:00,24.41,24.41,24.4,24.4,1120083.22,102
SJCFUT,11/04/2024 13:08:00,24.24,24.25,24.24,24.25,458082.23,42
SJCFUT,11/04/2024 13:52:00,24.26,24.26,24.26,24.26,10916.52,1
SJCFUT,11/04/2024 14:16:00,24.18,24.18,24.18,24.18,21763.63,2
SJCFUT,11/04/2024 14:48:00,24.2,24.2,24.2,24.2,21783.46,2
SJCFUT,11/04/2024 15:00:00,24.24,24.24,24.24,24.24,10906.6,1
SJCFUT,11/04/2024 15:20:00,24.25,24.25,24.25,24.25,10911.56,1
SJCFUT,11/05/2024 09:14:00,24.25,24.25,24.25,24.25,54557.8,5
SJCFUT,11/05/2024 10:10:00,24.33,24.34,24.33,24.34,21897.48,2
SJCFUT,11/05/2024 10:11:00,24.34,24.34,24.34,24.34,98560.98,9
SJCFUT,11/05/2024 10:14:00,24.34,24.34,24.34,24.34,65707.32,6
SJCFUT,11/05/2024 10:22:00,24.34,24.34,24.34,24.34,21902.44,2
SJCFUT,11/05/2024 10:32:00,24.34,24.36,24.34,24.36,65756.89,6
SJCFUT,11/05/2024 10:35:00,24.36,24.36,24.36,24.36,76727.94,7
SJCFUT,11/05/2024 11:30:00,24.35,24.39,24.35,24.38,427454.51,39
SJCFUT,11/05/2024 12:09:00,24.28,24.28,24.28,24.28,54632.16,5
SJCFUT,11/05/2024 13:21:00,24.28,24.28,24.28,24.28,10926.43,1
SJCFUT,11/05/2024 13:47:00,24.37,24.37,24.37,24.37,54830.46,5
SJCFUT,11/05/2024 14:13:00,24.41,24.42,24.41,24.42,109893.93,10
SJCFUT,11/05/2024 14:14:00,24.44,24.44,24.44,24.44,54979.19,5
SJCFUT,11/06/2024 09:10:00,23.93,23.93,23.93,23.93,10767.79,1
SJCFUT,11/06/2024 09:12:00,23.93,23.93,23.93,23.93,215355.81,20
SJCFUT,11/06/2024 09:15:00,23.94,23.94,23.93,23.93,64631.53,6
SJCFUT,11/06/2024 09:22:00,23.88,23.88,23.88,23.88,10747.96,1
SJCFUT,11/06/2024 09:27:00,23.9,23.9,23.9,23.9,64517.51,6
SJCFUT,11/06/2024 09:35:00,23.9,23.9,23.9,23.9,10752.92,1
SJCFUT,11/06/2024 09:52:00,23.94,23.94,23.94,23.94,10772.75,1
SJCFUT,11/06/2024 10:00:00,23.9,23.9,23.9,23.9,21505.84,2
SJCFUT,11/06/2024 10:24:00,23.95,23.95,23.95,23.95,43110.82,4
SJCFUT,11/06/2024 11:33:00,23.97,23.97,23.97,23.97,10787.62,1
SJCFUT,11/06/2024 12:04:00,24.24,24.24,24.24,24.24,54533.01,5
SJCFUT,11/06/2024 12:31:00,24.34,24.34,24.34,24.34,10951.22,1
SJCFUT,11/06/2024 14:04:00,24.34,24.35,24.34,24.35,109551.86,10
SJCFUT,11/06/2024 14:55:00,24.35,24.35,24.35,24.35,10956.18,1
SJCFUT,11/06/2024 14:59:00,24.38,24.38,24.38,24.38,10971.05,1
SJCFUT,11/06/2024 15:59:00,24.4,24.4,24.4,24.4,54904.82,5
SJCFUT,11/07/2024 09:02:00,24.57,24.64,24.57,24.64,2547093.08,230
SJCFUT,11/07/2024 09:13:00,24.59,24.59,24.59,24.59,221304.87,20
SJCFUT,11/07/2024 09:31:00,24.6,24.61,24.6,24.61,66426.16,6
SJCFUT,11/07/2024 09:44:00,24.62,24.62,24.62,24.62,11080.12,1
SJCFUT,11/07/2024 10:02:00,24.66,24.66,24.66,24.66,554749.43,50
SJCFUT,11/07/2024 10:04:00,24.68,24.7,24.68,24.7,22219.72,2
SJCFUT,11/07/2024 10:14:00,24.71,24.73,24.71,24.73,133536.47,12
SJCFUT,11/07/2024 10:27:00,24.62,24.62,24.62,24.62,11080.12,1
SJCFUT,11/07/2024 11:00:00,24.68,24.68,24.68,24.68,11104.9,1
SJCFUT,11/07/2024 11:32:00,24.6,24.6,24.6,24.6,22140.4,2
SJCFUT,11/07/2024 12:05:00,24.37,24.37,24.36,24.36,32893.32,3
SJCFUT,11/07/2024 12:10:00,24.35,24.35,24.35,24.35,32868.53,3
SJCFUT,11/07/2024 12:43:00,24.37,24.37,24.37,24.37,263186.22,24
SJCFUT,11/07/2024 12:45:00,24.37,24.37,24.37,24.37,285118.4,26
SJCFUT,11/07/2024 12:46:00,24.38,24.38,24.38,24.38,10971.05,1
SJCFUT,11/07/2024 12:54:00,24.47,24.48,24.47,24.48,33042.05,3
SJCFUT,11/07/2024 12:55:00,24.49,24.49,24.49,24.49,33061.88,3
SJCFUT,11/07/2024 13:11:00,24.59,24.59,24.59,24.59,55326.22,5
SJCFUT,11/07/2024 13:25:00,24.51,24.51,24.51,24.51,55152.7,5
SJCFUT,11/07/2024 14:28:00,24.62,24.62,24.62,24.62,22160.23,2
SJCFUT,11/07/2024 14:35:00,24.6,24.6,24.6,24.6,55351.0,5
SJCFUT,11/07/2024 15:50:00,24.81,24.81,24.81,24.81,11164.39,1
SJCFUT,11/08/2024 09:00:00,24.82,24.82,24.82,24.82,22338.7,2
SJCFUT,11/08/2024 09:18:00,24.79,24.79,24.79,24.79,11154.48,1
SJCFUT,11/08/2024 09:46:00,24.85,24.86,24.85,24.86,33557.63,3
SJCFUT,11/08/2024 10:12:00,24.78,24.78,24.78,24.78,11149.52,1
SJCFUT,11/08/2024 11:34:00,24.78,24.78,24.78,24.78,22299.04,2
SJCFUT,11/08/2024 11:39:00,24.77,24.77,24.77,24.77,11144.56,1
SJCFUT,11/08/2024 13:35:00,24.82,24.82,24.82,24.82,111693.52,10
SJCFUT,11/08/2024 13:37:00,24.81,24.81,24.81,24.81,11164.39,1
SJCFUT,11/08/2024 14:05:00,25.23,25.25,25.23,25.25,568075.31,50
SJCFUT,11/08/2024 14:06:00,25.25,25.31,25.25,25.28,204915.22,18
SJCFUT,11/08/2024 14:19:00,25.06,25.06,25.04,25.04,22546.92,2
SJCFUT,11/08/2024 14:21:00,25.01,25.01,25.01,25.01,90029.04,8
SJCFUT,11/08/2024 14:34:00,25.0,25.0,25.0,25.0,11248.67,1
SJCFUT,11/11/2024 09:06:00,25.16,25.16,25.16,25.16,33969.11,3
SJCFUT,11/11/2024 09:07:00,25.16,25.16,25.16,25.16,566151.78,50
SJCFUT,11/11/2024 11:31:00,25.12,25.12,25.12,25.12,11303.21,1
SJCFUT,11/11/2024 12:06:00,25.12,25.12,25.12,25.12,293883.34,26
SJCFUT,11/11/2024 12:25:00,25.01,25.01,25.01,25.01,56268.15,5
SJCFUT,11/11/2024 12:29:00,24.96,24.96,24.94,24.94,2256476.76,201
SJCFUT,11/11/2024 13:18:00,24.9,24.9,24.9,24.9,11204.05,1
SJCFUT,11/11/2024 13:56:00,24.8,24.8,24.8,24.8,22318.87,2
SJCFUT,11/12/2024 09:01:00,24.61,24.63,24.6,24.63,33230.43,3
SJCFUT,11/12/2024 09:18:00,24.63,24.63,24.63,24.63,11085.07,1
SJCFUT,11/12/2024 10:08:00,24.66,24.66,24.66,24.66,11094.99,1
SJCFUT,11/12/2024 10:19:00,24.73,24.73,24.73,24.73,11129.69,1
SJCFUT,11/12/2024 10:28:00,24.77,24.77,24.77,24.77,11144.56,1
SJCFUT,11/12/2024 10:32:00,24.77,24.77,24.74,24.74,22279.21,2
SJCFUT,11/12/2024 10:35:00,24.77,24.77,24.77,24.77,11144.56,1
SJCFUT,11/12/2024 11:29:00,24.78,24.78,24.78,24.78,11149.52,1
SJCFUT,11/12/2024 11:30:00,24.78,24.78,24.78,24.78,66897.13,6
SJCFUT,11/12/2024 11:42:00,24.7,24.7,24.68,24.68,66649.25,6
SJCFUT,11/12/2024 11:45:00,24.63,24.63,24.63,24.63,22170.15,2
SJCFUT,11/12/2024 11:57:00,24.63,24.63,24.63,24.63,44340.29,4
SJCFUT,11/12/2024 12:17:00,24.62,24.62,24.62,24.62,11080.12,1
SJCFUT,11/12/2024 12:25:00,24.61,24.61,24.59,24.59,354375.32,32
SJCFUT,11/12/2024 12:31:00,24.57,24.57,24.55,24.55,143699.44,13
SJCFUT,11/12/2024 12:52:00,24.56,24.56,24.56,24.56,11050.37,1
SJCFUT,11/12/2024 13:19:00,24.53,24.53,24.53,24.53,121445.01,11
SJCFUT,11/12/2024 13:23:00,24.53,24.53,24.53,24.53,110404.56,10
SJCFUT,11/12/2024 13:31:00,24.52,24.52,24.52,24.52,33106.49,3
SJCFUT,11/12/2024 13:32:00,24.53,24.56,24.53,24.56,22090.83,2
SJCFUT,11/12/2024 13:46:00,24.49,24.49,24.49,24.49,11020.63,1
SJCFUT,11/12/2024 14:01:00,24.5,24.5,24.5,24.5,55127.91,5
SJCFUT,11/12/2024 14:11:00,24.44,24.44,24.42,24.42,120924.47,11
SJCFUT,11/12/2024 15:19:00,24.4,24.4,24.4,24.4,21961.93,2
SJCFUT,11/12/2024 15:25:00,24.41,24.41,24.41,24.41,219718.45,20
SJCFUT,11/13/2024 09:20:00,24.51,24.51,24.51,24.51,11030.54,1
SJCFUT,11/13/2024 09:21:00,24.51,24.51,24.51,24.51,22061.08,2
SJCFUT,11/13/2024 09:26:00,24.53,24.53,24.53,24.53,110404.56,10
SJCFUT,11/13/2024 10:01:00,24.47,24.47,24.47,24.47,2202142.05,200
SJCFUT,11/13/2024 10:31:00,24.52,24.52,24.52,24.52,11035.5,1
SJCFUT,11/13/2024 11:34:00,24.42,24.42,24.42,24.42,10990.88,1
SJCFUT,11/13/2024 11:48:00,24.4,24.4,24.4,24.4,120790.61,11
SJCFUT,11/13/2024 12:07:00,24.44,24.44,24.44,24.44,32987.51,3
SJCFUT,11/13/2024 12:18:00,24.45,24.45,24.45,24.45,11000.8,1
SJCFUT,11/13/2024 14:17:00,24.39,24.39,24.39,24.39,10976.01,1
SJCFUT,11/13/2024 14:24:00,24.4,24.4,24.4,24.4,109809.65,10
SJCFUT,11/13/2024 14:30:00,24.4,24.4,24.4,24.4,10980.96,1
SJCFUT,11/13/2024 14:31:00,24.4,24.4,24.4,24.4,54904.82,5
SJCFUT,11/13/2024 15:37:00,24.45,24.45,24.45,24.45,11000.8,1
SJCFUT,11/14/2024 10:03:00,24.49,24.49,24.49,24.49,11020.63,1
SJCFUT,11/14/2024 10:47:00,24.25,24.25,24.24,24.24,21818.16,2
SJCFUT,11/14/2024 11:30:00,24.47,24.48,24.44,24.44,121107.9,11
SJCFUT,11/14/2024 11:44:00,24.35,24.35,24.35,24.35,328685.32,30
SJCFUT,11/14/2024 12:20:00,24.24,24.24,24.24,24.24,218132.04,20
SJCFUT,11/14/2024 12:21:00,24.24,24.24,24.24,24.24,109066.02,10
SJCFUT,11/14/2024 13:09:00,24.16,24.16,24.14,24.14,54319.83,5
SJCFUT,11/14/2024 13:11:00,24.14,24.14,24.14,24.14,10861.98,1
SJCFUT,11/14/2024 13:31:00,24.13,24.13,24.13,24.13,119427.29,11
SJCFUT,11/14/2024 13:35:00,24.12,24.12,24.12,24.12,43408.28,4
SJCFUT,11/14/2024 13:47:00,24.06,24.06,24.06,24.06,541364.05,50
SJCFUT,11/14/2024 14:06:00,24.17,24.17,24.17,24.17,10876.86,1
SJCFUT,11/14/2024 14:12:00,24.15,24.15,24.15,24.15,10866.94,1
SJCFUT,11/14/2024 15:01:00,24.12,24.12,24.12,24.12,759644.81,70
SJCFUT,11/14/2024 15:51:00,24.03,24.03,24.02,24.02,32432.27,3
SJCFUT,11/14/2024 15:57:00,24.02,24.02,23.99,23.99,129669.58,12
SJCFUT,11/18/2024 09:08:00,24.16,24.17,24.16,24.17,1087333.66,100
SJCFUT,11/18/2024 09:12:00,24.17,24.17,24.17,24.17,10876.86,1
SJCFUT,11/18/2024 09:16:00,24.12,24.12,24.12,24.12,10852.07,1
SJCFUT,11/18/2024 09:23:00,24.1,24.1,24.1,24.1,43388.44,4
SJCFUT,11/18/2024 09:47:00,24.1,24.1,24.1,24.1,43388.44,4
SJCFUT,11/18/2024 11:37:00,24.18,24.21,24.18,24.21,21778.5,2
SJCFUT,11/18/2024 11:40:00,24.27,24.27,24.27,24.27,218429.49,20
SJCFUT,11/18/2024 11:41:00,24.27,24.27,24.27,24.27,54607.37,5
SJCFUT,11/18/2024 11:47:00,24.26,24.26,24.26,24.26,10916.52,1
SJCFUT,11/18/2024 12:04:00,24.29,24.29,24.29,24.29,10931.39,1
SJCFUT,11/18/2024 12:17:00,24.3,24.3,24.3,24.3,32809.04,3
SJCFUT,11/18/2024 15:50:00,24.44,24.44,24.44,24.44,65975.03,6
SJCFUT,11/19/2024 09:21:00,24.47,24.47,24.47,24.47,22021.42,2
SJCFUT,11/19/2024 09:40:00,24.47,24.47,24.47,24.47,22021.42,2
SJCFUT,11/19/2024 09:45:00,24.47,24.47,24.47,24.47,110107.1,10
SJCFUT,11/19/2024 10:07:00,24.44,24.44,24.44,24.44,109958.38,10
SJCFUT,11/19/2024 10:10:00,24.42,24.42,24.42,24.42,109908.8,10
SJCFUT,11/19/2024 10:13:00,24.4,24.4,24.4,24.4,274524.12,25
SJCFUT,11/19/2024 11:30:00,24.4,24.4,24.4,24.4,21961.93,2
SJCFUT,11/19/2024 12:09:00,24.35,24.35,24.33,24.33,98595.68,9
SJCFUT,11/19/2024 12:40:00,24.39,24.39,24.39,24.39,109760.07,10
SJCFUT,11/19/2024 14:56:00,24.24,24.24,24.24,24.24,196318.83,18
SJCFUT,11/19/2024 15:08:00,24.2,24.2,24.2,24.2,108917.29,10
SJCFUT,11/19/2024 15:25:00,24.23,24.23,24.23,24.23,32704.93,3
SJCFUT,11/21/2024 09:14:00,24.13,24.13,24.12,24.12,32561.16,3
SJCFUT,11/21/2024 09:20:00,24.15,24.15,24.15,24.15,108669.41,10
SJCFUT,11/21/2024 09:21:00,24.13,24.13,24.13,24.13,325710.79,30
SJCFUT,11/21/2024 09:32:00,24.16,24.16,24.16,24.16,163078.48,15
SJCFUT,11/21/2024 09:34:00,24.15,24.15,24.15,24.15,163004.12,15
SJCFUT,11/21/2024 09:35:00,24.13,24.13,24.13,24.13,10857.03,1
SJCFUT,11/21/2024 10:08:00,24.07,24.07,24.07,24.07,10832.24,1
SJCFUT,11/21/2024 10:10:00,24.06,24.06,24.06,24.06,541364.05,50
SJCFUT,11/21/2024 10:11:00,24.09,24.12,24.08,24.12,32531.42,3
SJCFUT,11/21/2024 10:33:00,24.08,24.08,24.08,24.08,541859.81,50
SJCFUT,11/21/2024 11:06:00,24.29,24.29,24.29,24.29,10931.39,1
SJCFUT,11/21/2024 11:10:00,24.15,24.15,24.15,24.15,21733.88,2
SJCFUT,11/21/2024 11:12:00,24.15,24.15,24.15,24.15,10866.94,1
SJCFUT,11/21/2024 11:13:00,24.15,24.15,24.15,24.15,32600.82,3
SJCFUT,11/21/2024 11:14:00,24.15,24.17,24.15,24.17,97847.09,9
SJCFUT,11/21/2024 11:36:00,23.95,23.95,23.95,23.95,43110.82,4
SJCFUT,11/21/2024 11:37:00,23.95,23.95,23.92,23.92,247664.14,23
SJCFUT,11/21/2024 11:41:00,23.92,23.92,23.92,23.92,21525.67,2
SJCFUT,11/21/2024 11:42:00,23.91,23.91,23.91,23.91,10757.88,1
SJCFUT,11/21/2024 12:23:00,23.9,23.9,23.9,23.9,21505.84,2
SJCFUT,11/21/2024 14:10:00,23.8,23.8,23.8,23.8,53541.5,5
SJCFUT,11/21/2024 14:15:00,23.81,23.81,23.81,23.81,1071325.75,100
SJCFUT,11/21/2024 14:30:00,23.76,23.76,23.71,23.71,64066.37,6
SJCFUT,11/21/2024 14:53:00,23.75,23.75,23.75,23.75,21376.94,2
SJCFUT,11/21/2024 14:54:00,23.75,23.75,23.75,23.75,10688.47,1
SJCFUT,11/21/2024 15:09:00,23.79,23.79,23.79,23.79,10703.34,1
SJCFUT,11/21/2024 15:10:00,23.79,23.79,23.79,23.79,10703.34,1
SJCFUT,11/21/2024 15:59:00,23.81,23.81,23.81,23.81,10713.26,1
SJCFUT,11/22/2024 09:47:00,23.75,23.75,23.75,23.75,10688.47,1
SJCFUT,11/22/2024 09:49:00,23.76,23.76,23.76,23.76,534671.36,50
SJCFUT,11/22/2024 10:22:00,23.84,23.85,23.84,23.85,21461.22,2
SJCFUT,11/22/2024 10:23:00,23.87,23.87,23.87,23.87,10743.0,1
SJCFUT,11/22/2024 10:24:00,23.86,23.87,23.86,23.87,1073923.5,100
SJCFUT,11/22/2024 10:40:00,23.88,23.88,23.88,23.88,107479.6,10
SJCFUT,11/22/2024 11:01:00,23.76,23.76,23.76,23.76,10693.43,1
SJCFUT,11/22/2024 11:32:00,23.86,23.86,23.86,23.86,10738.05,1
SJCFUT,11/22/2024 11:34:00,23.88,23.88,23.88,23.88,10747.96,1
SJCFUT,11/22/2024 11:46:00,23.88,23.9,23.88,23.9,182750.03,17
SJCFUT,11/22/2024 12:22:00,23.79,23.79,23.79,23.79,10703.34,1
SJCFUT,11/22/2024 12:26:00,23.77,23.77,23.77,23.77,10698.38,1
SJCFUT,11/22/2024 13:56:00,23.85,23.85,23.85,23.85,21466.18,2
SJCFUT,11/22/2024 14:13:00,23.92,23.92,23.92,23.92,107628.33,10
SJCFUT,11/22/2024 15:00:00,23.86,23.86,23.84,23.84,21466.18,2
SJCFUT,11/22/2024 15:17:00,23.85,23.85,23.85,23.85,10733.09,1
SJCFUT,11/22/2024 15:50:00,23.9,23.9,23.9,23.9,10752.92,1
SJCFUT,11/25/2024 09:42:00,23.97,23.97,23.97,23.97,10787.62,1
SJCFUT,11/25/2024 09:43:00,24.02,24.02,24.02,24.02,10807.45,1
SJCFUT,11/25/2024 09:45:00,23.99,23.99,23.99,23.99,10797.54,1
SJCFUT,11/25/2024 10:50:00,23.92,23.93,23.92,23.93,32293.46,3
SJCFUT,11/25/2024 11:34:00,23.96,23.96,23.96,23.96,10782.66,1
SJCFUT,11/25/2024 11:56:00,23.94,23.94,23.94,23.94,10772.75,1
SJCFUT,11/25/2024 13:35:00,23.91,23.91,23.91,23.91,10757.88,1
SJCFUT,11/25/2024 14:34:00,24.03,24.03,24.03,24.03,21624.82,2
SJCFUT,11/25/2024 15:10:00,23.93,23.93,23.93,23.93,32303.37,3
SJCFUT,11/26/2024 09:15:00,24.03,24.04,24.03,24.04,21629.77,2
SJCFUT,11/26/2024 10:45:00,23.83,23.83,23.69,23.69,64200.22,6
SJCFUT,11/26/2024 11:31:00,23.88,23.91,23.88,23.91,21505.84,2
SJCFUT,11/26/2024 11:35:00,23.93,23.93,23.93,23.93,32303.37,3
SJCFUT,11/26/2024 13:36:00,23.79,23.79,23.79,23.79,107033.42,10
SJCFUT,11/26/2024 13:52:00,23.74,23.74,23.72,23.72,32030.71,3
SJCFUT,11/26/2024 13:54:00,23.74,23.74,23.74,23.74,10683.51,1
SJCFUT,11/26/2024 14:09:00,23.8,23.8,23.8,23.8,10708.3,1
SJCFUT,11/26/2024 15:01:00,23.83,23.83,23.83,23.83,10723.17,1
SJCFUT,11/26/2024 15:28:00,23.86,23.86,23.86,23.86,10738.05,1
SJCFUT,11/27/2024 09:33:00,24.04,24.04,24.04,24.04,10817.37,1
SJCFUT,11/27/2024 10:16:00,24.04,24.04,24.04,24.04,10817.37,1
SJCFUT,11/27/2024 10:35:00,24.05,24.06,24.05,24.06,541339.26,50
SJCFUT,11/27/2024 10:37:00,24.04,24.04,24.04,24.04,10817.37,1
SJCFUT,11/27/2024 10:38:00,24.04,24.04,24.04,24.04,10817.37,1
SJCFUT,11/27/2024 10:40:00,24.05,24.06,24.05,24.06,541339.26,50
SJCFUT,11/27/2024 10:47:00,23.87,23.87,23.87,23.87,10743.0,1
SJCFUT,11/27/2024 11:30:00,24.06,24.07,24.06,24.07,32486.8,3
SJCFUT,11/27/2024 11:35:00,24.13,24.15,24.13,24.15,21723.97,2
SJCFUT,11/27/2024 12:47:00,24.04,24.04,24.04,24.04,302886.25,28
SJCFUT,11/27/2024 12:48:00,24.04,24.04,24.04,24.04,64904.2,6
SJCFUT,11/27/2024 12:51:00,24.04,24.04,24.04,24.04,713946.15,66
SJCFUT,11/27/2024 13:40:00,24.08,24.08,24.08,24.08,184232.33,17
SJCFUT,11/27/2024 15:01:00,24.04,24.04,24.04,24.04,270434.15,25
SJCFUT,11/29/2024 09:50:00,23.58,23.58,23.58,23.58,63654.89,6
SJCFUT,11/29/2024 09:52:00,23.58,23.58,23.58,23.58,63654.89,6
SJCFUT,11/29/2024 10:21:00,23.58,23.58,23.58,23.58,10609.15,1
SJCFUT,11/29/2024 10:54:00,23.92,23.92,23.8,23.8,75235.72,7
SJCFUT,11/29/2024 11:30:00,24.06,24.21,24.06,24.21,260335.63,24
SJCFUT,11/29/2024 11:32:00,24.09,24.09,24.09,24.09,650529.22,60
SJCFUT,11/29/2024 11:35:00,24.17,24.17,24.17,24.17,21753.71,2
SJCFUT,11/29/2024 11:39:00,24.03,24.03,24.03,24.03,10812.41,1
SJCFUT,11/29/2024 11:47:00,23.91,23.91,23.91,23.91,10757.88,1
SJCFUT,11/29/2024 11:58:00,23.96,23.96,23.96,23.96,10782.66,1
SJCFUT,11/29/2024 13:07:00,24.1,24.1,24.1,24.1,10847.11,1
SJCFUT,11/29/2024 14:18:00,24.02,24.02,24.02,24.02,108074.51,10
SJCFUT,11/29/2024 14:34:00,23.99,23.99,23.99,23.99,10797.54,1
SJCFUT,12/02/2024 10:05:00,23.97,23.97,23.97,23.97,10787.62,1
SJCFUT,12/02/2024 10:07:00,23.96,23.96,23.96,23.96,53913.32,5
SJCFUT,12/02/2024 10:09:00,23.95,23.95,23.93,23.93,21545.5,2
SJCFUT,12/02/2024 10:18:00,23.94,23.94,23.93,23.93,21540.54,2
SJCFUT,12/02/2024 10:35:00,23.93,23.93,23.93,23.93,10767.79,1
SJCFUT,12/02/2024 10:43:00,23.91,23.91,23.91,23.91,322736.26,30
SJCFUT,12/02/2024 10:44:00,23.9,23.9,23.9,23.9,752704.25,70
SJCFUT,12/02/2024 10:58:00,23.9,23.9,23.9,23.9,10752.92,1
SJCFUT,12/02/2024 11:30:00,23.9,23.9,23.9,23.9,21505.84,2
SJCFUT,12/02/2024 11:38:00,23.9,23.9,23.9,23.9,10752.92,1
SJCFUT,12/02/2024 11:48:00,23.84,23.84,23.84,23.84,10728.13,1
SJCFUT,12/02/2024 12:21:00,23.93,23.93,23.93,23.93,107677.9,10
SJCFUT,12/02/2024 14:13:00,23.85,23.87,23.85,23.87,75151.44,7
SJCFUT,12/03/2024 09:06:00,24.09,24.09,24.09,24.09,10842.15,1
SJCFUT,12/03/2024 09:09:00,24.1,24.1,24.1,24.1,542355.56,50
SJCFUT,12/03/2024 09:11:00,24.12,24.12,24.12,24.12,10852.07,1
SJCFUT,12/03/2024 09:16:00,24.13,24.13,24.13,24.13,325710.79,30
SJCFUT,12/03/2024 09:32:00,24.07,24.07,24.07,24.07,10832.24,1
SJCFUT,12/03/2024 10:18:00,24.15,24.15,24.15,24.15,10866.94,1
SJCFUT,12/03/2024 10:22:00,24.18,24.18,24.18,24.18,108818.14,10
SJCFUT,12/03/2024 11:04:00,24.21,24.21,24.21,24.21,10896.69,1
SJCFUT,12/03/2024 11:31:00,24.23,24.24,24.23,24.24,152687.47,14
SJCFUT,12/03/2024 11:42:00,24.14,24.14,24.14,24.14,108619.84,10
SJCFUT,12/03/2024 14:22:00,24.07,24.07,24.07,24.07,10832.24,1
SJCFUT,12/04/2024 09:59:00,23.94,23.94,23.94,23.94,53863.74,5
SJCFUT,12/04/2024 10:24:00,23.94,23.94,23.94,23.94,10772.75,1
SJCFUT,12/04/2024 10:50:00,23.93,23.93,23.93,23.93,10767.79,1
SJCFUT,12/05/2024 09:15:00,23.93,23.93,23.93,23.93,10767.79,1
SJCFUT,12/05/2024 10:21:00,23.93,23.93,23.93,23.93,10767.79,1
SJCFUT,12/05/2024 11:36:00,24.05,24.05,24.05,24.05,54111.62,5
SJCFUT,12/05/2024 11:45:00,24.07,24.07,24.07,24.07,21664.48,2
SJCFUT,12/05/2024 12:02:00,24.05,24.05,24.05,24.05,10822.32,1
SJCFUT,12/06/2024 09:25:00,24.14,24.14,24.13,24.13,1085727.42,100
SJCFUT,12/06/2024 10:08:00,24.17,24.17,24.17,24.17,21753.71,2
SJCFUT,12/06/2024 10:28:00,24.17,24.17,24.17,24.17,54384.28,5
SJCFUT,12/06/2024 10:39:00,24.18,24.18,24.18,24.18,97936.33,9
SJCFUT,12/06/2024 11:33:00,24.12,24.12,24.09,24.09,477352.21,44
SJCFUT,12/06/2024 11:34:00,24.08,24.08,24.08,24.08,65023.18,6
SJCFUT,12/06/2024 11:52:00,24.03,24.03,24.03,24.03,1243426.97,115
SJCFUT,12/06/2024 12:11:00,24.01,24.01,24.01,24.01,32407.48,3
SJCFUT,12/06/2024 13:26:00,24.12,24.12,24.12,24.12,21704.14,2
SJCFUT,12/06/2024 14:00:00,24.16,24.16,24.16,24.16,195694.18,18
SJCFUT,12/06/2024 14:08:00,24.16,24.16,24.16,24.16,86975.19,8
SJCFUT,12/06/2024 14:11:00,24.16,24.16,24.16,24.16,43487.6,4
SJCFUT,12/06/2024 15:29:00,24.1,24.1,24.1,24.1,65082.67,6
SJCFUT,12/09/2024 09:20:00,24.14,24.14,24.14,24.14,21723.97,2
SJCFUT,12/09/2024 09:57:00,24.16,24.16,24.16,24.16,54359.49,5
SJCFUT,12/09/2024 10:10:00,24.2,24.2,24.2,24.2,10891.73,1
SJCFUT,12/09/2024 10:32:00,24.24,24.26,24.24,24.26,207235.35,19
SJCFUT,12/09/2024 11:03:00,24.29,24.29,24.29,24.29,10931.39,1
SJCFUT,12/09/2024 11:32:00,24.24,24.24,24.24,24.24,43626.41,4
SJCFUT,12/09/2024 11:45:00,24.34,24.35,24.34,24.35,219073.97,20
SJCFUT,12/09/2024 11:47:00,24.3,24.3,24.3,24.3,10936.35,1
SJCFUT,12/09/2024 11:48:00,24.3,24.3,24.3,24.3,10936.35,1
SJCFUT,12/09/2024 11:49:00,24.31,24.31,24.3,24.3,678103.09,62
SJCFUT,12/09/2024 11:50:00,24.31,24.31,24.3,24.3,404669.63,37
SJCFUT,12/09/2024 12:36:00,24.09,24.09,24.09,24.09,108421.54,10
SJCFUT,12/09/2024 13:34:00,24.02,24.02,24.02,24.02,259378.82,24
SJCFUT,12/09/2024 13:52:00,23.98,23.98,23.98,23.98,10792.58,1
SJCFUT,12/09/2024 13:56:00,23.96,23.96,23.96,23.96,10782.66,1
SJCFUT,12/09/2024 15:41:00,23.98,23.98,23.98,23.98,10792.58,1
SJCFUT,12/10/2024 09:16:00,24.07,24.07,24.07,24.07,10832.24,1
SJCFUT,12/10/2024 10:26:00,24.13,24.13,24.13,24.13,10857.03,1
SJCFUT,12/10/2024 11:32:00,24.15,24.15,24.15,24.15,21733.88,2
SJCFUT,12/10/2024 11:44:00,24.16,24.16,24.16,24.16,10871.9,1
SJCFUT,12/10/2024 11:54:00,24.19,24.19,24.19,24.19,108867.72,10
SJCFUT,12/10/2024 12:02:00,24.24,24.24,24.23,24.23,436164.92,40
SJCFUT,12/10/2024 12:16:00,24.19,24.19,24.19,24.19,108867.72,10
SJCFUT,12/10/2024 12:19:00,24.19,24.19,24.19,24.19,217735.43,20
SJCFUT,12/10/2024 12:31:00,24.23,24.23,24.23,24.23,21803.29,2
SJCFUT,12/10/2024 12:44:00,24.23,24.23,24.23,24.23,54508.22,5
SJCFUT,12/10/2024 12:45:00,24.23,24.24,24.23,24.24,381656.7,35
SJCFUT,12/10/2024 13:06:00,24.15,24.15,24.15,24.15,304274.36,28
SJCFUT,12/10/2024 13:16:00,24.14,24.14,24.13,24.13,369143.85,34
SJCFUT,12/10/2024 13:17:00,24.13,24.13,24.13,24.13,423424.03,39
SJCFUT,12/10/2024 13:28:00,24.13,24.13,24.13,24.13,108570.26,10
SJCFUT,12/11/2024 09:56:00,24.03,24.03,24.03,24.03,10812.41,1
SJCFUT,12/11/2024 10:06:00,23.98,23.98,23.98,23.98,10792.58,1
SJCFUT,12/11/2024 10:14:00,24.02,24.02,24.02,24.02,21614.9,2
SJCFUT,12/11/2024 10:49:00,24.21,24.21,24.21,24.21,10896.69,1
SJCFUT,12/11/2024 11:44:00,24.12,24.12,24.12,24.12,10852.07,1
SJCFUT,12/11/2024 11:56:00,24.18,24.18,24.18,24.18,54409.07,5
SJCFUT,12/11/2024 12:30:00,24.24,24.24,24.23,24.24,327148.48,30
SJCFUT,12/11/2024 12:32:00,24.24,24.24,24.24,24.24,218132.04,20
SJCFUT,12/11/2024 12:34:00,24.27,24.3,24.27,24.3,65543.72,6
SJCFUT,12/11/2024 12:46:00,24.23,24.23,24.23,24.23,54508.22,5
SJCFUT,12/11/2024 13:55:00,24.29,24.29,24.29,24.29,32794.17,3
SJCFUT,12/11/2024 14:15:00,24.21,24.21,24.21,24.21,32690.06,3
SJCFUT,12/11/2024 14:17:00,24.21,24.21,24.21,24.21,10896.69,1
SJCFUT,12/12/2024 09:31:00,24.19,24.19,24.19,24.19,10886.77,1
SJCFUT,12/12/2024 10:07:00,24.19,24.19,24.19,24.19,54433.86,5
SJCFUT,12/12/2024 11:38:00,24.1,24.1,24.1,24.1,21694.22,2
SJCFUT,12/12/2024 15:42:00,24.16,24.16,24.16,24.16,10871.9,1
SJCFUT,12/13/2024 09:39:00,24.12,24.12,24.12,24.12,65112.41,6
SJCFUT,12/13/2024 11:37:00,24.02,24.02,24.02,24.02,43229.8,4
SJCFUT,12/13/2024 11:40:00,24.02,24.02,24.02,24.02,10807.45,1
SJCFUT,12/13/2024 11:43:00,24.04,24.04,24.04,24.04,21634.73,2
SJCFUT,12/13/2024 12:01:00,24.03,24.03,24.03,24.03,86499.27,8
SJCFUT,12/13/2024 12:27:00,24.03,24.03,24.03,24.03,54062.04,5
SJCFUT,12/16/2024 11:22:00,24.13,24.13,24.13,24.13,10857.03,1
SJCFUT,12/16/2024 11:33:00,24.08,24.08,24.08,24.08,130046.35,12
SJCFUT,12/16/2024 12:05:00,24.06,24.06,24.06,24.06,324818.43,30
SJCFUT,12/16/2024 12:26:00,23.99,23.99,23.99,23.99,21595.07,2
SJCFUT,12/16/2024 12:59:00,23.91,23.91,23.91,23.91,215157.51,20
SJCFUT,12/16/2024 14:25:00,23.97,23.97,23.97,23.97,10787.62,1
SJCFUT,12/16/2024 15:25:00,23.87,23.87,23.87,23.87,10743.0,1
SJCFUT,12/17/2024 10:07:00,23.83,23.83,23.83,23.83,53615.86,5
SJCFUT,12/17/2024 11:57:00,23.71,23.71,23.71,23.71,10668.64,1
SJCFUT,12/17/2024 11:58:00,23.7,23.7,23.7,23.7,85309.46,8
SJCFUT,12/17/2024 12:05:00,23.7,23.7,23.7,23.7,213273.64,20
SJCFUT,12/17/2024 14:02:00,23.66,23.66,23.66,23.66,53244.05,5
SJCFUT,12/17/2024 14:21:00,23.65,23.65,23.65,23.65,42575.41,4
SJCFUT,12/17/2024 14:26:00,23.66,23.66,23.66,23.66,21297.62,2
SJCFUT,12/18/2024 09:04:00,23.48,23.48,23.48,23.48,10564.53,1
SJCFUT,12/18/2024 09:13:00,23.47,23.47,23.47,23.47,21119.15,2
SJCFUT,12/18/2024 09:18:00,23.47,23.47,23.47,23.47,21119.15,2
SJCFUT,12/18/2024 09:54:00,23.42,23.42,23.42,23.42,10539.74,1
SJCFUT,12/18/2024 10:10:00,23.4,23.4,23.38,23.38,21049.74,2
SJCFUT,12/18/2024 10:11:00,23.39,23.39,23.38,23.38,31569.65,3
SJCFUT,12/18/2024 10:15:00,23.41,23.41,23.41,23.41,52673.93,5
SJCFUT,12/18/2024 10:26:00,23.42,23.42,23.42,23.42,10539.74,1
SJCFUT,12/18/2024 10:27:00,23.41,23.42,23.41,23.42,31614.27,3
SJCFUT,12/18/2024 10:30:00,23.4,23.4,23.4,23.4,21059.66,2
SJCFUT,12/18/2024 10:31:00,23.4,23.4,23.39,23.39,52639.23,5
SJCFUT,12/18/2024 11:56:00,23.44,23.44,23.44,23.44,10549.66,1
SJCFUT,12/18/2024 13:34:00,23.19,23.19,23.19,23.19,10435.63,1
SJCFUT,12/18/2024 14:12:00,23.25,23.25,23.25,23.25,104604.23,10
SJCFUT,12/18/2024 14:56:00,23.14,23.14,23.14,23.14,104108.47,10
SJCFUT,12/18/2024 15:00:00,23.14,23.14,23.14,23.14,10410.85,1
SJCFUT,12/18/2024 15:33:00,23.14,23.14,23.14,23.14,10410.85,1
SJCFUT,12/19/2024 09:49:00,23.05,23.05,23.05,23.05,10371.19,1
SJCFUT,12/19/2024 10:45:00,23.3,23.4,23.3,23.4,147372.98,14
SJCFUT,12/19/2024 12:37:00,23.3,23.36,23.3,23.36,52525.2,5
SJCFUT,12/20/2024 10:05:00,23.53,23.53,23.53,23.53,158839.78,15
SJCFUT,12/20/2024 10:14:00,23.59,23.59,23.59,23.59,10614.11,1
SJCFUT,12/20/2024 10:15:00,23.55,23.55,23.55,23.55,21198.47,2
SJCFUT,12/20/2024 10:34:00,23.59,23.59,23.59,23.59,10614.11,1
SJCFUT,12/20/2024 12:14:00,23.66,23.66,23.66,23.66,31946.43,3
SJCFUT,12/20/2024 15:59:00,23.74,23.74,23.74,23.74,10683.51,1
SJCFUT,12/23/2024 12:09:00,23.54,23.54,23.54,23.54,52972.58,5
SJCFUT,12/26/2024 10:00:00,23.73,23.73,23.73,23.73,10678.29,1
SJCFUT,12/26/2024 11:58:00,23.77,23.77,23.77,23.77,21395.99,2
SJCFUT,12/26/2024 12:00:00,23.8,23.8,23.8,23.8,32123.56,3
SJCFUT,12/26/2024 12:15:00,23.82,23.82,23.82,23.82,21435.41,2
SJCFUT,12/26/2024 12:16:00,23.83,23.83,23.83,23.83,32167.91,3
SJCFUT,12/26/2024 12:17:00,23.86,23.86,23.86,23.86,10737.42,1
SJCFUT,12/26/2024 12:26:00,23.9,23.9,23.9,23.9,10757.13,1
SJCFUT,12/27/2024 09:45:00,24.03,24.03,24.03,24.03,118924.67,11
SJCFUT,12/27/2024 09:46:00,24.03,24.03,24.03,24.03,43245.33,4
SJCFUT,12/27/2024 10:34:00,24.05,24.05,24.05,24.05,238066.15,22
SJCFUT,12/27/2024 11:34:00,24.0,24.0,24.0,24.0,10801.48,1
SJCFUT,12/27/2024 11:35:00,23.99,23.99,23.99,23.99,21593.1,2
SJCFUT,12/27/2024 11:38:00,24.03,24.03,24.03,24.03,43245.33,4
SJCFUT,12/27/2024 11:41:00,24.0,24.0,24.0,24.0,64808.87,6
SJCFUT,12/27/2024 12:30:00,23.9,23.92,23.9,23.92,215162.29,20
SJCFUT,12/30/2024 09:18:00,24.05,24.06,24.05,24.06,21647.3,2
SJCFUT,12/30/2024 10:08:00,24.09,24.09,24.09,24.09,260181.58,24
SJCFUT,12/30/2024 11:48:00,24.16,24.16,24.16,24.16,32611.4,3
SJCFUT,12/30/2024 13:03:00,23.9,23.9,23.9,23.9,21514.26,2
SJCFUT,12/30/2024 13:18:00,23.87,23.87,23.87,23.87,64454.07,6
SJCFUT,12/30/2024 15:06:00,23.84,23.84,23.83,23.83,42905.32,4
SJCFUT,01/02/2025 11:33:00,24.3,24.3,24.3,24.3,109345.25,10
SJCFUT,01/02/2025 11:34:00,24.33,24.33,24.33,24.33,164239.63,15
SJCFUT,01/02/2025 11:35:00,24.34,24.34,24.31,24.31,175105.16,16
SJCFUT,01/02/2025 12:24:00,24.24,24.24,24.24,24.24,10909.89,1
SJCFUT,01/02/2025 12:30:00,24.27,24.27,24.27,24.27,54598.71,5
SJCFUT,01/02/2025 12:41:00,24.3,24.3,24.3,24.3,262428.61,24
SJCFUT,01/02/2025 12:56:00,24.31,24.31,24.31,24.31,21878.91,2
SJCFUT,01/02/2025 13:01:00,24.35,24.35,24.35,24.35,175346.62,16
SJCFUT,01/02/2025 13:16:00,24.43,24.44,24.43,24.44,175952.72,16
SJCFUT,01/02/2025 13:28:00,24.5,24.5,24.5,24.5,264557.37,24
SJCFUT,01/02/2025 13:40:00,24.42,24.42,24.42,24.42,164830.95,15
SJCFUT,01/02/2025 13:55:00,24.42,24.42,24.42,24.42,164830.95,15
SJCFUT,01/02/2025 14:12:00,24.43,24.43,24.43,24.43,10993.66,1
SJCFUT,01/02/2025 14:23:00,24.49,24.49,24.49,24.49,66109.78,6
SJCFUT,01/02/2025 14:28:00,24.5,24.5,24.5,24.5,55116.12,5
SJCFUT,01/02/2025 14:30:00,24.51,24.51,24.51,24.51,11028.15,1
SJCFUT,01/02/2025 14:43:00,24.45,24.45,24.45,24.45,22007.03,2
SJCFUT,01/02/2025 15:20:00,24.41,24.41,24.41,24.41,10983.8,1
SJCFUT,01/03/2025 09:14:00,24.3,24.3,24.3,24.3,54672.63,5
SJCFUT,01/03/2025 10:13:00,24.22,24.22,24.22,24.22,10900.03,1
SJCFUT,01/03/2025 10:40:00,24.21,24.21,24.21,24.21,108951.04,10
SJCFUT,01/03/2025 10:41:00,24.24,24.26,24.24,24.26,32739.52,3
SJCFUT,01/03/2025 10:43:00,24.27,24.27,24.27,24.27,54598.71,5
SJCFUT,01/03/2025 11:48:00,24.19,24.19,24.19,24.19,21770.5,2
SJCFUT,01/03/2025 11:56:00,24.15,24.15,24.15,24.15,10865.54,1
SJCFUT,01/03/2025 12:17:00,24.06,24.06,24.06,24.06,10826.12,1
SJCFUT,01/03/2025 12:23:00,24.04,24.04,24.04,24.04,108162.61,10
SJCFUT,01/03/2025 12:59:00,23.98,23.98,23.98,23.98,10791.62,1
SJCFUT,01/03/2025 13:15:00,24.03,24.03,24.03,24.03,1081133.33,100
SJCFUT,01/06/2025 09:07:00,24.22,24.22,24.22,24.22,21800.06,2
SJCFUT,01/06/2025 09:08:00,24.23,24.23,24.23,24.23,10904.96,1
SJCFUT,01/06/2025 09:11:00,24.23,24.23,24.23,24.23,65429.76,6
SJCFUT,01/06/2025 09:37:00,24.23,24.23,24.23,24.23,54524.8,5
SJCFUT,01/06/2025 09:45:00,24.27,24.28,24.27,24.28,131086.18,12
SJCFUT,01/06/2025 09:47:00,24.3,24.3,24.3,24.3,43738.1,4
SJCFUT,01/06/2025 09:49:00,24.32,24.32,24.32,24.32,54721.9,5
SJCFUT,01/06/2025 09:52:00,24.32,24.32,24.32,24.32,54721.9,5
SJCFUT,01/06/2025 10:05:00,24.35,24.35,24.34,24.34,76689.51,7
SJCFUT,01/06/2025 10:10:00,24.34,24.34,24.34,24.34,54771.18,5
SJCFUT,01/06/2025 10:35:00,24.36,24.36,24.34,24.34,394569.32,36
SJCFUT,01/06/2025 11:05:00,24.34,24.34,24.34,24.34,10954.24,1
SJCFUT,01/06/2025 11:31:00,24.31,24.31,24.31,24.31,10939.45,1
SJCFUT,01/06/2025 11:37:00,24.3,24.3,24.3,24.3,240559.56,22
SJCFUT,01/06/2025 13:07:00,24.2,24.2,24.2,24.2,10890.18,1
SJCFUT,01/06/2025 14:14:00,24.15,24.15,24.15,24.15,217310.76,20
SJCFUT,01/06/2025 14:15:00,24.15,24.15,24.15,24.15,32596.61,3
SJCFUT,01/06/2025 14:38:00,24.12,24.12,24.11,24.11,32557.19,3
SJCFUT,01/07/2025 09:06:00,23.94,23.94,23.94,23.94,53859.56,5
SJCFUT,01/07/2025 09:15:00,23.93,23.93,23.93,23.93,1065931.43,99
SJCFUT,01/07/2025 09:55:00,23.86,23.86,23.86,23.86,10737.42,1
SJCFUT,01/07/2025 10:00:00,23.85,23.85,23.85,23.85,10732.49,1
SJCFUT,01/07/2025 10:03:00,23.85,23.85,23.85,23.85,257579.77,24
SJCFUT,01/07/2025 10:16:00,23.85,23.85,23.85,23.85,85859.92,8
SJCFUT,01/07/2025 10:26:00,23.84,23.84,23.84,23.84,42910.25,4
SJCFUT,01/07/2025 10:28:00,23.86,23.86,23.86,23.86,107374.18,10
SJCFUT,01/07/2025 10:40:00,23.82,23.82,23.82,23.82,257224.98,24
SJCFUT,01/07/2025 11:04:00,23.83,23.83,23.83,23.83,10722.64,1
SJCFUT,01/07/2025 11:40:00,23.86,23.86,23.86,23.86,214748.36,20
SJCFUT,01/07/2025 12:04:00,23.88,23.88,23.88,23.88,257934.56,24
SJCFUT,01/07/2025 12:39:00,24.01,24.01,24.01,24.01,10806.41,1
SJCFUT,01/07/2025 12:40:00,24.03,24.03,24.03,24.03,10811.33,1
SJCFUT,01/07/2025 13:00:00,24.0,24.0,24.0,24.0,21602.96,2
SJCFUT,01/07/2025 14:02:00,24.0,24.0,24.0,24.0,10801.48,1
SJCFUT,01/07/2025 15:06:00,24.07,24.07,24.07,24.07,259945.06,24
SJCFUT,01/07/2025 15:39:00,24.08,24.08,24.08,24.08,65015.83,6
SJCFUT,01/08/2025 09:19:00,24.09,24.09,24.09,24.09,54204.5,5
SJCFUT,01/08/2025 09:27:00,24.1,24.1,24.1,24.1,10845.83,1
SJCFUT,01/08/2025 10:01:00,24.03,24.03,24.03,24.03,10811.33,1
SJCFUT,01/08/2025 10:15:00,23.98,23.98,23.98,23.98,21583.25,2
SJCFUT,01/08/2025 11:23:00,24.04,24.04,24.04,24.04,10816.26,1
SJCFUT,01/08/2025 11:29:00,23.9,24.09,23.9,24.09,21598.03,2
SJCFUT,01/08/2025 11:36:00,24.04,24.04,24.04,24.04,21632.52,2
SJCFUT,01/08/2025 12:17:00,24.08,24.08,24.08,24.08,54179.86,5
SJCFUT,01/08/2025 12:52:00,24.07,24.07,24.07,24.07,108310.44,10
SJCFUT,01/08/2025 13:05:00,24.1,24.11,24.1,24.1,531563.79,49
SJCFUT,01/08/2025 13:08:00,24.11,24.11,24.11,24.11,173612.08,16
SJCFUT,01/08/2025 13:38:00,24.07,24.07,24.07,24.07,64986.26,6
SJCFUT,01/08/2025 13:43:00,24.07,24.07,24.07,24.07,259945.06,24
SJCFUT,01/08/2025 13:49:00,24.1,24.1,24.1,24.1,260299.85,24
SJCFUT,01/08/2025 13:53:00,24.06,24.06,24.06,24.06,54130.58,5
SJCFUT,01/08/2025 13:57:00,24.06,24.06,24.06,24.06,43304.47,4
SJCFUT,01/08/2025 14:46:00,24.08,24.08,24.08,24.08,10835.97,1
SJCFUT,01/08/2025 15:06:00,24.08,24.08,24.08,24.08,10835.97,1
SJCFUT,01/08/2025 15:37:00,23.99,23.99,23.99,23.99,21593.1,2
SJCFUT,01/09/2025 09:13:00,23.84,23.84,23.84,23.84,10727.56,1
SJCFUT,01/09/2025 09:22:00,23.83,23.83,23.83,23.83,21445.27,2
SJCFUT,01/10/2025 09:05:00,24.28,24.28,24.28,24.28,109246.7,10
SJCFUT,01/10/2025 09:15:00,24.29,24.29,24.29,24.29,21859.2,2
SJCFUT,01/10/2025 09:17:00,24.28,24.28,24.28,24.28,10924.67,1
SJCFUT,01/10/2025 11:44:00,24.24,24.24,24.24,24.24,261837.29,24
SJCFUT,01/10/2025 11:53:00,24.3,24.3,24.3,24.3,21869.05,2
SJCFUT,01/10/2025 12:51:00,24.24,24.24,24.24,24.24,10909.89,1
SJCFUT,01/10/2025 13:36:00,24.28,24.28,24.28,24.28,21849.34,2
SJCFUT,01/10/2025 13:53:00,24.3,24.3,24.3,24.3,109345.25,10
SJCFUT,01/10/2025 14:03:00,24.63,24.69,24.63,24.69,454869.35,41
SJCFUT,01/10/2025 14:09:00,24.82,24.84,24.81,24.81,1652828.15,148
SJCFUT,01/10/2025 14:11:00,24.9,24.92,24.87,24.92,997333.17,89
SJCFUT,01/10/2025 14:19:00,24.85,24.85,24.85,24.85,279522.73,25
SJCFUT,01/10/2025 14:39:00,24.62,24.62,24.61,24.61,66439.93,6
SJCFUT,01/10/2025 14:41:00,24.59,24.59,24.59,24.59,33202.72,3
SJCFUT,01/10/2025 14:45:00,24.68,24.68,24.68,24.68,11106.99,1
SJCFUT,01/10/2025 15:37:00,24.57,24.57,24.57,24.57,176923.48,16
SJCFUT,01/10/2025 15:39:00,24.61,24.61,24.61,24.61,110725.0,10
SJCFUT,01/10/2025 15:58:00,24.67,24.67,24.67,24.67,33306.2,3
SJCFUT,01/13/2025 09:06:00,25.01,25.01,25.01,25.01,45019.3,4
SJCFUT,01/13/2025 09:09:00,24.99,24.99,24.99,24.99,11244.97,1
SJCFUT,01/13/2025 09:10:00,25.0,25.0,24.99,24.99,112474.33,10
SJCFUT,01/13/2025 09:23:00,24.97,24.97,24.97,24.97,11235.11,1
SJCFUT,01/13/2025 09:45:00,24.98,24.98,24.98,24.98,269761.0,24
SJCFUT,01/13/2025 09:50:00,25.0,25.0,25.0,25.0,56249.48,5
SJCFUT,01/13/2025 09:53:00,24.97,24.97,24.97,24.97,11235.11,1
SJCFUT,01/13/2025 09:57:00,24.97,24.97,24.97,24.97,112351.14,10
SJCFUT,01/13/2025 10:01:00,24.91,24.91,24.91,24.91,269051.41,24
SJCFUT,01/13/2025 10:08:00,24.92,24.92,24.91,24.91,67287.49,6
SJCFUT,01/13/2025 10:10:00,24.9,24.9,24.9,24.9,268933.15,24
SJCFUT,01/13/2025 10:18:00,24.87,24.87,24.87,24.87,11190.76,1
SJCFUT,01/13/2025 10:37:00,24.84,24.84,24.84,24.84,245871.6,22
SJCFUT,01/13/2025 11:27:00,24.77,24.77,24.77,24.77,11146.42,1
SJCFUT,01/13/2025 11:45:00,24.84,24.84,24.84,24.84,268223.56,24
SJCFUT,01/13/2025 11:59:00,24.92,24.92,24.92,24.92,56077.02,5
SJCFUT,01/13/2025 12:00:00,24.93,24.93,24.93,24.93,11220.33,1
SJCFUT,01/13/2025 12:09:00,24.95,24.95,24.95,24.95,112252.59,10
SJCFUT,01/13/2025 12:17:00,24.97,24.97,24.97,24.97,11235.11,1
SJCFUT,01/13/2025 12:46:00,25.08,25.08,25.08,25.08,225687.81,20
SJCFUT,01/13/2025 13:08:00,25.21,25.21,25.21,25.21,11343.52,1
SJCFUT,01/13/2025 13:47:00,25.16,25.16,25.16,25.16,11323.81,1
SJCFUT,01/13/2025 13:49:00,25.14,25.14,25.14,25.14,11313.96,1
SJCFUT,01/13/2025 14:23:00,25.16,25.16,25.16,25.16,226476.24,20
SJCFUT,01/13/2025 14:38:00,25.14,25.14,25.14,25.14,113139.57,10
SJCFUT,01/13/2025 15:55:00,25.33,25.35,25.33,25.35,68435.64,6
SJCFUT,01/14/2025 09:09:00,25.33,25.33,25.33,25.33,22795.45,2
SJCFUT,01/14/2025 09:20:00,25.34,25.34,25.34,25.34,34207.97,3
SJCFUT,01/14/2025 09:29:00,25.36,25.36,25.36,25.36,57062.55,5
SJCFUT,01/14/2025 09:34:00,25.33,25.33,25.33,25.33,56988.64,5
SJCFUT,01/14/2025 09:58:00,25.37,25.37,25.37,25.37,11417.44,1
SJCFUT,01/14/2025 10:09:00,25.39,25.39,25.39,25.39,22854.59,2
SJCFUT,01/14/2025 11:01:00,25.38,25.38,25.38,25.38,11422.37,1
SJCFUT,01/14/2025 11:32:00,25.32,25.32,25.32,25.32,273427.19,24
SJCFUT,01/14/2025 11:45:00,25.46,25.47,25.46,25.47,297986.76,26
SJCFUT,01/14/2025 11:50:00,25.49,25.49,25.49,25.49,57358.21,5
SJCFUT,01/14/2025 11:51:00,25.51,25.51,25.51,25.51,68888.99,6
SJCFUT,01/14/2025 11:52:00,25.51,25.51,25.51,25.51,287037.45,25
SJCFUT,01/14/2025 12:25:00,25.59,25.59,25.55,25.55,656096.16,57
SJCFUT,01/14/2025 12:37:00,25.43,25.43,25.43,25.43,22884.15,2
SJCFUT,01/14/2025 13:16:00,25.4,25.4,25.4,25.4,22864.44,2
SJCFUT,01/14/2025 14:22:00,25.33,25.33,25.33,25.33,1253750.01,110
SJCFUT,01/14/2025 14:23:00,25.33,25.33,25.33,25.33,11397.73,1
SJCFUT,01/14/2025 14:53:00,25.28,25.28,25.28,25.28,11378.02,1
SJCFUT,01/14/2025 15:10:00,25.28,25.28,25.28,25.28,273072.4,24
SJCFUT,01/15/2025 09:12:00,25.31,25.31,25.31,25.31,11387.87,1
SJCFUT,01/15/2025 10:00:00,25.32,25.32,25.32,25.32,56964.0,5
SJCFUT,01/15/2025 10:08:00,25.33,25.33,25.33,25.33,227954.55,20
SJCFUT,01/15/2025 10:21:00,25.36,25.36,25.36,25.36,11412.51,1
SJCFUT,01/15/2025 10:25:00,25.36,25.36,25.36,25.36,57062.55,5
SJCFUT,01/15/2025 11:31:00,25.4,25.4,25.4,25.4,11432.22,1
SJCFUT,01/15/2025 11:43:00,25.33,25.33,25.32,25.32,524187.05,46
SJCFUT,01/15/2025 11:49:00,25.33,25.33,25.33,25.33,227954.55,20
SJCFUT,01/15/2025 11:57:00,25.3,25.3,25.3,25.3,22765.89,2
SJCFUT,01/15/2025 12:09:00,25.27,25.27,25.27,25.27,272954.14,24
SJCFUT,01/15/2025 12:10:00,25.27,25.27,25.27,25.27,272954.14,24
SJCFUT,01/15/2025 12:11:00,25.26,25.26,25.26,25.26,272835.87,24
SJCFUT,01/15/2025 12:13:00,25.25,25.25,25.25,25.25,11363.23,1
SJCFUT,01/15/2025 12:17:00,25.25,25.25,25.25,25.25,272717.61,24
SJCFUT,01/15/2025 12:20:00,25.22,25.22,25.22,25.22,11348.45,1
SJCFUT,01/15/2025 12:39:00,25.24,25.24,25.24,25.24,11358.31,1
SJCFUT,01/15/2025 12:46:00,25.25,25.25,25.25,25.25,11363.23,1
SJCFUT,01/15/2025 12:49:00,25.26,25.26,25.26,25.26,272835.87,24
SJCFUT,01/15/2025 13:19:00,25.3,25.3,25.3,25.3,113829.44,10
SJCFUT,01/15/2025 15:21:00,25.17,25.17,25.17,25.17,11328.74,1
SJCFUT,01/15/2025 15:23:00,25.2,25.2,25.2,25.2,11338.6,1
SJCFUT,01/15/2025 15:32:00,25.2,25.2,25.2,25.2,11338.6,1
SJCFUT,01/15/2025 15:59:00,25.12,25.12,25.12,25.12,169561.52,15
SJCFUT,01/16/2025 09:04:00,24.87,24.87,24.87,24.87,11190.76,1
SJCFUT,01/16/2025 09:08:00,24.86,24.86,24.86,24.86,33557.51,3
SJCFUT,01/16/2025 09:43:00,24.8,24.8,24.8,24.8,11161.2,1
SJCFUT,01/16/2025 09:53:00,24.81,24.81,24.81,24.81,44664.51,4
SJCFUT,01/16/2025 10:00:00,24.81,24.81,24.81,24.81,167491.9,15
SJCFUT,01/16/2025 10:06:00,24.78,24.78,24.78,24.78,289934.93,26
SJCFUT,01/16/2025 10:14:00,24.77,24.77,24.77,24.77,267513.97,24
SJCFUT,01/16/2025 10:32:00,24.82,24.82,24.82,24.82,268105.3,24
SJCFUT,01/16/2025 11:38:00,24.85,24.85,24.85,24.85,223618.19,20
SJCFUT,01/16/2025 11:56:00,24.78,24.78,24.78,24.78,591021.19,53
SJCFUT,01/16/2025 11:57:00,24.79,24.79,24.79,24.79,11156.27,1
SJCFUT,01/16/2025 12:15:00,24.75,24.75,24.75,24.75,11136.56,1
SJCFUT,01/16/2025 12:17:00,24.75,24.75,24.75,24.75,245004.33,22
SJCFUT,01/16/2025 12:21:00,24.79,24.79,24.79,24.79,33468.81,3
SJCFUT,01/16/2025 12:30:00,24.76,24.76,24.76,24.76,33424.46,3
SJCFUT,01/16/2025 12:33:00,24.75,24.75,24.75,24.75,33409.68,3
SJCFUT,01/16/2025 12:37:00,24.72,24.73,24.72,24.73,66755.3,6
SJCFUT,01/16/2025 12:48:00,24.74,24.74,24.74,24.74,33394.9,3
SJCFUT,01/16/2025 12:49:00,24.7,24.7,24.7,24.7,22233.7,2
SJCFUT,01/16/2025 13:09:00,24.69,24.69,24.69,24.69,55559.61,5
SJCFUT,01/16/2025 13:16:00,24.66,24.66,24.66,24.66,22194.28,2
SJCFUT,01/16/2025 15:02:00,24.68,24.68,24.68,24.68,222139.88,20
SJCFUT,01/16/2025 15:29:00,24.67,24.67,24.67,24.67,111020.66,10
SJCFUT,01/17/2025 09:14:00,24.67,24.67,24.67,24.67,88816.53,8
SJCFUT,01/17/2025 09:37:00,24.68,24.68,24.68,24.68,11106.99,1
SJCFUT,01/17/2025 10:00:00,24.67,24.67,24.67,24.67,266449.6,24
SJCFUT,01/17/2025 10:23:00,24.66,24.66,24.66,24.66,266331.33,24
SJCFUT,01/17/2025 10:33:00,24.76,24.76,24.76,24.76,11141.49,1
SJCFUT,01/17/2025 10:38:00,24.81,24.81,24.81,24.81,223322.53,20
SJCFUT,01/17/2025 10:54:00,24.9,24.9,24.9,24.9,11205.55,1
SJCFUT,01/17/2025 11:03:00,24.91,24.91,24.91,24.91,33631.43,3
SJCFUT,01/17/2025 11:06:00,24.91,24.91,24.91,24.91,11210.48,1
SJCFUT,01/17/2025 11:30:00,24.85,24.86,24.8,24.8,871953.25,78
SJCFUT,01/17/2025 11:38:00,24.76,24.76,24.76,24.76,222829.76,20
SJCFUT,01/17/2025 11:40:00,24.74,24.74,24.74,24.74,267159.18,24
SJCFUT,01/17/2025 11:41:00,24.73,24.74,24.73,24.74,1113044.99,100
SJCFUT,01/17/2025 12:18:00,24.87,24.87,24.87,24.87,55953.82,5
SJCFUT,01/17/2025 12:25:00,24.89,24.89,24.89,24.89,112006.2,10
SJCFUT,01/17/2025 12:28:00,24.86,24.86,24.86,24.86,246088.42,22
SJCFUT,01/17/2025 12:30:00,24.91,24.91,24.91,24.91,235419.98,21
SJCFUT,01/17/2025 12:38:00,24.91,24.91,24.88,24.88,672037.21,60
SJCFUT,01/17/2025 13:10:00,24.98,24.98,24.98,24.98,112400.42,10
SJCFUT,01/17/2025 14:32:00,24.88,24.88,24.88,24.88,11195.69,1
SJCFUT,01/17/2025 15:12:00,25.02,25.02,25.02,25.02,45039.01,4
SJCFUT,01/17/2025 15:58:00,24.95,24.95,24.95,24.95,224505.17,20
SJCFUT,01/21/2025 09:10:00,25.31,25.31,25.31,25.31,113878.72,10
SJCFUT,01/21/2025 09:45:00,25.36,25.36,25.36,25.36,11412.51,1
SJCFUT,01/21/2025 09:58:00,25.38,25.39,25.37,25.37,68529.27,6
SJCFUT,01/21/2025 10:01:00,25.43,25.43,25.43,25.43,11442.08,1
SJCFUT,01/21/2025 10:19:00,25.42,25.42,25.4,25.4,114346.85,10
SJCFUT,01/21/2025 10:28:00,25.47,25.47,25.47,25.47,114617.87,10
SJCFUT,01/21/2025 10:29:00,25.48,25.48,25.48,25.48,34400.14,3
SJCFUT,01/21/2025 10:33:00,25.48,25.48,25.48,25.48,80267.0,7
SJCFUT,01/21/2025 10:34:00,25.49,25.49,25.49,25.49,11471.64,1
SJCFUT,01/21/2025 11:31:00,25.54,25.54,25.54,25.54,505619.55,44
SJCFUT,01/21/2025 11:32:00,25.55,25.55,25.55,25.55,275910.74,24
SJCFUT,01/21/2025 11:33:00,25.56,25.57,25.56,25.57,563677.49,49
SJCFUT,01/21/2025 11:40:00,25.44,25.44,25.44,25.44,274728.1,24
SJCFUT,01/21/2025 11:43:00,25.42,25.42,25.42,25.42,11437.15,1
SJCFUT,01/21/2025 11:44:00,25.38,25.38,25.38,25.38,228447.32,20
SJCFUT,01/21/2025 12:02:00,25.27,25.27,25.27,25.27,11373.09,1
SJCFUT,01/21/2025 12:07:00,25.33,25.33,25.33,25.33,250750.0,22
SJCFUT,01/21/2025 12:24:00,25.3,25.3,25.3,25.3,45531.78,4
SJCFUT,01/21/2025 12:34:00,25.31,25.31,25.31,25.31,34163.62,3
SJCFUT,01/21/2025 12:48:00,25.26,25.26,25.26,25.26,227363.23,20
SJCFUT,01/21/2025 13:03:00,25.34,25.34,25.34,25.34,11402.66,1
SJCFUT,01/21/2025 13:10:00,25.34,25.34,25.34,25.34,250858.41,22
SJCFUT,01/21/2025 13:13:00,25.36,25.36,25.36,25.36,11412.51,1
SJCFUT,01/21/2025 14:15:00,25.5,25.5,25.5,25.5,11476.57,1
SJCFUT,01/21/2025 14:40:00,25.5,25.5,25.5,25.5,275437.69,24
SJCFUT,01/21/2025 15:28:00,25.58,25.6,25.58,25.6,34543.05,3
SJCFUT,01/21/2025 15:30:00,25.62,25.62,25.62,25.62,426638.67,37
SJCFUT,01/21/2025 15:59:00,25.63,25.63,25.63,25.63,11535.7,1
SJCFUT,01/22/2025 09:03:00,25.68,25.68,25.67,25.68,127084.91,11
SJCFUT,01/22/2025 09:35:00,25.63,25.63,25.63,25.63,46142.81,4
SJCFUT,01/22/2025 10:01:00,25.62,25.62,25.62,25.62,276738.59,24
SJCFUT,01/22/2025 10:05:00,25.63,25.65,25.62,25.62,345957.74,30
SJCFUT,01/22/2025 10:19:00,25.72,25.72,25.72,25.72,11575.12,1
SJCFUT,01/22/2025 10:31:00,25.79,25.79,25.79,25.79,232093.8,20
SJCFUT,01/22/2025 10:33:00,25.78,25.78,25.78,25.78,11599.76,1
SJCFUT,01/22/2025 10:37:00,25.78,25.78,25.78,25.78,11599.76,1
SJCFUT,01/22/2025 11:24:00,25.9,25.9,25.9,25.9,11653.97,1
SJCFUT,01/22/2025 11:31:00,25.9,25.9,25.9,25.9,46615.87,4
SJCFUT,01/22/2025 11:34:00,25.78,25.8,25.78,25.8,23209.38,2
SJCFUT,01/22/2025 11:35:00,25.81,25.81,25.81,25.81,255520.0,22
SJCFUT,01/22/2025 11:39:00,25.83,25.83,25.83,25.83,325483.22,28
SJCFUT,01/22/2025 11:41:00,25.86,25.86,25.86,25.86,11639.18,1
SJCFUT,01/22/2025 11:42:00,25.86,25.86,25.86,25.86,581959.19,50
SJCFUT,01/22/2025 11:45:00,25.88,25.88,25.88,25.88,23288.22,2
SJCFUT,01/22/2025 11:50:00,25.85,25.86,25.85,25.86,477122.76,41
SJCFUT,01/22/2025 11:59:00,25.7,25.7,25.7,25.7,254435.91,22
SJCFUT,01/22/2025 12:00:00,25.71,25.71,25.7,25.7,80961.81,7
SJCFUT,01/22/2025 12:04:00,25.72,25.72,25.72,25.72,57875.62,5
SJCFUT,01/22/2025 12:13:00,25.79,25.79,25.79,25.79,278512.56,24
SJCFUT,01/22/2025 12:14:00,25.79,25.79,25.79,25.79,278512.56,24
SJCFUT,01/22/2025 12:16:00,25.73,25.73,25.73,25.73,277921.24,24
SJCFUT,01/22/2025 12:18:00,25.74,25.74,25.73,25.73,579101.13,50
SJCFUT,01/22/2025 12:23:00,25.78,25.78,25.78,25.78,927980.99,80
SJCFUT,01/22/2025 12:29:00,25.74,25.74,25.74,25.74,46339.92,4
SJCFUT,01/22/2025 12:34:00,25.67,25.67,25.67,25.67,277211.65,24
SJCFUT,01/22/2025 12:35:00,25.69,25.69,25.68,25.68,393002.31,34
SJCFUT,01/22/2025 12:38:00,25.61,25.61,25.61,25.61,57629.24,5
SJCFUT,01/22/2025 12:51:00,25.73,25.73,25.73,25.73,11580.05,1
SJCFUT,01/22/2025 13:04:00,25.63,25.63,25.63,25.63,34607.11,3
SJCFUT,01/22/2025 13:07:00,25.53,25.53,25.53,25.53,11486.43,1
SJCFUT,01/22/2025 13:15:00,25.56,25.56,25.56,25.56,11501.21,1
SJCFUT,01/22/2025 13:16:00,25.51,25.51,25.51,25.51,344444.94,30
SJCFUT,01/22/2025 13:41:00,25.58,25.58,25.58,25.58,11511.06,1
SJCFUT,01/22/2025 14:20:00,25.48,25.48,25.47,25.47,34395.22,3
SJCFUT,01/22/2025 14:29:00,25.46,25.46,25.46,25.46,22913.72,2
SJCFUT,01/22/2025 14:42:00,25.42,25.42,25.4,25.4,137216.22,12
SJCFUT,01/22/2025 15:01:00,25.5,25.5,25.5,25.5,286914.26,25
SJCFUT,01/22/2025 15:08:00,25.49,25.49,25.49,25.49,11471.64,1
SJCFUT,01/22/2025 15:22:00,25.49,25.49,25.49,25.49,22943.29,2
SJCFUT,01/22/2025 15:29:00,25.55,25.55,25.55,25.55,11496.28,1
SJCFUT,01/23/2025 09:03:00,25.44,25.44,25.44,25.44,11447.0,1
SJCFUT,01/23/2025 09:08:00,25.44,25.44,25.44,25.44,11447.0,1
SJCFUT,01/23/2025 09:26:00,25.42,25.42,25.42,25.42,57185.74,5
SJCFUT,01/23/2025 09:29:00,25.4,25.4,25.4,25.4,11432.22,1
SJCFUT,01/23/2025 09:41:00,25.46,25.46,25.46,25.46,114568.6,10
SJCFUT,01/23/2025 09:43:00,25.51,25.51,25.51,25.51,11481.5,1
SJCFUT,01/23/2025 10:18:00,25.57,25.57,25.57,25.57,11506.14,1
SJCFUT,01/23/2025 10:26:00,25.53,25.53,25.53,25.53,11486.43,1
SJCFUT,01/23/2025 11:30:00,25.58,25.58,25.58,25.58,11511.06,1
SJCFUT,01/23/2025 11:32:00,25.57,25.58,25.57,25.58,598457.07,52
SJCFUT,01/23/2025 11:34:00,25.62,25.62,25.62,25.62,276738.59,24
SJCFUT,01/23/2025 11:35:00,25.62,25.62,25.62,25.62,276738.59,24
SJCFUT,01/23/2025 11:36:00,25.62,25.62,25.61,25.61,622543.57,54
SJCFUT,01/23/2025 11:41:00,25.57,25.57,25.57,25.57,92049.09,8
SJCFUT,01/23/2025 11:50:00,25.58,25.58,25.58,25.58,276265.54,24
SJCFUT,01/23/2025 12:47:00,25.7,25.7,25.7,25.7,11565.27,1
SJCFUT,01/23/2025 12:58:00,25.73,25.74,25.73,25.74,301091.2,26
SJCFUT,01/23/2025 13:00:00,25.7,25.7,25.7,25.7,555132.89,48
SJCFUT,01/23/2025 14:26:00,25.82,25.82,25.82,25.82,11619.47,1
SJCFUT,01/23/2025 14:32:00,25.82,25.82,25.82,25.82,11619.47,1
SJCFUT,01/24/2025 09:15:00,25.4,25.4,25.4,25.4,57161.11,5
SJCFUT,01/24/2025 09:42:00,25.38,25.38,25.38,25.38,11422.37,1
SJCFUT,01/24/2025 09:55:00,25.36,25.36,25.36,25.36,639100.58,56
SJCFUT,01/24/2025 09:58:00,25.39,25.39,25.39,25.39,228545.87,20
SJCFUT,01/24/2025 10:03:00,25.35,25.35,25.35,25.35,11407.58,1
SJCFUT,01/24/2025 10:05:00,25.32,25.32,25.32,25.32,45571.2,4
SJCFUT,01/24/2025 11:33:00,25.51,25.56,25.51,25.56,517455.84,45
SJCFUT,01/24/2025 11:36:00,25.56,25.59,25.56,25.57,57530.68,5
SJCFUT,01/24/2025 11:39:00,25.55,25.55,25.55,25.55,11496.28,1
SJCFUT,01/24/2025 11:46:00,25.57,25.57,25.57,25.57,23012.27,2
SJCFUT,01/24/2025 12:19:00,25.57,25.57,25.57,25.57,46024.55,4
SJCFUT,01/24/2025 12:42:00,25.59,25.59,25.59,25.59,783087.44,68
SJCFUT,01/24/2025 12:52:00,25.58,25.58,25.58,25.58,11511.06,1
SJCFUT,01/24/2025 14:53:00,25.49,25.49,25.49,25.49,11471.64,1
SJCFUT,01/24/2025 15:19:00,25.44,25.44,25.44,25.44,11447.0,1
SJCFUT,01/24/2025 15:29:00,25.46,25.46,25.46,25.46,11456.86,1
SJCFUT,01/24/2025 15:33:00,25.46,25.46,25.46,25.46,11456.86,1
SJCFUT,01/27/2025 09:01:00,25.3,25.3,25.3,25.3,11382.94,1
SJCFUT,01/27/2025 09:08:00,25.28,25.28,25.28,25.28,11378.02,1
SJCFUT,01/27/2025 09:09:00,25.3,25.3,25.3,25.3,113829.44,10
SJCFUT,01/27/2025 09:19:00,25.3,25.3,25.3,25.3,11382.94,1
SJCFUT,01/27/2025 09:23:00,25.3,25.3,25.3,25.3,11382.94,1
SJCFUT,01/27/2025 09:26:00,25.28,25.28,25.28,25.28,227560.33,20
SJCFUT,01/27/2025 09:27:00,25.32,25.32,25.32,25.32,11392.8,1
SJCFUT,01/27/2025 10:02:00,25.22,25.22,25.22,25.22,11348.45,1
SJCFUT,01/27/2025 10:36:00,25.21,25.21,25.21,25.21,11343.52,1
SJCFUT,01/27/2025 12:03:00,25.23,25.23,25.23,25.23,11353.38,1
SJCFUT,01/27/2025 12:32:00,25.2,25.2,25.19,25.19,34005.93,3
SJCFUT,01/27/2025 12:35:00,25.15,25.15,25.14,25.14,45265.68,4
SJCFUT,01/27/2025 13:33:00,25.19,25.19,25.19,25.19,113336.68,10
SJCFUT,01/27/2025 13:36:00,25.19,25.19,25.19,25.19,793356.73,70
SJCFUT,01/27/2025 13:37:00,25.15,25.19,25.15,25.19,22652.55,2
SJCFUT,01/27/2025 14:01:00,25.24,25.24,25.24,25.24,11358.31,1
SJCFUT,01/27/2025 14:05:00,25.25,25.25,25.25,25.25,11363.23,1
SJCFUT,01/27/2025 14:12:00,25.24,25.24,25.24,25.24,11358.31,1
SJCFUT,01/27/2025 14:29:00,25.28,25.31,25.28,25.31,22765.89,2
SJCFUT,01/27/2025 14:58:00,25.28,25.28,25.28,25.28,11378.02,1
SJCFUT,01/27/2025 15:02:00,25.23,25.24,25.23,25.24,68144.91,6
SJCFUT,01/28/2025 10:14:00,25.34,25.34,25.34,25.34,11402.66,1
SJCFUT,01/28/2025 11:15:00,25.23,25.23,25.23,25.23,11353.38,1
SJCFUT,01/28/2025 11:18:00,25.25,25.25,25.23,25.23,22716.61,2
SJCFUT,01/28/2025 11:30:00,25.33,25.33,25.33,25.33,56988.64,5
SJCFUT,01/28/2025 11:50:00,25.19,25.19,25.19,25.19,34001.0,3
SJCFUT,01/28/2025 12:09:00,25.24,25.24,25.24,25.24,113583.06,10
SJCFUT,01/28/2025 12:29:00,25.28,25.28,25.28,25.28,227560.33,20
SJCFUT,01/28/2025 12:36:00,25.2,25.2,25.2,25.2,68031.57,6
SJCFUT,01/28/2025 13:56:00,25.2,25.2,25.2,25.2,11338.6,1
SJCFUT,01/28/2025 14:09:00,25.23,25.23,25.23,25.23,11353.38,1
SJCFUT,01/28/2025 14:44:00,25.19,25.19,25.19,25.19,11333.67,1
SJCFUT,01/28/2025 15:45:00,25.31,25.31,25.31,25.31,22775.74,2
SJCFUT,01/28/2025 15:57:00,25.26,25.26,25.26,25.26,11368.16,1
SJCFUT,01/29/2025 09:07:00,25.4,25.4,25.4,25.4,22864.44,2
SJCFUT,01/29/2025 09:10:00,25.38,25.42,25.38,25.42,68578.54,6
SJCFUT,01/29/2025 09:12:00,25.43,25.43,25.43,25.43,22884.15,2
SJCFUT,01/29/2025 09:18:00,25.39,25.39,25.39,25.39,57136.47,5
SJCFUT,01/29/2025 09:31:00,25.42,25.42,25.42,25.42,22874.3,2
SJCFUT,01/29/2025 09:50:00,25.44,25.44,25.44,25.44,11447.0,1
SJCFUT,01/29/2025 09:56:00,25.4,25.4,25.4,25.4,11432.22,1
SJCFUT,01/29/2025 10:15:00,25.43,25.43,25.43,25.43,22884.15,2
SJCFUT,01/29/2025 10:28:00,25.42,25.42,25.42,25.42,11437.15,1
SJCFUT,01/29/2025 10:38:00,25.38,25.38,25.38,25.38,57111.83,5
SJCFUT,01/29/2025 11:30:00,25.45,25.45,25.45,25.45,11451.93,1
SJCFUT,01/29/2025 11:31:00,25.4,25.4,25.4,25.4,11432.22,1
SJCFUT,01/29/2025 12:12:00,25.5,25.54,25.49,25.49,895182.34,78
SJCFUT,01/29/2025 12:40:00,25.46,25.47,25.46,25.47,22918.65,2
SJCFUT,01/29/2025 13:31:00,25.58,25.61,25.58,25.61,80592.23,7
SJCFUT,01/29/2025 13:52:00,25.57,25.57,25.54,25.54,471736.81,41
SJCFUT,01/29/2025 14:25:00,25.56,25.56,25.56,25.56,11501.21,1
SJCFUT,01/29/2025 14:41:00,25.57,25.57,25.57,25.57,23012.27,2
SJCFUT,01/29/2025 15:02:00,25.54,25.54,25.54,25.54,57456.77,5
SJCFUT,01/29/2025 15:42:00,25.56,25.56,25.56,25.56,11501.21,1
SJCFUT,01/30/2025 09:03:00,25.44,25.44,25.44,25.44,34341.01,3
SJCFUT,01/30/2025 09:04:00,25.38,25.38,25.38,25.38,11422.37,1
SJCFUT,01/30/2025 09:08:00,25.39,25.39,25.39,25.39,57136.47,5
SJCFUT,01/30/2025 09:09:00,25.39,25.39,25.39,25.39,22854.59,2
SJCFUT,01/30/2025 09:13:00,25.39,25.39,25.39,25.39,34281.88,3
SJCFUT,01/30/2025 09:15:00,25.39,25.39,25.39,25.39,34281.88,3
SJCFUT,01/30/2025 09:16:00,25.39,25.39,25.39,25.39,22854.59,2
SJCFUT,01/30/2025 09:31:00,25.4,25.4,25.4,25.4,57161.11,5
SJCFUT,01/30/2025 09:49:00,25.36,25.36,25.36,25.36,11412.51,1
SJCFUT,01/30/2025 10:03:00,25.35,25.35,25.35,25.35,11407.58,1
SJCFUT,01/30/2025 10:31:00,25.35,25.35,25.35,25.35,536156.39,47
SJCFUT,01/30/2025 10:36:00,25.33,25.33,25.33,25.33,113977.27,10
SJCFUT,01/30/2025 11:42:00,25.31,25.31,25.31,25.31,45551.49,4
SJCFUT,01/30/2025 12:36:00,25.25,25.25,25.25,25.25,181811.74,16
SJCFUT,01/30/2025 14:08:00,25.19,25.19,25.19,25.19,226673.35,20
SJCFUT,01/30/2025 14:09:00,25.19,25.19,25.19,25.19,192672.35,17
SJCFUT,01/30/2025 14:28:00,25.17,25.17,25.17,25.17,22657.48,2
SJCFUT,01/30/2025 15:13:00,25.23,25.23,25.23,25.23,11353.38,1
SJCFUT,01/31/2025 09:01:00,25.03,25.03,25.03,25.03,22529.36,2
SJCFUT,01/31/2025 09:06:00,25.04,25.04,25.04,25.04,22539.22,2
SJCFUT,01/31/2025 09:09:00,25.09,25.09,25.09,25.09,11289.32,1
SJCFUT,01/31/2025 09:16:00,25.08,25.08,25.08,25.08,11284.39,1
SJCFUT,01/31/2025 09:41:00,25.01,25.01,25.01,25.01,112548.25,10
SJCFUT,01/31/2025 09:50:00,25.0,25.0,25.0,25.0,22499.79,2
SJCFUT,01/31/2025 10:30:00,25.0,25.0,25.0,25.0,157498.56,14
SJCFUT,01/31/2025 10:32:00,24.99,24.99,24.99,24.99,11244.97,1
SJCFUT,01/31/2025 10:38:00,24.98,24.98,24.98,24.98,56200.21,5
SJCFUT,01/31/2025 10:52:00,24.97,24.97,24.97,24.97,11235.11,1
SJCFUT,01/31/2025 10:54:00,24.97,24.97,24.97,24.97,11235.11,1
SJCFUT,01/31/2025 11:44:00,25.08,25.08,25.08,25.08,112843.91,10
SJCFUT,01/31/2025 11:45:00,25.13,25.13,25.13,25.13,11309.03,1
SJCFUT,01/31/2025 11:47:00,25.19,25.19,25.14,25.14,33961.58,3
SJCFUT,01/31/2025 11:57:00,25.13,25.13,25.13,25.13,56545.15,5
SJCFUT,01/31/2025 12:09:00,25.17,25.17,25.17,25.17,113287.4,10
SJCFUT,01/31/2025 12:24:00,25.23,25.23,25.23,25.23,22706.76,2
SJCFUT,01/31/2025 12:41:00,25.24,25.24,25.24,25.24,11358.31,1
SJCFUT,01/31/2025 12:57:00,25.24,25.24,25.24,25.24,147657.98,13
SJCFUT,01/31/2025 13:17:00,25.26,25.26,25.26,25.26,113681.61,10
SJCFUT,01/31/2025 13:26:00,25.31,25.31,25.31,25.31,11387.87,1
SJCFUT,01/31/2025 13:28:00,25.33,25.33,25.33,25.33,11397.73,1
SJCFUT,01/31/2025 13:30:00,25.34,25.34,25.34,25.34,11402.66,1
SJCFUT,01/31/2025 13:37:00,25.3,25.3,25.27,25.27,34129.12,3
SJCFUT,01/31/2025 13:43:00,25.32,25.32,25.32,25.32,11392.8,1
SJCFUT,01/31/2025 13:47:00,25.3,25.3,25.3,25.3,11382.94,1
SJCFUT,01/31/2025 13:59:00,25.35,25.35,25.35,25.35,11407.58,1
SJCFUT,01/31/2025 14:06:00,25.37,25.37,25.37,25.37,11417.44,1
SJCFUT,01/31/2025 14:18:00,25.23,25.23,25.23,25.23,34060.13,3
SJCFUT,01/31/2025 14:25:00,25.27,25.28,25.27,25.28,22751.11,2
SJCFUT,01/31/2025 14:55:00,25.31,25.31,25.31,25.31,56939.36,5
SJCFUT,01/31/2025 14:58:00,25.24,25.24,25.24,25.24,113583.06,10
SJCFUT,01/31/2025 15:07:00,25.3,25.3,25.3,25.3,22765.89,2
SJCFUT,01/31/2025 15:15:00,25.34,25.34,25.34,25.34,57013.28,5
SJCFUT,01/31/2025 15:34:00,25.2,25.2,25.2,25.2,56692.98,5
SJCFUT,02/03/2025 10:01:00,25.09,25.09,25.09,25.09,11289.32,1
SJCFUT,02/03/2025 10:18:00,25.22,25.22,25.22,25.22,11348.45,1
SJCFUT,02/03/2025 11:30:00,25.11,25.12,25.11,25.12,22603.28,2
SJCFUT,02/03/2025 11:32:00,25.15,25.15,25.15,25.15,11318.88,1
SJCFUT,02/03/2025 12:25:00,25.33,25.33,25.33,25.33,113977.27,10
SJCFUT,02/03/2025 12:27:00,25.35,25.35,25.35,25.35,11407.58,1
SJCFUT,02/03/2025 12:30:00,25.43,25.43,25.43,25.43,57210.38,5
SJCFUT,02/03/2025 12:33:00,25.43,25.43,25.43,25.43,11442.08,1
SJCFUT,02/03/2025 12:42:00,25.46,25.48,25.46,25.48,22923.57,2
SJCFUT,02/03/2025 12:53:00,25.45,25.47,25.45,25.47,904712.47,79
SJCFUT,02/03/2025 13:01:00,25.54,25.54,25.54,25.54,11491.35,1
SJCFUT,02/03/2025 13:16:00,25.57,25.57,25.57,25.57,11506.14,1
SJCFUT,02/03/2025 13:20:00,25.5,25.5,25.5,25.5,34429.71,3
SJCFUT,02/03/2025 13:31:00,25.51,25.51,25.51,25.51,22963.0,2
SJCFUT,02/03/2025 13:33:00,25.51,25.51,25.51,25.51,11481.5,1
SJCFUT,02/03/2025 13:58:00,25.49,25.49,25.49,25.49,34414.93,3
SJCFUT,02/03/2025 14:17:00,25.43,25.43,25.43,25.43,11442.08,1
SJCFUT,02/03/2025 14:21:00,25.45,25.45,25.45,25.45,57259.66,5
SJCFUT,02/03/2025 14:26:00,25.42,25.42,25.42,25.42,11437.15,1
SJCFUT,02/03/2025 14:42:00,25.44,25.44,25.44,25.44,22894.01,2
SJCFUT,02/03/2025 14:50:00,25.37,25.37,25.37,25.37,22834.88,2
SJCFUT,02/03/2025 15:00:00,25.4,25.4,25.4,25.4,57161.11,5
SJCFUT,02/03/2025 15:03:00,25.4,25.4,25.4,25.4,11432.22,1
SJCFUT,02/03/2025 15:30:00,25.55,25.56,25.55,25.56,45990.05,4
SJCFUT,02/03/2025 15:59:00,25.51,25.51,25.51,25.51,149259.47,13
SJCFUT,02/04/2025 09:03:00,25.58,25.58,25.58,25.58,34533.19,3
SJCFUT,02/04/2025 09:26:00,25.54,25.54,25.54,25.54,11491.35,1
SJCFUT,02/04/2025 10:12:00,25.47,25.47,25.47,25.47,11461.79,1
SJCFUT,02/04/2025 12:03:00,25.62,25.62,25.62,25.62,11530.77,1
SJCFUT,02/04/2025 12:37:00,25.81,25.81,25.81,25.81,58072.73,5
SJCFUT,02/04/2025 13:23:00,25.76,25.76,25.76,25.76,11589.91,1
SJCFUT,02/04/2025 13:53:00,25.88,25.88,25.88,25.88,23288.22,2
SJCFUT,02/04/2025 13:56:00,25.85,25.85,25.85,25.85,11634.26,1
SJCFUT,02/04/2025 13:59:00,25.85,25.85,25.85,25.85,23268.51,2
SJCFUT,02/04/2025 14:28:00,25.82,25.82,25.82,25.82,232389.46,20
SJCFUT,02/04/2025 14:40:00,25.94,25.97,25.94,25.97,1203502.44,103
SJCFUT,02/04/2025 15:20:00,25.95,25.95,25.95,25.95,116786.05,10
SJCFUT,02/04/2025 15:43:00,25.97,25.97,25.97,25.97,70130.76,6
SJCFUT,02/05/2025 10:24:00,25.84,25.84,25.84,25.84,127922.61,11
SJCFUT,02/05/2025 11:30:00,25.73,25.73,25.73,25.73,23160.1,2
SJCFUT,02/05/2025 11:35:00,25.68,25.68,25.67,25.67,23105.9,2
SJCFUT,02/05/2025 11:54:00,25.63,25.63,25.62,25.62,138379.15,12
SJCFUT,02/05/2025 11:58:00,25.6,25.6,25.59,25.59,23036.91,2
SJCFUT,02/05/2025 12:00:00,25.67,25.67,25.67,25.67,57752.43,5
SJCFUT,02/05/2025 12:06:00,25.67,25.67,25.67,25.67,115504.85,10
SJCFUT,02/05/2025 12:10:00,25.62,25.62,25.62,25.62,46123.1,4
SJCFUT,02/05/2025 12:21:00,25.65,25.65,25.65,25.65,230812.6,20
SJCFUT,02/05/2025 12:43:00,25.5,25.5,25.5,25.5,183625.12,16
SJCFUT,02/05/2025 12:44:00,25.51,25.51,25.51,25.51,11481.5,1
SJCFUT,02/05/2025 12:50:00,25.59,25.59,25.59,25.59,11515.99,1
SJCFUT,02/05/2025 12:51:00,25.6,25.6,25.6,25.6,184334.71,16
SJCFUT,02/05/2025 12:55:00,25.58,25.58,25.58,25.58,11511.06,1
SJCFUT,02/05/2025 13:28:00,25.62,25.62,25.62,25.62,80715.42,7
SJCFUT,02/05/2025 14:11:00,25.51,25.51,25.51,25.51,22963.0,2
SJCFUT,02/05/2025 14:40:00,25.55,25.55,25.55,25.55,57481.41,5
SJCFUT,02/05/2025 14:45:00,25.51,25.51,25.51,25.51,11481.5,1
SJCFUT,02/05/2025 15:07:00,25.48,25.48,25.46,25.46,126035.31,11
SJCFUT,02/05/2025 15:08:00,25.47,25.47,25.47,25.47,194850.38,17
SJCFUT,02/05/2025 15:22:00,25.53,25.53,25.53,25.53,57432.13,5
SJCFUT,02/05/2025 15:26:00,25.5,25.5,25.5,25.5,34429.71,3
SJCFUT,02/05/2025 15:37:00,25.48,25.48,25.48,25.48,11466.71,1
SJCFUT,02/05/2025 15:57:00,25.44,25.44,25.42,25.42,125907.19,11
SJCFUT,02/05/2025 15:59:00,25.45,25.45,25.45,25.45,11451.93,1
SJCFUT,02/06/2025 09:16:00,25.68,25.68,25.68,25.68,115554.13,10
SJCFUT,02/06/2025 10:26:00,25.63,25.63,25.62,25.62,23066.48,2
SJCFUT,02/06/2025 11:40:00,25.45,25.45,25.45,25.45,114519.32,10
SJCFUT,02/06/2025 11:43:00,25.39,25.39,25.38,25.38,45699.32,4
SJCFUT,02/06/2025 11:44:00,25.38,25.38,25.38,25.38,205602.58,18
SJCFUT,02/07/2025 09:11:00,25.47,25.47,25.47,25.47,11461.79,1
SJCFUT,02/07/2025 09:14:00,25.45,25.45,25.45,25.45,11451.93,1
SJCFUT,02/07/2025 10:01:00,25.42,25.42,25.42,25.42,11437.15,1
SJCFUT,02/07/2025 10:14:00,25.42,25.42,25.42,25.42,45748.6,4
SJCFUT,02/07/2025 11:18:00,25.47,25.47,25.46,25.46,57289.23,5
SJCFUT,02/07/2025 11:31:00,25.4,25.4,25.4,25.4,182915.54,16
SJCFUT,02/07/2025 11:36:00,25.38,25.38,25.38,25.38,22844.73,2
SJCFUT,02/07/2025 11:41:00,25.46,25.46,25.46,25.46,34370.58,3
SJCFUT,02/07/2025 12:17:00,25.46,25.46,25.46,25.46,114568.6,10
SJCFUT,02/07/2025 12:27:00,25.47,25.47,25.47,25.47,11461.79,1
SJCFUT,02/07/2025 12:46:00,25.4,25.4,25.4,25.4,45728.88,4
SJCFUT,02/07/2025 12:54:00,25.38,25.38,25.38,25.38,125646.02,11
SJCFUT,02/07/2025 12:57:00,25.31,25.31,25.27,25.27,34143.91,3
SJCFUT,02/07/2025 12:59:00,25.34,25.34,25.34,25.34,34207.97,3
SJCFUT,02/07/2025 13:03:00,25.31,25.31,25.31,25.31,22775.74,2
SJCFUT,02/07/2025 13:14:00,25.34,25.34,25.34,25.34,57013.28,5
SJCFUT,02/07/2025 13:40:00,25.31,25.31,25.31,25.31,56939.36,5
SJCFUT,02/07/2025 14:12:00,25.38,25.38,25.38,25.38,22844.73,2
SJCFUT,02/07/2025 15:00:00,25.31,25.31,25.31,25.31,11387.87,1
SJCFUT,02/07/2025 15:27:00,25.31,25.31,25.31,25.31,68327.23,6
SJCFUT,02/10/2025 09:11:00,25.31,25.31,25.31,25.31,341644.72,30
SJCFUT,02/10/2025 09:47:00,25.35,25.35,25.35,25.35,57037.91,5
SJCFUT,02/10/2025 10:37:00,25.32,25.32,25.31,25.31,22781.17,2
SJCFUT,02/10/2025 11:21:00,25.25,25.25,25.25,25.25,11363.88,1
SJCFUT,02/10/2025 12:06:00,25.36,25.36,25.36,25.36,45649.76,4
SJCFUT,02/10/2025 12:30:00,25.34,25.34,25.34,25.34,11402.73,1
SJCFUT,02/10/2025 15:50:00,25.32,25.32,25.32,25.32,56965.07,5
SJCFUT,02/11/2025 10:09:00,25.37,25.37,25.37,25.37,79921.07,7
SJCFUT,02/11/2025 10:49:00,25.41,25.41,25.41,25.41,11436.72,1
SJCFUT,02/11/2025 13:10:00,25.52,25.52,25.52,25.52,22970.57,2
SJCFUT,02/11/2025 13:22:00,25.5,25.5,25.5,25.5,11475.57,1
SJCFUT,02/11/2025 13:51:00,25.49,25.49,25.48,25.48,137600.02,12
SJCFUT,02/11/2025 14:02:00,25.32,25.32,25.32,25.32,11393.01,1
SJCFUT,02/11/2025 14:05:00,25.31,25.31,25.31,25.31,284703.93,25
SJCFUT,02/11/2025 14:20:00,25.36,25.36,25.36,25.36,114124.39,10
SJCFUT,02/12/2025 09:31:00,25.1,25.1,25.1,25.1,11295.89,1
SJCFUT,02/12/2025 09:39:00,25.07,25.07,25.07,25.07,33843.95,3
SJCFUT,02/12/2025 09:56:00,25.06,25.06,25.06,25.06,11276.46,1
SJCFUT,02/12/2025 09:57:00,25.06,25.06,25.06,25.06,11276.46,1
SJCFUT,02/12/2025 12:27:00,25.04,25.04,25.04,25.04,22533.5,2
SJCFUT,02/12/2025 12:31:00,25.02,25.02,25.02,25.02,225140.71,20
SJCFUT,02/12/2025 12:32:00,25.02,25.02,25.02,25.02,574108.82,51
SJCFUT,02/12/2025 12:40:00,24.96,24.96,24.96,24.96,112327.54,10
SJCFUT,02/12/2025 12:43:00,24.93,24.93,24.93,24.93,112181.85,10
SJCFUT,02/12/2025 13:22:00,24.86,24.86,24.86,24.86,11189.05,1
SJCFUT,02/12/2025 13:23:00,24.85,24.85,24.85,24.85,44736.76,4
SJCFUT,02/12/2025 13:52:00,24.85,24.85,24.85,24.85,11184.19,1
SJCFUT,02/12/2025 13:53:00,24.85,24.85,24.85,24.85,100657.71,9
SJCFUT,02/12/2025 14:14:00,24.86,24.9,24.86,24.9,89570.65,8
SJCFUT,02/12/2025 14:15:00,24.9,24.9,24.9,24.9,22407.23,2
SJCFUT,02/13/2025 09:13:00,24.92,24.92,24.92,24.92,78493.3,7
SJCFUT,02/13/2025 09:19:00,24.88,24.88,24.88,24.88,324623.19,29
SJCFUT,02/13/2025 09:57:00,24.82,24.82,24.82,24.82,312749.39,28
SJCFUT,02/13/2025 10:33:00,24.8,24.8,24.8,24.8,11159.91,1
SJCFUT,02/13/2025 10:35:00,24.8,24.8,24.8,24.8,55799.54,5
SJCFUT,02/13/2025 11:00:00,24.74,24.74,24.69,24.74,66736.06,6
SJCFUT,02/13/2025 11:19:00,24.81,24.81,24.81,24.81,11164.76,1
SJCFUT,02/13/2025 11:34:00,24.8,24.8,24.79,24.79,111555.38,10
SJCFUT,02/13/2025 11:42:00,24.83,24.83,24.83,24.83,22348.96,2
SJCFUT,02/13/2025 14:16:00,24.94,24.94,24.94,24.94,112230.41,10
SJCFUT,02/14/2025 10:27:00,25.11,25.11,25.1,25.1,56494.0,5
SJCFUT,02/14/2025 11:31:00,25.15,25.15,25.15,25.15,678918.72,60
SJCFUT,02/14/2025 11:37:00,25.18,25.18,25.18,25.18,113298.81,10
SJCFUT,02/14/2025 12:14:00,25.21,25.21,25.21,25.21,11344.45,1
SJCFUT,02/14/2025 12:19:00,25.25,25.25,25.25,25.25,250005.26,22
SJCFUT,02/14/2025 12:25:00,25.25,25.25,25.25,25.25,329552.39,29
SJCFUT,02/14/2025 12:45:00,25.25,25.25,25.25,25.25,11363.88,1
SJCFUT,02/14/2025 13:32:00,25.18,25.18,25.18,25.18,113298.81,10
SJCFUT,02/14/2025 14:22:00,25.15,25.15,25.15,25.15,33945.94,3
SJCFUT,02/18/2025 09:11:00,25.02,25.02,25.02,25.02,11257.04,1
SJCFUT,02/18/2025 10:01:00,25.0,25.0,25.0,25.0,11252.18,1
SJCFUT,02/18/2025 10:30:00,25.1,25.1,25.1,25.1,56479.43,5
SJCFUT,02/18/2025 12:01:00,25.07,25.07,25.07,25.07,33843.95,3
SJCFUT,02/18/2025 12:35:00,25.04,25.04,25.04,25.04,22533.5,2
SJCFUT,02/19/2025 12:06:00,25.13,25.13,25.13,25.13,11310.46,1
SJCFUT,02/19/2025 13:01:00,25.27,25.27,25.27,25.27,11373.59,1
SJCFUT,02/19/2025 13:46:00,25.2,25.2,25.2,25.2,11339.59,1
SJCFUT,02/19/2025 14:18:00,25.16,25.16,25.16,25.16,11320.17,1
SJCFUT,02/19/2025 14:51:00,24.94,24.94,24.94,24.94,11223.04,1
SJCFUT,02/19/2025 15:47:00,24.89,24.89,24.89,24.89,11198.76,1
SJCFUT,02/20/2025 11:31:00,25.15,25.15,25.15,25.15,45261.25,4
SJCFUT,02/20/2025 11:38:00,25.08,25.08,25.08,25.08,11286.17,1
SJCFUT,02/20/2025 12:57:00,25.21,25.21,25.21,25.21,11344.45,1
SJCFUT,02/20/2025 14:01:00,25.23,25.23,25.23,25.23,22708.33,2
SJCFUT,02/20/2025 14:24:00,25.23,25.23,25.23,25.23,113541.63,10
SJCFUT,02/20/2025 14:27:00,25.23,25.23,25.23,25.23,113541.63,10
SJCFUT,02/20/2025 15:48:00,25.21,25.21,25.21,25.21,11344.45,1
SJCFUT,02/21/2025 11:30:00,25.18,25.18,25.18,25.18,11329.88,1
SJCFUT,02/21/2025 11:31:00,25.17,25.17,25.17,25.17,67950.15,6
SJCFUT,02/21/2025 11:37:00,25.15,25.15,25.15,25.15,45261.25,4
SJCFUT,02/21/2025 12:10:00,25.13,25.13,25.13,25.13,11310.46,1
SJCFUT,02/21/2025 12:23:00,25.11,25.11,25.11,25.11,11300.74,1
SJCFUT,02/21/2025 12:26:00,25.15,25.16,25.15,25.16,124473.29,11
SJCFUT,02/21/2025 13:23:00,25.16,25.16,25.16,25.16,11320.17,1
SJCFUT,02/24/2025 09:10:00,25.06,25.06,25.06,25.06,67658.77,6
SJCFUT,02/24/2025 09:19:00,25.04,25.04,25.04,25.04,11266.75,1
SJCFUT,02/24/2025 13:48:00,24.96,24.96,24.96,24.96,22465.51,2
SJCFUT,02/24/2025 14:34:00,24.95,24.95,24.93,24.93,22446.08,2
SJCFUT,02/24/2025 14:42:00,24.93,24.93,24.93,24.93,100963.66,9
SJCFUT,02/25/2025 09:28:00,24.88,24.88,24.88,24.88,55969.52,5
SJCFUT,02/25/2025 10:11:00,24.84,24.84,24.84,24.84,11179.33,1
SJCFUT,02/25/2025 11:36:00,24.72,24.72,24.72,24.72,11125.91,1
SJCFUT,02/25/2025 11:37:00,24.71,24.71,24.68,24.68,467069.85,42
SJCFUT,02/25/2025 13:21:00,24.9,24.9,24.9,24.9,56018.08,5
SJCFUT,02/25/2025 13:23:00,24.86,24.86,24.86,24.86,11189.05,1
SJCFUT,02/25/2025 13:27:00,24.91,24.91,24.91,24.91,112084.72,10
SJCFUT,02/25/2025 13:31:00,24.92,24.92,24.92,24.92,11213.33,1
SJCFUT,02/26/2025 09:12:00,24.79,24.79,24.79,24.79,11155.05,1
SJCFUT,02/26/2025 09:23:00,24.82,24.83,24.82,24.83,44693.05,4
SJCFUT,02/26/2025 11:28:00,24.92,24.92,24.92,24.92,11213.33,1
SJCFUT,02/26/2025 11:30:00,24.91,24.91,24.88,24.88,55998.65,5
SJCFUT,02/26/2025 11:35:00,24.91,24.91,24.91,24.91,22416.94,2
SJCFUT,02/26/2025 11:44:00,24.79,24.79,24.79,24.79,11155.05,1
SJCFUT,02/26/2025 11:56:00,24.75,24.77,24.72,24.75,345257.85,31
SJCFUT,02/26/2025 12:11:00,24.76,24.77,24.76,24.77,222858.23,20
SJCFUT,02/26/2025 12:18:00,24.76,24.76,24.76,24.76,33421.45,3
SJCFUT,02/26/2025 12:33:00,24.76,24.76,24.76,24.76,11140.48,1
SJCFUT,02/27/2025 09:02:00,24.88,24.88,24.88,24.88,246265.87,22
SJCFUT,02/27/2025 09:07:00,24.88,24.88,24.88,24.88,11193.9,1
SJCFUT,02/27/2025 09:13:00,24.9,24.9,24.9,24.9,22407.23,2
SJCFUT,02/27/2025 09:16:00,24.88,24.88,24.88,24.88,11193.9,1
SJCFUT,02/27/2025 09:21:00,24.88,24.88,24.88,24.88,33581.71,3
SJCFUT,02/27/2025 10:09:00,24.96,24.96,24.96,24.96,11232.75,1
SJCFUT,02/27/2025 10:28:00,24.95,24.95,24.95,24.95,11227.9,1
SJCFUT,02/27/2025 11:30:00,24.83,24.85,24.83,24.85,33533.15,3
SJCFUT,02/27/2025 11:37:00,24.88,24.88,24.88,24.88,11193.9,1
SJCFUT,02/27/2025 11:45:00,24.94,24.94,24.94,24.94,22446.08,2
SJCFUT,02/27/2025 12:09:00,24.86,24.86,24.86,24.86,55945.23,5
SJCFUT,02/27/2025 13:36:00,24.85,24.85,24.85,24.85,111841.9,10
SJCFUT,02/27/2025 14:59:00,24.81,24.81,24.81,24.81,11164.76,1
SJCFUT,02/27/2025 15:26:00,24.72,24.72,24.72,24.72,111259.14,10
SJCFUT,02/28/2025 12:07:00,24.65,24.65,24.65,24.65,22183.84,2
SJCFUT,02/28/2025 12:08:00,24.64,24.64,24.64,24.64,11087.06,1
SJCFUT,02/28/2025 12:09:00,24.58,24.58,24.58,24.58,44251.13,4
SJCFUT,02/28/2025 12:14:00,24.54,24.54,24.54,24.54,11043.36,1
SJCFUT,02/28/2025 13:24:00,24.44,24.44,24.44,24.44,560982.09,51
SJCFUT,02/28/2025 13:33:00,24.4,24.4,24.4,24.4,10980.22,1
SJCFUT,02/28/2025 14:22:00,24.55,24.55,24.55,24.55,11048.21,1
SJCFUT,02/28/2025 14:24:00,24.57,24.57,24.57,24.57,22115.85,2
SJCFUT,03/05/2025 13:09:00,23.98,23.98,23.98,23.98,32372.48,3
SJCFUT,03/05/2025 13:17:00,23.95,23.95,23.94,23.94,43090.46,4
SJCFUT,03/05/2025 13:19:00,23.95,23.95,23.95,23.95,10776.26,1
SJCFUT,03/05/2025 14:12:00,24.04,24.04,24.04,24.04,216399.27,20
SJCFUT,03/05/2025 14:26:00,23.99,23.99,23.99,23.99,75569.77,7
SJCFUT,03/05/2025 14:31:00,23.97,23.97,23.97,23.97,10785.97,1
SJCFUT,03/05/2025 15:28:00,24.07,24.07,24.07,24.07,10829.68,1
SJCFUT,03/06/2025 09:05:00,24.28,24.28,24.28,24.28,10926.8,1
SJCFUT,03/06/2025 09:06:00,24.29,24.29,24.29,24.29,284223.15,26
SJCFUT,03/06/2025 09:35:00,24.23,24.23,24.23,24.23,327075.65,30
SJCFUT,03/06/2025 09:37:00,24.22,24.22,24.22,24.22,87181.32,8
SJCFUT,03/06/2025 09:38:00,24.22,24.22,24.22,24.22,10897.67,1
SJCFUT,03/06/2025 10:25:00,24.17,24.17,24.17,24.17,10878.24,1
SJCFUT,03/06/2025 10:30:00,24.14,24.17,24.13,24.17,162950.2,15
SJCFUT,03/06/2025 10:33:00,24.15,24.15,24.15,24.15,43474.11,4
SJCFUT,03/06/2025 11:31:00,24.27,24.28,24.27,24.28,32775.55,3
SJCFUT,03/06/2025 11:33:00,24.28,24.28,24.28,24.28,10926.8,1
SJCFUT,03/06/2025 12:27:00,24.31,24.31,24.31,24.31,10941.37,1
SJCFUT,03/06/2025 13:20:00,24.37,24.37,24.37,24.37,120622.2,11
SJCFUT,03/06/2025 13:27:00,24.41,24.41,24.41,24.41,21970.16,2
SJCFUT,03/07/2025 09:49:00,24.37,24.37,24.37,24.37,109656.54,10
SJCFUT,03/07/2025 10:00:00,24.41,24.41,24.41,24.41,10985.08,1
SJCFUT,03/07/2025 10:20:00,24.45,24.45,24.45,24.45,22009.01,2
SJCFUT,03/07/2025 10:22:00,24.45,24.45,24.45,24.45,22009.01,2
SJCFUT,03/07/2025 10:56:00,24.37,24.37,24.37,24.37,10965.65,1
SJCFUT,03/07/2025 12:44:00,24.48,24.5,24.48,24.5,319611.43,29
SJCFUT,03/07/2025 14:04:00,24.42,24.42,24.42,24.42,10989.94,1
SJCFUT,03/10/2025 09:20:00,24.38,24.38,24.38,24.38,43882.04,4
SJCFUT,03/10/2025 09:24:00,24.35,24.35,24.35,24.35,10955.94,1
SJCFUT,03/10/2025 09:35:00,24.38,24.38,24.38,24.38,21941.02,2
SJCFUT,03/10/2025 10:46:00,24.31,24.31,24.31,24.31,21882.74,2
SJCFUT,03/10/2025 10:47:00,24.32,24.32,24.31,24.31,65672.52,6
SJCFUT,03/10/2025 11:39:00,24.22,24.22,24.22,24.22,174362.64,16
SJCFUT,03/10/2025 13:23:00,24.15,24.16,24.15,24.16,326094.66,30
SJCFUT,03/10/2025 14:03:00,24.17,24.17,24.17,24.17,10878.24,1
SJCFUT,03/10/2025 14:14:00,24.11,24.11,24.11,24.11,151887.42,14
SJCFUT,03/10/2025 14:50:00,24.14,24.14,24.14,24.14,108636.71,10
SJCFUT,03/11/2025 09:06:00,24.22,24.22,24.22,24.22,10897.67,1
SJCFUT,03/11/2025 10:30:00,24.24,24.26,24.24,24.26,371122.81,34
SJCFUT,03/11/2025 10:42:00,24.28,24.28,24.28,24.28,218536.07,20
SJCFUT,03/11/2025 10:44:00,24.28,24.28,24.28,24.28,65560.82,6
SJCFUT,03/11/2025 11:13:00,24.25,24.25,24.25,24.25,32736.7,3
SJCFUT,03/11/2025 12:45:00,24.18,24.18,24.18,24.18,108830.96,10
SJCFUT,03/11/2025 12:59:00,24.22,24.22,24.22,24.22,10897.67,1
SJCFUT,03/11/2025 13:00:00,24.22,24.22,24.22,24.22,10897.67,1
SJCFUT,03/11/2025 13:03:00,24.17,24.17,24.14,24.14,304270.2,28
SJCFUT,03/11/2025 13:04:00,24.13,24.13,24.13,24.13,10858.81,1
SJCFUT,03/11/2025 13:08:00,24.17,24.2,24.17,24.2,272077.4,25
SJCFUT,03/11/2025 13:21:00,24.17,24.17,24.17,24.17,326347.19,30
SJCFUT,03/11/2025 13:46:00,24.18,24.18,24.18,24.18,54415.48,5
SJCFUT,03/11/2025 13:54:00,24.18,24.21,24.18,24.21,65308.29,6
SJCFUT,03/12/2025 09:29:00,23.93,23.93,23.91,23.91,75341.52,7
SJCFUT,03/12/2025 09:34:00,23.93,23.93,23.9,23.9,21523.37,2
SJCFUT,03/12/2025 09:58:00,24.0,24.0,24.0,24.0,10800.54,1
SJCFUT,03/12/2025 10:30:00,23.87,23.88,23.85,23.85,547461.99,51
SJCFUT,03/12/2025 10:31:00,23.86,23.9,23.86,23.9,64453.57,6
SJCFUT,03/12/2025 10:36:00,23.89,23.89,23.89,23.89,258047.39,24
SJCFUT,03/12/2025 11:00:00,23.86,23.86,23.85,23.85,42939.91,4
SJCFUT,03/12/2025 11:45:00,23.7,23.7,23.7,23.7,63987.36,6
SJCFUT,03/12/2025 12:03:00,23.73,23.73,23.73,23.73,10679.13,1
SJCFUT,03/12/2025 12:10:00,23.69,23.69,23.69,23.69,277152.3,26
SJCFUT,03/13/2025 09:40:00,24.07,24.07,24.07,24.07,10829.68,1
SJCFUT,03/13/2025 09:43:00,24.06,24.09,24.06,24.09,108379.32,10
SJCFUT,03/13/2025 09:45:00,23.88,23.95,23.88,23.95,129023.69,12
SJCFUT,03/13/2025 10:30:00,24.09,24.09,24.07,24.07,21669.07,2
SJCFUT,03/13/2025 10:31:00,24.06,24.06,24.06,24.06,108248.2,10
SJCFUT,03/13/2025 10:38:00,24.08,24.08,24.08,24.08,75841.73,7
SJCFUT,03/13/2025 10:50:00,24.11,24.11,24.11,24.11,10849.1,1
SJCFUT,03/13/2025 10:52:00,24.11,24.11,24.11,24.11,10849.1,1
SJCFUT,03/13/2025 11:03:00,24.18,24.18,24.17,24.18,141455.97,13
SJCFUT,03/13/2025 11:15:00,24.17,24.17,24.17,24.17,108782.4,10
SJCFUT,03/13/2025 14:02:00,24.12,24.12,24.12,24.12,10853.96,1
SJCFUT,03/14/2025 10:15:00,24.07,24.07,24.07,24.07,10829.68,1
SJCFUT,03/14/2025 10:30:00,24.07,24.07,24.07,24.07,292401.26,27
SJCFUT,03/14/2025 10:50:00,24.09,24.09,24.06,24.06,32489.03,3
SJCFUT,03/14/2025 12:38:00,24.12,24.12,24.12,24.12,10853.96,1
SJCFUT,03/14/2025 12:49:00,24.14,24.14,24.14,24.14,54318.35,5
SJCFUT,03/14/2025 14:01:00,24.16,24.17,24.16,24.17,119655.78,11
SJCFUT,03/14/2025 14:14:00,24.16,24.16,24.16,24.16,10873.38,1
SJCFUT,03/17/2025 09:20:00,24.22,24.22,24.22,24.22,43590.66,4
SJCFUT,03/17/2025 10:36:00,24.14,24.14,24.14,24.14,32591.01,3
SJCFUT,03/17/2025 11:16:00,24.14,24.14,24.14,24.14,543183.54,50
SJCFUT,03/17/2025 12:15:00,24.1,24.1,24.1,24.1,10844.25,1
SJCFUT,03/17/2025 13:07:00,24.07,24.07,24.07,24.07,238252.88,22
SJCFUT,03/17/2025 13:10:00,24.07,24.07,24.07,24.07,86637.41,8
SJCFUT,03/17/2025 13:23:00,24.1,24.1,24.1,24.1,43376.98,4
SJCFUT,03/17/2025 13:33:00,24.1,24.1,24.1,24.1,21688.49,2
SJCFUT,03/18/2025 09:17:00,24.2,24.2,24.2,24.2,10887.95,1
SJCFUT,03/18/2025 09:54:00,24.24,24.24,24.24,24.24,10907.38,1
SJCFUT,03/18/2025 10:09:00,24.23,24.23,24.23,24.23,10902.52,1
SJCFUT,03/18/2025 10:16:00,24.23,24.23,24.23,24.23,10902.52,1
SJCFUT,03/18/2025 10:21:00,24.23,24.23,24.23,24.23,21805.04,2
SJCFUT,03/18/2025 10:24:00,24.24,24.24,24.24,24.24,10907.38,1
SJCFUT,03/18/2025 10:30:00,24.24,24.24,24.21,24.21,174304.37,16
SJCFUT,03/18/2025 10:33:00,24.27,24.27,24.27,24.27,43687.79,4
SJCFUT,03/18/2025 10:57:00,24.24,24.24,24.24,24.24,21814.76,2
SJCFUT,03/18/2025 11:01:00,24.18,24.18,24.16,24.16,43503.25,4
SJCFUT,03/18/2025 11:03:00,24.21,24.21,24.21,24.21,10892.81,1
SJCFUT,03/18/2025 11:14:00,24.21,24.21,24.21,24.21,32678.43,3
SJCFUT,03/18/2025 11:15:00,24.22,24.22,24.22,24.22,21795.33,2
SJCFUT,03/18/2025 11:19:00,24.17,24.17,24.17,24.17,10878.24,1
SJCFUT,03/18/2025 11:30:00,24.15,24.15,24.15,24.15,21737.05,2
SJCFUT,03/18/2025 11:33:00,24.13,24.13,24.13,24.13,10858.81,1
SJCFUT,03/18/2025 11:36:00,24.12,24.12,24.12,24.12,21707.92,2
SJCFUT,03/18/2025 12:27:00,24.24,24.24,24.24,24.24,21814.76,2
SJCFUT,03/18/2025 12:35:00,24.17,24.17,24.17,24.17,10878.24,1
SJCFUT,03/18/2025 12:51:00,24.22,24.22,24.2,24.2,21785.62,2
SJCFUT,03/19/2025 09:29:00,24.01,24.01,24.01,24.01,108053.94,10
SJCFUT,03/19/2025 09:38:00,24.01,24.02,24.01,24.02,108097.65,10
SJCFUT,03/19/2025 10:43:00,24.09,24.11,24.09,24.11,119242.99,11
SJCFUT,03/19/2025 11:15:00,24.07,24.07,24.07,24.07,1711088.85,158
SJCFUT,03/19/2025 11:43:00,24.17,24.17,24.17,24.17,130538.88,12
SJCFUT,03/19/2025 12:01:00,24.07,24.07,24.07,24.07,801396.04,74
SJCFUT,03/19/2025 12:07:00,24.07,24.07,24.07,24.07,433187.05,40
SJCFUT,03/19/2025 13:34:00,24.03,24.03,24.03,24.03,237932.36,22
SJCFUT,03/19/2025 13:39:00,24.04,24.04,24.04,24.04,216399.27,20
SJCFUT,03/19/2025 14:29:00,23.99,23.99,23.99,23.99,259096.36,24
SJCFUT,03/20/2025 09:10:00,23.94,23.94,23.94,23.94,32314.2,3
SJCFUT,03/20/2025 09:11:00,23.94,23.94,23.94,23.94,290827.8,27
SJCFUT,03/20/2025 09:18:00,23.91,23.91,23.91,23.91,21523.37,2
SJCFUT,03/20/2025 09:31:00,23.91,23.91,23.91,23.91,21523.37,2
SJCFUT,03/20/2025 09:36:00,23.91,23.91,23.91,23.91,32285.06,3
SJCFUT,03/20/2025 10:00:00,23.87,23.88,23.87,23.88,96719.21,9
SJCFUT,03/20/2025 10:25:00,23.87,23.87,23.87,23.87,21484.52,2
SJCFUT,03/20/2025 10:49:00,24.01,24.03,24.01,24.03,129727.87,12
SJCFUT,03/20/2025 12:18:00,24.01,24.01,24.01,24.01,10805.39,1
SJCFUT,03/20/2025 13:06:00,24.08,24.08,24.08,24.08,108345.33,10
SJCFUT,03/21/2025 09:06:00,24.08,24.08,24.08,24.08,10834.53,1
SJCFUT,03/21/2025 09:32:00,24.07,24.07,24.07,24.07,21659.35,2
SJCFUT,03/21/2025 11:12:00,24.0,24.0,24.0,24.0,108005.38,10
SJCFUT,03/21/2025 12:50:00,23.95,23.95,23.95,23.95,10776.26,1
SJCFUT,03/24/2025 09:11:00,23.9,23.9,23.9,23.9,10756.83,1
SJCFUT,03/24/2025 09:25:00,23.96,23.96,23.96,23.96,10781.11,1
SJCFUT,03/24/2025 10:30:00,23.97,23.97,23.96,23.96,291099.75,27
SJCFUT,03/25/2025 09:11:00,23.86,23.86,23.86,23.86,21474.81,2
SJCFUT,03/25/2025 09:19:00,23.82,23.82,23.82,23.82,21435.96,2
SJCFUT,03/25/2025 10:37:00,23.94,23.95,23.94,23.95,269299.57,25
SJCFUT,03/25/2025 10:41:00,23.98,23.98,23.98,23.98,21581.65,2
SJCFUT,03/25/2025 11:00:00,23.88,23.88,23.88,23.88,32241.35,3
SJCFUT,03/25/2025 11:10:00,23.88,23.88,23.87,23.87,21489.38,2
SJCFUT,03/25/2025 11:47:00,23.93,23.93,23.93,23.93,21533.09,2
SJCFUT,03/25/2025 14:55:00,23.83,23.83,23.83,23.83,21445.67,2
SJCFUT,03/26/2025 09:05:00,23.87,23.87,23.87,23.87,10742.26,1
SJCFUT,03/26/2025 09:24:00,23.87,23.87,23.87,23.87,42969.05,4
SJCFUT,03/26/2025 09:29:00,23.89,23.89,23.89,23.89,10751.97,1
SJCFUT,03/26/2025 09:30:00,23.87,23.87,23.87,23.87,21484.52,2
SJCFUT,03/26/2025 09:37:00,23.87,23.87,23.87,23.87,10742.26,1
SJCFUT,03/26/2025 10:23:00,23.85,23.85,23.85,23.85,268313.73,25
SJCFUT,03/26/2025 11:02:00,23.97,23.97,23.97,23.97,10785.97,1
SJCFUT,03/26/2025 11:04:00,23.97,23.97,23.97,23.97,64715.81,6
SJCFUT,03/26/2025 11:06:00,23.98,23.98,23.98,23.98,161862.38,15
SJCFUT,03/26/2025 11:16:00,23.99,23.99,23.99,23.99,10795.68,1
SJCFUT,03/26/2025 11:17:00,23.99,23.99,23.99,23.99,10795.68,1
SJCFUT,03/27/2025 09:26:00,23.96,23.96,23.96,23.96,21562.23,2
SJCFUT,03/27/2025 09:33:00,23.98,23.98,23.98,23.98,75535.78,7
SJCFUT,03/27/2025 09:37:00,24.01,24.01,24.01,24.01,64832.37,6
SJCFUT,03/27/2025 10:31:00,24.07,24.07,24.07,24.07,335719.96,31
SJCFUT,03/27/2025 10:53:00,24.1,24.11,24.1,24.11,21693.35,2
SJCFUT,03/27/2025 11:04:00,24.15,24.17,24.15,24.17,293644.49,27
SJCFUT,03/27/2025 11:07:00,24.15,24.16,24.15,24.16,43483.82,4
SJCFUT,03/27/2025 11:23:00,24.12,24.12,24.12,24.12,97685.62,9
SJCFUT,03/27/2025 12:14:00,24.11,24.11,24.11,24.11,21698.2,2
SJCFUT,03/27/2025 13:02:00,24.16,24.17,24.16,24.17,32629.86,3
SJCFUT,03/27/2025 13:04:00,24.17,24.17,24.17,24.17,641816.15,59
SJCFUT,03/27/2025 13:24:00,24.18,24.21,24.18,24.21,43551.81,4
SJCFUT,03/27/2025 13:34:00,24.16,24.16,24.16,24.16,10873.38,1
SJCFUT,03/27/2025 14:00:00,24.15,24.15,24.15,24.15,217370.54,20
SJCFUT,03/27/2025 14:51:00,24.16,24.17,24.16,24.17,43503.25,4
SJCFUT,03/28/2025 10:30:00,24.07,24.07,24.06,24.06,346442.8,32
SJCFUT,03/28/2025 10:32:00,24.06,24.06,24.06,24.06,10824.82,1
SJCFUT,03/28/2025 11:04:00,24.04,24.04,24.04,24.04,10819.96,1
SJCFUT,03/28/2025 13:07:00,24.21,24.22,24.21,24.22,54483.47,5
SJCFUT,03/28/2025 13:47:00,24.26,24.26,24.26,24.26,10917.09,1
SJCFUT,03/28/2025 14:06:00,24.27,24.28,24.27,24.28,950627.04,87
SJCFUT,03/28/2025 14:15:00,24.26,24.26,24.26,24.26,54585.45,5
SJCFUT,03/28/2025 14:20:00,24.28,24.28,24.28,24.28,109268.03,10
SJCFUT,03/28/2025 14:22:00,24.3,24.31,24.3,24.31,174989.11,16
SJCFUT,03/31/2025 09:02:00,24.5,24.5,24.5,24.5,11023.93,1
SJCFUT,03/31/2025 09:27:00,24.45,24.45,24.45,24.45,11004.51,1
SJCFUT,03/31/2025 09:34:00,24.48,24.48,24.48,24.48,11014.22,1
SJCFUT,03/31/2025 10:36:00,24.44,24.44,24.44,24.44,109996.49,10
SJCFUT,03/31/2025 10:47:00,24.39,24.39,24.39,24.39,54876.83,5
SJCFUT,03/31/2025 11:35:00,24.48,24.48,24.48,24.48,22028.44,2
SJCFUT,03/31/2025 11:38:00,24.48,24.49,24.48,24.49,22033.29,2
SJCFUT,03/31/2025 11:44:00,24.5,24.5,24.5,24.5,749627.28,68
SJCFUT,03/31/2025 12:02:00,24.49,24.49,24.49,24.49,11019.07,1
SJCFUT,03/31/2025 12:15:00,24.5,24.5,24.5,24.5,110239.31,10
SJCFUT,03/31/2025 12:48:00,24.39,24.4,24.38,24.4,65857.06,6
SJCFUT,03/31/2025 12:59:00,24.39,24.39,24.39,24.39,10975.37,1
SJCFUT,03/31/2025 13:00:00,24.42,24.49,24.42,24.49,274777.54,25
SJCFUT,03/31/2025 13:05:00,24.28,24.28,24.28,24.28,32780.41,3
SJCFUT,03/31/2025 14:25:00,24.14,24.14,24.14,24.14,21727.34,2
SJCFUT,04/01/2025 09:04:00,24.25,24.25,24.25,24.25,10912.23,1
SJCFUT,04/01/2025 09:15:00,24.26,24.26,24.26,24.26,21834.18,2
SJCFUT,04/01/2025 09:16:00,24.26,24.26,24.26,24.26,21834.18,2
SJCFUT,04/01/2025 09:39:00,24.22,24.22,24.22,24.22,76283.66,7
SJCFUT,04/01/2025 10:40:00,24.28,24.28,24.28,24.28,10926.8,1
SJCFUT,04/01/2025 10:41:00,24.28,24.34,24.28,24.32,349725.7,32
SJCFUT,04/01/2025 10:44:00,24.34,24.34,24.32,24.32,21897.31,2
SJCFUT,04/01/2025 10:52:00,24.28,24.28,24.28,24.28,21853.61,2
SJCFUT,04/01/2025 11:29:00,24.39,24.39,24.39,24.39,285359.54,26
SJCFUT,04/01/2025 11:36:00,24.43,24.43,24.43,24.43,10994.79,1
SJCFUT,04/01/2025 11:38:00,24.44,24.44,24.44,24.44,10999.65,1
SJCFUT,04/01/2025 11:39:00,24.47,24.47,24.47,24.47,33028.08,3
SJCFUT,04/01/2025 11:54:00,24.5,24.5,24.5,24.5,264574.33,24
SJCFUT,04/01/2025 12:07:00,24.53,24.53,24.53,24.53,22077.0,2
SJCFUT,04/01/2025 12:08:00,24.56,24.56,24.56,24.56,22106.14,2
SJCFUT,04/01/2025 12:11:00,24.47,24.47,24.47,24.47,11009.36,1
SJCFUT,04/01/2025 12:54:00,24.55,24.55,24.55,24.55,110482.12,10
SJCFUT,04/01/2025 13:04:00,24.59,24.59,24.56,24.56,486393.3,44
SJCFUT,04/01/2025 13:23:00,24.51,24.51,24.51,24.51,55143.93,5
SJCFUT,04/01/2025 13:53:00,24.52,24.53,24.52,24.53,22072.14,2
SJCFUT,04/01/2025 14:10:00,24.5,24.5,24.5,24.5,22047.86,2
SJCFUT,04/01/2025 14:13:00,24.52,24.52,24.52,24.52,11033.64,1
SJCFUT,04/01/2025 14:23:00,24.51,24.51,24.51,24.51,22057.57,2
SJCFUT,04/01/2025 14:25:00,24.52,24.52,24.52,24.52,231706.51,21
SJCFUT,04/01/2025 14:28:00,24.52,24.52,24.52,24.52,110336.43,10
SJCFUT,04/01/2025 14:32:00,24.54,24.54,24.54,24.54,22086.71,2
SJCFUT,04/01/2025 14:57:00,24.54,24.54,24.54,24.54,11043.36,1
SJCFUT,04/01/2025 14:58:00,24.55,24.55,24.55,24.55,364591.01,33
SJCFUT,04/02/2025 09:20:00,24.48,24.48,24.48,24.48,110142.18,10
SJCFUT,04/02/2025 09:42:00,24.51,24.51,24.51,24.51,11028.79,1
SJCFUT,04/02/2025 09:47:00,24.5,24.5,24.5,24.5,33071.79,3
SJCFUT,04/02/2025 11:03:00,24.47,24.47,24.47,24.47,88074.89,8
SJCFUT,04/02/2025 11:38:00,24.39,24.39,24.38,24.39,164615.94,15
SJCFUT,04/02/2025 12:30:00,24.41,24.41,24.41,24.41,21970.16,2
SJCFUT,04/02/2025 13:10:00,24.54,24.54,24.54,24.54,11043.36,1
SJCFUT,04/02/2025 13:28:00,24.48,24.48,24.48,24.48,11014.22,1
SJCFUT,04/03/2025 09:10:00,23.98,23.98,23.97,23.97,183380.9,17
SJCFUT,04/03/2025 09:11:00,23.99,23.99,23.99,23.99,269892.04,25
SJCFUT,04/03/2025 09:17:00,24.0,24.0,24.0,24.0,10800.54,1
SJCFUT,04/03/2025 09:25:00,23.99,23.99,23.99,23.99,32387.05,3
SJCFUT,04/03/2025 09:33:00,23.96,23.96,23.96,23.96,107811.13,10
SJCFUT,04/03/2025 09:35:00,23.96,23.96,23.96,23.96,53905.56,5
SJCFUT,04/03/2025 09:40:00,23.96,23.96,23.96,23.96,32343.34,3
SJCFUT,04/03/2025 10:41:00,24.01,24.01,24.01,24.01,10805.39,1
SJCFUT,04/03/2025 10:46:00,24.1,24.11,24.1,24.11,162731.67,15
SJCFUT,04/03/2025 10:47:00,24.09,24.09,24.09,24.09,10839.39,1
SJCFUT,04/03/2025 10:52:00,24.06,24.06,24.06,24.06,97423.38,9
SJCFUT,04/03/2025 11:00:00,24.04,24.04,24.02,24.02,97369.96,9
SJCFUT,04/03/2025 11:05:00,24.07,24.07,24.07,24.07,21659.35,2
SJCFUT,04/03/2025 11:09:00,24.14,24.15,24.14,24.15,97777.89,9
SJCFUT,04/03/2025 11:27:00,24.17,24.17,24.16,24.16,32629.86,3
SJCFUT,04/03/2025 13:23:00,24.12,24.12,24.12,24.12,173663.33,16
SJCFUT,04/03/2025 13:43:00,24.2,24.2,24.2,24.2,87103.62,8
SJCFUT,04/03/2025 14:55:00,24.09,24.09,24.09,24.09,43357.56,4
SJCFUT,04/04/2025 09:02:00,23.48,23.48,23.44,23.44,73889.47,7
SJCFUT,04/04/2025 09:06:00,23.46,23.47,23.45,23.45,52798.31,5
SJCFUT,04/04/2025 09:07:00,23.45,23.45,23.45,23.45,21105.73,2
SJCFUT,04/04/2025 09:08:00,23.47,23.47,23.47,23.47,21125.15,2
SJCFUT,04/04/2025 09:10:00,23.47,23.48,23.47,23.48,21130.01,2
SJCFUT,04/04/2025 09:12:00,23.5,23.52,23.5,23.52,782776.77,74
SJCFUT,04/04/2025 09:14:00,23.5,23.5,23.5,23.5,42308.58,4
SJCFUT,04/04/2025 09:16:00,23.48,23.48,23.47,23.47,116193.2,11
SJCFUT,04/04/2025 09:25:00,23.49,23.49,23.48,23.48,42284.3,4
SJCFUT,04/04/2025 09:26:00,23.47,23.47,23.47,23.47,876693.86,83
SJCFUT,04/04/2025 09:39:00,23.5,23.5,23.5,23.5,21154.29,2
SJCFUT,04/04/2025 10:30:00,23.56,23.56,23.5,23.5,84699.72,8
SJCFUT,04/04/2025 10:33:00,23.42,23.42,23.42,23.42,105382.95,10
SJCFUT,04/04/2025 10:40:00,23.44,23.44,23.41,23.41,231764.78,22
SJCFUT,04/04/2025 10:45:00,23.31,23.31,23.31,23.31,944075.81,90
SJCFUT,04/04/2025 10:51:00,23.3,23.3,23.3,23.3,10484.87,1
SJCFUT,04/04/2025 11:04:00,23.31,23.31,23.31,23.31,10489.73,1
SJCFUT,04/04/2025 11:06:00,23.33,23.33,23.31,23.31,20989.18,2
SJCFUT,04/04/2025 11:10:00,23.39,23.39,23.39,23.39,52618.63,5
SJCFUT,04/04/2025 11:19:00,23.32,23.32,23.32,23.32,52472.94,5
SJCFUT,04/04/2025 11:33:00,23.26,23.26,23.26,23.26,156981.74,15
SJCFUT,04/04/2025 11:39:00,23.19,23.19,23.19,23.19,52181.56,5
SJCFUT,04/04/2025 11:44:00,23.17,23.17,23.17,23.17,20853.2,2
SJCFUT,04/04/2025 11:45:00,23.16,23.16,23.16,23.16,166747.88,16
SJCFUT,04/04/2025 11:46:00,23.14,23.15,23.14,23.15,72908.49,7
SJCFUT,04/04/2025 11:48:00,23.09,23.09,23.07,23.07,20775.5,2
SJCFUT,04/04/2025 11:54:00,23.16,23.16,23.16,23.16,208434.85,20
SJCFUT,04/04/2025 11:55:00,23.15,23.15,23.15,23.15,10416.89,1
SJCFUT,04/04/2025 12:22:00,23.43,23.43,23.43,23.43,10543.15,1
SJCFUT,04/04/2025 12:34:00,23.42,23.42,23.42,23.42,21076.59,2
SJCFUT,04/04/2025 13:16:00,23.43,23.43,23.43,23.43,10543.15,1
SJCFUT,04/04/2025 13:17:00,23.44,23.44,23.44,23.44,42192.03,4
SJCFUT,04/04/2025 13:35:00,23.42,23.43,23.42,23.43,73777.78,7
SJCFUT,04/04/2025 13:42:00,23.44,23.44,23.44,23.44,21096.02,2
SJCFUT,04/04/2025 14:22:00,23.32,23.32,23.31,23.31,31478.91,3
SJCFUT,04/04/2025 14:27:00,23.3,23.3,23.3,23.3,52424.37,5
SJCFUT,04/04/2025 14:28:00,23.28,23.28,23.28,23.28,31425.49,3
SJCFUT,04/04/2025 14:41:00,23.25,23.25,23.25,23.25,230133.05,22
SJCFUT,04/07/2025 09:00:00,23.29,23.29,23.29,23.29,10480.02,1
SJCFUT,04/07/2025 09:07:00,23.34,23.34,23.34,23.34,21008.6,2
SJCFUT,04/07/2025 09:08:00,23.32,23.32,23.32,23.32,20989.18,2
SJCFUT,04/07/2025 09:27:00,23.3,23.3,23.3,23.3,10484.87,1
SJCFUT,04/07/2025 09:30:00,23.32,23.32,23.32,23.32,10494.59,1
SJCFUT,04/07/2025 10:10:00,23.28,23.28,23.28,23.28,10475.16,1
SJCFUT,04/07/2025 10:26:00,23.26,23.26,23.2,23.2,83611.9,8
SJCFUT,04/07/2025 10:30:00,23.25,23.27,23.25,23.27,52322.39,5
SJCFUT,04/07/2025 10:31:00,23.31,23.31,23.31,23.31,10489.73,1
SJCFUT,04/07/2025 10:33:00,23.31,23.31,23.31,23.31,52448.66,5
SJCFUT,04/07/2025 10:46:00,23.26,23.26,23.26,23.26,20930.9,2
SJCFUT,04/07/2025 10:56:00,23.3,23.3,23.3,23.3,31454.62,3
SJCFUT,04/07/2025 10:58:00,23.34,23.35,23.34,23.35,31517.76,3
SJCFUT,04/07/2025 10:59:00,23.4,23.4,23.4,23.4,10528.58,1
SJCFUT,04/07/2025 11:01:00,23.4,23.42,23.4,23.42,295052.83,28
SJCFUT,04/07/2025 11:07:00,23.47,23.47,23.45,23.45,31678.02,3
SJCFUT,04/07/2025 11:10:00,23.53,23.58,23.52,23.58,656734.88,62
SJCFUT,04/07/2025 11:13:00,23.62,23.62,23.62,23.62,255133.57,24
SJCFUT,04/07/2025 11:14:00,23.63,23.63,23.6,23.6,382846.05,36
SJCFUT,04/07/2025 11:17:00,23.62,23.62,23.62,23.62,21261.13,2
SJCFUT,04/07/2025 11:19:00,23.53,23.53,23.53,23.53,21173.72,2
SJCFUT,04/07/2025 11:22:00,23.53,23.53,23.48,23.48,412430.98,39
SJCFUT,04/07/2025 11:23:00,23.48,23.48,23.45,23.45,1065853.82,101
SJCFUT,04/07/2025 11:25:00,23.47,23.47,23.47,23.47,63375.46,6
SJCFUT,04/07/2025 11:27:00,23.45,23.45,23.45,23.45,10552.86,1
SJCFUT,04/07/2025 11:31:00,23.46,23.46,23.46,23.46,232269.85,22
SJCFUT,04/07/2025 11:33:00,23.53,23.53,23.53,23.53,21173.72,2
SJCFUT,04/07/2025 12:04:00,23.56,23.56,23.56,23.56,10601.43,1
SJCFUT,04/07/2025 12:12:00,23.56,23.56,23.56,23.56,21202.85,2
SJCFUT,04/07/2025 12:15:00,23.46,23.46,23.41,23.41,116003.8,11
SJCFUT,04/07/2025 12:21:00,23.33,23.33,23.33,23.33,10499.44,1
SJCFUT,04/07/2025 12:24:00,23.32,23.33,23.32,23.33,346345.67,33
SJCFUT,04/07/2025 13:06:00,23.27,23.27,23.25,23.25,52312.68,5
SJCFUT,04/07/2025 13:24:00,23.25,23.25,23.25,23.25,20921.19,2
SJCFUT,04/07/2025 13:31:00,23.25,23.25,23.25,23.25,20921.19,2
SJCFUT,04/07/2025 13:33:00,23.25,23.25,23.25,23.25,20921.19,2
SJCFUT,04/07/2025 14:10:00,23.25,23.25,23.25,23.25,31381.78,3
SJCFUT,04/07/2025 14:14:00,23.3,23.3,23.3,23.3,115333.62,11
SJCFUT,04/07/2025 14:18:00,23.35,23.35,23.35,23.35,10509.16,1
SJCFUT,04/08/2025 09:02:00,23.63,23.63,23.61,23.61,350949.5,33
SJCFUT,04/08/2025 09:04:00,23.63,23.65,23.63,23.65,31915.98,3
SJCFUT,04/08/2025 09:06:00,23.63,23.63,23.63,23.63,106354.22,10
SJCFUT,04/08/2025 09:12:00,23.67,23.67,23.67,23.67,21299.98,2
SJCFUT,04/08/2025 09:17:00,23.6,23.6,23.6,23.6,10620.85,1
SJCFUT,04/08/2025 09:21:00,23.62,23.62,23.62,23.62,21261.13,2
SJCFUT,04/08/2025 09:27:00,23.63,23.63,23.63,23.63,10635.42,1
SJCFUT,04/08/2025 09:29:00,23.63,23.63,23.63,23.63,31906.27,3
SJCFUT,04/08/2025 09:51:00,23.56,23.56,23.56,23.56,74209.99,7
SJCFUT,04/08/2025 10:27:00,23.68,23.68,23.68,23.68,53274.24,5
SJCFUT,04/08/2025 10:31:00,23.8,23.8,23.77,23.77,117781.23,11
SJCFUT,04/08/2025 10:41:00,23.69,23.69,23.69,23.69,21319.41,2
SJCFUT,04/08/2025 10:46:00,23.7,23.7,23.7,23.7,42658.24,4
SJCFUT,04/08/2025 10:56:00,23.82,23.82,23.82,23.82,321539.4,30
SJCFUT,04/08/2025 10:57:00,23.82,23.82,23.82,23.82,10717.98,1
SJCFUT,04/08/2025 11:00:00,23.82,23.82,23.82,23.82,214359.6,20
SJCFUT,04/08/2025 11:03:00,23.83,23.83,23.83,23.83,96505.53,9
SJCFUT,04/08/2025 11:10:00,23.75,23.75,23.75,23.75,53444.21,5
SJCFUT,04/08/2025 12:26:00,23.77,23.77,23.77,23.77,53492.77,5
SJCFUT,04/08/2025 12:58:00,23.8,23.8,23.8,23.8,21416.53,2
SJCFUT,04/08/2025 13:42:00,23.63,23.65,23.63,23.65,276598.67,26
SJCFUT,04/08/2025 14:12:00,23.62,23.62,23.62,23.62,10630.57,1
SJCFUT,04/08/2025 14:42:00,23.7,23.7,23.7,23.7,95981.04,9
SJCFUT,04/08/2025 14:54:00,23.74,23.74,23.74,23.74,85471.88,8
SJCFUT,04/09/2025 09:04:00,23.74,23.74,23.74,23.74,21367.97,2
SJCFUT,04/09/2025 09:37:00,23.67,23.67,23.66,23.66,21295.13,2
SJCFUT,04/09/2025 09:38:00,23.63,23.66,23.63,23.66,74506.23,7
SJCFUT,04/09/2025 10:08:00,23.59,23.59,23.59,23.59,10616.0,1
SJCFUT,04/09/2025 10:30:00,23.69,23.69,23.69,23.69,10659.7,1
SJCFUT,04/09/2025 10:34:00,23.68,23.68,23.68,23.68,10654.85,1
SJCFUT,04/09/2025 10:47:00,23.76,23.76,23.76,23.76,64162.19,6
SJCFUT,04/09/2025 10:49:00,23.8,23.8,23.8,23.8,117790.94,11
SJCFUT,04/09/2025 10:50:00,23.81,23.81,23.81,23.81,246401.84,23
SJCFUT,04/09/2025 10:53:00,23.75,23.75,23.75,23.75,53444.21,5
SJCFUT,04/09/2025 10:57:00,23.82,23.82,23.82,23.82,21435.96,2
SJCFUT,04/09/2025 10:59:00,23.82,23.82,23.82,23.82,10717.98,1
SJCFUT,04/09/2025 11:03:00,23.74,23.74,23.74,23.74,53419.93,5
SJCFUT,04/09/2025 11:48:00,23.56,23.56,23.56,23.56,10601.43,1
SJCFUT,04/09/2025 13:53:00,23.66,23.66,23.66,23.66,53225.67,5
SJCFUT,04/09/2025 14:21:00,23.8,23.8,23.8,23.8,32124.8,3
SJCFUT,04/09/2025 14:23:00,23.95,23.97,23.95,23.95,258639.86,24
SJCFUT,04/09/2025 14:24:00,23.96,23.96,23.96,23.96,10781.11,1
SJCFUT,04/09/2025 14:28:00,23.94,23.94,23.94,23.94,258513.6,24
SJCFUT,04/09/2025 14:31:00,23.95,23.96,23.95,23.95,991522.42,92
SJCFUT,04/09/2025 14:41:00,24.02,24.02,24.02,24.02,43241.0,4
SJCFUT,04/09/2025 14:43:00,24.1,24.1,24.1,24.1,75909.72,7
SJCFUT,04/09/2025 14:45:00,24.08,24.08,24.08,24.08,108345.33,10
SJCFUT,04/09/2025 14:51:00,24.0,24.0,24.0,24.0,10800.54,1
SJCFUT,04/09/2025 14:54:00,23.96,23.96,23.96,23.96,21562.23,2
SJCFUT,04/10/2025 09:03:00,24.26,24.26,24.26,24.26,327512.72,30
SJCFUT,04/10/2025 09:04:00,24.27,24.27,24.27,24.27,10921.95,1
SJCFUT,04/10/2025 09:05:00,24.28,24.29,24.28,24.29,21858.46,2
SJCFUT,04/10/2025 09:10:00,24.27,24.27,24.27,24.27,10921.95,1
SJCFUT,04/10/2025 09:12:00,24.28,24.28,24.28,24.28,65560.82,6
SJCFUT,04/10/2025 09:14:00,24.3,24.3,24.3,24.3,10936.52,1
SJCFUT,04/10/2025 09:16:00,24.26,24.26,24.26,24.26,21834.18,2
SJCFUT,04/10/2025 09:19:00,24.28,24.28,24.28,24.28,32780.41,3
SJCFUT,04/10/2025 09:25:00,24.28,24.28,24.28,24.28,21853.61,2
SJCFUT,04/10/2025 10:00:00,24.12,24.12,24.12,24.12,21707.92,2
SJCFUT,04/10/2025 10:52:00,24.25,24.25,24.25,24.25,10912.23,1
SJCFUT,04/10/2025 10:55:00,24.27,24.27,24.27,24.27,21843.89,2
SJCFUT,04/10/2025 10:56:00,24.28,24.28,24.28,24.28,218536.07,20
SJCFUT,04/10/2025 11:25:00,24.34,24.34,24.34,24.34,21902.17,2
SJCFUT,04/10/2025 11:34:00,24.35,24.35,24.35,24.35,10955.94,1
SJCFUT,04/10/2025 12:12:00,24.4,24.4,24.4,24.4,10980.22,1
SJCFUT,04/10/2025 12:40:00,24.39,24.39,24.39,24.39,43901.47,4
SJCFUT,04/10/2025 13:38:00,24.39,24.39,24.39,24.39,219507.34,20
SJCFUT,04/10/2025 14:58:00,24.42,24.43,24.42,24.43,175892.4,16
SJCFUT,04/11/2025 09:04:00,24.5,24.5,24.5,24.5,110239.31,10
SJCFUT,04/11/2025 09:10:00,24.52,24.52,24.52,24.52,22067.29,2
SJCFUT,04/11/2025 10:30:00,24.54,24.54,24.54,24.54,11043.36,1
SJCFUT,04/11/2025 10:38:00,24.5,24.5,24.5,24.5,11023.93,1
SJCFUT,04/11/2025 10:39:00,24.51,24.51,24.51,24.51,11028.79,1
SJCFUT,04/11/2025 11:17:00,24.67,24.67,24.67,24.67,55508.16,5
SJCFUT,04/11/2025 11:30:00,24.71,24.72,24.71,24.72,33368.03,3
SJCFUT,04/11/2025 11:56:00,24.76,24.76,24.76,24.76,55702.42,5
SJCFUT,04/11/2025 12:00:00,24.8,24.8,24.8,24.8,1115990.85,100
SJCFUT,04/11/2025 12:04:00,24.82,24.82,24.82,24.82,22339.24,2
SJCFUT,04/11/2025 12:10:00,24.82,24.82,24.82,24.82,11169.62,1
SJCFUT,04/11/2025 12:16:00,24.83,24.83,24.83,24.83,11174.48,1
SJCFUT,04/11/2025 12:34:00,24.78,24.78,24.78,24.78,133802.35,12
SJCFUT,04/11/2025 12:35:00,24.78,24.78,24.78,24.78,66901.17,6
SJCFUT,04/11/2025 13:24:00,24.79,24.79,24.79,24.79,11155.05,1
SJCFUT,04/11/2025 13:31:00,24.79,24.79,24.79,24.79,167325.78,15
SJCFUT,04/11/2025 13:35:00,24.79,24.79,24.79,24.79,55775.26,5
SJCFUT,04/11/2025 13:45:00,24.8,24.8,24.8,24.8,323637.35,29
SJCFUT,04/11/2025 14:01:00,24.77,24.77,24.77,24.77,11145.34,1
SJCFUT,04/11/2025 14:14:00,24.8,24.8,24.8,24.8,111599.09,10
SJCFUT,04/11/2025 14:17:00,24.81,24.81,24.81,24.81,11164.76,1
SJCFUT,04/11/2025 14:39:00,24.72,24.72,24.72,24.72,44503.66,4
SJCFUT,04/11/2025 14:45:00,24.71,24.71,24.69,24.69,22232.4,2
SJCFUT,04/11/2025 14:52:00,24.68,24.68,24.68,24.68,33319.47,3
SJCFUT,04/14/2025 09:00:00,24.8,24.8,24.8,24.8,22319.82,2
SJCFUT,04/14/2025 12:01:00,24.84,24.84,24.84,24.84,11179.33,1
SJCFUT,04/14/2025 12:27:00,24.8,24.8,24.8,24.8,44639.63,4
SJCFUT,04/14/2025 14:02:00,24.79,24.79,24.79,24.79,33465.16,3
SJCFUT,04/14/2025 14:16:00,24.82,24.82,24.82,24.82,67017.73,6
SJCFUT,04/15/2025 09:05:00,24.55,24.55,24.55,24.55,11048.21,1
SJCFUT,04/15/2025 09:10:00,24.58,24.58,24.58,24.58,33188.34,3
SJCFUT,04/15/2025 09:14:00,24.58,24.58,24.58,24.58,11062.78,1
SJCFUT,04/15/2025 09:15:00,24.58,24.58,24.58,24.58,22125.56,2
SJCFUT,04/15/2025 09:19:00,24.57,24.57,24.57,24.57,44231.7,4
SJCFUT,04/15/2025 11:11:00,24.53,24.53,24.53,24.53,11038.5,1
SJCFUT,04/15/2025 11:17:00,24.56,24.56,24.56,24.56,55265.34,5
SJCFUT,04/15/2025 11:31:00,24.61,24.61,24.61,24.61,110724.94,10
SJCFUT,04/15/2025 12:10:00,24.61,24.61,24.61,24.61,44289.98,4
SJCFUT,04/15/2025 12:15:00,24.61,24.61,24.61,24.61,88579.95,8
SJCFUT,04/15/2025 14:26:00,24.59,24.59,24.59,24.59,11067.64,1
SJCFUT,04/16/2025 10:30:00,24.71,24.71,24.71,24.71,11121.06,1
SJCFUT,04/16/2025 10:35:00,24.64,24.64,24.64,24.64,11087.06,1
SJCFUT,04/16/2025 10:50:00,24.71,24.71,24.71,24.71,55605.29,5
SJCFUT,04/16/2025 10:53:00,24.71,24.71,24.71,24.71,111210.58,10
SJCFUT,04/16/2025 11:16:00,24.78,24.78,24.78,24.78,11150.2,1
SJCFUT,04/16/2025 11:34:00,24.81,24.81,24.81,24.81,11164.76,1
SJCFUT,04/16/2025 11:56:00,24.78,24.78,24.78,24.78,22300.39,2
SJCFUT,04/16/2025 12:23:00,24.71,24.71,24.71,24.71,88968.46,8
SJCFUT,04/16/2025 14:02:00,24.75,24.75,24.75,24.75,44542.51,4
SJCFUT,04/16/2025 14:56:00,24.69,24.69,24.69,24.69,11111.34,1
SJCFUT,04/17/2025 09:05:00,24.74,24.74,24.74,24.74,44523.08,4
SJCFUT,04/17/2025 09:12:00,24.71,24.71,24.71,24.71,33363.17,3
SJCFUT,04/17/2025 09:30:00,24.76,24.76,24.76,24.76,44561.93,4
SJCFUT,04/17/2025 12:16:00,24.61,24.61,24.61,24.61,22144.99,2
SJCFUT,04/17/2025 12:39:00,24.59,24.59,24.59,24.59,11067.64,1
SJCFUT,04/22/2025 09:07:00,24.67,24.67,24.67,24.67,88813.06,8
SJCFUT,04/22/2025 11:04:00,24.59,24.59,24.59,24.59,11067.64,1
SJCFUT,04/23/2025 09:09:00,24.67,24.67,24.67,24.67,22203.26,2
SJCFUT,04/23/2025 09:10:00,24.66,24.66,24.66,24.66,22193.55,2
SJCFUT,04/23/2025 09:13:00,24.69,24.69,24.69,24.69,11111.34,1
SJCFUT,04/23/2025 09:16:00,24.69,24.69,24.69,24.69,111113.45,10
SJCFUT,04/23/2025 09:22:00,24.66,24.66,24.66,24.66,11096.78,1
SJCFUT,04/23/2025 09:36:00,24.74,24.74,24.74,24.74,1113077.04,100
SJCFUT,04/23/2025 10:35:00,24.72,24.72,24.71,24.71,233639.34,21
SJCFUT,04/23/2025 10:54:00,24.75,24.75,24.75,24.75,22271.25,2
SJCFUT,04/23/2025 10:57:00,24.75,24.75,24.75,24.75,22271.25,2
SJCFUT,04/23/2025 11:07:00,24.82,24.82,24.81,24.81,167520.04,15
SJCFUT,04/23/2025 11:35:00,24.84,24.84,24.84,24.84,67076.0,6
SJCFUT,04/23/2025 11:40:00,24.85,24.85,24.85,24.85,313157.33,28
SJCFUT,04/23/2025 11:42:00,24.88,24.88,24.88,24.88,11193.9,1
SJCFUT,04/23/2025 11:44:00,24.84,24.84,24.84,24.84,11179.33,1
SJCFUT,04/23/2025 11:45:00,24.85,24.85,24.85,24.85,11184.19,1
SJCFUT,04/23/2025 12:03:00,24.85,24.85,24.85,24.85,55920.95,5
SJCFUT,04/23/2025 12:23:00,24.82,24.84,24.82,24.84,122962.96,11
SJCFUT,04/23/2025 12:40:00,24.81,24.81,24.81,24.81,55823.82,5
SJCFUT,04/23/2025 13:02:00,24.82,24.82,24.82,24.82,223392.42,20
SJCFUT,04/23/2025 13:19:00,24.86,24.88,24.86,24.88,279750.45,25
SJCFUT,04/23/2025 13:20:00,24.86,24.86,24.86,24.86,44756.19,4
SJCFUT,04/23/2025 13:21:00,24.84,24.84,24.84,24.84,223586.68,20
SJCFUT,04/23/2025 13:57:00,24.77,24.77,24.77,24.77,11145.34,1
SJCFUT,04/24/2025 09:37:00,24.86,24.86,24.86,24.86,11189.05,1
SJCFUT,04/24/2025 09:57:00,24.86,24.86,24.86,24.86,22378.09,2
SJCFUT,04/24/2025 10:33:00,24.86,24.86,24.86,24.86,11189.05,1
SJCFUT,04/24/2025 10:34:00,24.82,24.82,24.82,24.82,22339.24,2
SJCFUT,04/24/2025 12:29:00,24.86,24.86,24.86,24.86,33567.14,3
SJCFUT,04/24/2025 12:34:00,24.91,24.91,24.91,24.91,22416.94,2
SJCFUT,04/24/2025 12:57:00,24.83,24.83,24.83,24.83,11174.48,1
SJCFUT,04/25/2025 10:14:00,25.04,25.04,25.04,25.04,11266.75,1
SJCFUT,04/25/2025 10:28:00,24.94,24.94,24.91,24.91,56071.5,5
SJCFUT,04/25/2025 10:30:00,25.02,25.04,25.02,25.04,247839.33,22
SJCFUT,04/25/2025 11:19:00,24.99,24.99,24.99,24.99,33741.97,3
SJCFUT,04/25/2025 13:26:00,25.02,25.02,25.02,25.02,22514.07,2
SJCFUT,04/25/2025 13:43:00,25.04,25.04,25.04,25.04,56333.74,5
SJCFUT,04/28/2025 09:03:00,24.84,24.84,24.84,24.84,11179.9,1
SJCFUT,04/28/2025 09:09:00,24.81,24.81,24.81,24.81,11165.46,1
SJCFUT,04/28/2025 09:13:00,24.84,24.84,24.84,24.84,33539.7,3
SJCFUT,04/28/2025 09:20:00,24.83,24.83,24.83,24.83,11175.09,1
SJCFUT,04/28/2025 09:24:00,24.79,24.79,24.78,24.78,44613.73,4
SJCFUT,04/28/2025 10:30:00,24.87,24.87,24.87,24.87,11189.53,1
SJCFUT,04/28/2025 10:45:00,24.8,24.8,24.8,24.8,11160.65,1
SJCFUT,04/28/2025 11:02:00,24.8,24.8,24.8,24.8,11160.65,1
SJCFUT,04/28/2025 11:22:00,24.87,24.87,24.87,24.87,22379.05,2
SJCFUT,04/28/2025 11:37:00,24.9,24.9,24.9,24.9,11203.96,1
SJCFUT,04/28/2025 11:41:00,24.87,24.87,24.87,24.87,55947.63,5
SJCFUT,04/28/2025 11:43:00,24.9,24.9,24.89,24.89,134437.95,12
SJCFUT,04/28/2025 12:15:00,24.9,24.9,24.9,24.9,291303.09,26
SJCFUT,04/28/2025 13:14:00,25.0,25.0,25.0,25.0,112520.92,10
SJCFUT,04/28/2025 13:25:00,25.03,25.03,25.03,25.03,22523.43,2
SJCFUT,04/28/2025 13:27:00,25.05,25.05,25.05,25.05,33814.03,3
SJCFUT,04/28/2025 13:44:00,25.04,25.07,25.04,25.07,90204.43,8
SJCFUT,04/28/2025 14:22:00,25.06,25.07,25.06,25.07,203042.99,18
SJCFUT,04/28/2025 14:25:00,25.05,25.05,25.05,25.05,33814.03,3
SJCFUT,04/28/2025 14:30:00,25.05,25.05,25.05,25.05,56356.71,5
SJCFUT,04/28/2025 14:33:00,25.05,25.05,25.05,25.05,22542.69,2
SJCFUT,04/29/2025 09:10:00,24.92,24.93,24.89,24.93,44849.55,4
SJCFUT,04/29/2025 09:11:00,24.93,24.93,24.93,24.93,22436.81,2
SJCFUT,04/29/2025 09:12:00,24.93,24.93,24.93,24.93,22436.81,2
SJCFUT,04/29/2025 09:23:00,24.95,24.95,24.95,24.95,11228.03,1
SJCFUT,04/29/2025 09:29:00,24.95,24.95,24.95,24.95,33684.09,3
SJCFUT,04/29/2025 09:38:00,24.97,24.97,24.97,24.97,11237.65,1
SJCFUT,04/29/2025 09:45:00,25.09,25.1,25.09,25.09,146782.53,13
SJCFUT,04/29/2025 10:29:00,25.03,25.03,25.03,25.03,11261.72,1
SJCFUT,04/29/2025 10:30:00,24.97,24.97,24.94,24.94,381757.78,34
SJCFUT,04/29/2025 10:32:00,24.89,24.89,24.89,24.89,22398.3,2
SJCFUT,04/29/2025 10:42:00,24.9,24.9,24.9,24.9,112039.65,10
SJCFUT,04/29/2025 10:43:00,24.89,24.89,24.89,24.89,11199.15,1
SJCFUT,04/29/2025 10:46:00,24.89,24.89,24.89,24.89,22398.3,2
SJCFUT,04/29/2025 10:52:00,24.88,24.88,24.88,24.88,11194.34,1
SJCFUT,04/29/2025 10:56:00,24.84,24.84,24.84,24.84,11179.9,1
SJCFUT,04/29/2025 10:58:00,24.8,24.8,24.8,24.8,33481.95,3
SJCFUT,04/29/2025 11:02:00,24.81,24.81,24.81,24.81,11165.46,1
SJCFUT,04/29/2025 11:10:00,24.78,24.78,24.78,24.78,22302.05,2
SJCFUT,04/29/2025 11:11:00,24.8,24.81,24.8,24.81,33491.58,3
SJCFUT,04/29/2025 11:13:00,24.79,24.79,24.79,24.79,11155.84,1
SJCFUT,04/29/2025 11:16:00,24.78,24.78,24.78,24.78,33453.08,3
SJCFUT,04/29/2025 11:18:00,24.77,24.77,24.77,24.77,11146.21,1
SJCFUT,04/29/2025 11:19:00,24.76,24.76,24.76,24.76,22282.8,2
SJCFUT,04/29/2025 11:20:00,24.76,24.76,24.76,24.76,122555.4,11
SJCFUT,04/29/2025 11:22:00,24.74,24.74,24.69,24.69,255698.74,23
SJCFUT,04/29/2025 11:24:00,24.72,24.72,24.72,24.72,11122.15,1
SJCFUT,04/29/2025 11:32:00,24.75,24.75,24.75,24.75,11136.59,1
SJCFUT,04/29/2025 11:39:00,24.71,24.71,24.69,24.69,155580.14,14
SJCFUT,04/29/2025 11:40:00,24.71,24.71,24.71,24.71,11117.34,1
SJCFUT,04/29/2025 11:45:00,24.72,24.72,24.72,24.72,11122.15,1
SJCFUT,04/29/2025 11:49:00,24.77,24.77,24.77,24.77,167193.19,15
SJCFUT,04/29/2025 11:50:00,24.74,24.74,24.74,24.74,133581.29,12
SJCFUT,04/29/2025 12:01:00,24.68,24.68,24.68,24.68,22215.42,2
SJCFUT,04/29/2025 12:18:00,24.73,24.73,24.73,24.73,11126.96,1
SJCFUT,04/29/2025 12:39:00,24.68,24.68,24.68,24.68,22215.42,2
SJCFUT,04/29/2025 12:51:00,24.69,24.69,24.69,24.69,22225.05,2
SJCFUT,04/29/2025 12:58:00,24.68,24.68,24.68,24.68,33323.13,3
SJCFUT,04/29/2025 13:16:00,24.73,24.73,24.73,24.73,11126.96,1
SJCFUT,04/30/2025 09:00:00,24.61,24.61,24.61,24.61,132888.27,12
SJCFUT,04/30/2025 09:05:00,24.65,24.65,24.65,24.65,332798.19,30
SJCFUT,04/30/2025 09:09:00,24.64,24.64,24.64,24.64,11088.46,1
SJCFUT,04/30/2025 09:11:00,24.64,24.64,24.64,24.64,11088.46,1
SJCFUT,04/30/2025 09:16:00,24.63,24.63,24.63,24.63,11083.65,1
SJCFUT,04/30/2025 09:27:00,24.64,24.64,24.64,24.64,11088.46,1
SJCFUT,04/30/2025 09:33:00,24.61,24.61,24.6,24.6,22143.23,2
SJCFUT,04/30/2025 09:36:00,24.6,24.6,24.6,24.6,243522.61,22
SJCFUT,04/30/2025 09:38:00,24.6,24.6,24.59,24.59,420625.14,38
SJCFUT,04/30/2025 10:30:00,24.51,24.53,24.49,24.53,143346.26,13
SJCFUT,04/30/2025 10:32:00,24.53,24.53,24.53,24.53,22080.67,2
SJCFUT,04/30/2025 10:33:00,24.56,24.56,24.56,24.56,22099.92,2
SJCFUT,04/30/2025 10:37:00,24.52,24.52,24.52,24.52,22071.04,2
SJCFUT,04/30/2025 10:38:00,24.59,24.59,24.59,24.59,22128.79,2
SJCFUT,04/30/2025 10:44:00,24.54,24.54,24.52,24.52,44151.71,4
SJCFUT,04/30/2025 10:51:00,24.62,24.62,24.62,24.62,22157.67,2
SJCFUT,04/30/2025 11:16:00,24.64,24.64,24.64,24.64,11088.46,1
SJCFUT,04/30/2025 11:17:00,24.66,24.66,24.66,24.66,33294.26,3
SJCFUT,04/30/2025 11:39:00,24.66,24.66,24.66,24.66,11098.09,1
SJCFUT,04/30/2025 11:57:00,24.69,24.69,24.69,24.69,11112.52,1
SJCFUT,04/30/2025 13:17:00,24.6,24.6,24.6,24.6,287799.44,26
SJCFUT,04/30/2025 13:36:00,24.57,24.57,24.57,24.57,11054.77,1
SJCFUT,04/30/2025 13:38:00,24.54,24.54,24.54,24.54,342399.52,31
SJCFUT,04/30/2025 13:41:00,24.54,24.54,24.54,24.54,22090.29,2
SJCFUT,05/02/2025 09:01:00,24.87,24.87,24.87,24.87,11189.53,1
SJCFUT,05/02/2025 09:06:00,24.87,24.87,24.87,24.87,33568.58,3
SJCFUT,05/02/2025 09:09:00,24.87,24.87,24.87,24.87,89516.22,8
SJCFUT,05/02/2025 09:35:00,24.87,24.87,24.87,24.87,22379.05,2
SJCFUT,05/02/2025 10:30:00,24.87,24.87,24.87,24.87,89516.22,8
SJCFUT,05/02/2025 10:34:00,24.8,24.8,24.8,24.8,55803.25,5
SJCFUT,05/02/2025 10:35:00,24.84,24.84,24.84,24.84,22359.8,2
SJCFUT,05/02/2025 10:44:00,24.92,24.92,24.92,24.92,22427.18,2
SJCFUT,05/02/2025 10:45:00,24.92,24.93,24.92,24.93,157033.58,14
SJCFUT,05/02/2025 10:58:00,24.91,24.91,24.91,24.91,11208.78,1
SJCFUT,05/02/2025 11:07:00,24.89,24.89,24.89,24.89,89593.22,8
SJCFUT,05/02/2025 12:02:00,24.97,24.99,24.97,24.99,22484.93,2
SJCFUT,05/02/2025 12:04:00,24.97,24.97,24.97,24.97,22475.31,2
SJCFUT,05/02/2025 12:45:00,24.89,24.89,24.89,24.89,11199.15,1
SJCFUT,05/02/2025 13:11:00,24.96,24.96,24.96,24.96,11232.84,1
SJCFUT,05/02/2025 13:12:00,24.97,24.97,24.97,24.97,11237.65,1
SJCFUT,05/02/2025 13:50:00,24.99,24.99,24.99,24.99,11247.28,1
SJCFUT,05/02/2025 13:53:00,25.03,25.03,25.03,25.03,225234.35,20
SJCFUT,05/05/2025 09:08:00,24.83,24.83,24.83,24.83,11175.09,1
SJCFUT,05/05/2025 10:33:00,24.9,24.9,24.9,24.9,11203.96,1
SJCFUT,05/05/2025 11:45:00,24.79,24.79,24.79,24.79,11155.84,1
SJCFUT,05/05/2025 11:58:00,24.8,24.8,24.8,24.8,22321.3,2
SJCFUT,05/05/2025 12:15:00,24.77,24.77,24.77,24.77,22292.43,2
SJCFUT,05/05/2025 12:31:00,24.78,24.78,24.78,24.78,22302.05,2
SJCFUT,05/05/2025 12:32:00,24.79,24.79,24.79,24.79,11155.84,1
SJCFUT,05/05/2025 12:46:00,24.78,24.78,24.78,24.78,55755.13,5
SJCFUT,05/05/2025 13:09:00,24.76,24.76,24.76,24.76,11141.4,1
SJCFUT,05/05/2025 13:23:00,24.77,24.77,24.77,24.77,22292.43,2
SJCFUT,05/05/2025 13:48:00,24.68,24.68,24.68,24.68,11107.71,1
SJCFUT,05/05/2025 13:49:00,24.67,24.67,24.67,24.67,11102.9,1
SJCFUT,05/05/2025 14:07:00,24.64,24.64,24.64,24.64,11088.46,1
SJCFUT,05/05/2025 14:08:00,24.64,24.64,24.64,24.64,11088.46,1
SJCFUT,05/05/2025 14:20:00,24.66,24.66,24.66,24.66,11098.09,1
SJCFUT,05/05/2025 14:27:00,24.66,24.66,24.66,24.66,55490.43,5
SJCFUT,05/05/2025 14:36:00,24.64,24.64,24.64,24.64,11088.46,1
SJCFUT,05/05/2025 14:37:00,24.64,24.64,24.64,24.64,66530.76,6
SJCFUT,05/06/2025 09:08:00,24.6,24.6,24.6,24.6,332076.28,30
SJCFUT,05/06/2025 09:15:00,24.59,24.59,24.59,24.59,11064.4,1
SJCFUT,05/06/2025 09:37:00,24.6,24.6,24.6,24.6,11069.21,1
SJCFUT,05/06/2025 09:41:00,24.6,24.6,24.6,24.6,11069.21,1
SJCFUT,05/06/2025 10:20:00,24.54,24.54,24.54,24.54,22090.29,2
SJCFUT,05/06/2025 10:30:00,24.57,24.57,24.54,24.54,22099.92,2
SJCFUT,05/06/2025 10:32:00,24.51,24.51,24.5,24.5,22056.6,2
SJCFUT,05/06/2025 10:33:00,24.49,24.49,24.49,24.49,176337.32,16
SJCFUT,05/06/2025 10:34:00,24.49,24.49,24.49,24.49,881686.59,80
SJCFUT,05/06/2025 10:36:00,24.49,24.49,24.49,24.49,11021.08,1
SJCFUT,05/06/2025 10:46:00,24.51,24.51,24.51,24.51,22061.42,2
SJCFUT,05/06/2025 11:03:00,24.52,24.52,24.52,24.52,11035.52,1
SJCFUT,05/06/2025 12:52:00,24.47,24.47,24.47,24.47,110114.57,10
SJCFUT,05/06/2025 13:06:00,24.48,24.48,24.48,24.48,22032.54,2
SJCFUT,05/07/2025 09:07:00,24.82,24.82,24.82,24.82,11170.28,1
SJCFUT,05/07/2025 09:44:00,24.81,24.81,24.81,24.81,11165.46,1
SJCFUT,05/07/2025 10:13:00,24.71,24.71,24.71,24.71,166760.05,15
SJCFUT,05/07/2025 10:34:00,24.77,24.77,24.77,24.77,22292.43,2
SJCFUT,05/07/2025 10:42:00,24.77,24.77,24.77,24.77,44584.85,4
SJCFUT,05/07/2025 11:29:00,24.71,24.71,24.71,24.71,22234.67,2
SJCFUT,05/07/2025 11:45:00,24.65,24.65,24.65,24.65,22186.55,2
SJCFUT,05/07/2025 11:58:00,24.59,24.59,24.59,24.59,77450.78,7
SJCFUT,05/07/2025 14:16:00,24.58,24.58,24.58,24.58,22119.17,2
SJCFUT,05/07/2025 14:23:00,24.59,24.59,24.59,24.59,11064.4,1
SJCFUT,05/07/2025 14:49:00,24.53,24.53,24.53,24.53,44161.33,4
SJCFUT,05/08/2025 09:04:00,24.64,24.64,24.64,24.64,44353.84,4
SJCFUT,05/08/2025 13:35:00,24.51,24.51,24.51,24.51,11030.71,1
SJCFUT,05/08/2025 13:59:00,24.54,24.54,24.54,24.54,265083.5,24
SJCFUT,05/08/2025 14:54:00,24.6,24.6,24.6,24.6,77484.47,7
SJCFUT,05/09/2025 09:04:00,24.74,24.74,24.74,24.74,33395.32,3
SJCFUT,05/09/2025 09:05:00,24.76,24.76,24.76,24.76,267393.6,24
SJCFUT,05/09/2025 09:12:00,24.72,24.72,24.72,24.72,33366.45,3
SJCFUT,05/09/2025 09:22:00,24.76,24.76,24.76,24.76,55707.0,5
SJCFUT,05/09/2025 09:45:00,24.69,24.69,24.66,24.66,88799.12,8
SJCFUT,05/09/2025 10:32:00,24.74,24.79,24.74,24.79,111519.88,10
SJCFUT,05/09/2025 10:33:00,24.8,24.8,24.8,24.8,22321.3,2
SJCFUT,05/09/2025 11:03:00,24.81,24.81,24.81,24.81,11165.46,1
SJCFUT,05/09/2025 11:50:00,24.81,24.81,24.81,24.81,111654.63,10
SJCFUT,05/09/2025 12:16:00,24.92,24.92,24.92,24.92,168203.86,15
SJCFUT,05/09/2025 14:58:00,24.8,24.8,24.8,24.8,11160.65,1
SJCFUT,05/09/2025 14:59:00,24.78,24.78,24.77,24.77,66886.9,6
SJCFUT,05/12/2025 09:04:00,25.23,25.23,25.23,25.23,102178.43,9
SJCFUT,05/12/2025 09:05:00,25.25,25.25,25.25,25.25,522688.07,46
SJCFUT,05/12/2025 09:12:00,25.23,25.23,25.23,25.23,11353.16,1
SJCFUT,05/12/2025 09:20:00,25.19,25.19,25.18,25.18,124624.86,11
SJCFUT,05/12/2025 09:38:00,25.21,25.21,25.21,25.21,226870.67,20
SJCFUT,05/12/2025 10:10:00,25.11,25.24,25.11,25.24,283256.26,25
SJCFUT,05/12/2025 10:38:00,25.15,25.15,25.15,25.15,22638.94,2
SJCFUT,05/12/2025 10:41:00,25.13,25.13,25.13,25.13,11309.84,1
SJCFUT,05/12/2025 10:50:00,25.13,25.13,25.13,25.13,56549.22,5
SJCFUT,05/12/2025 10:51:00,25.13,25.15,25.13,25.15,22629.31,2
SJCFUT,05/12/2025 11:12:00,25.2,25.2,25.2,25.2,113387.21,10
SJCFUT,05/12/2025 12:08:00,24.96,24.96,24.96,24.96,202191.14,18
SJCFUT,05/12/2025 12:39:00,24.97,24.97,24.97,24.97,112376.54,10
SJCFUT,05/12/2025 12:40:00,24.95,24.95,24.95,24.95,11228.03,1
SJCFUT,05/12/2025 13:00:00,25.0,25.26,25.0,25.26,203514.63,18
SJCFUT,05/12/2025 13:07:00,25.05,25.05,25.05,25.05,56356.71,5
SJCFUT,05/12/2025 13:15:00,25.17,25.17,25.17,25.17,113242.82,10
SJCFUT,05/12/2025 13:22:00,25.2,25.2,25.2,25.2,22677.44,2
SJCFUT,05/12/2025 13:27:00,25.26,25.29,25.26,25.29,56876.49,5
SJCFUT,05/12/2025 14:05:00,25.22,25.22,25.22,25.22,181573.54,16
SJCFUT,05/12/2025 14:16:00,25.22,25.22,25.22,25.22,226966.92,20
SJCFUT,05/13/2025 09:02:00,25.2,25.2,25.2,25.2,45354.88,4
SJCFUT,05/13/2025 09:06:00,25.22,25.22,25.22,25.22,11348.35,1
SJCFUT,05/13/2025 09:24:00,25.13,25.13,25.13,25.13,11309.84,1
SJCFUT,05/13/2025 10:19:00,25.12,25.12,25.12,25.12,11305.03,1
SJCFUT,05/13/2025 11:07:00,25.0,25.0,24.99,24.99,33751.46,3
SJCFUT,05/13/2025 11:23:00,24.87,24.88,24.87,24.88,816849.9,73
SJCFUT,05/13/2025 11:26:00,24.89,24.89,24.89,24.89,22398.3,2
SJCFUT,05/13/2025 11:33:00,24.87,24.87,24.87,24.87,11189.53,1
SJCFUT,05/13/2025 11:34:00,24.85,24.85,24.85,24.85,33554.14,3
SJCFUT,05/13/2025 11:43:00,24.89,24.89,24.89,24.89,67194.91,6
SJCFUT,05/13/2025 11:45:00,24.92,24.92,24.92,24.92,44854.36,4
SJCFUT,05/13/2025 12:22:00,24.99,24.99,24.99,24.99,11247.28,1
SJCFUT,05/13/2025 12:34:00,25.05,25.05,25.05,25.05,22542.69,2
SJCFUT,05/13/2025 12:36:00,25.05,25.05,25.05,25.05,22542.69,2
SJCFUT,05/13/2025 12:51:00,25.13,25.13,25.13,25.13,22619.69,2
SJCFUT,05/13/2025 13:33:00,25.31,25.31,25.31,25.31,11391.66,1
SJCFUT,05/13/2025 13:45:00,25.28,25.28,25.28,25.28,11377.22,1
SJCFUT,05/13/2025 13:47:00,25.33,25.33,25.33,25.33,11396.47,1
SJCFUT,05/13/2025 13:54:00,25.34,25.34,25.34,25.34,11401.29,1
SJCFUT,05/13/2025 14:21:00,25.33,25.33,25.33,25.33,68378.84,6
SJCFUT,05/13/2025 14:56:00,25.26,25.26,25.26,25.26,11367.6,1
SJCFUT,05/14/2025 09:15:00,25.29,25.29,25.29,25.29,11382.03,1
SJCFUT,05/14/2025 09:25:00,25.31,25.31,25.31,25.31,22783.32,2
SJCFUT,05/14/2025 09:40:00,25.35,25.35,25.35,25.35,11406.1,1
SJCFUT,05/14/2025 09:51:00,25.39,25.39,25.39,25.39,11425.35,1
SJCFUT,05/14/2025 10:10:00,25.39,25.39,25.39,25.39,57126.75,5
SJCFUT,05/14/2025 10:11:00,25.39,25.39,25.39,25.39,125678.84,11
SJCFUT,05/14/2025 10:29:00,25.37,25.37,25.37,25.37,22831.45,2
SJCFUT,05/14/2025 10:43:00,25.29,25.29,25.29,25.29,11382.03,1
SJCFUT,05/14/2025 11:18:00,25.37,25.37,25.37,25.37,57078.62,5
SJCFUT,05/14/2025 11:23:00,25.37,25.37,25.36,25.36,79905.25,7
SJCFUT,05/14/2025 11:25:00,25.35,25.35,25.35,25.35,125467.08,11
SJCFUT,05/14/2025 11:41:00,25.3,25.3,25.3,25.3,11386.85,1
SJCFUT,05/14/2025 11:48:00,25.3,25.3,25.3,25.3,56934.24,5
SJCFUT,05/14/2025 12:17:00,25.4,25.4,25.4,25.4,217173.08,19
SJCFUT,05/14/2025 12:18:00,25.41,25.44,25.41,25.44,80102.57,7
SJCFUT,05/14/2025 12:21:00,25.43,25.43,25.42,25.42,34328.99,3
SJCFUT,05/14/2025 12:24:00,25.43,25.43,25.43,25.43,11444.6,1
SJCFUT,05/14/2025 12:30:00,25.42,25.42,25.42,25.42,22879.57,2
SJCFUT,05/14/2025 12:58:00,25.36,25.36,25.36,25.36,11410.91,1
SJCFUT,05/14/2025 13:19:00,25.41,25.41,25.41,25.41,11434.97,1
SJCFUT,05/14/2025 14:07:00,25.4,25.4,25.4,25.4,11430.16,1
SJCFUT,05/15/2025 09:07:00,25.11,25.11,25.09,25.09,33881.41,3
SJCFUT,05/15/2025 09:13:00,25.1,25.1,25.09,25.09,225860.0,20
SJCFUT,05/15/2025 09:20:00,25.09,25.09,25.09,25.09,112905.94,10
SJCFUT,05/15/2025 09:38:00,25.09,25.09,25.09,25.09,112905.94,10
SJCFUT,05/15/2025 09:45:00,25.19,25.19,25.05,25.05,214781.16,19
SJCFUT,05/15/2025 09:49:00,25.05,25.05,25.05,25.05,11271.34,1
SJCFUT,05/15/2025 10:25:00,25.17,25.17,25.17,25.17,33972.85,3
SJCFUT,05/15/2025 10:32:00,25.03,25.03,25.03,25.03,641917.89,57
SJCFUT,05/15/2025 10:41:00,25.0,25.0,24.96,24.99,123633.44,11
SJCFUT,05/15/2025 10:44:00,24.96,24.96,24.96,24.96,33698.52,3
SJCFUT,05/15/2025 10:46:00,24.94,24.94,24.94,24.94,11223.22,1
SJCFUT,05/15/2025 10:47:00,24.94,24.94,24.94,24.94,22446.43,2
SJCFUT,05/15/2025 10:55:00,25.02,25.02,25.02,25.02,33770.71,3
SJCFUT,05/15/2025 11:05:00,24.92,24.92,24.91,24.91,112097.4,10
SJCFUT,05/15/2025 11:10:00,24.91,24.91,24.9,24.9,78437.38,7
SJCFUT,05/15/2025 11:56:00,24.8,24.8,24.8,24.8,145088.46,13
SJCFUT,05/15/2025 12:00:00,24.8,24.8,24.8,24.8,44642.6,4
SJCFUT,05/15/2025 12:03:00,24.79,24.79,24.77,24.77,78052.36,7
SJCFUT,05/15/2025 12:04:00,24.76,24.76,24.76,24.76,568211.39,51
SJCFUT,05/15/2025 12:06:00,24.77,24.77,24.77,24.77,33438.64,3
SJCFUT,05/15/2025 12:19:00,24.76,24.76,24.76,24.76,111414.0,10
SJCFUT,05/15/2025 12:20:00,24.77,24.77,24.76,24.76,133706.42,12
SJCFUT,05/15/2025 12:27:00,24.75,24.75,24.75,24.75,22273.17,2
SJCFUT,05/15/2025 12:35:00,24.71,24.71,24.71,24.71,11117.34,1
SJCFUT,05/15/2025 12:36:00,24.67,24.67,24.67,24.67,66617.39,6
SJCFUT,05/15/2025 12:38:00,24.68,24.68,24.68,24.68,122184.82,11
SJCFUT,05/15/2025 13:15:00,24.69,24.69,24.69,24.69,55562.62,5
SJCFUT,05/15/2025 14:40:00,24.73,24.73,24.73,24.73,11126.96,1
SJCFUT,05/15/2025 14:43:00,24.71,24.71,24.71,24.71,33352.01,3
SJCFUT,05/16/2025 09:19:00,24.73,24.75,24.73,24.75,33390.51,3
SJCFUT,05/16/2025 09:32:00,24.77,24.77,24.77,24.77,22292.43,2
SJCFUT,05/16/2025 09:44:00,24.76,24.76,24.76,24.76,11141.4,1
SJCFUT,05/16/2025 10:03:00,24.75,24.75,24.65,24.65,177891.82,16
SJCFUT,05/16/2025 10:05:00,24.67,24.67,24.67,24.67,11102.9,1
SJCFUT,05/16/2025 10:11:00,24.68,24.68,24.68,24.68,11107.71,1
SJCFUT,05/16/2025 10:30:00,24.75,24.76,24.74,24.76,100243.72,9
SJCFUT,05/16/2025 10:35:00,24.97,24.98,24.97,24.98,44960.24,4
SJCFUT,05/16/2025 11:40:00,24.83,24.83,24.83,24.83,11175.09,1
SJCFUT,05/16/2025 11:42:00,24.81,24.81,24.81,24.81,11165.46,1
SJCFUT,05/16/2025 11:43:00,24.79,24.79,24.79,24.79,11155.84,1
SJCFUT,05/16/2025 11:46:00,24.77,24.77,24.77,24.77,66877.28,6
SJCFUT,05/16/2025 11:50:00,24.71,24.72,24.71,24.72,289166.25,26
SJCFUT,05/16/2025 12:24:00,24.8,24.8,24.8,24.8,33481.95,3
SJCFUT,05/16/2025 13:04:00,24.77,24.77,24.77,24.77,11146.21,1
SJCFUT,05/16/2025 13:10:00,24.78,24.78,24.77,24.77,44594.48,4
SJCFUT,05/16/2025 13:12:00,24.8,24.8,24.79,24.79,44632.98,4
SJCFUT,05/16/2025 14:00:00,24.73,24.73,24.73,24.73,22253.92,2
SJCFUT,05/19/2025 10:56:00,24.71,24.71,24.71,24.71,111173.36,10
SJCFUT,05/19/2025 11:36:00,24.74,24.74,24.74,24.74,55658.87,5
SJCFUT,05/19/2025 11:47:00,24.76,24.76,24.76,24.76,11141.4,1
SJCFUT,05/19/2025 13:02:00,24.75,24.75,24.75,24.75,55682.94,5
SJCFUT,05/20/2025 09:20:00,24.81,24.81,24.81,24.81,11165.46,1
SJCFUT,05/20/2025 09:43:00,24.8,24.8,24.8,24.8,11160.65,1
SJCFUT,05/20/2025 10:30:00,24.78,24.78,24.77,24.77,189490.43,17
SJCFUT,05/20/2025 11:25:00,24.88,24.88,24.88,24.88,55971.7,5
SJCFUT,05/20/2025 11:26:00,24.88,24.88,24.88,24.88,22388.68,2
SJCFUT,05/20/2025 11:46:00,24.83,24.83,24.83,24.83,44700.36,4
SJCFUT,05/20/2025 11:54:00,24.83,24.83,24.83,24.83,111750.89,10
SJCFUT,05/20/2025 13:13:00,24.74,24.74,24.74,24.74,11131.77,1
SJCFUT,05/20/2025 13:44:00,24.77,24.77,24.77,24.77,66877.28,6
SJCFUT,05/21/2025 09:25:00,25.03,25.03,25.03,25.03,67570.3,6
SJCFUT,05/21/2025 10:12:00,24.95,24.95,24.95,24.95,11228.03,1
SJCFUT,05/21/2025 10:44:00,24.96,24.96,24.96,24.96,11232.84,1
SJCFUT,05/21/2025 12:53:00,25.14,25.15,25.14,25.15,101836.73,9
SJCFUT,05/22/2025 09:02:00,24.98,24.98,24.98,24.98,11242.47,1
SJCFUT,05/22/2025 09:04:00,24.99,24.99,24.99,24.99,11247.28,1
SJCFUT,05/22/2025 09:05:00,24.98,24.98,24.98,24.98,11242.47,1
SJCFUT,05/22/2025 10:31:00,25.09,25.09,25.09,25.09,11290.59,1
SJCFUT,05/22/2025 10:54:00,25.15,25.18,25.15,25.18,33968.03,3
SJCFUT,05/22/2025 11:00:00,25.19,25.19,25.15,25.15,33972.85,3
SJCFUT,05/22/2025 11:16:00,25.19,25.2,25.19,25.2,22672.63,2
SJCFUT,05/22/2025 11:41:00,25.15,25.15,25.15,25.15,45277.88,4
SJCFUT,05/22/2025 12:22:00,25.23,25.23,25.23,25.23,124884.75,11
SJCFUT,05/22/2025 12:25:00,25.22,25.22,25.22,25.22,11348.35,1
SJCFUT,05/22/2025 12:58:00,25.2,25.2,25.2,25.2,11338.72,1
SJCFUT,05/22/2025 13:35:00,25.13,25.13,25.11,25.11,135698.88,12
SJCFUT,05/22/2025 14:21:00,25.18,25.18,25.18,25.18,67974.57,6
SJCFUT,05/22/2025 14:33:00,25.18,25.18,25.18,25.18,11329.1,1
SJCFUT,05/23/2025 09:00:00,24.96,24.96,24.96,24.96,11232.84,1
SJCFUT,05/23/2025 09:05:00,24.97,24.97,24.97,24.97,337129.62,30
SJCFUT,05/23/2025 09:06:00,24.92,24.92,24.92,24.92,616747.47,55
SJCFUT,05/23/2025 09:12:00,24.99,24.99,24.99,24.99,112472.79,10
SJCFUT,05/23/2025 09:36:00,24.96,24.96,24.95,24.95,22460.87,2
SJCFUT,05/23/2025 10:30:00,25.03,25.03,25.03,25.03,11261.72,1
SJCFUT,05/23/2025 11:57:00,24.92,24.92,24.92,24.92,134563.08,12
SJCFUT,05/23/2025 12:55:00,24.95,24.95,24.95,24.95,11228.03,1
SJCFUT,05/27/2025 09:36:00,25.12,25.12,25.12,25.12,113050.32,10
SJCFUT,05/27/2025 09:37:00,25.13,25.14,25.13,25.14,429783.71,38
SJCFUT,05/27/2025 10:26:00,25.11,25.11,25.05,25.05,56443.34,5
SJCFUT,05/27/2025 10:30:00,25.13,25.15,25.13,25.15,33948.78,3
SJCFUT,05/27/2025 10:36:00,25.13,25.13,25.13,25.13,11309.84,1
SJCFUT,05/27/2025 10:45:00,25.15,25.15,25.15,25.15,11319.47,1
SJCFUT,05/27/2025 14:53:00,25.03,25.03,25.03,25.03,11261.72,1
SJCFUT,05/28/2025 09:01:00,24.94,24.95,24.94,24.95,22451.24,2
SJCFUT,05/28/2025 09:11:00,25.0,25.0,25.0,25.0,22504.18,2
SJCFUT,05/28/2025 09:12:00,25.0,25.0,25.0,25.0,11252.09,1
SJCFUT,05/28/2025 09:51:00,25.1,25.11,25.1,25.11,124254.28,11
SJCFUT,05/28/2025 10:30:00,24.95,24.95,24.94,24.94,44907.3,4
SJCFUT,05/28/2025 10:39:00,24.92,24.92,24.89,24.89,426063.5,38
SJCFUT,05/28/2025 10:43:00,24.91,24.91,24.91,24.91,11208.78,1
SJCFUT,05/28/2025 10:44:00,24.91,24.91,24.91,24.91,11208.78,1
SJCFUT,05/28/2025 11:18:00,24.88,24.88,24.88,24.88,11194.34,1
SJCFUT,05/28/2025 12:51:00,24.78,24.78,24.78,24.78,11151.03,1
SJCFUT,05/28/2025 12:53:00,24.77,24.77,24.77,24.77,22292.43,2
SJCFUT,05/28/2025 13:01:00,24.78,24.78,24.78,24.78,11151.03,1
SJCFUT,05/28/2025 13:33:00,24.76,24.76,24.76,24.76,11141.4,1
SJCFUT,05/28/2025 14:24:00,24.79,24.79,24.79,24.79,11155.84,1
SJCFUT,05/29/2025 09:09:00,24.69,24.69,24.69,24.69,33337.57,3
SJCFUT,05/29/2025 09:17:00,24.71,24.71,24.71,24.71,11117.34,1
SJCFUT,05/29/2025 09:26:00,24.63,24.63,24.63,24.63,11083.65,1
SJCFUT,05/29/2025 10:21:00,24.71,24.71,24.71,24.71,111173.36,10
SJCFUT,05/29/2025 10:35:00,24.6,24.6,24.6,24.6,44276.84,4
SJCFUT,05/29/2025 10:38:00,24.59,24.59,24.59,24.59,11064.4,1
SJCFUT,05/29/2025 10:39:00,24.59,24.59,24.59,24.59,11064.4,1
SJCFUT,05/29/2025 11:19:00,24.56,24.56,24.56,24.56,11049.96,1
SJCFUT,05/29/2025 12:34:00,24.64,24.64,24.64,24.64,11088.46,1
SJCFUT,05/29/2025 14:55:00,24.75,24.75,24.75,24.75,66819.52,6
SJCFUT,05/30/2025 09:28:00,24.65,24.65,24.65,24.65,33279.82,3
SJCFUT,05/30/2025 10:47:00,24.73,24.73,24.73,24.73,22253.92,2
SJCFUT,05/30/2025 11:47:00,24.67,24.67,24.67,24.67,22205.8,2
SJCFUT,05/30/2025 12:11:00,24.63,24.63,24.63,24.63,22167.3,2
SJCFUT,05/30/2025 12:32:00,24.6,24.6,24.6,24.6,22138.42,2
SJCFUT,05/30/2025 12:57:00,24.58,24.58,24.58,24.58,1105958.4,100
SJCFUT,05/30/2025 13:03:00,24.58,24.58,24.58,24.58,22119.17,2
SJCFUT,05/30/2025 13:13:00,24.56,24.56,24.56,24.56,33149.88,3
SJCFUT,05/30/2025 13:28:00,24.57,24.57,24.57,24.57,22109.54,2
SJCFUT,05/30/2025 14:38:00,24.59,24.59,24.59,24.59,44257.59,4
SJCFUT,05/30/2025 14:59:00,24.59,24.59,24.56,24.56,420187.19,38
SJCFUT,06/02/2025 09:23:00,24.47,24.47,24.47,24.47,22022.91,2
SJCFUT,06/02/2025 09:33:00,24.5,24.5,24.5,24.5,11025.9,1
SJCFUT,06/02/2025 10:16:00,24.5,24.5,24.5,24.5,11025.9,1
SJCFUT,06/02/2025 11:14:00,24.42,24.42,24.41,24.41,54927.34,5
SJCFUT,06/02/2025 11:18:00,24.41,24.41,24.41,24.41,21965.16,2
SJCFUT,06/02/2025 11:20:00,24.38,24.38,24.38,24.38,263350.93,24
SJCFUT,06/02/2025 11:23:00,24.34,24.34,24.34,24.34,54768.52,5
SJCFUT,06/02/2025 11:39:00,24.44,24.44,24.44,24.44,43988.08,4
SJCFUT,06/02/2025 11:42:00,24.45,24.45,24.45,24.45,22003.66,2
SJCFUT,06/02/2025 11:52:00,24.47,24.47,24.47,24.47,11011.46,1
SJCFUT,06/02/2025 12:54:00,24.44,24.44,24.44,24.44,10997.02,1
SJCFUT,06/02/2025 13:22:00,24.43,24.43,24.43,24.43,21984.41,2
SJCFUT,06/03/2025 10:15:00,24.49,24.49,24.49,24.49,330632.47,30
SJCFUT,06/03/2025 10:23:00,24.5,24.5,24.5,24.5,33077.69,3
SJCFUT,06/03/2025 10:24:00,24.5,24.5,24.5,24.5,77181.27,7
SJCFUT,06/03/2025 10:28:00,24.5,24.5,24.5,24.5,11025.9,1
SJCFUT,06/03/2025 10:30:00,24.5,24.51,24.5,24.51,341836.44,31
SJCFUT,06/03/2025 10:33:00,24.56,24.56,24.56,24.56,165749.38,15
SJCFUT,06/03/2025 11:07:00,24.48,24.48,24.48,24.48,44065.08,4
SJCFUT,06/03/2025 11:18:00,24.51,24.52,24.51,24.52,33096.94,3
SJCFUT,06/03/2025 12:02:00,24.57,24.57,24.57,24.57,11054.77,1
SJCFUT,06/03/2025 12:08:00,24.54,24.54,24.54,24.54,110451.46,10
SJCFUT,06/03/2025 12:30:00,24.48,24.48,24.48,24.48,88130.16,8
SJCFUT,06/03/2025 12:38:00,24.46,24.46,24.46,24.46,22013.29,2
SJCFUT,06/04/2025 09:41:00,24.67,24.67,24.67,24.67,111028.98,10
SJCFUT,06/04/2025 09:42:00,24.67,24.67,24.67,24.67,111028.98,10
SJCFUT,06/04/2025 09:44:00,24.68,24.68,24.68,24.68,22215.42,2
SJCFUT,06/04/2025 10:31:00,24.66,24.66,24.66,24.66,44392.34,4
SJCFUT,06/04/2025 10:32:00,24.71,24.71,24.71,24.71,200112.06,18
SJCFUT,06/04/2025 11:28:00,24.8,24.8,24.8,24.8,111606.51,10
SJCFUT,06/04/2025 11:42:00,24.76,24.76,24.76,24.76,22282.8,2
SJCFUT,06/04/2025 12:23:00,24.66,24.66,24.66,24.66,44392.34,4
SJCFUT,06/04/2025 13:42:00,24.75,24.75,24.75,24.75,11136.59,1
SJCFUT,06/05/2025 09:08:00,24.56,24.56,24.54,24.54,44190.21,4
SJCFUT,06/05/2025 09:12:00,24.54,24.54,24.54,24.54,55225.73,5
SJCFUT,06/05/2025 09:40:00,24.56,24.56,24.54,24.54,77344.9,7
SJCFUT,06/05/2025 10:25:00,24.54,24.54,24.54,24.54,11045.15,1
SJCFUT,06/05/2025 10:30:00,24.6,24.64,24.6,24.63,299234.42,27
SJCFUT,06/05/2025 10:35:00,24.65,24.65,24.65,24.65,22186.55,2
SJCFUT,06/05/2025 10:37:00,24.67,24.67,24.67,24.67,11102.9,1
SJCFUT,06/05/2025 11:26:00,24.65,24.65,24.65,24.65,11093.27,1
SJCFUT,06/05/2025 11:52:00,24.73,24.73,24.73,24.73,44507.85,4
SJCFUT,06/05/2025 13:02:00,24.77,24.78,24.77,24.78,22297.24,2
SJCFUT,06/05/2025 13:07:00,24.8,24.8,24.8,24.8,55803.25,5
SJCFUT,06/05/2025 13:17:00,24.85,24.85,24.85,24.85,11184.71,1
SJCFUT,06/05/2025 13:25:00,24.9,24.9,24.9,24.9,504178.42,45
SJCFUT,06/05/2025 13:57:00,24.79,24.79,24.79,24.79,11155.84,1
SJCFUT,06/05/2025 14:54:00,24.83,24.83,24.83,24.83,1117508.88,100
SJCFUT,06/06/2025 09:38:00,24.73,24.73,24.73,24.73,11126.96,1
SJCFUT,06/06/2025 10:42:00,24.79,24.79,24.79,24.79,22311.68,2
SJCFUT,06/06/2025 10:45:00,24.83,24.83,24.83,24.83,22350.18,2
SJCFUT,06/06/2025 11:38:00,24.85,24.85,24.85,24.85,11184.71,1
SJCFUT,06/06/2025 12:16:00,24.92,24.92,24.92,24.92,560679.52,50
SJCFUT,06/06/2025 12:24:00,24.91,24.91,24.91,24.91,11208.78,1
SJCFUT,06/06/2025 12:26:00,24.93,24.93,24.93,24.93,22436.81,2
SJCFUT,06/06/2025 12:40:00,24.92,24.92,24.92,24.92,22427.18,2
SJCFUT,06/06/2025 12:41:00,24.92,24.92,24.92,24.92,22427.18,2
SJCFUT,06/06/2025 12:46:00,24.95,24.95,24.95,24.95,22456.06,2
SJCFUT,06/06/2025 12:48:00,24.96,24.96,24.96,24.96,11232.84,1
SJCFUT,06/06/2025 12:58:00,24.93,24.93,24.93,24.93,33655.21,3
SJCFUT,06/06/2025 14:35:00,24.95,24.95,24.95,24.95,11228.03,1
SJCFUT,06/09/2025 09:23:00,24.96,24.96,24.96,24.96,22465.68,2
SJCFUT,06/09/2025 10:30:00,24.92,24.92,24.92,24.92,11213.59,1
SJCFUT,06/09/2025 10:40:00,24.94,24.94,24.94,24.94,44892.86,4
SJCFUT,06/09/2025 11:06:00,24.98,24.98,24.98,24.98,11242.47,1
SJCFUT,06/09/2025 11:11:00,24.97,24.97,24.97,24.97,22475.31,2
SJCFUT,06/09/2025 11:14:00,24.96,24.96,24.96,24.96,22465.68,2
SJCFUT,06/09/2025 11:49:00,24.9,24.9,24.9,24.9,89631.72,8
SJCFUT,06/09/2025 14:40:00,24.94,24.94,24.94,24.94,11223.22,1
SJCFUT,06/09/2025 14:43:00,24.95,24.95,24.95,24.95,11228.03,1
SJCFUT,06/10/2025 10:30:00,24.97,24.97,24.97,24.97,11237.65,1
SJCFUT,06/10/2025 10:40:00,24.97,24.97,24.97,24.97,1247379.58,111
SJCFUT,06/10/2025 10:43:00,24.97,24.97,24.97,24.97,1056339.47,94
SJCFUT,06/10/2025 11:12:00,25.03,25.03,25.03,25.03,11261.72,1
SJCFUT,06/10/2025 11:18:00,25.02,25.02,25.02,25.02,11256.9,1
SJCFUT,06/10/2025 12:12:00,24.99,24.99,24.99,24.99,56236.4,5
SJCFUT,06/10/2025 12:20:00,24.99,24.99,24.99,24.99,22494.56,2
SJCFUT,06/10/2025 14:13:00,24.92,24.92,24.92,24.92,44854.36,4
SJCFUT,06/11/2025 09:23:00,25.03,25.03,25.03,25.03,45046.87,4
SJCFUT,06/11/2025 11:23:00,24.89,24.89,24.89,24.89,11199.15,1
SJCFUT,06/11/2025 13:28:00,24.87,24.87,24.87,24.87,11189.53,1
SJCFUT,06/11/2025 13:56:00,24.87,24.87,24.87,24.87,67137.16,6
SJCFUT,06/12/2025 09:16:00,24.77,24.77,24.77,24.77,44584.85,4
SJCFUT,06/12/2025 13:18:00,24.68,24.68,24.68,24.68,111077.11,10
SJCFUT,06/12/2025 13:19:00,24.64,24.64,24.63,24.63,133056.71,12
SJCFUT,06/12/2025 13:20:00,24.62,24.62,24.6,24.6,398539.67,36
SJCFUT,06/12/2025 13:23:00,24.57,24.57,24.57,24.57,44219.09,4
SJCFUT,06/12/2025 14:59:00,24.6,24.6,24.6,24.6,44276.84,4
SJCFUT,06/13/2025 09:14:00,24.65,24.65,24.65,24.65,44373.09,4
SJCFUT,06/13/2025 10:31:00,25.09,25.09,25.09,25.09,67743.56,6
SJCFUT,06/13/2025 10:40:00,25.05,25.07,25.04,25.06,2931785.99,260
SJCFUT,06/13/2025 10:42:00,25.03,25.06,25.03,25.04,518481.77,46
SJCFUT,06/13/2025 10:45:00,25.09,25.1,25.09,25.1,45176.81,4
SJCFUT,06/13/2025 10:46:00,25.13,25.13,25.13,25.13,350605.18,31
SJCFUT,06/13/2025 10:49:00,25.11,25.11,25.11,25.11,22600.44,2
SJCFUT,06/13/2025 10:50:00,25.11,25.13,25.11,25.13,520151.78,46
SJCFUT,06/13/2025 10:51:00,25.15,25.15,25.13,25.13,215012.17,19
SJCFUT,06/13/2025 10:52:00,25.14,25.14,25.14,25.14,226293.14,20
SJCFUT,06/13/2025 10:56:00,25.21,25.21,25.21,25.21,68061.2,6
SJCFUT,06/13/2025 10:58:00,25.15,25.15,25.15,25.15,22638.94,2
SJCFUT,06/13/2025 11:01:00,25.18,25.18,25.18,25.18,11329.1,1
SJCFUT,06/13/2025 11:02:00,25.14,25.14,25.14,25.14,33943.97,3
SJCFUT,06/13/2025 11:05:00,25.13,25.13,25.13,25.13,56549.22,5
SJCFUT,06/13/2025 11:06:00,25.13,25.15,25.13,25.15,192353.98,17
SJCFUT,06/13/2025 11:10:00,25.17,25.17,25.17,25.17,56621.41,5
SJCFUT,06/13/2025 11:14:00,25.18,25.18,25.18,25.18,11329.1,1
SJCFUT,06/13/2025 11:21:00,25.18,25.18,25.15,25.15,33977.66,3
SJCFUT,06/13/2025 11:22:00,25.17,25.18,25.17,25.18,56626.23,5
SJCFUT,06/13/2025 11:23:00,25.19,25.19,25.19,25.19,283347.7,25
SJCFUT,06/13/2025 11:24:00,25.19,25.2,25.19,25.2,124706.68,11
SJCFUT,06/13/2025 11:27:00,25.13,25.13,25.13,25.13,33929.53,3
SJCFUT,06/13/2025 11:31:00,25.08,25.08,25.08,25.08,112857.81,10
SJCFUT,06/13/2025 11:39:00,25.08,25.08,25.08,25.08,11285.78,1
SJCFUT,06/13/2025 11:40:00,25.07,25.07,25.07,25.07,112809.68,10
SJCFUT,06/13/2025 11:44:00,25.12,25.13,25.12,25.13,33919.91,3
SJCFUT,06/13/2025 11:46:00,25.13,25.13,25.13,25.13,622041.44,55
SJCFUT,06/13/2025 11:54:00,25.09,25.09,25.09,25.09,22581.19,2
SJCFUT,06/13/2025 11:55:00,25.09,25.09,25.09,25.09,22581.19,2
SJCFUT,06/13/2025 11:58:00,25.09,25.09,25.09,25.09,45162.37,4
SJCFUT,06/13/2025 12:05:00,25.09,25.09,25.09,25.09,11290.59,1
SJCFUT,06/13/2025 12:10:00,25.09,25.09,25.09,25.09,11290.59,1
SJCFUT,06/13/2025 12:17:00,25.11,25.11,25.11,25.11,124302.41,11
SJCFUT,06/13/2025 12:31:00,25.08,25.08,25.08,25.08,338573.43,30
SJCFUT,06/13/2025 12:34:00,25.1,25.1,25.1,25.1,112954.06,10
SJCFUT,06/13/2025 12:58:00,25.17,25.17,25.17,25.17,11324.28,1
SJCFUT,06/13/2025 13:03:00,25.19,25.19,25.19,25.19,45335.63,4
SJCFUT,06/13/2025 13:17:00,25.14,25.14,25.14,25.14,192349.17,17
SJCFUT,06/13/2025 13:40:00,25.17,25.17,25.17,25.17,11324.28,1
SJCFUT,06/13/2025 13:50:00,25.19,25.19,25.19,25.19,249345.97,22
SJCFUT,06/13/2025 13:55:00,25.18,25.18,25.18,25.18,22658.19,2
SJCFUT,06/13/2025 14:53:00,25.13,25.13,25.13,25.13,45239.38,4
SJCFUT,06/13/2025 14:58:00,25.13,25.13,25.13,25.13,90478.76,8
SJCFUT,06/16/2025 09:09:00,25.31,25.31,25.31,25.31,273399.85,24
SJCFUT,06/16/2025 09:12:00,25.33,25.33,25.33,25.33,56982.36,5
SJCFUT,06/16/2025 09:24:00,25.34,25.34,25.34,25.34,45605.14,4
SJCFUT,06/16/2025 09:55:00,25.33,25.33,25.33,25.33,11396.47,1
SJCFUT,06/16/2025 10:07:00,25.26,25.26,25.25,25.25,34097.98,3
SJCFUT,06/16/2025 10:31:00,25.38,25.38,25.33,25.33,410600.29,36
SJCFUT,06/16/2025 10:39:00,25.39,25.39,25.38,25.38,171356.17,15
SJCFUT,06/16/2025 10:45:00,25.41,25.41,25.39,25.39,319948.28,28
SJCFUT,06/16/2025 10:59:00,25.25,25.25,25.25,25.25,45451.14,4
SJCFUT,06/16/2025 11:13:00,25.25,25.25,25.25,25.25,45451.14,4
SJCFUT,06/16/2025 11:30:00,25.13,25.13,25.13,25.13,45239.38,4
SJCFUT,06/16/2025 11:56:00,25.19,25.19,25.19,25.19,45335.63,4
SJCFUT,06/16/2025 12:22:00,25.13,25.13,25.13,25.13,260126.42,23
SJCFUT,06/16/2025 12:54:00,25.15,25.15,25.15,25.15,113194.7,10
SJCFUT,06/16/2025 13:24:00,25.2,25.2,25.2,25.2,11338.72,1
SJCFUT,06/16/2025 13:47:00,25.22,25.22,25.22,25.22,11348.35,1
SJCFUT,06/17/2025 09:28:00,25.24,25.24,25.24,25.24,11357.97,1
SJCFUT,06/17/2025 10:53:00,25.19,25.19,25.19,25.19,22667.82,2
SJCFUT,06/17/2025 11:03:00,25.19,25.19,25.19,25.19,11333.91,1
SJCFUT,06/17/2025 11:29:00,25.25,25.25,25.25,25.25,22725.57,2
SJCFUT,06/17/2025 11:41:00,25.26,25.26,25.26,25.26,22735.19,2
SJCFUT,06/17/2025 12:46:00,25.26,25.26,25.26,25.26,68205.58,6
SJCFUT,06/17/2025 13:13:00,25.26,25.26,25.26,25.26,22735.19,2
SJCFUT,06/17/2025 13:29:00,25.26,25.26,25.26,25.26,45470.39,4
SJCFUT,06/17/2025 14:56:00,25.28,25.28,25.28,25.28,113772.22,10
SJCFUT,06/18/2025 09:06:00,25.34,25.34,25.34,25.34,22802.57,2
SJCFUT,06/18/2025 09:15:00,25.34,25.34,25.34,25.34,34203.86,3
SJCFUT,06/18/2025 09:20:00,25.36,25.36,25.36,25.36,136930.93,12
SJCFUT,06/18/2025 11:09:00,25.36,25.36,25.36,25.36,22821.82,2
SJCFUT,06/18/2025 11:34:00,25.29,25.29,25.29,25.29,22764.07,2
SJCFUT,06/18/2025 12:49:00,25.36,25.36,25.36,25.36,22821.82,2
SJCFUT,06/18/2025 13:18:00,25.43,25.43,25.43,25.43,45778.4,4
SJCFUT,06/18/2025 14:41:00,25.31,25.31,25.31,25.31,113916.6,10
SJCFUT,06/20/2025 09:11:00,25.45,25.45,25.45,25.45,274901.41,24
SJCFUT,06/20/2025 09:48:00,25.26,25.26,25.26,25.26,34102.79,3
SJCFUT,06/20/2025 10:32:00,25.36,25.36,25.34,25.34,91248.79,8
SJCFUT,06/20/2025 10:43:00,25.34,25.34,25.34,25.34,22802.57,2
SJCFUT,06/20/2025 13:12:00,25.24,25.24,25.24,25.24,11357.97,1
SJCFUT,06/20/2025 14:23:00,25.21,25.21,25.21,25.21,340306.0,30
SJCFUT,06/23/2025 09:05:00,25.1,25.1,25.1,25.1,22590.81,2
SJCFUT,06/23/2025 09:06:00,25.08,25.08,25.08,25.08,158000.93,14
SJCFUT,06/23/2025 09:11:00,25.09,25.09,25.09,25.09,903247.49,80
SJCFUT,06/23/2025 09:22:00,25.08,25.08,25.08,25.08,22571.56,2
SJCFUT,06/23/2025 09:46:00,25.34,25.34,25.34,25.34,11401.29,1
SJCFUT,06/23/2025 10:25:00,25.14,25.14,25.14,25.14,11314.66,1
SJCFUT,06/23/2025 10:30:00,25.09,25.09,25.08,25.08,56433.72,5
SJCFUT,06/23/2025 10:32:00,25.08,25.08,25.08,25.08,56428.9,5
SJCFUT,06/23/2025 10:33:00,25.08,25.08,25.07,25.07,124095.46,11
SJCFUT,06/23/2025 10:35:00,25.06,25.06,25.06,25.06,56380.78,5
SJCFUT,06/23/2025 10:39:00,25.07,25.07,25.07,25.07,11280.97,1
SJCFUT,06/23/2025 10:46:00,25.08,25.08,25.08,25.08,45143.12,4
SJCFUT,06/23/2025 11:22:00,25.08,25.08,25.08,25.08,22571.56,2
SJCFUT,06/23/2025 11:26:00,25.07,25.07,25.07,25.07,11280.97,1
SJCFUT,06/23/2025 11:31:00,25.08,25.08,25.08,25.08,22571.56,2
SJCFUT,06/23/2025 11:49:00,25.04,25.04,25.04,25.04,11266.53,1
SJCFUT,06/23/2025 12:00:00,25.03,25.03,25.0,25.0,202677.22,18
SJCFUT,06/23/2025 12:01:00,24.97,24.97,24.97,24.97,382080.23,34
SJCFUT,06/23/2025 12:32:00,24.93,24.93,24.93,24.93,22436.81,2
SJCFUT,06/23/2025 12:35:00,24.94,24.94,24.94,24.94,33669.65,3
SJCFUT,06/23/2025 13:00:00,24.94,24.95,24.94,24.95,123503.5,11
SJCFUT,06/23/2025 13:43:00,24.92,24.92,24.92,24.92,2780970.42,248
SJCFUT,06/24/2025 09:04:00,24.88,24.88,24.88,24.88,11194.34,1
SJCFUT,06/24/2025 09:05:00,24.88,24.88,24.88,24.88,111943.4,10
SJCFUT,06/24/2025 09:36:00,24.87,24.87,24.87,24.87,11189.53,1
SJCFUT,06/24/2025 10:30:00,24.89,24.89,24.87,24.87,358132.24,32
SJCFUT,06/24/2025 11:11:00,24.83,24.83,24.82,24.82,145223.21,13
SJCFUT,06/24/2025 11:46:00,24.87,24.87,24.87,24.87,167842.9,15
SJCFUT,06/24/2025 12:17:00,24.81,24.81,24.81,24.81,245640.19,22
SJCFUT,06/24/2025 12:54:00,24.81,24.81,24.81,24.81,44661.85,4
SJCFUT,06/24/2025 13:28:00,24.79,24.79,24.79,24.79,11155.84,1
SJCFUT,06/24/2025 14:20:00,24.76,24.76,24.76,24.76,11141.4,1
SJCFUT,06/24/2025 14:25:00,24.76,24.76,24.76,24.76,11141.4,1
SJCFUT,06/25/2025 09:00:00,24.63,24.63,24.6,24.6,22152.86,2
SJCFUT,06/25/2025 09:03:00,24.59,24.59,24.59,24.59,11064.4,1
SJCFUT,06/25/2025 09:12:00,24.56,24.56,24.56,24.56,11049.96,1
SJCFUT,06/25/2025 09:20:00,24.54,24.54,24.54,24.54,88361.17,8
SJCFUT,06/25/2025 09:50:00,24.63,24.63,24.63,24.63,11083.65,1
SJCFUT,06/25/2025 10:31:00,24.57,24.57,24.57,24.57,11054.77,1
SJCFUT,06/25/2025 10:33:00,24.51,24.51,24.51,24.51,22061.42,2
SJCFUT,06/25/2025 10:38:00,24.51,24.51,24.5,24.5,132320.37,12
SJCFUT,06/25/2025 10:39:00,24.49,24.49,24.49,24.49,341653.55,31
SJCFUT,06/25/2025 10:45:00,24.47,24.47,24.47,24.47,110114.57,10
SJCFUT,06/25/2025 10:47:00,24.46,24.46,24.46,24.46,22013.29,2
SJCFUT,06/25/2025 10:51:00,24.43,24.43,24.43,24.43,98929.86,9
SJCFUT,06/25/2025 10:52:00,24.42,24.42,24.41,24.41,21969.97,2
SJCFUT,06/25/2025 11:00:00,24.47,24.47,24.47,24.47,11011.46,1
SJCFUT,06/25/2025 11:05:00,24.49,24.5,24.49,24.5,275531.87,25
SJCFUT,06/25/2025 11:10:00,24.53,24.53,24.53,24.53,11040.33,1
SJCFUT,06/25/2025 11:12:00,24.47,24.47,24.47,24.47,44045.83,4
SJCFUT,06/25/2025 12:31:00,24.43,24.43,24.43,24.43,87937.65,8
SJCFUT,06/25/2025 12:32:00,24.43,24.43,24.43,24.43,87937.65,8
SJCFUT,06/25/2025 12:39:00,24.38,24.38,24.38,24.38,21945.91,2
SJCFUT,06/25/2025 12:44:00,24.38,24.38,24.38,24.38,263350.93,24
SJCFUT,06/25/2025 13:21:00,24.38,24.38,24.38,24.38,21945.91,2
SJCFUT,06/25/2025 13:38:00,24.35,24.35,24.35,24.35,208211.83,19
SJCFUT,06/25/2025 13:39:00,24.36,24.36,24.36,24.36,65779.98,6
SJCFUT,06/25/2025 14:08:00,24.28,24.28,24.26,24.28,87379.38,8
SJCFUT,06/25/2025 14:39:00,24.3,24.3,24.3,24.3,437378.15,40
SJCFUT,06/26/2025 09:30:00,24.2,24.2,24.2,24.2,10891.14,1
SJCFUT,06/26/2025 10:30:00,24.28,24.28,24.23,24.23,65471.97,6
SJCFUT,06/26/2025 11:17:00,24.11,24.11,24.11,24.11,10847.83,1
SJCFUT,06/26/2025 13:09:00,24.16,24.16,24.16,24.16,97847.0,9
SJCFUT,06/27/2025 09:47:00,24.31,24.31,24.3,24.3,21874.81,2
SJCFUT,06/27/2025 10:30:00,24.27,24.28,24.27,24.28,65527.22,6
SJCFUT,06/27/2025 10:35:00,24.33,24.33,24.33,24.33,54747.77,5
SJCFUT,06/27/2025 10:43:00,24.35,24.35,24.35,24.35,10959.27,1
SJCFUT,06/27/2025 10:46:00,24.35,24.35,24.35,24.35,10959.27,1
SJCFUT,06/27/2025 11:04:00,24.32,24.32,24.32,24.32,21889.39,2
SJCFUT,06/27/2025 11:15:00,24.32,24.32,24.32,24.32,10944.69,1
SJCFUT,06/27/2025 11:29:00,24.3,24.3,24.3,24.3,10934.97,1
SJCFUT,06/27/2025 11:30:00,24.28,24.28,24.28,24.28,10925.25,1
SJCFUT,06/27/2025 12:04:00,24.39,24.39,24.39,24.39,10973.85,1
SJCFUT,06/27/2025 12:05:00,24.39,24.39,24.39,24.39,10973.85,1
SJCFUT,06/27/2025 12:06:00,24.39,24.39,24.39,24.39,10973.85,1
SJCFUT,06/27/2025 12:12:00,24.4,24.4,24.4,24.4,10978.71,1
SJCFUT,06/27/2025 12:13:00,24.43,24.43,24.43,24.43,21986.59,2
SJCFUT,06/27/2025 13:05:00,24.45,24.45,24.45,24.45,11003.01,1
SJCFUT,06/27/2025 13:31:00,24.48,24.48,24.48,24.48,55087.97,5
SJCFUT,06/30/2025 09:00:00,24.59,24.59,24.59,24.59,11066.19,1
SJCFUT,06/30/2025 09:12:00,24.47,24.47,24.47,24.47,11012.73,1
SJCFUT,06/30/2025 09:13:00,24.45,24.47,24.45,24.47,22015.75,2
SJCFUT,06/30/2025 09:14:00,24.49,24.49,24.49,24.49,11022.45,1
SJCFUT,06/30/2025 09:31:00,24.51,24.51,24.51,24.51,11027.31,1
SJCFUT,06/30/2025 10:30:00,24.54,24.54,24.54,24.54,22083.79,2
SJCFUT,06/30/2025 10:47:00,24.62,24.62,24.62,24.62,22161.55,2
SJCFUT,06/30/2025 11:06:00,24.58,24.58,24.58,24.58,11061.33,1
SJCFUT,06/30/2025 11:22:00,24.68,24.68,24.68,24.68,11105.07,1
SJCFUT,06/30/2025 13:00:00,24.71,24.71,24.56,24.56,155300.93,14
SJCFUT,06/30/2025 13:01:00,24.46,24.46,24.46,24.46,11007.87,1
SJCFUT,06/30/2025 13:02:00,24.45,24.45,24.44,24.44,22001.17,2
SJCFUT,06/30/2025 13:04:00,24.31,24.31,24.3,24.3,21874.81,2
SJCFUT,06/30/2025 13:06:00,24.27,24.3,24.27,24.3,65595.26,6
SJCFUT,06/30/2025 13:08:00,24.45,24.45,24.4,24.4,120790.15,11
SJCFUT,06/30/2025 13:17:00,24.46,24.46,24.46,24.46,11007.87,1
SJCFUT,06/30/2025 14:07:00,24.49,24.49,24.49,24.49,22044.91,2
SJCFUT,07/01/2025 09:22:00,24.25,24.25,24.19,24.19,32698.0,3
SJCFUT,07/01/2025 09:30:00,24.24,24.24,24.24,24.24,10905.81,1
SJCFUT,07/01/2025 10:31:00,24.17,24.17,24.17,24.17,10876.65,1
SJCFUT,07/01/2025 10:42:00,24.22,24.22,24.22,24.22,10900.95,1
SJCFUT,07/01/2025 11:07:00,24.34,24.34,24.34,24.34,10954.41,1
SJCFUT,07/01/2025 11:24:00,24.35,24.35,24.35,24.35,21918.55,2
SJCFUT,07/01/2025 12:04:00,24.45,24.45,24.45,24.45,11003.01,1
SJCFUT,07/01/2025 13:20:00,24.45,24.45,24.45,24.45,11003.01,1
SJCFUT,07/01/2025 13:21:00,24.46,24.46,24.46,24.46,22015.75,2
SJCFUT,07/01/2025 13:22:00,24.46,24.46,24.46,24.46,11007.87,1
SJCFUT,07/01/2025 13:33:00,24.44,24.44,24.44,24.44,329944.62,30
SJCFUT,07/01/2025 14:42:00,24.52,24.52,24.52,24.52,11032.17,1
SJCFUT,07/02/2025 09:25:00,24.61,24.61,24.61,24.61,11075.91,1
SJCFUT,07/02/2025 09:32:00,24.62,24.62,24.61,24.61,22156.69,2
SJCFUT,07/02/2025 10:54:00,24.57,24.57,24.55,24.55,22103.23,2
SJCFUT,07/02/2025 11:10:00,24.67,24.67,24.67,24.67,22200.43,2
SJCFUT,07/02/2025 11:12:00,24.68,24.68,24.68,24.68,22210.15,2
SJCFUT,07/02/2025 11:15:00,24.68,24.68,24.68,24.68,33315.22,3
SJCFUT,07/02/2025 11:20:00,24.69,24.69,24.69,24.69,11109.93,1
SJCFUT,07/02/2025 11:51:00,24.62,24.62,24.62,24.62,11080.77,1
SJCFUT,07/02/2025 13:13:00,24.73,24.73,24.73,24.73,166940.6,15
SJCFUT,07/02/2025 13:20:00,24.76,24.79,24.76,24.79,22297.63,2
SJCFUT,07/02/2025 13:21:00,24.8,24.8,24.8,24.8,22317.07,2
SJCFUT,07/02/2025 13:23:00,24.83,24.84,24.83,24.84,33529.06,3
SJCFUT,07/02/2025 13:25:00,24.84,24.84,24.84,24.84,111779.73,10
SJCFUT,07/02/2025 13:37:00,24.86,24.86,24.86,24.86,11187.69,1
SJCFUT,07/02/2025 13:59:00,24.86,24.86,24.86,24.86,167815.4,15
SJCFUT,07/02/2025 14:23:00,24.94,24.94,24.94,24.94,56108.57,5
SJCFUT,07/02/2025 14:41:00,24.96,24.96,24.96,24.96,33694.3,3
SJCFUT,07/02/2025 14:45:00,24.95,24.95,24.95,24.95,33679.72,3
SJCFUT,07/03/2025 09:01:00,25.05,25.05,25.05,25.05,11270.31,1
SJCFUT,07/03/2025 09:04:00,25.06,25.06,25.06,25.06,11275.17,1
SJCFUT,07/03/2025 09:11:00,25.11,25.11,25.11,25.11,11299.47,1
SJCFUT,07/03/2025 09:22:00,25.14,25.16,25.14,25.16,124551.78,11
SJCFUT,07/03/2025 11:44:00,25.16,25.16,25.16,25.16,11323.77,1
SJCFUT,07/03/2025 12:09:00,25.11,25.11,25.11,25.11,237288.94,21
SJCFUT,07/03/2025 14:51:00,25.0,25.0,25.0,25.0,11250.87,1
SJCFUT,07/07/2025 09:02:00,24.53,24.53,24.53,24.53,342148.05,31
SJCFUT,07/07/2025 09:03:00,24.53,24.53,24.53,24.53,11037.03,1
SJCFUT,07/07/2025 09:09:00,24.49,24.49,24.49,24.49,11022.45,1
SJCFUT,07/07/2025 09:10:00,24.52,24.52,24.52,24.52,11032.17,1
SJCFUT,07/07/2025 09:11:00,24.52,24.52,24.52,24.52,11032.17,1
SJCFUT,07/07/2025 09:14:00,24.49,24.49,24.49,24.49,11022.45,1
SJCFUT,07/07/2025 09:20:00,24.52,24.52,24.52,24.52,11032.17,1
SJCFUT,07/07/2025 09:23:00,24.52,24.52,24.52,24.52,11032.17,1
SJCFUT,07/07/2025 09:31:00,24.52,24.52,24.52,24.52,11032.17,1
SJCFUT,07/07/2025 09:34:00,24.52,24.52,24.52,24.52,11032.17,1
SJCFUT,07/07/2025 10:34:00,24.54,24.54,24.53,24.53,22078.93,2
SJCFUT,07/07/2025 10:45:00,24.48,24.48,24.46,24.46,275245.45,25
SJCFUT,07/07/2025 10:55:00,24.41,24.41,24.41,24.41,98852.16,9
SJCFUT,07/07/2025 10:57:00,24.4,24.4,24.4,24.4,54893.57,5
SJCFUT,07/07/2025 11:00:00,24.39,24.39,24.39,24.39,32921.56,3
SJCFUT,07/07/2025 11:03:00,24.38,24.38,24.38,24.38,10968.99,1
SJCFUT,07/07/2025 11:04:00,24.41,24.41,24.41,24.41,54917.87,5
SJCFUT,07/07/2025 11:10:00,24.41,24.41,24.41,24.41,175737.18,16
SJCFUT,07/07/2025 11:20:00,24.41,24.41,24.41,24.41,2745893.47,250
SJCFUT,07/07/2025 11:31:00,24.36,24.36,24.36,24.36,10964.13,1
SJCFUT,07/07/2025 11:33:00,24.32,24.32,24.32,24.32,10944.69,1
SJCFUT,07/07/2025 13:16:00,24.33,24.33,24.33,24.33,21899.11,2
SJCFUT,07/07/2025 13:21:00,24.29,24.29,24.29,24.29,327903.42,30
SJCFUT,07/07/2025 13:23:00,24.29,24.31,24.29,24.31,65629.28,6
SJCFUT,07/07/2025 13:24:00,24.31,24.31,24.31,24.31,32819.5,3
SJCFUT,07/07/2025 13:35:00,24.3,24.3,24.3,24.3,10934.97,1
SJCFUT,07/07/2025 14:18:00,24.26,24.26,24.26,24.26,10915.53,1
SJCFUT,07/07/2025 14:49:00,24.26,24.26,24.26,24.26,10915.53,1
SJCFUT,07/07/2025 14:54:00,24.27,24.27,24.27,24.27,43681.58,4
SJCFUT,07/08/2025 09:15:00,24.19,24.19,24.19,24.19,217727.48,20
SJCFUT,07/08/2025 10:23:00,24.25,24.25,24.25,24.25,10910.67,1
SJCFUT,07/08/2025 10:32:00,24.25,24.25,24.25,24.25,21821.35,2
SJCFUT,07/08/2025 10:37:00,24.24,24.24,24.24,24.24,10905.81,1
SJCFUT,07/08/2025 12:09:00,24.33,24.33,24.32,24.32,54738.05,5
SJCFUT,07/08/2025 12:10:00,24.33,24.33,24.31,24.31,87542.97,8
SJCFUT,07/08/2025 12:12:00,24.32,24.32,24.32,24.32,10944.69,1
SJCFUT,07/08/2025 12:38:00,24.3,24.31,24.3,24.31,929861.59,85
SJCFUT,07/08/2025 12:39:00,24.31,24.31,24.31,24.31,218796.68,20
SJCFUT,07/08/2025 13:23:00,24.27,24.27,24.27,24.27,21840.79,2
SJCFUT,07/08/2025 13:31:00,24.24,24.24,24.24,24.24,10905.81,1
SJCFUT,07/08/2025 14:00:00,24.25,24.25,24.25,24.25,10910.67,1
SJCFUT,07/08/2025 14:49:00,24.26,24.26,24.26,24.26,10915.53,1
SJCFUT,07/08/2025 14:55:00,24.25,24.25,24.25,24.25,109106.74,10
SJCFUT,07/08/2025 14:56:00,24.25,24.25,24.25,24.25,54553.37,5
SJCFUT,07/09/2025 09:50:00,24.12,24.12,24.09,24.09,32542.48,3
SJCFUT,07/09/2025 10:30:00,24.08,24.08,24.08,24.08,227593.26,21
SJCFUT,07/09/2025 10:39:00,24.08,24.08,24.08,24.08,216755.48,20
SJCFUT,07/09/2025 10:43:00,24.07,24.07,24.07,24.07,108329.14,10
SJCFUT,07/09/2025 12:16:00,24.02,24.02,24.02,24.02,10808.61,1
SJCFUT,07/09/2025 13:00:00,24.08,24.08,24.08,24.08,10837.77,1
SJCFUT,07/09/2025 13:04:00,24.08,24.08,24.08,24.08,108377.74,10
SJCFUT,07/10/2025 10:01:00,24.14,24.14,24.14,24.14,10862.07,1
SJCFUT,07/10/2025 10:52:00,23.9,23.92,23.9,23.92,21520.03,2
SJCFUT,07/10/2025 12:15:00,24.0,24.0,24.0,24.0,53994.47,5
SJCFUT,07/10/2025 14:30:00,24.08,24.08,24.08,24.08,216755.48,20
SJCFUT,07/11/2025 09:04:00,24.08,24.08,24.08,24.08,10837.77,1
SJCFUT,07/11/2025 09:16:00,24.06,24.06,24.06,24.06,21656.11,2
SJCFUT,07/11/2025 09:18:00,24.04,24.04,24.04,24.04,21636.67,2
SJCFUT,07/11/2025 09:37:00,24.11,24.11,24.11,24.11,32542.48,3
SJCFUT,07/11/2025 11:27:00,24.13,24.13,24.13,24.13,10857.21,1
SJCFUT,07/11/2025 12:38:00,24.14,24.14,24.14,24.14,10862.07,1
SJCFUT,07/11/2025 13:01:00,24.0,24.0,23.97,23.97,356042.75,33
SJCFUT,07/11/2025 13:05:00,23.94,23.94,23.94,23.94,10774.59,1
SJCFUT,07/11/2025 13:09:00,23.98,23.98,23.98,23.98,21578.35,2
SJCFUT,07/11/2025 14:00:00,24.05,24.05,24.05,24.05,10823.19,1
SJCFUT,07/14/2025 09:18:00,24.15,24.15,24.15,24.15,10866.93,1
SJCFUT,07/14/2025 09:41:00,24.08,24.08,24.08,24.08,21675.55,2
SJCFUT,07/14/2025 09:49:00,24.08,24.08,24.08,24.08,10837.77,1
SJCFUT,07/14/2025 10:29:00,24.07,24.07,24.07,24.07,10832.91,1
SJCFUT,07/14/2025 10:38:00,24.08,24.08,24.08,24.08,10837.77,1
SJCFUT,07/14/2025 11:17:00,23.94,23.94,23.94,23.94,215491.89,20
SJCFUT,07/14/2025 11:19:00,23.99,23.99,23.99,23.99,10794.03,1
SJCFUT,07/14/2025 11:47:00,23.98,23.98,23.98,23.98,107891.74,10
SJCFUT,07/14/2025 12:17:00,23.98,23.98,23.98,23.98,215783.49,20
SJCFUT,07/14/2025 13:10:00,23.95,23.95,23.95,23.95,215589.09,20
SJCFUT,07/14/2025 13:30:00,23.95,23.95,23.95,23.95,172471.27,16
SJCFUT,07/14/2025 13:32:00,23.95,23.95,23.95,23.95,43117.82,4
SJCFUT,07/15/2025 09:25:00,23.94,23.94,23.92,23.92,32304.34,3
SJCFUT,07/16/2025 09:10:00,24.07,24.07,24.07,24.07,10832.91,1
SJCFUT,07/16/2025 09:14:00,24.08,24.08,24.08,24.08,10837.77,1
SJCFUT,07/16/2025 10:36:00,24.16,24.16,24.16,24.16,10871.79,1
SJCFUT,07/16/2025 10:53:00,24.13,24.13,24.09,24.09,86799.39,8
SJCFUT,07/16/2025 11:03:00,24.14,24.14,24.14,24.14,10862.07,1
SJCFUT,07/16/2025 11:06:00,24.12,24.12,24.12,24.12,10852.35,1
SJCFUT,07/16/2025 11:19:00,24.12,24.12,24.12,24.12,10852.35,1
SJCFUT,07/16/2025 11:31:00,24.13,24.13,24.13,24.13,43428.86,4
SJCFUT,07/16/2025 11:52:00,24.15,24.15,24.15,24.15,10866.93,1
SJCFUT,07/16/2025 11:53:00,24.16,24.16,24.16,24.16,10871.79,1
SJCFUT,07/16/2025 11:57:00,24.18,24.19,24.18,24.19,337472.74,31
SJCFUT,07/16/2025 14:11:00,24.25,24.25,24.25,24.25,240034.83,22
SJCFUT,07/17/2025 09:04:00,24.31,24.31,24.31,24.31,87518.67,8
SJCFUT,07/17/2025 09:27:00,24.35,24.35,24.35,24.35,153429.84,14
SJCFUT,07/17/2025 10:29:00,24.26,24.26,24.26,24.26,10915.53,1
SJCFUT,07/17/2025 10:49:00,24.35,24.35,24.35,24.35,54796.37,5
SJCFUT,07/17/2025 11:36:00,24.43,24.45,24.43,24.45,32999.32,3
SJCFUT,07/17/2025 14:11:00,24.41,24.41,24.41,24.41,10983.57,1
SJCFUT,07/18/2025 09:11:00,24.73,24.73,24.73,24.73,11129.37,1
SJCFUT,07/18/2025 09:12:00,24.74,24.74,24.74,24.74,11134.23,1
SJCFUT,07/18/2025 09:30:00,24.72,24.72,24.72,24.72,11124.51,1
SJCFUT,07/18/2025 09:38:00,24.68,24.68,24.68,24.68,22210.15,2
SJCFUT,07/18/2025 09:42:00,24.68,24.68,24.68,24.68,33315.22,3
SJCFUT,07/18/2025 10:32:00,24.66,24.66,24.66,24.66,266288.49,24
SJCFUT,07/18/2025 10:35:00,24.66,24.66,24.66,24.66,11095.35,1
SJCFUT,07/18/2025 10:40:00,24.73,24.73,24.73,24.73,701150.53,63
SJCFUT,07/18/2025 10:47:00,24.73,24.73,24.73,24.73,111293.74,10
SJCFUT,07/18/2025 10:57:00,24.79,24.79,24.79,24.79,501915.31,45
SJCFUT,07/18/2025 11:04:00,24.79,24.79,24.79,24.79,111536.73,10
SJCFUT,07/18/2025 11:19:00,24.74,24.74,24.74,24.74,11134.23,1
SJCFUT,07/18/2025 11:20:00,24.75,24.8,24.75,24.8,22297.63,2
SJCFUT,07/18/2025 11:28:00,24.8,24.8,24.8,24.8,278963.34,25
SJCFUT,07/18/2025 12:59:00,24.65,24.65,24.65,24.65,22180.99,2
SJCFUT,07/18/2025 13:00:00,24.68,24.7,24.68,24.7,22219.87,2
SJCFUT,07/18/2025 13:19:00,24.65,24.65,24.65,24.65,11090.49,1
SJCFUT,07/18/2025 14:31:00,24.66,24.66,24.66,24.66,55476.77,5
SJCFUT,07/21/2025 09:25:00,24.52,24.52,24.52,24.52,11032.17,1
SJCFUT,07/21/2025 10:30:00,24.52,24.52,24.51,24.51,66188.18,6
SJCFUT,07/21/2025 10:31:00,24.46,24.46,24.44,24.44,143082.92,13
SJCFUT,07/21/2025 10:32:00,24.46,24.46,24.46,24.46,11007.87,1
SJCFUT,07/21/2025 10:41:00,24.46,24.46,24.46,24.46,55039.37,5
SJCFUT,07/21/2025 10:42:00,24.43,24.43,24.43,24.43,10993.29,1
SJCFUT,07/21/2025 10:43:00,24.41,24.41,24.41,24.41,10983.57,1
SJCFUT,07/21/2025 11:11:00,24.38,24.38,24.38,24.38,10968.99,1
SJCFUT,07/21/2025 11:28:00,24.34,24.34,24.34,24.34,10954.41,1
SJCFUT,07/21/2025 11:31:00,24.38,24.38,24.38,24.38,131627.93,12
SJCFUT,07/21/2025 11:53:00,24.34,24.34,24.34,24.34,164316.21,15
SJCFUT,07/21/2025 13:47:00,24.34,24.34,24.34,24.34,10954.41,1
SJCFUT,07/21/2025 14:39:00,24.38,24.38,24.38,24.38,54844.97,5
SJCFUT,07/22/2025 09:17:00,24.35,24.35,24.33,24.33,21908.83,2
SJCFUT,07/22/2025 09:18:00,24.35,24.35,24.35,24.35,10959.27,1
SJCFUT,07/22/2025 09:19:00,24.35,24.35,24.35,24.35,10959.27,1
SJCFUT,07/22/2025 09:45:00,24.51,24.52,24.51,24.52,22059.49,2
SJCFUT,07/22/2025 11:05:00,24.34,24.34,24.34,24.34,10954.41,1
SJCFUT,07/23/2025 09:01:00,24.62,24.62,24.62,24.62,22161.55,2
SJCFUT,07/23/2025 09:08:00,24.61,24.61,24.61,24.61,11075.91,1
SJCFUT,07/23/2025 09:09:00,24.62,24.62,24.62,24.62,11080.77,1
SJCFUT,07/23/2025 09:19:00,24.6,24.6,24.6,24.6,11071.05,1
SJCFUT,07/23/2025 09:20:00,24.58,24.58,24.58,24.58,33184.0,3
SJCFUT,07/23/2025 09:47:00,24.44,24.44,24.44,24.44,10998.15,1
SJCFUT,07/23/2025 10:32:00,24.61,24.62,24.61,24.62,22156.69,2
SJCFUT,07/23/2025 11:55:00,24.46,24.46,24.46,24.46,22015.75,2
SJCFUT,07/23/2025 12:21:00,24.45,24.45,24.45,24.45,11003.01,1
SJCFUT,07/23/2025 12:24:00,24.47,24.47,24.47,24.47,11012.73,1
SJCFUT,07/23/2025 12:32:00,24.48,24.48,24.48,24.48,22035.19,2
SJCFUT,07/23/2025 14:56:00,24.43,24.43,24.41,24.41,65930.6,6
SJCFUT,07/24/2025 09:53:00,24.33,24.33,24.33,24.33,10949.55,1
SJCFUT,07/24/2025 10:29:00,24.43,24.43,24.43,24.43,21986.59,2
SJCFUT,07/24/2025 10:30:00,24.45,24.46,24.45,24.46,33013.9,3
SJCFUT,07/25/2025 09:51:00,24.32,24.32,24.32,24.32,10944.69,1
SJCFUT,07/25/2025 09:53:00,24.3,24.3,24.3,24.3,10934.97,1
SJCFUT,07/25/2025 10:31:00,24.3,24.3,24.3,24.3,109349.74,10
SJCFUT,07/25/2025 14:51:00,24.3,24.3,24.3,24.3,10934.97,1
SJCFUT,07/28/2025 09:11:00,24.18,24.18,24.18,24.18,10881.51,1
SJCFUT,07/28/2025 09:29:00,24.21,24.21,24.21,24.21,32688.28,3
SJCFUT,07/28/2025 10:48:00,24.09,24.09,24.09,24.09,10842.63,1
SJCFUT,07/28/2025 10:55:00,24.11,24.11,24.11,24.11,162712.41,15
SJCFUT,07/28/2025 11:33:00,24.12,24.12,24.12,24.12,542617.71,50
SJCFUT,07/28/2025 14:11:00,24.12,24.12,24.12,24.12,10852.35,1
SJCFUT,07/29/2025 09:00:00,24.06,24.06,24.0,24.0,21626.95,2
SJCFUT,07/29/2025 09:29:00,24.06,24.06,24.06,24.06,10828.05,1
SJCFUT,07/29/2025 09:52:00,24.13,24.13,24.13,24.13,21714.43,2
SJCFUT,07/29/2025 10:40:00,24.08,24.08,24.08,24.08,10837.77,1
SJCFUT,07/29/2025 10:45:00,24.08,24.08,24.08,24.08,216755.48,20
SJCFUT,07/29/2025 11:05:00,24.08,24.08,24.08,24.08,21675.55,2
SJCFUT,07/29/2025 11:12:00,24.14,24.14,24.14,24.14,10862.07,1
SJCFUT,07/29/2025 11:53:00,24.08,24.08,24.08,24.08,108377.74,10
SJCFUT,07/29/2025 13:24:00,23.99,23.99,23.99,23.99,53970.17,5
SJCFUT,07/29/2025 13:41:00,23.94,23.94,23.94,23.94,32323.78,3
SJCFUT,07/29/2025 14:11:00,23.97,23.97,23.97,23.97,258823.54,24
SJCFUT,07/30/2025 09:15:00,24.02,24.02,24.02,24.02,10808.61,1
SJCFUT,07/30/2025 09:16:00,24.01,24.01,24.01,24.01,10803.75,1
SJCFUT,07/30/2025 09:26:00,23.98,23.98,23.98,23.98,10789.17,1
SJCFUT,07/30/2025 11:09:00,23.99,23.99,23.99,23.99,10794.03,1
SJCFUT,07/30/2025 12:10:00,23.87,23.87,23.87,23.87,10740.57,1
SJCFUT,07/30/2025 12:12:00,23.87,23.87,23.87,23.87,96665.17,9
SJCFUT,07/30/2025 12:14:00,23.87,23.87,23.87,23.87,21481.15,2
SJCFUT,07/30/2025 12:26:00,23.8,23.8,23.8,23.8,10711.41,1
SJCFUT,07/30/2025 13:58:00,23.85,23.85,23.85,23.85,10730.85,1
SJCFUT,08/01/2025 09:11:00,23.49,23.49,23.49,23.49,105704.75,10
SJCFUT,08/01/2025 10:10:00,23.61,23.61,23.61,23.61,10623.93,1
SJCFUT,08/01/2025 10:29:00,23.59,23.59,23.59,23.59,10614.21,1
SJCFUT,08/01/2025 11:16:00,23.59,23.59,23.59,23.59,31842.64,3
SJCFUT,08/01/2025 11:38:00,23.6,23.6,23.6,23.6,21238.15,2
SJCFUT,08/01/2025 14:36:00,23.63,23.63,23.63,23.63,10633.65,1
SJCFUT,08/04/2025 10:30:00,23.55,23.58,23.55,23.58,21208.99,2
SJCFUT,08/04/2025 11:25:00,23.71,23.71,23.7,23.7,117334.7,11
SJCFUT,08/04/2025 11:39:00,23.71,23.71,23.71,23.71,10667.67,1
SJCFUT,08/04/2025 12:24:00,23.68,23.68,23.68,23.68,21315.91,2
SJCFUT,08/04/2025 14:14:00,23.7,23.7,23.7,23.7,106628.15,10
SJCFUT,08/05/2025 09:07:00,23.79,23.79,23.79,23.79,21413.11,2
SJCFUT,08/05/2025 09:08:00,23.78,23.78,23.78,23.78,32105.08,3
SJCFUT,08/05/2025 09:17:00,23.79,23.79,23.79,23.79,10706.55,1
SJCFUT,08/05/2025 09:34:00,23.82,23.82,23.81,23.81,96461.05,9
SJCFUT,08/05/2025 09:35:00,23.81,23.81,23.81,23.81,21432.55,2
SJCFUT,08/05/2025 10:42:00,23.87,23.87,23.87,23.87,247033.21,23
SJCFUT,08/05/2025 10:56:00,23.85,23.85,23.85,23.85,10730.85,1
SJCFUT,08/05/2025 13:04:00,23.72,23.72,23.72,23.72,10672.53,1
SJCFUT,08/05/2025 13:16:00,23.63,23.63,23.62,23.63,521044.22,49
SJCFUT,08/05/2025 13:20:00,23.63,23.63,23.63,23.63,21267.31,2
SJCFUT,08/05/2025 13:26:00,23.63,23.63,23.63,23.63,10633.65,1
SJCFUT,08/06/2025 09:11:00,23.68,23.68,23.68,23.68,10657.95,1
SJCFUT,08/06/2025 11:21:00,23.57,23.57,23.57,23.57,10604.49,1
SJCFUT,08/06/2025 11:42:00,23.54,23.54,23.54,23.54,42379.1,4
SJCFUT,08/06/2025 11:45:00,23.51,23.51,23.51,23.51,10580.19,1
SJCFUT,08/06/2025 11:50:00,23.5,23.5,23.48,23.48,31706.56,3
SJCFUT,08/06/2025 12:01:00,23.47,23.47,23.47,23.47,179532.83,17
SJCFUT,08/06/2025 12:33:00,23.46,23.46,23.46,23.46,31667.68,3
SJCFUT,08/06/2025 13:05:00,23.39,23.39,23.39,23.39,10526.73,1
SJCFUT,08/06/2025 13:35:00,23.41,23.43,23.41,23.43,31614.22,3
SJCFUT,08/06/2025 14:02:00,23.4,23.4,23.4,23.4,31594.78,3
SJCFUT,08/07/2025 09:42:00,23.58,23.58,23.58,23.58,21218.71,2
SJCFUT,08/07/2025 10:14:00,23.59,23.59,23.59,23.59,10614.21,1
SJCFUT,08/07/2025 10:28:00,23.58,23.58,23.58,23.58,10609.35,1
SJCFUT,08/07/2025 13:59:00,23.66,23.66,23.66,23.66,266205.87,25
SJCFUT,08/07/2025 14:26:00,23.65,23.68,23.65,23.68,31944.7,3
SJCFUT,08/08/2025 09:08:00,23.61,23.61,23.61,23.61,106239.35,10
SJCFUT,08/08/2025 09:09:00,23.61,23.61,23.61,23.61,53119.67,5
SJCFUT,08/08/2025 09:45:00,23.73,23.74,23.73,23.74,21359.65,2
SJCFUT,08/08/2025 11:06:00,23.66,23.66,23.66,23.66,10648.23,1
SJCFUT,08/08/2025 12:28:00,23.64,23.64,23.64,23.64,10638.51,1
SJCFUT,08/08/2025 14:12:00,23.54,23.54,23.54,23.54,42379.1,4
SJCFUT,08/08/2025 14:15:00,23.54,23.54,23.54,23.54,52973.87,5
SJCFUT,08/08/2025 14:29:00,23.5,23.5,23.5,23.5,10575.33,1
SJCFUT,08/11/2025 09:02:00,23.97,23.97,23.97,23.97,75490.2,7
SJCFUT,08/11/2025 09:04:00,24.01,24.01,24.01,24.01,10803.75,1
SJCFUT,08/11/2025 09:05:00,23.97,24.01,23.97,24.01,107930.62,10
SJCFUT,08/11/2025 09:06:00,24.01,24.02,24.01,24.01,572744.78,53
SJCFUT,08/11/2025 09:10:00,24.01,24.01,24.01,24.01,21607.51,2
SJCFUT,08/11/2025 09:11:00,24.0,24.01,24.0,24.01,75597.12,7
SJCFUT,08/11/2025 09:12:00,24.0,24.0,24.0,24.0,64793.37,6
SJCFUT,08/11/2025 09:13:00,24.0,24.0,24.0,24.0,10798.89,1
SJCFUT,08/11/2025 09:26:00,23.98,23.98,23.98,23.98,10789.17,1
SJCFUT,08/11/2025 09:30:00,23.97,23.97,23.95,23.95,21563.77,2
SJCFUT,08/11/2025 09:40:00,23.93,23.93,23.93,23.93,10769.73,1
SJCFUT,08/11/2025 09:41:00,23.92,23.92,23.92,23.92,21529.75,2
SJCFUT,08/11/2025 09:43:00,23.93,23.93,23.93,23.93,10769.73,1
SJCFUT,08/11/2025 10:15:00,23.95,23.97,23.95,23.97,21563.77,2
SJCFUT,08/11/2025 10:30:00,23.88,23.88,23.88,23.88,21490.87,2
SJCFUT,08/11/2025 10:33:00,23.94,23.94,23.94,23.94,53872.97,5
SJCFUT,08/11/2025 10:38:00,23.94,23.94,23.94,23.94,21549.19,2
SJCFUT,08/11/2025 10:39:00,23.97,23.97,23.97,23.97,10784.31,1
SJCFUT,08/11/2025 10:40:00,23.98,23.98,23.98,23.98,32367.52,3
SJCFUT,08/11/2025 10:42:00,23.99,23.99,23.99,23.99,10794.03,1
SJCFUT,08/11/2025 10:49:00,23.99,23.99,23.99,23.99,10794.03,1
SJCFUT,08/11/2025 10:59:00,23.94,23.94,23.94,23.94,10774.59,1
SJCFUT,08/11/2025 11:07:00,24.0,24.0,24.0,24.0,237575.67,22
SJCFUT,08/11/2025 11:20:00,23.99,23.99,23.99,23.99,21588.07,2
SJCFUT,08/11/2025 11:30:00,24.01,24.01,24.01,24.01,10803.75,1
SJCFUT,08/11/2025 11:34:00,24.02,24.02,24.02,24.02,216172.29,20
SJCFUT,08/11/2025 11:35:00,24.03,24.03,24.03,24.03,832637.52,77
SJCFUT,08/11/2025 11:40:00,24.05,24.05,24.05,24.05,324695.83,30
SJCFUT,08/11/2025 11:52:00,24.05,24.05,24.05,24.05,21646.39,2
SJCFUT,08/11/2025 11:56:00,24.05,24.05,24.05,24.05,32469.58,3
SJCFUT,08/11/2025 12:16:00,24.02,24.02,24.02,24.02,10808.61,1
SJCFUT,08/11/2025 12:35:00,24.05,24.05,24.05,24.05,97408.75,9
SJCFUT,08/11/2025 12:38:00,24.08,24.08,24.08,24.08,325133.23,30
SJCFUT,08/11/2025 12:43:00,24.08,24.08,24.08,24.08,335971.0,31
SJCFUT,08/11/2025 13:21:00,24.08,24.08,24.08,24.08,140891.06,13
SJCFUT,08/11/2025 13:24:00,24.08,24.08,24.08,24.08,97539.97,9
SJCFUT,08/11/2025 13:47:00,24.09,24.09,24.09,24.09,108426.34,10
SJCFUT,08/11/2025 14:16:00,24.06,24.06,24.06,24.06,10828.05,1
SJCFUT,08/11/2025 14:22:00,24.08,24.08,24.08,24.08,303457.68,28
SJCFUT,08/12/2025 09:05:00,23.85,23.85,23.85,23.85,332656.49,31
SJCFUT,08/12/2025 09:06:00,23.85,23.85,23.85,23.85,10730.85,1
SJCFUT,08/12/2025 09:23:00,23.81,23.81,23.81,23.81,32148.82,3
SJCFUT,08/12/2025 09:32:00,23.8,23.8,23.8,23.8,10711.41,1
SJCFUT,08/12/2025 10:12:00,23.76,23.89,23.76,23.89,21442.27,2
SJCFUT,08/12/2025 10:13:00,23.77,23.89,23.77,23.89,21447.13,2
SJCFUT,08/12/2025 10:34:00,23.76,23.76,23.76,23.76,235223.44,22
SJCFUT,08/12/2025 12:01:00,23.75,23.75,23.75,23.75,10687.11,1
SJCFUT,08/12/2025 13:40:00,24.47,24.47,24.47,24.47,11012.73,1
SJCFUT,08/12/2025 13:51:00,24.38,24.38,24.38,24.38,10968.99,1
SJCFUT,08/12/2025 14:18:00,24.45,24.45,24.45,24.45,11003.01,1
SJCFUT,08/13/2025 09:02:00,24.84,24.84,24.84,24.84,122957.71,11
SJCFUT,08/13/2025 09:03:00,24.84,24.84,24.84,24.84,1050729.5,94
SJCFUT,08/13/2025 09:04:00,24.84,24.84,24.84,24.84,11177.97,1
SJCFUT,08/13/2025 09:18:00,24.85,24.85,24.85,24.85,11182.83,1
SJCFUT,08/13/2025 09:21:00,24.84,24.84,24.84,24.84,55889.87,5
SJCFUT,08/13/2025 09:24:00,24.84,24.84,24.84,24.84,167669.6,15
SJCFUT,08/13/2025 09:44:00,24.83,24.83,24.83,24.83,11173.11,1
SJCFUT,08/13/2025 10:16:00,24.75,24.75,24.74,24.74,33407.56,3
SJCFUT,08/13/2025 10:32:00,24.84,24.85,24.83,24.83,167679.32,15
SJCFUT,08/13/2025 11:16:00,24.82,24.82,24.82,24.82,11168.25,1
SJCFUT,08/13/2025 11:20:00,24.81,24.81,24.81,24.81,11163.39,1
SJCFUT,08/13/2025 11:35:00,24.86,24.86,24.86,24.86,123064.63,11
SJCFUT,08/13/2025 11:42:00,24.86,24.86,24.86,24.86,3356308.02,300
SJCFUT,08/13/2025 14:01:00,24.84,24.84,24.84,24.84,268271.36,24
SJCFUT,08/13/2025 14:16:00,24.84,24.84,24.84,24.84,55889.87,5
SJCFUT,08/13/2025 14:29:00,24.87,24.87,24.86,24.86,201383.34,18
SJCFUT,08/13/2025 14:47:00,24.89,24.89,24.89,24.89,22404.55,2
SJCFUT,08/13/2025 14:49:00,24.87,24.87,24.87,24.87,22385.11,2
SJCFUT,08/14/2025 09:33:00,24.7,24.7,24.7,24.7,11114.79,1
SJCFUT,08/14/2025 10:31:00,24.69,24.69,24.69,24.69,111099.34,10
SJCFUT,08/14/2025 10:33:00,24.71,24.71,24.71,24.71,11119.65,1
SJCFUT,08/14/2025 11:54:00,24.59,24.59,24.59,24.59,11066.19,1
SJCFUT,08/14/2025 11:55:00,24.6,24.6,24.6,24.6,22142.11,2
SJCFUT,08/14/2025 12:08:00,24.61,24.61,24.61,24.61,22151.83,2
SJCFUT,08/14/2025 13:37:00,24.54,24.54,24.53,24.53,33115.96,3
SJCFUT,08/14/2025 14:10:00,24.52,24.52,24.52,24.52,220643.48,20
SJCFUT,08/14/2025 14:25:00,24.52,24.52,24.52,24.52,44128.7,4
SJCFUT,08/15/2025 09:08:00,24.66,24.68,24.66,24.68,33305.5,3
SJCFUT,08/15/2025 09:19:00,24.67,24.67,24.67,24.67,11100.21,1
SJCFUT,08/15/2025 09:38:00,24.68,24.68,24.68,24.68,11105.07,1
SJCFUT,08/15/2025 10:42:00,24.69,24.69,24.69,24.69,88879.47,8
SJCFUT,08/15/2025 10:54:00,24.62,24.62,24.62,24.62,11080.77,1
SJCFUT,08/15/2025 11:17:00,24.65,24.65,24.65,24.65,110904.94,10
SJCFUT,08/15/2025 11:43:00,24.71,24.71,24.71,24.71,11119.65,1
SJCFUT,08/15/2025 12:05:00,24.73,24.73,24.73,24.73,311622.46,28
SJCFUT,08/15/2025 12:06:00,24.73,24.73,24.73,24.73,22258.75,2
SJCFUT,08/15/2025 13:45:00,24.79,24.79,24.79,24.79,44614.69,4
SJCFUT,08/15/2025 13:47:00,24.81,24.81,24.81,24.81,11163.39,1
SJCFUT,08/15/2025 14:05:00,24.8,24.8,24.8,24.8,33475.6,3
SJCFUT,08/15/2025 14:20:00,24.83,24.83,24.83,24.83,44692.45,4
SJCFUT,08/15/2025 14:57:00,24.79,24.79,24.79,24.79,11153.67,1
SJCFUT,08/18/2025 09:07:00,24.7,24.73,24.7,24.73,22244.17,2
SJCFUT,08/18/2025 09:48:00,24.67,24.67,24.67,24.67,11100.21,1
SJCFUT,08/18/2025 10:02:00,24.62,24.62,24.62,24.62,11080.77,1
SJCFUT,08/18/2025 10:12:00,24.63,24.63,24.63,24.63,942278.86,85
SJCFUT,08/18/2025 10:13:00,24.63,24.63,24.63,24.63,11085.63,1
SJCFUT,08/18/2025 10:29:00,24.62,24.62,24.62,24.62,66484.64,6
SJCFUT,08/18/2025 10:50:00,24.83,24.84,24.83,24.84,637134.76,57
SJCFUT,08/18/2025 10:51:00,24.85,24.86,24.85,24.86,268499.78,24
SJCFUT,08/18/2025 10:52:00,24.86,24.86,24.86,24.86,33563.08,3
SJCFUT,08/18/2025 10:54:00,24.86,24.86,24.86,24.86,3356308.02,300
SJCFUT,08/18/2025 10:57:00,24.89,24.89,24.89,24.89,11202.27,1
SJCFUT,08/18/2025 11:20:00,24.82,24.82,24.82,24.82,11168.25,1
SJCFUT,08/18/2025 12:11:00,24.84,24.84,24.84,24.84,22355.95,2
SJCFUT,08/18/2025 12:13:00,24.85,24.85,24.85,24.85,22365.67,2
SJCFUT,08/18/2025 12:15:00,24.85,24.85,24.85,24.85,11182.83,1
SJCFUT,08/18/2025 13:10:00,24.9,24.9,24.9,24.9,56035.67,5
SJCFUT,08/18/2025 13:52:00,24.87,24.87,24.87,24.87,11192.55,1
SJCFUT,08/19/2025 09:12:00,24.76,24.76,24.76,24.76,22287.91,2
SJCFUT,08/19/2025 09:40:00,24.76,24.76,24.76,24.76,11143.95,1
SJCFUT,08/19/2025 10:18:00,24.73,24.73,24.73,24.73,11129.37,1
SJCFUT,08/19/2025 10:36:00,24.62,24.62,24.62,24.62,277019.34,25
SJCFUT,08/19/2025 10:40:00,24.6,24.6,24.6,24.6,11071.05,1
SJCFUT,08/19/2025 12:00:00,24.55,24.55,24.54,24.54,66275.66,6
SJCFUT,08/19/2025 12:12:00,24.57,24.57,24.57,24.57,22112.95,2
SJCFUT,08/19/2025 12:19:00,24.57,24.57,24.57,24.57,22112.95,2
SJCFUT,08/19/2025 13:32:00,24.55,24.55,24.55,24.55,55233.77,5
SJCFUT,08/19/2025 13:40:00,24.57,24.57,24.57,24.57,66338.84,6
SJCFUT,08/19/2025 13:51:00,24.55,24.55,24.55,24.55,11046.75,1
SJCFUT,08/19/2025 13:52:00,24.54,24.54,24.54,24.54,99377.04,9
SJCFUT,08/20/2025 10:41:00,24.68,24.68,24.68,24.68,44420.29,4
SJCFUT,08/20/2025 10:56:00,24.66,24.66,24.66,24.66,11095.35,1
SJCFUT,08/20/2025 11:01:00,24.66,24.66,24.66,24.66,11095.35,1
SJCFUT,08/20/2025 11:24:00,24.71,24.71,24.71,24.71,11119.65,1
SJCFUT,08/20/2025 11:33:00,24.73,24.73,24.73,24.73,445174.94,40
SJCFUT,08/20/2025 11:45:00,24.73,24.73,24.73,24.73,11129.37,1
SJCFUT,08/20/2025 12:11:00,24.69,24.69,24.69,24.69,11109.93,1
SJCFUT,08/20/2025 13:53:00,24.75,24.75,24.75,24.75,89112.75,8
SJCFUT,08/21/2025 10:39:00,24.78,24.78,24.78,24.78,11148.81,1
SJCFUT,08/21/2025 10:47:00,24.76,24.76,24.76,24.76,11143.95,1
SJCFUT,08/21/2025 10:48:00,24.78,24.78,24.78,24.78,11148.81,1
SJCFUT,08/21/2025 10:54:00,24.79,24.79,24.79,24.79,223073.47,20
SJCFUT,08/21/2025 11:09:00,24.88,24.88,24.88,24.88,11197.41,1
SJCFUT,08/21/2025 11:12:00,24.86,24.86,24.86,24.86,11187.69,1
SJCFUT,08/21/2025 11:24:00,24.92,24.92,24.92,24.92,11211.99,1
SJCFUT,08/21/2025 11:30:00,24.92,24.92,24.92,24.92,22423.99,2
SJCFUT,08/21/2025 11:31:00,24.94,24.95,24.94,24.95,348018.91,31
SJCFUT,08/21/2025 11:32:00,24.95,24.95,24.95,24.95,11226.57,1
SJCFUT,08/21/2025 11:34:00,24.96,24.98,24.96,24.98,3425635.75,305
SJCFUT,08/21/2025 11:51:00,24.93,24.93,24.93,24.93,11216.85,1
SJCFUT,08/21/2025 12:34:00,24.95,24.95,24.95,24.95,22453.15,2
SJCFUT,08/21/2025 12:41:00,25.0,25.0,25.0,25.0,11250.87,1
SJCFUT,08/21/2025 12:46:00,24.98,24.98,24.98,24.98,11241.15,1
SJCFUT,08/21/2025 12:48:00,24.99,24.99,24.99,24.99,11246.01,1
SJCFUT,08/21/2025 13:15:00,25.05,25.06,25.05,25.06,529860.24,47
SJCFUT,08/21/2025 13:16:00,25.05,25.05,25.05,25.05,169054.7,15
SJCFUT,08/21/2025 13:21:00,25.06,25.06,25.06,25.06,180402.77,16
SJCFUT,08/21/2025 13:23:00,25.08,25.08,25.08,25.08,33854.68,3
SJCFUT,08/21/2025 13:25:00,25.11,25.11,25.1,25.1,338886.99,30
SJCFUT,08/21/2025 13:42:00,25.11,25.11,25.11,25.11,11299.47,1
SJCFUT,08/21/2025 14:18:00,25.11,25.11,25.11,25.11,305085.77,27
SJCFUT,08/22/2025 09:28:00,25.19,25.19,25.19,25.19,11333.49,1
SJCFUT,08/22/2025 09:57:00,25.22,25.22,25.22,25.22,11348.07,1
SJCFUT,08/22/2025 10:11:00,25.23,25.23,25.23,25.23,11352.93,1
SJCFUT,08/22/2025 10:27:00,25.19,25.19,25.19,25.19,170002.4,15
SJCFUT,08/22/2025 10:30:00,25.21,25.22,25.19,25.19,181505.99,16
SJCFUT,08/22/2025 10:32:00,25.14,25.14,25.14,25.14,22628.11,2
SJCFUT,08/22/2025 11:00:00,25.22,25.22,25.22,25.22,11348.07,1
SJCFUT,08/22/2025 11:01:00,25.22,25.22,25.22,25.22,11348.07,1
SJCFUT,08/22/2025 11:14:00,25.23,25.23,25.23,25.23,11352.93,1
SJCFUT,08/22/2025 11:48:00,25.17,25.17,25.17,25.17,226572.66,20
SJCFUT,08/22/2025 12:01:00,25.2,25.21,25.2,25.21,68039.84,6
SJCFUT,08/22/2025 12:11:00,25.17,25.17,25.17,25.17,249229.93,22
SJCFUT,08/22/2025 13:04:00,25.27,25.27,25.27,25.27,11372.37,1
SJCFUT,08/22/2025 13:27:00,25.23,25.23,25.23,25.23,11352.93,1
SJCFUT,08/22/2025 14:03:00,25.26,25.26,25.26,25.26,45470.05,4
SJCFUT,08/22/2025 14:11:00,25.27,25.27,25.27,25.27,56861.86,5
SJCFUT,08/25/2025 09:10:00,25.22,25.22,25.22,25.22,34044.22,3
SJCFUT,08/25/2025 09:12:00,25.22,25.22,25.22,25.22,226961.46,20
SJCFUT,08/25/2025 10:37:00,25.06,25.06,25.06,25.06,338255.2,30
SJCFUT,08/25/2025 10:39:00,25.06,25.07,25.03,25.05,169025.54,15
SJCFUT,08/25/2025 10:40:00,25.03,25.03,25.03,25.03,56327.27,5
SJCFUT,08/25/2025 10:41:00,25.05,25.05,25.05,25.05,45081.25,4
SJCFUT,08/25/2025 10:48:00,25.08,25.08,25.08,25.08,11284.89,1
SJCFUT,08/25/2025 11:26:00,25.14,25.14,25.14,25.14,113140.53,10
SJCFUT,08/25/2025 12:24:00,25.07,25.07,25.07,25.07,11280.03,1
SJCFUT,08/25/2025 12:30:00,25.03,25.03,25.02,25.02,123915.13,11
SJCFUT,08/25/2025 13:17:00,24.97,24.97,24.97,24.97,11236.29,1
SJCFUT,08/25/2025 13:42:00,24.98,24.98,24.98,24.98,11241.15,1
SJCFUT,08/25/2025 13:45:00,24.95,24.95,24.95,24.95,213304.89,19
SJCFUT,08/25/2025 14:58:00,24.92,24.92,24.92,24.92,11211.99,1
SJCFUT,08/26/2025 09:01:00,25.1,25.12,25.1,25.12,22598.95,2
SJCFUT,08/26/2025 09:05:00,25.12,25.12,25.11,25.11,33903.28,3
SJCFUT,08/26/2025 09:07:00,25.11,25.11,25.11,25.11,56497.37,5
SJCFUT,08/26/2025 09:08:00,25.1,25.1,25.1,25.1,56473.07,5
SJCFUT,08/26/2025 09:09:00,25.1,25.1,25.1,25.1,56473.07,5
SJCFUT,08/26/2025 09:49:00,25.01,25.01,25.01,25.01,11255.73,1
SJCFUT,08/26/2025 10:32:00,25.02,25.02,25.02,25.02,56302.97,5
SJCFUT,08/26/2025 10:42:00,24.96,24.96,24.96,24.96,56157.17,5
SJCFUT,08/26/2025 10:43:00,24.93,24.93,24.93,24.93,44867.41,4
SJCFUT,08/26/2025 11:07:00,24.88,24.88,24.88,24.88,33592.24,3
SJCFUT,08/26/2025 11:17:00,24.88,24.88,24.88,24.88,33592.24,3
SJCFUT,08/26/2025 11:22:00,24.95,24.95,24.95,24.95,22453.15,2
SJCFUT,08/26/2025 11:52:00,24.97,24.97,24.97,24.97,11236.29,1
SJCFUT,08/26/2025 11:58:00,24.95,24.95,24.95,24.95,11226.57,1
SJCFUT,08/27/2025 10:31:00,24.89,24.89,24.89,24.89,22404.55,2
SJCFUT,08/27/2025 10:34:00,24.86,24.86,24.86,24.86,111876.93,10
SJCFUT,08/27/2025 10:43:00,24.89,24.89,24.89,24.89,112022.73,10
SJCFUT,08/27/2025 10:51:00,24.95,24.95,24.94,24.94,56128.01,5
SJCFUT,08/27/2025 11:04:00,24.89,24.89,24.89,24.89,56011.37,5
SJCFUT,08/27/2025 13:02:00,25.03,25.03,25.03,25.03,11265.45,1
SJCFUT,08/27/2025 13:13:00,25.06,25.06,25.06,25.06,11275.17,1
SJCFUT,08/27/2025 13:16:00,25.07,25.07,25.07,25.07,11280.03,1
SJCFUT,08/27/2025 13:19:00,25.03,25.03,25.03,25.03,11265.45,1
SJCFUT,08/28/2025 09:05:00,24.94,24.94,24.94,24.94,11221.71,1
SJCFUT,08/28/2025 09:53:00,24.98,24.98,24.98,24.98,11241.15,1
SJCFUT,08/28/2025 12:21:00,24.84,24.84,24.84,24.84,22355.95,2
SJCFUT,08/28/2025 13:06:00,24.81,24.81,24.81,24.81,111633.93,10
SJCFUT,08/28/2025 13:11:00,24.79,24.79,24.78,24.78,256524.77,23
SJCFUT,08/28/2025 13:13:00,24.78,24.78,24.78,24.78,66892.88,6
SJCFUT,08/28/2025 14:08:00,24.88,24.88,24.88,24.88,22394.83,2
SJCFUT,08/28/2025 14:37:00,24.95,24.95,24.95,24.95,44906.29,4
SJCFUT,08/28/2025 14:57:00,24.94,24.94,24.94,24.94,56108.57,5
SJCFUT,08/29/2025 09:18:00,24.84,24.84,24.84,24.84,22355.95,2
SJCFUT,08/29/2025 09:21:00,24.82,24.82,24.82,24.82,301542.84,27
SJCFUT,08/29/2025 09:22:00,24.8,24.8,24.8,24.8,22317.07,2
SJCFUT,08/29/2025 10:03:00,24.95,24.95,24.95,24.95,11226.57,1
SJCFUT,08/29/2025 10:30:00,24.86,24.86,24.86,24.86,11187.69,1
SJCFUT,08/29/2025 10:48:00,24.87,24.87,24.87,24.87,11192.55,1
SJCFUT,08/29/2025 10:49:00,24.9,24.9,24.9,24.9,11207.13,1
SJCFUT,08/29/2025 11:23:00,24.93,24.93,24.93,24.93,11216.85,1
SJCFUT,08/29/2025 12:10:00,24.92,24.92,24.92,24.92,67271.96,6
SJCFUT,08/29/2025 12:16:00,24.92,24.92,24.92,24.92,11211.99,1
SJCFUT,08/29/2025 12:28:00,24.89,24.89,24.89,24.89,56011.37,5
SJCFUT,08/29/2025 12:35:00,24.89,24.89,24.89,24.89,33606.82,3
SJCFUT,08/29/2025 13:16:00,25.06,25.06,25.06,25.06,56375.87,5
SJCFUT,08/29/2025 13:26:00,25.0,25.0,25.0,25.0,11250.87,1
SJCFUT,08/29/2025 13:34:00,24.95,24.95,24.95,24.95,11226.57,1
SJCFUT,08/29/2025 14:49:00,25.03,25.03,25.02,25.02,45047.23,4
SJCFUT,08/29/2025 14:50:00,25.02,25.02,25.02,25.02,33781.78,3
SJCFUT,09/02/2025 09:06:00,24.81,24.81,24.81,24.81,11163.39,1
SJCFUT,09/02/2025 09:09:00,24.81,24.81,24.81,24.81,111633.93,10
SJCFUT,09/02/2025 09:12:00,24.81,24.81,24.81,24.81,55816.97,5
SJCFUT,09/02/2025 09:26:00,24.81,24.81,24.81,24.81,33490.18,3
SJCFUT,09/02/2025 09:28:00,24.81,24.81,24.81,24.81,22326.79,2
SJCFUT,09/02/2025 09:33:00,24.79,24.79,24.78,24.78,66902.6,6
SJCFUT,09/02/2025 09:49:00,24.88,24.88,24.88,24.88,11197.41,1
SJCFUT,09/02/2025 10:35:00,24.74,24.75,24.74,24.75,66829.7,6
SJCFUT,09/02/2025 10:38:00,24.73,24.73,24.73,24.73,289363.71,26
SJCFUT,09/02/2025 10:42:00,24.69,24.69,24.68,24.68,22215.01,2
SJCFUT,09/02/2025 10:44:00,24.69,24.7,24.69,24.7,33339.52,3
SJCFUT,09/02/2025 10:50:00,24.73,24.73,24.73,24.73,133552.48,12
SJCFUT,09/02/2025 10:56:00,24.75,24.75,24.75,24.75,22278.19,2
SJCFUT,09/02/2025 11:13:00,24.73,24.73,24.73,24.73,122423.11,11
SJCFUT,09/02/2025 11:27:00,24.68,24.68,24.68,24.68,210996.4,19
SJCFUT,09/02/2025 11:38:00,24.71,24.71,24.71,24.71,22239.31,2
SJCFUT,09/02/2025 11:39:00,24.71,24.71,24.71,24.71,11119.65,1
SJCFUT,09/02/2025 11:59:00,24.78,24.78,24.78,24.78,178381.02,16
SJCFUT,09/02/2025 12:28:00,24.78,24.78,24.78,24.78,11148.81,1
SJCFUT,09/02/2025 13:38:00,24.73,24.73,24.73,24.73,111293.74,10
SJCFUT,09/03/2025 09:13:00,24.69,24.69,24.69,24.69,11109.93,1
SJCFUT,09/03/2025 10:57:00,24.66,24.66,24.66,24.66,11095.35,1
SJCFUT,09/03/2025 11:06:00,24.62,24.62,24.62,24.62,265938.57,24
SJCFUT,09/03/2025 11:56:00,24.62,24.62,24.62,24.62,2349124.01,212
SJCFUT,09/03/2025 12:05:00,24.59,24.59,24.59,24.59,11066.19,1
SJCFUT,09/03/2025 14:56:00,24.56,24.56,24.56,24.56,221032.27,20
SJCFUT,09/04/2025 09:05:00,24.39,24.4,24.39,24.4,285329.92,26
SJCFUT,09/04/2025 09:25:00,24.42,24.42,24.42,24.42,10988.43,1
SJCFUT,09/04/2025 09:33:00,24.41,24.41,24.41,24.41,10983.57,1
SJCFUT,09/04/2025 09:59:00,24.45,24.45,24.45,24.45,11003.01,1
SJCFUT,09/04/2025 10:38:00,24.44,24.44,24.44,24.44,263955.69,24
SJCFUT,09/04/2025 10:45:00,24.41,24.41,24.41,24.41,461310.1,42
SJCFUT,09/04/2025 11:02:00,24.4,24.4,24.4,24.4,10978.71,1
SJCFUT,09/04/2025 11:05:00,24.35,24.35,24.34,24.34,164374.53,15
SJCFUT,09/04/2025 11:17:00,24.41,24.41,24.41,24.41,54917.87,5
SJCFUT,09/04/2025 11:30:00,24.35,24.35,24.35,24.35,10959.27,1
SJCFUT,09/04/2025 12:02:00,24.41,24.41,24.41,24.41,10983.57,1
SJCFUT,09/04/2025 12:08:00,24.44,24.44,24.44,24.44,164972.31,15
SJCFUT,09/04/2025 12:17:00,24.44,24.44,24.44,24.44,10998.15,1
SJCFUT,09/04/2025 12:30:00,24.43,24.43,24.43,24.43,10993.29,1
SJCFUT,09/04/2025 12:32:00,24.44,24.44,24.44,24.44,54990.77,5
SJCFUT,09/04/2025 12:43:00,24.46,24.46,24.46,24.46,22015.75,2
SJCFUT,09/05/2025 09:06:00,24.61,24.63,24.61,24.63,2215809.67,200
SJCFUT,09/05/2025 09:09:00,24.65,24.65,24.65,24.65,1131230.35,102
SJCFUT,09/05/2025 09:10:00,24.65,24.65,24.65,24.65,44361.97,4
SJCFUT,09/05/2025 09:35:00,24.61,24.61,24.6,24.6,321182.06,29
SJCFUT,09/05/2025 09:39:00,24.6,24.6,24.6,24.6,11071.05,1
SJCFUT,09/05/2025 10:24:00,24.53,24.53,24.53,24.53,22074.07,2
SJCFUT,09/05/2025 10:31:00,24.59,24.59,24.59,24.59,11066.19,1
SJCFUT,09/05/2025 10:32:00,24.62,24.62,24.61,24.61,66479.78,6
SJCFUT,09/05/2025 10:34:00,24.62,24.62,24.62,24.62,55403.87,5
SJCFUT,09/05/2025 10:35:00,24.65,24.65,24.65,24.65,11090.49,1
SJCFUT,09/05/2025 10:44:00,24.67,24.67,24.67,24.67,111002.14,10
SJCFUT,09/05/2025 10:47:00,24.65,24.65,24.65,24.65,55452.47,5
SJCFUT,09/05/2025 11:57:00,24.6,24.6,24.6,24.6,22142.11,2
SJCFUT,09/05/2025 12:21:00,24.63,24.63,24.63,24.63,110856.34,10
SJCFUT,09/05/2025 13:49:00,24.55,24.55,24.55,24.55,11046.75,1
SJCFUT,09/08/2025 11:18:00,24.41,24.41,24.41,24.41,43934.3,4
SJCFUT,09/08/2025 11:50:00,24.41,24.41,24.41,24.41,10983.57,1
SJCFUT,09/08/2025 13:12:00,24.52,24.52,24.52,24.52,77225.22,7
SJCFUT,09/08/2025 14:17:00,24.59,24.59,24.59,24.59,44264.77,4
SJCFUT,09/08/2025 14:51:00,24.62,24.62,24.61,24.61,465387.63,42
SJCFUT,09/08/2025 14:54:00,24.63,24.63,24.63,24.63,11085.63,1
SJCFUT,09/09/2025 09:03:00,24.61,24.61,24.61,24.61,11075.91,1
SJCFUT,09/09/2025 10:34:00,24.59,24.6,24.59,24.6,22137.25,2
SJCFUT,09/09/2025 10:36:00,24.62,24.62,24.62,24.62,110807.74,10
SJCFUT,09/09/2025 13:03:00,24.56,24.56,24.56,24.56,22103.23,2
SJCFUT,09/09/2025 14:03:00,24.54,24.55,24.54,24.55,22088.65,2
SJCFUT,09/10/2025 09:15:00,24.53,24.53,24.53,24.53,11037.03,1
SJCFUT,09/10/2025 11:14:00,24.52,24.52,24.52,24.52,11032.17,1
SJCFUT,09/10/2025 11:33:00,24.46,24.46,24.46,24.46,11007.87,1
SJCFUT,09/10/2025 12:35:00,24.44,24.44,24.44,24.44,10998.15,1
SJCFUT,09/10/2025 13:00:00,24.49,24.49,24.49,24.49,11022.45,1
SJCFUT,09/10/2025 13:03:00,24.47,24.47,24.47,24.47,11012.73,1
SJCFUT,09/10/2025 13:12:00,24.46,24.46,24.46,24.46,11007.87,1
SJCFUT,09/10/2025 13:15:00,24.43,24.43,24.43,24.43,21986.59,2
SJCFUT,09/10/2025 14:25:00,24.41,24.41,24.41,24.41,10983.57,1
SJCFUT,09/11/2025 09:24:00,24.55,24.55,24.54,24.54,121509.43,11
SJCFUT,09/11/2025 09:33:00,24.56,24.56,24.56,24.56,77361.3,7
SJCFUT,09/11/2025 10:34:00,24.6,24.6,24.6,24.6,11071.05,1
SJCFUT,09/11/2025 10:57:00,24.6,24.6,24.6,24.6,166065.8,15
SJCFUT,09/11/2025 11:06:00,24.57,24.57,24.57,24.57,11056.47,1
SJCFUT,09/11/2025 12:39:00,24.65,24.65,24.65,24.65,11090.49,1
SJCFUT,09/11/2025 12:42:00,24.65,24.65,24.65,24.65,110904.94,10
SJCFUT,09/11/2025 13:17:00,24.62,24.62,24.62,24.62,11080.77,1
SJCFUT,09/12/2025 09:39:00,24.61,24.61,24.61,24.61,11075.91,1
SJCFUT,09/12/2025 10:31:00,24.66,24.69,24.66,24.69,144278.48,13
SJCFUT,09/12/2025 10:34:00,24.69,24.7,24.69,24.7,22224.73,2
SJCFUT,09/12/2025 10:38:00,24.69,24.71,24.69,24.71,33339.52,3
SJCFUT,09/12/2025 10:51:00,24.73,24.73,24.73,24.73,222587.47,20
SJCFUT,09/12/2025 10:56:00,24.73,24.73,24.73,24.73,211458.1,19
SJCFUT,09/12/2025 10:57:00,24.74,24.74,24.74,24.74,11134.23,1
SJCFUT,09/12/2025 11:01:00,24.76,24.76,24.76,24.76,11143.95,1
SJCFUT,09/12/2025 11:02:00,24.76,24.76,24.76,24.76,22287.91,2
SJCFUT,09/12/2025 11:03:00,24.76,24.76,24.76,24.76,22287.91,2
SJCFUT,09/12/2025 11:09:00,24.76,24.79,24.76,24.79,200717.52,18
SJCFUT,09/12/2025 11:14:00,24.82,24.82,24.82,24.82,11168.25,1
SJCFUT,09/12/2025 11:15:00,24.82,24.83,24.82,24.83,89360.61,8
SJCFUT,09/12/2025 11:18:00,24.84,24.84,24.84,24.84,201203.52,18
SJCFUT,09/12/2025 11:55:00,24.83,24.83,24.83,24.83,11173.11,1
SJCFUT,09/12/2025 12:09:00,24.84,24.84,24.84,24.84,33533.92,3
SJCFUT,09/12/2025 12:42:00,24.85,24.85,24.85,24.85,22365.67,2
SJCFUT,09/12/2025 12:57:00,24.82,24.82,24.81,24.81,44668.15,4
SJCFUT,09/12/2025 13:01:00,24.55,24.56,24.52,24.52,496715.12,45
SJCFUT,09/12/2025 13:10:00,24.67,24.67,24.67,24.67,55501.07,5
SJCFUT,09/12/2025 13:11:00,24.67,24.67,24.67,24.67,55501.07,5
SJCFUT,09/12/2025 13:12:00,24.67,24.67,24.67,24.67,166503.2,15
SJCFUT,09/12/2025 13:17:00,24.71,24.71,24.71,24.71,11119.65,1
SJCFUT,09/12/2025 14:03:00,24.83,24.84,24.83,24.84,268261.64,24
SJCFUT,09/12/2025 14:07:00,24.83,24.84,24.83,24.84,4538232.9,406
SJCFUT,09/12/2025 14:10:00,24.89,24.89,24.89,24.89,11202.27,1
SJCFUT,09/12/2025 14:11:00,24.89,24.89,24.89,24.89,224045.47,20
SJCFUT,09/12/2025 14:51:00,24.88,24.88,24.88,24.88,44789.65,4
SJCFUT,09/15/2025 09:02:00,24.79,24.79,24.76,24.76,78056.27,7
SJCFUT,09/15/2025 09:04:00,24.79,24.79,24.79,24.79,55768.37,5
SJCFUT,09/15/2025 09:06:00,24.8,24.8,24.8,24.8,22317.07,2
SJCFUT,09/15/2025 09:15:00,24.79,24.79,24.78,24.79,423820.15,38
SJCFUT,09/15/2025 09:18:00,24.81,24.81,24.81,24.81,33490.18,3
SJCFUT,09/15/2025 09:30:00,24.89,24.89,24.89,24.89,22404.55,2
SJCFUT,09/15/2025 10:32:00,24.96,24.96,24.96,24.96,22462.87,2
SJCFUT,09/15/2025 10:40:00,24.99,24.99,24.99,24.99,11246.01,1
SJCFUT,09/15/2025 10:41:00,24.99,25.0,24.99,25.0,450030.07,40
SJCFUT,09/15/2025 10:42:00,25.0,25.0,25.0,25.0,33752.62,3
SJCFUT,09/15/2025 10:50:00,24.97,24.97,24.97,24.97,11236.29,1
SJCFUT,09/15/2025 11:05:00,24.95,24.95,24.95,24.95,145945.45,13
SJCFUT,09/15/2025 11:14:00,24.94,24.94,24.94,24.94,56108.57,5
SJCFUT,09/15/2025 11:18:00,24.99,24.99,24.99,24.99,33738.04,3
SJCFUT,09/15/2025 11:30:00,24.97,24.97,24.97,24.97,11236.29,1
SJCFUT,09/15/2025 12:05:00,24.93,24.93,24.93,24.93,56084.27,5
SJCFUT,09/15/2025 12:06:00,24.89,24.89,24.89,24.89,11202.27,1
SJCFUT,09/16/2025 09:04:00,24.96,24.96,24.96,24.96,269554.4,24
SJCFUT,09/16/2025 09:05:00,24.96,24.97,24.96,24.97,112319.19,10
SJCFUT,09/16/2025 09:06:00,24.99,24.99,24.99,24.99,22492.03,2
SJCFUT,09/16/2025 09:09:00,24.98,24.98,24.98,24.98,33723.46,3
SJCFUT,09/16/2025 09:31:00,24.98,24.98,24.98,24.98,22482.31,2
SJCFUT,09/16/2025 09:40:00,24.99,24.99,24.99,24.99,11246.01,1
SJCFUT,09/16/2025 09:46:00,24.79,24.79,24.79,24.79,11153.67,1
SJCFUT,09/16/2025 10:30:00,25.0,25.05,24.99,24.99,236506.48,21
SJCFUT,09/16/2025 10:33:00,25.03,25.03,25.03,25.03,56327.27,5
SJCFUT,09/16/2025 10:35:00,25.03,25.03,25.03,25.03,11265.45,1
SJCFUT,09/16/2025 10:46:00,24.97,24.97,24.97,24.97,33708.88,3
SJCFUT,09/16/2025 11:00:00,24.95,24.95,24.95,24.95,56132.87,5
SJCFUT,09/16/2025 12:06:00,24.94,24.94,24.94,24.94,22443.43,2
SJCFUT,09/16/2025 12:56:00,24.99,25.0,24.99,25.0,22496.89,2
SJCFUT,09/16/2025 13:00:00,25.0,25.01,25.0,25.01,33757.48,3
SJCFUT,09/16/2025 13:45:00,25.01,25.01,25.01,25.01,11255.73,1
SJCFUT,09/17/2025 09:49:00,25.05,25.05,25.05,25.05,11270.31,1
SJCFUT,09/17/2025 10:19:00,25.09,25.09,25.09,25.09,11289.75,1
SJCFUT,09/17/2025 10:30:00,25.07,25.07,25.07,25.07,11280.03,1
SJCFUT,09/17/2025 11:36:00,24.95,24.95,24.95,24.95,33679.72,3
SJCFUT,09/17/2025 11:38:00,24.94,24.94,24.94,24.94,112217.13,10
SJCFUT,09/17/2025 11:44:00,24.95,24.95,24.95,24.95,33679.72,3
SJCFUT,09/17/2025 11:52:00,24.93,24.95,24.93,24.95,33660.28,3
SJCFUT,09/17/2025 12:07:00,24.9,24.9,24.9,24.9,112071.33,10
SJCFUT,09/17/2025 13:03:00,24.85,24.85,24.85,24.85,190108.17,17
SJCFUT,09/17/2025 13:12:00,24.85,24.85,24.85,24.85,67097.0,6
SJCFUT,09/17/2025 13:31:00,24.85,24.85,24.85,24.85,11182.83,1
SJCFUT,09/17/2025 14:11:00,24.82,24.82,24.82,24.82,111682.53,10
SJCFUT,09/17/2025 14:17:00,24.83,24.83,24.83,24.83,33519.34,3
SJCFUT,09/17/2025 14:31:00,24.83,24.83,24.83,24.83,11173.11,1
SJCFUT,09/17/2025 14:50:00,24.83,24.83,24.83,24.83,11173.11,1
SJCFUT,09/18/2025 09:05:00,24.75,24.75,24.75,24.75,33417.28,3
SJCFUT,09/18/2025 10:34:00,24.74,24.74,24.74,24.74,11134.23,1
SJCFUT,09/18/2025 10:43:00,24.72,24.72,24.72,24.72,11124.51,1
SJCFUT,09/18/2025 10:44:00,24.73,24.73,24.73,24.73,66776.24,6
SJCFUT,09/18/2025 11:00:00,24.79,24.79,24.79,24.79,111536.73,10
SJCFUT,09/18/2025 11:03:00,24.81,24.81,24.81,24.81,11163.39,1
SJCFUT,09/18/2025 11:47:00,24.72,24.72,24.72,24.72,244739.3,22
SJCFUT,09/18/2025 11:55:00,24.72,24.72,24.72,24.72,867712.06,78
SJCFUT,09/18/2025 13:02:00,24.68,24.68,24.68,24.68,22210.15,2
SJCFUT,09/18/2025 13:09:00,24.68,24.68,24.68,24.68,111050.74,10
SJCFUT,09/18/2025 13:15:00,24.66,24.66,24.66,24.66,177525.66,16
SJCFUT,09/18/2025 13:20:00,24.69,24.69,24.67,24.67,122199.55,11
SJCFUT,09/18/2025 14:19:00,24.69,24.69,24.69,24.69,11109.93,1
SJCFUT,09/18/2025 14:42:00,24.67,24.67,24.67,24.67,266405.13,24
SJCFUT,09/18/2025 14:47:00,24.68,24.68,24.66,24.66,77696.64,7
SJCFUT,09/19/2025 09:03:00,24.79,24.79,24.79,24.79,289995.51,26
SJCFUT,09/19/2025 09:04:00,24.79,24.79,24.79,24.79,44614.69,4
SJCFUT,09/19/2025 09:07:00,24.8,24.8,24.8,24.8,22317.07,2
SJCFUT,09/19/2025 09:15:00,24.83,24.83,24.83,24.83,11173.11,1
SJCFUT,09/19/2025 09:16:00,24.84,24.84,24.84,24.84,335339.2,30
SJCFUT,09/19/2025 09:17:00,24.85,24.85,24.85,24.85,111828.33,10
SJCFUT,09/19/2025 09:20:00,24.84,24.85,24.84,24.85,190059.57,17
SJCFUT,09/19/2025 09:22:00,24.83,24.83,24.83,24.83,44692.45,4
SJCFUT,09/19/2025 09:27:00,24.83,24.83,24.83,24.83,44692.45,4
SJCFUT,09/19/2025 09:33:00,24.82,24.82,24.82,24.82,122850.79,11
SJCFUT,09/19/2025 09:34:00,24.8,24.8,24.8,24.8,44634.13,4
SJCFUT,09/19/2025 10:14:00,24.79,24.79,24.79,24.79,11153.67,1
SJCFUT,09/19/2025 10:25:00,24.81,24.81,24.81,24.81,11163.39,1
SJCFUT,09/19/2025 10:30:00,24.76,24.76,24.75,24.75,77993.09,7
SJCFUT,09/19/2025 10:36:00,24.73,24.73,24.73,24.73,22258.75,2
SJCFUT,09/19/2025 10:39:00,24.73,24.73,24.72,24.72,66761.66,6
SJCFUT,09/19/2025 11:02:00,24.74,24.74,24.74,24.74,11134.23,1
SJCFUT,09/19/2025 11:10:00,24.79,24.79,24.79,24.79,11153.67,1
SJCFUT,09/19/2025 11:11:00,24.81,24.81,24.81,24.81,55816.97,5
SJCFUT,09/19/2025 11:14:00,24.89,24.92,24.89,24.92,33626.26,3
SJCFUT,09/19/2025 11:15:00,24.95,24.95,24.95,24.95,168398.6,15
SJCFUT,09/19/2025 11:16:00,24.9,24.9,24.9,24.9,112071.33,10
SJCFUT,09/19/2025 11:18:00,24.87,24.87,24.87,24.87,33577.66,3
SJCFUT,09/19/2025 11:35:00,24.82,24.82,24.82,24.82,55841.27,5
SJCFUT,09/19/2025 11:57:00,24.71,24.71,24.69,24.69,44449.45,4
SJCFUT,09/19/2025 11:59:00,24.68,24.68,24.66,24.66,122058.61,11
SJCFUT,09/19/2025 12:00:00,24.69,24.69,24.69,24.69,11109.93,1
SJCFUT,09/19/2025 12:05:00,24.62,24.62,24.6,24.6,620319.2,56
SJCFUT,09/19/2025 12:20:00,24.66,24.66,24.66,24.66,33286.06,3
SJCFUT,09/19/2025 12:26:00,24.58,24.58,24.57,24.57,199021.39,18
SJCFUT,09/19/2025 12:27:00,24.57,24.57,24.52,24.54,386631.52,35
SJCFUT,09/19/2025 12:28:00,24.52,24.52,24.52,24.52,11032.17,1
SJCFUT,09/19/2025 13:11:00,24.47,24.47,24.47,24.47,275318.35,25
SJCFUT,09/19/2025 13:14:00,24.51,24.52,24.51,24.52,77196.06,7
SJCFUT,09/19/2025 13:23:00,24.47,24.47,24.47,24.47,11012.73,1
SJCFUT,09/19/2025 13:35:00,24.48,24.48,24.48,24.48,661055.63,60
SJCFUT,09/19/2025 13:39:00,24.45,24.45,24.45,24.45,11003.01,1
SJCFUT,09/19/2025 13:59:00,24.43,24.43,24.43,24.43,21986.59,2
SJCFUT,09/19/2025 14:03:00,24.43,24.43,24.43,24.43,10993.29,1
SJCFUT,09/19/2025 14:20:00,24.41,24.41,24.41,24.41,351474.36,32
SJCFUT,09/19/2025 14:24:00,24.43,24.43,24.43,24.43,21986.59,2
SJCFUT,09/19/2025 14:57:00,24.42,24.42,24.42,24.42,109884.34,10
